dataset,mode,target,model,seed,fold,train_r2,train_rmse,train_nrmse,train_mae,test_r2,test_rmse,test_nrmse,test_mae
Dataset_0172,single_output,Si Particle Size (um),linear_regression,42,0,0.873334806256301,0.3285418671501425,0.08424150439747245,0.25245546310984235,0.8259934616542443,0.39166211801284195,0.13413086233316507,0.33259914288928916
Dataset_0172,single_output,Si Particle Size (um),linear_regression,42,1,0.8762451854711225,0.3436408007273032,0.08833953746203167,0.2815883491494625,0.6310722903769139,0.32580696150166516,0.16290348075083258,0.27023052010273513
Dataset_0172,single_output,Si Particle Size (um),linear_regression,42,2,0.8688253196564479,0.3409125393529194,0.0874134716289537,0.2732370520284717,0.8442948007627245,0.3506382023960411,0.14138637193388753,0.3047838553592276
Dataset_0172,single_output,Si Particle Size (um),linear_regression,42,3,0.8671991009834149,0.35025152989980796,0.08980808458969436,0.28655121272984363,0.8692147840681602,0.28981212258502814,0.10387531275449037,0.24092909262402637
Dataset_0172,single_output,Si Particle Size (um),linear_regression,42,4,0.8693111874182526,0.3060923518271717,0.10203078394239057,0.25601235649479803,0.8414181600558494,0.478899718692888,0.12602624176128632,0.3244092670323601
Dataset_0172,single_output,Si Particle Size (um),linear_regression,123,0,0.8700174882512307,0.34314622696054187,0.0879862120411646,0.277323971382481,0.8096637078948484,0.3552738720377599,0.1273383053898781,0.30939043122652365
Dataset_0172,single_output,Si Particle Size (um),linear_regression,123,1,0.8630627155832449,0.34677787179528685,0.08891740302443253,0.2827488657008796,0.8810049031336726,0.3160932568948489,0.10196556674027384,0.2442908338942912
Dataset_0172,single_output,Si Particle Size (um),linear_regression,123,2,0.8712552140294788,0.3307167946151867,0.08479917810645815,0.25512015041750946,0.8251804624158646,0.3905321393812556,0.1312713073550439,0.34424330664705055
Dataset_0172,single_output,Si Particle Size (um),linear_regression,123,3,0.8892214764585888,0.30799673472954486,0.09655070054217707,0.2603613322941723,0.7875980009523705,0.44357552009547674,0.11373731284499405,0.3395448444805571
Dataset_0172,single_output,Si Particle Size (um),linear_regression,123,4,0.8621606095689522,0.34351132964310677,0.08807982811361713,0.26646949690161686,0.8832960520484929,0.32969821834201946,0.13294282997662074,0.29505681660945976
Dataset_0172,single_output,Si Particle Size (um),linear_regression,7,0,0.8787087994484153,0.31258001034231847,0.09768125323197453,0.2508989360272622,0.8160274974379064,0.44222886372103765,0.11576671825158055,0.3362356539612057
Dataset_0172,single_output,Si Particle Size (um),linear_regression,7,1,0.8834409329662399,0.34196048159623993,0.08768217476826666,0.2742884701760963,0.6665432245115168,0.34399174866096976,0.1678008530053511,0.31625508147822
Dataset_0172,single_output,Si Particle Size (um),linear_regression,7,2,0.8590347221607935,0.34908765452187923,0.08950965500561008,0.28083018948585026,0.895595367443599,0.29689503298275344,0.09351024660874124,0.23747519328156746
Dataset_0172,single_output,Si Particle Size (um),linear_regression,7,3,0.8693458960984146,0.33343276308375935,0.08549558027788702,0.266912317880808,0.8452850492035187,0.3654267152877931,0.12867137862246233,0.3139827775767131
Dataset_0172,single_output,Si Particle Size (um),linear_regression,7,4,0.8701136242474069,0.3260226546714474,0.08413487862488966,0.2636706292134725,0.8030296372581447,0.4540410795776414,0.16215752842058623,0.3672629547654517
Dataset_0172,single_output,Si Particle Size (um),linear_regression,2024,0,0.8469717735845582,0.3596547026969489,0.09221915453767922,0.29479434236396,0.9352698315319489,0.24896322876116408,0.0964973754888233,0.19419891526185235
Dataset_0172,single_output,Si Particle Size (um),linear_regression,2024,1,0.8723592423163871,0.34872058281130686,0.08941553405418126,0.2856451721250731,0.8196507967732118,0.30995551509033875,0.12448012654230471,0.266251140833621
Dataset_0172,single_output,Si Particle Size (um),linear_regression,2024,2,0.8738399364340367,0.31736134382220665,0.08137470354415556,0.24582995157719087,0.8370803186508539,0.4319513125050192,0.13712740079524421,0.3576355343023754
Dataset_0172,single_output,Si Particle Size (um),linear_regression,2024,3,0.8774371777545402,0.3355476650975139,0.0862590398708262,0.2724109620138776,0.7714370499477823,0.36907854217614816,0.13181376506291007,0.3141488396414847
Dataset_0172,single_output,Si Particle Size (um),linear_regression,2024,4,0.8842857159551362,0.3101497802218605,0.09692180631933142,0.2554497590417315,0.7944799665096769,0.45339370978126575,0.12026358349635698,0.35067531516626993
Dataset_0172,single_output,Si Particle Size (um),linear_regression,99,0,0.8570582762612253,0.3566327327186956,0.09144429044069119,0.2893740371841185,0.9153404372160933,0.2582220443301693,0.10246906521038467,0.2194377942289054
Dataset_0172,single_output,Si Particle Size (um),linear_regression,99,1,0.8747190830431077,0.3415847211584385,0.0878109823029405,0.2785910585017278,0.8162699298087216,0.33678328709584243,0.13471331483833698,0.2780386541076543
Dataset_0172,single_output,Si Particle Size (um),linear_regression,99,2,0.8730816008090152,0.33271878558367535,0.08531250912401933,0.25996427758706514,0.8310485103325425,0.37975832865384834,0.1323199751407137,0.33212322853914855
Dataset_0172,single_output,Si Particle Size (um),linear_regression,99,3,0.8657751137264059,0.32364525851327036,0.101139143285397,0.2776124825097213,0.8613714864536507,0.4033266121916103,0.10613858215568693,0.2475229022749658
Dataset_0172,single_output,Si Particle Size (um),linear_regression,99,4,0.8805565428844828,0.32249767759812453,0.08269171220464733,0.2557808070392431,0.7768509695311292,0.4139387933018128,0.12976137721059963,0.3659171640308737
Dataset_0172,single_output,Si Particle Size (um),ridge,42,0,0.87309301804807,0.32885529057003354,0.08432186937693169,0.251808741688011,0.8236442571320832,0.3942971044418471,0.13503325494583807,0.3321558394042004
Dataset_0172,single_output,Si Particle Size (um),ridge,42,1,0.8760006619756013,0.3439801280651396,0.08842676814013872,0.2812218455384313,0.6441445033962636,0.31998274593297354,0.15999137296648677,0.2660173083241046
Dataset_0172,single_output,Si Particle Size (um),ridge,42,2,0.8685445106329357,0.34127724440944446,0.08750698574601141,0.27307572604086006,0.8515828547680316,0.3423337447198066,0.1380378002902446,0.3009640924359599
Dataset_0172,single_output,Si Particle Size (um),ridge,42,3,0.8669634180638068,0.3505621893585875,0.0898877408611763,0.28576866369515086,0.8715748261335784,0.28718536336935885,0.10293382199618596,0.2387858686411352
Dataset_0172,single_output,Si Particle Size (um),ridge,42,4,0.8690328194189276,0.30641816774692787,0.10213938924897596,0.2545104074995328,0.8344271255094828,0.48934195194576535,0.12877419788046457,0.3304106868005278
Dataset_0172,single_output,Si Particle Size (um),ridge,123,0,0.869752688957216,0.3434955764507343,0.08807578883352163,0.27738463966638316,0.8153070177342537,0.3499674587357189,0.1254363651382505,0.3030597228736275
Dataset_0172,single_output,Si Particle Size (um),ridge,123,1,0.8628187492867571,0.3470866425781117,0.08899657502002865,0.28182208998535363,0.8792019410641214,0.3184789082087919,0.10273513168025544,0.2461421522983221
Dataset_0172,single_output,Si Particle Size (um),ridge,123,2,0.8710147489259483,0.3310255012877767,0.0848783336635325,0.25399837335755227,0.8249229721698813,0.39081963932956243,0.13136794599313023,0.3415377387755466
Dataset_0172,single_output,Si Particle Size (um),ridge,123,3,0.8889810243248906,0.3083308172124147,0.09665542859323344,0.2596816952716,0.7859211178785706,0.4453230600324924,0.1141854000083314,0.3391079657557929
Dataset_0172,single_output,Si Particle Size (um),ridge,123,4,0.8618727538363138,0.34386982707368535,0.08817175053171421,0.26563726652962777,0.8865458435948647,0.32507534472008104,0.13107876803229074,0.2915262921151057
Dataset_0172,single_output,Si Particle Size (um),ridge,7,0,0.8784647273089754,0.31289435190128606,0.0977794849691519,0.2497448486481389,0.8109880801021863,0.448244762473,0.1173415608568063,0.3394876204269247
Dataset_0172,single_output,Si Particle Size (um),ridge,7,1,0.8832293789246513,0.3422706690743678,0.08776171001906868,0.2748965960133407,0.6734203582427931,0.3404260661692271,0.1660614956923059,0.31162403387130877
Dataset_0172,single_output,Si Particle Size (um),ridge,7,2,0.8587806095658316,0.3494021561838992,0.08959029645741007,0.27988356565378425,0.894103381209038,0.29900888543329,0.09417602690812285,0.237094613668329
Dataset_0172,single_output,Si Particle Size (um),ridge,7,3,0.8691093731081099,0.3337344331117915,0.08557293156712605,0.26596034669123886,0.8409075865686052,0.3705602984419677,0.1304789783246365,0.31827624186356085
Dataset_0172,single_output,Si Particle Size (um),ridge,7,4,0.8697235073471105,0.3265118960857532,0.08426113447374277,0.26398638235203636,0.8200865683576533,0.4339368168894336,0.15497743460336916,0.3505799035200702
Dataset_0172,single_output,Si Particle Size (um),ridge,2024,0,0.8466648338512887,0.36001521467924646,0.09231159350749911,0.29303741454917936,0.9383046749293646,0.24305690721099885,0.0942081035701546,0.1939905298679228
Dataset_0172,single_output,Si Particle Size (um),ridge,2024,1,0.8721118047620746,0.3490584247066589,0.0895021601811946,0.28529724852557214,0.8257253848769943,0.30469078547430284,0.12236577729891679,0.26195980812084285
Dataset_0172,single_output,Si Particle Size (um),ridge,2024,2,0.8735790227463331,0.31768934441284874,0.08145880625970482,0.24444530272074017,0.8329247664005912,0.43742546330257026,0.1388652264452604,0.35937056495450037
Dataset_0172,single_output,Si Particle Size (um),ridge,2024,3,0.877178214339651,0.3359019679606828,0.08635012029837605,0.2720658957355356,0.7806369244943447,0.3615743742632319,0.1291337050940114,0.30882290235910975
Dataset_0172,single_output,Si Particle Size (um),ridge,2024,4,0.8840727988084837,0.3104349907195802,0.09701093459986881,0.25548390337806265,0.788857980959845,0.45955314719013646,0.12189738652258263,0.3527138868775784
Dataset_0172,single_output,Si Particle Size (um),ridge,99,0,0.856803342736082,0.35695061449612797,0.09152579858875078,0.28751520062639185,0.9152821601861569,0.2583109050830951,0.10250432741392665,0.2201885443169429
Dataset_0172,single_output,Si Particle Size (um),ridge,99,1,0.874453221034453,0.34194697214378716,0.08790410594955969,0.2779207179043829,0.8255824651192487,0.3281372114160211,0.13125488456640844,0.27389305219620375
Dataset_0172,single_output,Si Particle Size (um),ridge,99,2,0.8728606650682974,0.33300825310318233,0.08538673156491856,0.2589661602202709,0.8271698368844655,0.38409271014279567,0.1338302125933086,0.33344208624414856
Dataset_0172,single_output,Si Particle Size (um),ridge,99,3,0.8655077853513855,0.32396739149179954,0.10123980984118737,0.27728097137564445,0.8563245687384262,0.41060274639321087,0.10805335431400287,0.24827054342378646
Dataset_0172,single_output,Si Particle Size (um),ridge,99,4,0.8802825705220745,0.3228673288315545,0.08278649457219348,0.255241050275674,0.7841387572906459,0.4071233051720803,0.12762486055551106,0.36063984648381764
Dataset_0172,single_output,Si Particle Size (um),elasticnet,42,0,0.8544999045918408,0.3521224493639311,0.09028780752921312,0.2540542749060863,0.7766592161221517,0.4437238806534891,0.15196023310050996,0.351364663642151
Dataset_0172,single_output,Si Particle Size (um),elasticnet,42,1,0.8582697583966457,0.36775190765555044,0.0945377654641518,0.2810493208106357,0.6919953620887389,0.2976928129685542,0.1488464064842771,0.26293321810896353
Dataset_0172,single_output,Si Particle Size (um),elasticnet,42,2,0.8475469893522354,0.3675242254358798,0.09423698088099483,0.276156556294519,0.8900329970586269,0.29467199835021685,0.11881935417347454,0.2603294420176219
Dataset_0172,single_output,Si Particle Size (um),elasticnet,42,3,0.8490169387365613,0.37345961638479963,0.09575887599610249,0.2905829215728317,0.887952616306852,0.2682489810085579,0.09614658817511035,0.21608159768021537
Dataset_0172,single_output,Si Particle Size (um),elasticnet,42,4,0.8430234161656831,0.3354676983728845,0.11182256612429482,0.25644967108373107,0.7448575010935327,0.6074482120364347,0.15985479264116703,0.40391297044364344
Dataset_0172,single_output,Si Particle Size (um),elasticnet,123,0,0.8500545740278056,0.36855590741569216,0.09450151472197237,0.2875278756043751,0.8481458128726787,0.31733344948312975,0.11373958762836192,0.24440649693758462
Dataset_0172,single_output,Si Particle Size (um),elasticnet,123,1,0.8444969640399487,0.36953872629049384,0.0947535195616651,0.28392093791359957,0.8546992011407385,0.34928883115120085,0.11267381650038737,0.270135630742295
Dataset_0172,single_output,Si Particle Size (um),elasticnet,123,2,0.851792081409629,0.3548355542370524,0.09098347544539806,0.2530475256517738,0.7695483056450965,0.44838569607962975,0.15071788103516967,0.36958138032306603
Dataset_0172,single_output,Si Particle Size (um),elasticnet,123,3,0.8680004035335677,0.3362053559890823,0.1053935285232233,0.26556517334065666,0.7507184614422528,0.4805441877181742,0.12321645838927545,0.334332764860823
Dataset_0172,single_output,Si Particle Size (um),elasticnet,123,4,0.8404591485855878,0.36956458474657927,0.09476014993502034,0.27054807889824695,0.8899267912993355,0.3201950690660555,0.1291109149459901,0.2719763597283701
Dataset_0172,single_output,Si Particle Size (um),elasticnet,7,0,0.8578871941649714,0.3383476472404439,0.10573363976263873,0.25832754226153143,0.7352193917990253,0.5305346024997143,0.13888340379573674,0.3759154978504744
Dataset_0172,single_output,Si Particle Size (um),elasticnet,7,1,0.8677191646258818,0.3642934420348027,0.09340857488071865,0.28321677765137804,0.7168232340512726,0.3169983932265666,0.15463336254954468,0.28033953201706047
Dataset_0172,single_output,Si Particle Size (um),elasticnet,7,2,0.8388246316857966,0.3732740081106372,0.09571128413093263,0.2794011628486751,0.8536404188351703,0.3515229031546822,0.11071587500934874,0.25934762540510675
Dataset_0172,single_output,Si Particle Size (um),elasticnet,7,3,0.8493057820649964,0.35809234571586324,0.09181855018355468,0.2679932112874438,0.7984301575677002,0.41710647390384104,0.14686847672670458,0.33037989242676463
Dataset_0172,single_output,Si Particle Size (um),elasticnet,7,4,0.8424181461654809,0.35910304081986144,0.09267175246964167,0.27395546488053407,0.9040795239555743,0.316847560709957,0.11315984311069895,0.2486458102626075
Dataset_0172,single_output,Si Particle Size (um),elasticnet,2024,0,0.8250750221919563,0.3845261544060199,0.09859644984769743,0.2888870140493781,0.9395231919464584,0.24064468250111754,0.09327313275237115,0.20637126202504544
Dataset_0172,single_output,Si Particle Size (um),elasticnet,2024,1,0.8539851722540583,0.37297641933267794,0.09563497931607128,0.2887612962260951,0.8547303340082648,0.27818244713726514,0.11171985828805828,0.24024733509919016
Dataset_0172,single_output,Si Particle Size (um),elasticnet,2024,2,0.8519109581887833,0.343838527606317,0.08816372502726078,0.246648406209602,0.7668003116264068,0.5167875052304721,0.16405952546999114,0.401731617944011
Dataset_0172,single_output,Si Particle Size (um),elasticnet,2024,3,0.8574467024499697,0.3618790809104303,0.09302804136514918,0.2782540535053185,0.8402639700738121,0.30854415472506413,0.1101943409732372,0.2597763542054662
Dataset_0172,single_output,Si Particle Size (um),elasticnet,2024,4,0.8650299853248375,0.33496284687807687,0.10467588964939903,0.2629875220804696,0.7257742587600229,0.5237240517556799,0.13891884661954376,0.3794691576930108
Dataset_0172,single_output,Si Particle Size (um),elasticnet,99,0,0.8381121224006222,0.3795324016059298,0.09731600041177689,0.287189987549703,0.9055574748916655,0.27273388543493526,0.10822773231545052,0.23094165341150077
Dataset_0172,single_output,Si Particle Size (um),elasticnet,99,1,0.8550122967895017,0.36746972142491885,0.09446522401668866,0.27785643544639455,0.8605162464896953,0.29344196611099976,0.1173767864443999,0.2529450965782026
Dataset_0172,single_output,Si Particle Size (um),elasticnet,99,2,0.8545075010568011,0.35623397008910274,0.09134204361259046,0.25814301192995825,0.7589443393638242,0.4536124458234871,0.15805311701166797,0.3667818215978517
Dataset_0172,single_output,Si Particle Size (um),elasticnet,99,3,0.8434841278080146,0.3494877191179685,0.10921491222436516,0.27966892253133896,0.7970380841047225,0.4880202826434072,0.1284263901693177,0.2818347487100494
Dataset_0172,single_output,Si Particle Size (um),elasticnet,99,4,0.8585354489992963,0.3509693745763161,0.08999214732726055,0.26421426440909407,0.8241577141009198,0.367451722507821,0.11518862774539843,0.3120714755402286
Dataset_0172,single_output,Si Particle Size (um),svr_rbf,42,0,0.9542695324037004,0.19740806708069644,0.05061745309761448,0.10906071297289695,0.9159918517509901,0.2721381890349486,0.09319800994347555,0.2006508602589855
Dataset_0172,single_output,Si Particle Size (um),svr_rbf,42,1,0.9686666671279696,0.17291272965426396,0.044450573175903334,0.1104851369184348,0.9309436374408757,0.14095859789152604,0.07047929894576302,0.09938658920795253
Dataset_0172,single_output,Si Particle Size (um),svr_rbf,42,2,0.9683749827546949,0.16739148178680074,0.042920892765846354,0.1056192658647502,0.9788871628644913,0.12911627038826798,0.05206301225333386,0.1001025061470245
Dataset_0172,single_output,Si Particle Size (um),svr_rbf,42,3,0.9758068607638419,0.14949464832511647,0.03833196110900423,0.09700318205746353,0.9170744696134943,0.23077106257402136,0.08271364249964923,0.16788349721530574
Dataset_0172,single_output,Si Particle Size (um),svr_rbf,42,4,0.9689273442610363,0.14925279025043026,0.04975093008347675,0.09651861116574972,0.8579963826798305,0.4531766863024145,0.11925702271116172,0.24513426663113247
Dataset_0172,single_output,Si Particle Size (um),svr_rbf,123,0,0.976719593662803,0.14522187630767502,0.0372363785404295,0.0951120845269128,0.8539435187081305,0.31121669314144873,0.11154720184281317,0.18859348093327352
Dataset_0172,single_output,Si Particle Size (um),svr_rbf,123,1,0.9679546420695223,0.16775407737085535,0.04301386599252702,0.10623794024264324,0.9502915493432459,0.2042987979520377,0.06590283804904441,0.15413818188434777
Dataset_0172,single_output,Si Particle Size (um),svr_rbf,123,2,0.9629347456792648,0.1774495561504978,0.045499886192435335,0.10668521254606146,0.9295135780640251,0.24797878603587198,0.08335421379357041,0.19166052289765062
Dataset_0172,single_output,Si Particle Size (um),svr_rbf,123,3,0.9784785497998458,0.13575445552291526,0.042556255649816695,0.09302248724182317,0.8321256265892432,0.3943487539097818,0.10111506510507227,0.2083608288821204
Dataset_0172,single_output,Si Particle Size (um),svr_rbf,123,4,0.9637971916749081,0.176045741479574,0.045139933712711286,0.10691249694259883,0.9784017310345231,0.14183496272655885,0.05719151722845115,0.112349946273211
Dataset_0172,single_output,Si Particle Size (um),svr_rbf,7,0,0.9790833060753357,0.12980549406438804,0.04056421689512127,0.0937805839585755,0.8774089482345265,0.3609940239987661,0.09450105340281838,0.20342842476910208
Dataset_0172,single_output,Si Particle Size (um),svr_rbf,7,1,0.9727937217563469,0.16521042804945937,0.042361648217810105,0.10367770460878921,0.9354519334163823,0.1513456250435835,0.07382713416760171,0.11974922239505356
Dataset_0172,single_output,Si Particle Size (um),svr_rbf,7,2,0.9602146277241355,0.1854556750445971,0.04755273719092234,0.11330201683582218,0.9760934288757918,0.1420697749806052,0.04474638582066306,0.10094897153367799
Dataset_0172,single_output,Si Particle Size (um),svr_rbf,7,3,0.95742493046615,0.19033752880796834,0.04880449456614573,0.10561608342981256,0.9052986446018889,0.28589874557370026,0.10066857238510571,0.22456997111745564
Dataset_0172,single_output,Si Particle Size (um),svr_rbf,7,4,0.9751698471818319,0.14254621045744142,0.036786118827726824,0.09547500042789771,0.9461906373261597,0.2373141474469155,0.08475505265961268,0.1477296847682283
Dataset_0172,single_output,Si Particle Size (um),svr_rbf,2024,0,0.972427078839161,0.15266566029757817,0.039145041101943126,0.10280926147436187,0.9759179730012051,0.15185474206309896,0.058858427156239915,0.1013182035248585
Dataset_0172,single_output,Si Particle Size (um),svr_rbf,2024,1,0.9689564066418865,0.17197641365190597,0.04409651632100153,0.10528779528876908,0.9528017582455881,0.15856420865869095,0.06368040508381162,0.12287129098303948
Dataset_0172,single_output,Si Particle Size (um),svr_rbf,2024,2,0.9456926067528852,0.20822005432312538,0.0533897575187501,0.10858936105672717,0.9029792817857436,0.3333344994548503,0.10582047601741279,0.26360967193076706
Dataset_0172,single_output,Si Particle Size (um),svr_rbf,2024,3,0.9782752975177555,0.1412705914703119,0.036316347421674014,0.09983195003176902,0.8966013679229886,0.24824086548378382,0.08865745195849423,0.1627534177508198
Dataset_0172,single_output,Si Particle Size (um),svr_rbf,2024,4,0.9792768019299289,0.13125213617443907,0.04101629255451221,0.09361215786564761,0.8523685718372712,0.3842711854217493,0.10192869639834201,0.23248150357653355
Dataset_0172,single_output,Si Particle Size (um),svr_rbf,99,0,0.976359546390914,0.14503392378299249,0.03718818558538269,0.09618220733150266,0.9367302634412433,0.22323038975761142,0.08858348799905216,0.18134202652573303
Dataset_0172,single_output,Si Particle Size (um),svr_rbf,99,1,0.9675693385421638,0.17379363961904729,0.044677028179703676,0.11535575297998178,0.9623952947741229,0.15236369817747367,0.060945479270989464,0.12137787523953812
Dataset_0172,single_output,Si Particle Size (um),svr_rbf,99,2,0.966552200091142,0.17080430303593377,0.043795975137418924,0.09993024532217723,0.8949354194593964,0.29947078441613384,0.10434522105091772,0.180897354513313
Dataset_0172,single_output,Si Particle Size (um),svr_rbf,99,3,0.975403182056179,0.1385454252051364,0.04329544537660513,0.09876597600422242,0.8656647368467363,0.39703209046121835,0.10448212906874167,0.21495522452348778
Dataset_0172,single_output,Si Particle Size (um),svr_rbf,99,4,0.9624823765626659,0.18074365864005681,0.04634452785642483,0.11257733198222047,0.9609202549034865,0.17322656288310473,0.05430299776899835,0.13781982355994557
Dataset_0172,single_output,Si Particle Size (um),gpr,42,0,0.9820648754878978,0.12362726831582842,0.031699299568161136,0.08847254103090392,0.963224008838805,0.18005740122269923,0.06166349356941755,0.139094576056127
Dataset_0172,single_output,Si Particle Size (um),gpr,42,1,0.9829901307980704,0.12740138742208568,0.03275099933729709,0.0930574765674986,0.9371238710592095,0.13450320088418338,0.06725160044209169,0.09665518614774658
Dataset_0172,single_output,Si Particle Size (um),gpr,42,2,0.9987888964081026,0.03275733894424889,0.008399317678012537,0.022963903877971984,0.9719756316517135,0.14875637622841634,0.05998240976952272,0.10126317606005074
Dataset_0172,single_output,Si Particle Size (um),gpr,42,3,0.9976467248297216,0.04662468274503492,0.011955046857701265,0.03309817708044815,0.9358670178994886,0.20294480470280396,0.07274007337018062,0.13900556899064018
Dataset_0172,single_output,Si Particle Size (um),gpr,42,4,0.9837590691961509,0.10790429465742452,0.03596809821914151,0.08240558359926924,0.9720254669036946,0.20114038593600073,0.052931680509473875,0.14045841770473538
Dataset_0172,single_output,Si Particle Size (um),gpr,123,0,0.9870478359457286,0.10831982104862331,0.027774313089390597,0.07852253214489276,0.9266378838686522,0.22056591097891123,0.07905588207129435,0.15307137710157018
Dataset_0172,single_output,Si Particle Size (um),gpr,123,1,0.9999640175059755,0.005621292089177044,0.001441356945942832,0.004172654079862374,0.9665701628255418,0.16753973666732586,0.05404507634429866,0.10144999792126146
Dataset_0172,single_output,Si Particle Size (um),gpr,123,2,0.9818544578363756,0.12415848357725368,0.03183550860955223,0.08782694187581343,0.964334450364476,0.17639499468291994,0.059292435187536116,0.1269176883690845
Dataset_0172,single_output,Si Particle Size (um),gpr,123,3,0.9846749564707332,0.11455635440999966,0.03591108288714723,0.08273233270669166,0.9460445228775669,0.22356614547420603,0.05732465268569386,0.15597228810066724
Dataset_0172,single_output,Si Particle Size (um),gpr,123,4,0.9817966521335161,0.12483317826017287,0.03200850724619818,0.09211334017675211,0.9797629584519666,0.13729266585967295,0.05535994591115845,0.10833462232135263
Dataset_0172,single_output,Si Particle Size (um),gpr,7,0,0.9814221457449872,0.12233319813487559,0.038229124417148624,0.08568545645260156,0.9611213389219272,0.20329480322873,0.0532185348766309,0.1545730923915635
Dataset_0172,single_output,Si Particle Size (um),gpr,7,1,0.9829450397940265,0.13080617428882835,0.03354004468944317,0.09212351713096782,0.9524643540056912,0.12987870576267174,0.06335546622569353,0.11271197781431927
Dataset_0172,single_output,Si Particle Size (um),gpr,7,2,0.9780291113702521,0.1378168203264229,0.03533764623754434,0.1030251208366152,0.9923879653849986,0.08016659257466377,0.025249320495957094,0.06406883155808606
Dataset_0172,single_output,Si Particle Size (um),gpr,7,3,0.9842045944736437,0.11593435059784828,0.029726756563550845,0.08210166266817995,0.9559700808742323,0.19494320248804453,0.06864197270705792,0.16789629992854946
Dataset_0172,single_output,Si Particle Size (um),gpr,7,4,0.9977217365476129,0.043178539826709404,0.011142848987537913,0.032168985404072856,0.9679240951821639,0.1832247607664074,0.06543741455943122,0.10854371256994615
Dataset_0172,single_output,Si Particle Size (um),gpr,2024,0,0.9999659680204382,0.005363441854685911,0.0013752415012015158,0.003869230589707534,0.9545904975283235,0.20852359840978643,0.08082310015883196,0.122836385906248
Dataset_0172,single_output,Si Particle Size (um),gpr,2024,1,0.9851832331106773,0.11881181195265829,0.030464567167348282,0.0841297699539052,0.9507724700086666,0.16193706994043824,0.06503496784756556,0.1192473695555963
Dataset_0172,single_output,Si Particle Size (um),gpr,2024,2,0.9811789576604788,0.12257867220982661,0.03143042877175042,0.08395951945063049,0.9671986944703845,0.19381776745147197,0.06152944998459428,0.15208220065177694
Dataset_0172,single_output,Si Particle Size (um),gpr,2024,3,0.9830266178402169,0.12487026675537354,0.0321003256440549,0.09052626225061151,0.9504192115307211,0.17189870090022502,0.0613923931786518,0.1507707268466167
Dataset_0172,single_output,Si Particle Size (um),gpr,2024,4,0.9826748281102902,0.12000981534315447,0.03750306729473577,0.08897041532326473,0.9656816435289312,0.1852727936417343,0.04914397709329823,0.13150636539869895
Dataset_0172,single_output,Si Particle Size (um),gpr,99,0,0.9929703562448076,0.07908759191799743,0.020278869722563445,0.054412821548620226,0.9315529830977523,0.23218414874865678,0.0921365669637527,0.16502329118396106
Dataset_0172,single_output,Si Particle Size (um),gpr,99,1,0.9815889572388441,0.13094688398550658,0.033662438042546684,0.09361563087508909,0.973915374215228,0.12689739776902617,0.05075895910761047,0.10608527674171388
Dataset_0172,single_output,Si Particle Size (um),gpr,99,2,0.9999008598036876,0.009299078557359772,0.002384379117271737,0.006508436953194566,0.9470369527951535,0.21262424118692802,0.07408510145885994,0.1278453335598337
Dataset_0172,single_output,Si Particle Size (um),gpr,99,3,0.9808651950873478,0.12219818233067758,0.038186931978336745,0.08930943791908484,0.9698045993010668,0.18823526674208232,0.049535596511074295,0.1327867372504401
Dataset_0172,single_output,Si Particle Size (um),gpr,99,4,0.9797306633717148,0.1328511067439658,0.03406438634460662,0.09959610475859486,0.9833250734498383,0.11315417745001013,0.0354715289811944,0.08646474782580957
Dataset_0172,single_output,Si Particle Size (um),random_forest,42,0,0.9697000370826978,0.160687880951002,0.041202020756667186,0.09663886408831583,0.9378786053207663,0.2340180645605221,0.08014317279469935,0.17336971284579658
Dataset_0172,single_output,Si Particle Size (um),random_forest,42,1,0.9700627287009578,0.16901676189985032,0.04344903904880471,0.10844551084149756,0.91853222270623,0.15310263156973422,0.07655131578486711,0.11722659227192551
Dataset_0172,single_output,Si Particle Size (um),random_forest,42,2,0.9719679597917033,0.15759604781013611,0.04040924302824003,0.09945302104026282,0.9182808658788315,0.25402095944049796,0.10242780622600724,0.18544360821290468
Dataset_0172,single_output,Si Particle Size (um),random_forest,42,3,0.9699269738720696,0.16667409252203616,0.0427369468005221,0.10452244197293749,0.885094051612097,0.27164922889733706,0.09736531501696669,0.19032944658516077
Dataset_0172,single_output,Si Particle Size (um),random_forest,42,4,0.9699215505777016,0.14684561899742485,0.04894853966580828,0.09945937724551955,0.8865627992155111,0.40503784740246757,0.10658890721117568,0.23834220679122484
Dataset_0172,single_output,Si Particle Size (um),random_forest,123,0,0.9706678789620222,0.16300784266228527,0.04179688273391931,0.1027190974100624,0.9471078274163421,0.1872829191877749,0.0671264943325358,0.13099913579630248
Dataset_0172,single_output,Si Particle Size (um),random_forest,123,1,0.9665871070128077,0.1712961339298644,0.04392208562304216,0.10465934126627123,0.9495801822203543,0.20575544347012095,0.06637272370003902,0.14021955118646776
Dataset_0172,single_output,Si Particle Size (um),random_forest,123,2,0.9691449068223583,0.16190298516729695,0.04151358594033256,0.10136103307869919,0.9024750257818382,0.29168877666816634,0.0980466476195517,0.2392311126729248
Dataset_0172,single_output,Si Particle Size (um),random_forest,123,3,0.9737426782246772,0.14994898803866158,0.047005952363216794,0.10264046282819998,0.8742269560530842,0.3413359698006464,0.08752204353862729,0.2329032073713324
Dataset_0172,single_output,Si Particle Size (um),random_forest,123,4,0.9706165504068296,0.15860094975079897,0.04066691019251256,0.10360555559941342,0.9782875087988354,0.14220951458760805,0.05734254620468067,0.1018072428794753
Dataset_0172,single_output,Si Particle Size (um),random_forest,7,0,0.9708272627562653,0.15329752528988383,0.047905476653088704,0.10137693202265555,0.8985361953334822,0.32841743032545867,0.0859731492998583,0.21058103951603938
Dataset_0172,single_output,Si Particle Size (um),random_forest,7,1,0.9739137036852837,0.1617741402050993,0.04148054877053829,0.09752308924668557,0.8904228962640041,0.19719148645623752,0.0961909690030427,0.14102055431297095
Dataset_0172,single_output,Si Particle Size (um),random_forest,7,2,0.9688206871430874,0.16417676137799966,0.04209660548153838,0.09725436476039949,0.9456993516591486,0.21411424156130943,0.06743755639726282,0.15410788661074362
Dataset_0172,single_output,Si Particle Size (um),random_forest,7,3,0.9686303711115574,0.16338095638397726,0.04189255291896853,0.09719001114705852,0.9217665462673353,0.259854596914179,0.0914980975049926,0.2162598581015546
Dataset_0172,single_output,Si Particle Size (um),random_forest,7,4,0.9666235310283774,0.16526701174727304,0.042649551418651115,0.10689698082807993,0.9593753588978639,0.20620038598087437,0.07364299499316942,0.12430882563864697
Dataset_0172,single_output,Si Particle Size (um),random_forest,2024,0,0.9691884170287189,0.16138269976157807,0.04138017942604567,0.09949825418255012,0.946287199637098,0.22678834754768537,0.08790246028980055,0.18026981423092817
Dataset_0172,single_output,Si Particle Size (um),random_forest,2024,1,0.967858133872423,0.17499209841926625,0.04486976882545289,0.10545840183452018,0.9393679311607204,0.1797187742241055,0.07217621454783353,0.14213827346418995
Dataset_0172,single_output,Si Particle Size (um),random_forest,2024,2,0.9620921848747033,0.17396322645297027,0.044605955500761615,0.10309576917337868,0.9244964757215015,0.29405707556767374,0.09335145256116627,0.2035907813955999
Dataset_0172,single_output,Si Particle Size (um),random_forest,2024,3,0.9698005373526265,0.16656143445931954,0.042817849475403486,0.1034855083366505,0.9238932872406906,0.21297437976499486,0.07606227848749816,0.16600509607125669
Dataset_0172,single_output,Si Particle Size (um),random_forest,2024,4,0.9747499002787339,0.14488036794758807,0.04527511498362128,0.09804191718044103,0.8565709073878803,0.37876255285537863,0.10046752065129408,0.23469048854419367
Dataset_0172,single_output,Si Particle Size (um),random_forest,99,0,0.9696329475902172,0.16437774313807305,0.04214813926617258,0.10492990814903101,0.9784934522396124,0.13014894615552874,0.051646407204574904,0.10215552051960382
Dataset_0172,single_output,Si Particle Size (um),random_forest,99,1,0.9720165022668555,0.16143844794937598,0.041500886362307456,0.09999820708531254,0.8732038477299569,0.2797779272443874,0.11191117089775496,0.21458428789728798
Dataset_0172,single_output,Si Particle Size (um),random_forest,99,2,0.9689844717672279,0.16447678957116155,0.042173535787477325,0.1025211924218821,0.900001264114971,0.292161879466022,0.10179856427387526,0.2413985273820098
Dataset_0172,single_output,Si Particle Size (um),random_forest,99,3,0.972616292939342,0.14618366523584933,0.04568239538620292,0.09650501865790673,0.8436441972623064,0.42833897884958966,0.11272078390778675,0.3030124058084773
Dataset_0172,single_output,Si Particle Size (um),random_forest,99,4,0.9670469196705375,0.16939220353170256,0.043433898341462204,0.10795064672476308,0.920954982091619,0.24636322369262556,0.07722985068734343,0.15479658232640384
Dataset_0172,single_output,Si Particle Size (um),extra_trees,42,0,0.96464551868172,0.17357385544085333,0.044506116779705986,0.11431014248584384,0.8319550557450347,0.38489432693935144,0.13181312566416145,0.2888994153439154
Dataset_0172,single_output,Si Particle Size (um),extra_trees,42,1,0.9592062402125671,0.19729702543842123,0.05071902967568669,0.13041933121946248,0.9281771953596415,0.14375431906059397,0.07187715953029698,0.10590081433381347
Dataset_0172,single_output,Si Particle Size (um),extra_trees,42,2,0.9653302256907536,0.1752643052391328,0.044939565445931494,0.11514037045330146,0.9358865636033329,0.2249998359415263,0.09072574029900254,0.1732540046725767
Dataset_0172,single_output,Si Particle Size (um),extra_trees,42,3,0.9616642545796245,0.18818347743906477,0.048252173702324305,0.12279069313827938,0.8363731102698757,0.3241638326247546,0.1161877536289443,0.23665499330035095
Dataset_0172,single_output,Si Particle Size (um),extra_trees,42,4,0.9506253678867562,0.188141762690104,0.06271392089670133,0.12657683422898958,0.8583405412882142,0.4526271958247961,0.11911241995389371,0.27834222325293717
Dataset_0172,single_output,Si Particle Size (um),extra_trees,123,0,0.9626408204770861,0.18396509557643256,0.04717053732729041,0.12058821915900901,0.9332612699174888,0.21037369561154418,0.07540275828370759,0.15200889153439215
Dataset_0172,single_output,Si Particle Size (um),extra_trees,123,1,0.9590754103346358,0.18957570868935486,0.04860915607419356,0.12612450849345597,0.9158258827006571,0.2658520314669366,0.08575871982804406,0.1859365767195771
Dataset_0172,single_output,Si Particle Size (um),extra_trees,123,2,0.9647394661531234,0.17307560836903324,0.04437836112026494,0.11391854630044289,0.7787876913834798,0.4393052981913757,0.1476656464508826,0.36566430065965577
Dataset_0172,single_output,Si Particle Size (um),extra_trees,123,3,0.9597907662262429,0.18555865872654895,0.058168858534968323,0.12439857366771179,0.8702056705547594,0.3467497287831362,0.08891018686747083,0.23298026953205606
Dataset_0172,single_output,Si Particle Size (um),extra_trees,123,4,0.9678371222607579,0.16593264785898423,0.042546832784354935,0.10794108490487793,0.9635120289908935,0.18435235225199936,0.07433562590806427,0.140422076633685
Dataset_0172,single_output,Si Particle Size (um),extra_trees,7,0,0.9620564726428134,0.17482977746710535,0.05463430545847042,0.11235188874965171,0.8814154178473782,0.35504609533921266,0.09294400401550071,0.2524748121693134
Dataset_0172,single_output,Si Particle Size (um),extra_trees,7,1,0.96509801401501,0.18712333912668985,0.04798034336581792,0.11718006613756596,0.8159320977712838,0.25557436095376557,0.12467041997744663,0.19030948809523682
Dataset_0172,single_output,Si Particle Size (um),extra_trees,7,2,0.9592702388513983,0.1876438547637082,0.048113808913771344,0.11996965251861746,0.968071700032114,0.16418404260909752,0.051711509483180325,0.12581305108912116
Dataset_0172,single_output,Si Particle Size (um),extra_trees,7,3,0.964952694753476,0.1726927315880083,0.0442801875866688,0.11240450419631466,0.826848882178065,0.3865866052768896,0.13612204411158083,0.2972623724489797
Dataset_0172,single_output,Si Particle Size (um),extra_trees,7,4,0.9485877004958839,0.20511597910891166,0.052933155899073984,0.13601640568244028,0.9538257138340919,0.21983396869437494,0.07851213167656249,0.15189138476602873
Dataset_0172,single_output,Si Particle Size (um),extra_trees,2024,0,0.9575998177176679,0.1893144799340005,0.048542174342051415,0.1228505359357989,0.8932221898965158,0.3197586810227999,0.12393747326465115,0.23432182996633244
Dataset_0172,single_output,Si Particle Size (um),extra_trees,2024,1,0.9601634562728656,0.19481559569283333,0.04995271684431624,0.12119615613106839,0.9188201038428352,0.20795362724100513,0.08351551294819483,0.14779024514991168
Dataset_0172,single_output,Si Particle Size (um),extra_trees,2024,2,0.9604441621788389,0.17770447754029786,0.045565250651358434,0.11376133029805399,0.9026277824239125,0.33393777747591186,0.10601199284949583,0.22808169552669513
Dataset_0172,single_output,Si Particle Size (um),extra_trees,2024,3,0.959355425258551,0.19323070423222766,0.049673702887462125,0.1252807625516246,0.907973399941196,0.23419227675889623,0.08364009884246294,0.1878409188827057
Dataset_0172,single_output,Si Particle Size (um),extra_trees,2024,4,0.9633564704342005,0.17453263317606768,0.05454144786752115,0.11217900519978073,0.801124838065174,0.44600392708874653,0.11830342893600705,0.29926440476190475
Dataset_0172,single_output,Si Particle Size (um),extra_trees,99,0,0.9608624452655593,0.18661155762933088,0.04784911734085408,0.12243816118579294,0.9570334396185953,0.18395881300273578,0.0729995289693396,0.1467758146544818
Dataset_0172,single_output,Si Particle Size (um),extra_trees,99,1,0.9627911018093287,0.18615700369869667,0.04785527087370095,0.11914392276988753,0.8965288392334504,0.25273772479592804,0.10109508991837121,0.19445285978835905
Dataset_0172,single_output,Si Particle Size (um),extra_trees,99,2,0.9625233793168173,0.18079867394697913,0.04635863434537927,0.11547065955117648,0.8662917852972307,0.3378355436317287,0.11771273297272776,0.2559402806122437
Dataset_0172,single_output,Si Particle Size (um),extra_trees,99,3,0.962560115122264,0.17093066367765794,0.05341583239926811,0.11657073443797536,0.8014596131437536,0.4826752465440703,0.12701980172212377,0.3317533831512405
Dataset_0172,single_output,Si Particle Size (um),extra_trees,99,4,0.9549704112174036,0.1980133172894848,0.05077264545884226,0.12944664104095158,0.9532930114647808,0.18937801518934716,0.059366148962177796,0.12567728251906865
Dataset_0172,single_output,Si Particle Size (um),gradient_boosting,42,0,0.9904404372842903,0.09025704038170186,0.023142830867103045,0.06764952308732844,0.9805854018343526,0.1308256760172704,0.04480331370454466,0.09754598726544013
Dataset_0172,single_output,Si Particle Size (um),gradient_boosting,42,1,0.98833168776831,0.10551827710007744,0.027125521105418368,0.07191195703560131,0.9755526346841069,0.08386982810062568,0.04193491405031284,0.06970011957677205
Dataset_0172,single_output,Si Particle Size (um),gradient_boosting,42,2,0.9884359052560565,0.10122173775771487,0.025954291732747405,0.07319686650593929,0.9653450940539368,0.16542076927169552,0.06670192309342561,0.12035576469664597
Dataset_0172,single_output,Si Particle Size (um),gradient_boosting,42,3,0.9866193975706209,0.11117761849377467,0.02850708166507043,0.07446084138360727,0.9679199328217031,0.14353402227512763,0.051445886120117426,0.09695615391050995
Dataset_0172,single_output,Si Particle Size (um),gradient_boosting,42,4,0.993511780583846,0.0682018313328384,0.0227339437776128,0.04607432215526496,0.9634549887605643,0.22989625972237765,0.06049901571641517,0.13575121777363414
Dataset_0172,single_output,Si Particle Size (um),gradient_boosting,123,0,0.985595285744827,0.11423234424773525,0.02929034467890648,0.07708548540985168,0.9819675783170165,0.1093526958992966,0.03919451465924609,0.07799663297768114
Dataset_0172,single_output,Si Particle Size (um),gradient_boosting,123,1,0.98442383468264,0.11695553915312354,0.029988599782852194,0.07475651769134725,0.9373139697708919,0.2294225389931252,0.07400727064294362,0.15445599054035383
Dataset_0172,single_output,Si Particle Size (um),gradient_boosting,123,2,0.9919109713228517,0.08289715247676739,0.02125568012224805,0.06471476657565105,0.9849894672173287,0.1144352573540998,0.03846563272406716,0.0953221646814721
Dataset_0172,single_output,Si Particle Size (um),gradient_boosting,123,3,0.9912567534599933,0.08652760606088596,0.02712464139839685,0.06101842338464774,0.961003236296498,0.19006517680676577,0.048734660719683534,0.10974705608084678
Dataset_0172,single_output,Si Particle Size (um),gradient_boosting,123,4,0.9841039332078334,0.11665389199579287,0.029911254357895614,0.07593462711950423,0.9663512599986237,0.17703463075923154,0.07138493175775465,0.12679344029933465
Dataset_0172,single_output,Si Particle Size (um),gradient_boosting,7,0,0.989878071963185,0.09029800939809793,0.028218127936905604,0.060569502270501153,0.9545486132687013,0.21980835498790469,0.05754145418531537,0.132422698669443
Dataset_0172,single_output,Si Particle Size (um),gradient_boosting,7,1,0.9891760660092117,0.10420665521184908,0.026719655182525406,0.0696741095667439,0.9384093738840265,0.14783782401639564,0.07211601171531495,0.11013117376119227
Dataset_0172,single_output,Si Particle Size (um),gradient_boosting,7,2,0.9873722334178473,0.10448205050476939,0.026790269360197284,0.0720738750581274,0.9905883784540037,0.08914054294197292,0.028075761556526906,0.07238946694411379
Dataset_0172,single_output,Si Particle Size (um),gradient_boosting,7,3,0.9919946852188871,0.08253458090569155,0.021162713052741425,0.05888489224396412,0.9689893454696269,0.16360238058938947,0.05760647203851742,0.12671375125344495
Dataset_0172,single_output,Si Particle Size (um),gradient_boosting,7,4,0.9927142196913361,0.07721541604620934,0.019926558979666928,0.0567054019585364,0.977563389941126,0.1532404170735277,0.054728720383402756,0.1047280102054557
Dataset_0172,single_output,Si Particle Size (um),gradient_boosting,2024,0,0.9818486345169767,0.12386671545682186,0.031760696270979966,0.081133606352302,0.9528377626746625,0.2125098372353972,0.08236815396720823,0.1547577805768329
Dataset_0172,single_output,Si Particle Size (um),gradient_boosting,2024,1,0.9884496931856946,0.10490100656023066,0.026897693989802737,0.0728823631557908,0.9821717773922466,0.09745323905044266,0.0391378470082099,0.07998397628347002
Dataset_0172,single_output,Si Particle Size (um),gradient_boosting,2024,2,0.9892716654101258,0.09254633650688968,0.02372982987356146,0.058214629224748814,0.9791509253252932,0.15452238915763,0.049054726716707936,0.11662295261898145
Dataset_0172,single_output,Si Particle Size (um),gradient_boosting,2024,3,0.9870133238745785,0.10922545174898013,0.028078522300509032,0.08108489836766408,0.9762076713214681,0.11907877423630145,0.04252813365582195,0.09115295983173392
Dataset_0172,single_output,Si Particle Size (um),gradient_boosting,2024,4,0.9881514526164837,0.09924543652436175,0.03101419891386305,0.055821961378991404,0.9238802204740302,0.2759288878132812,0.07319068642262101,0.1681235771712181
Dataset_0172,single_output,Si Particle Size (um),gradient_boosting,99,0,0.9810680477327872,0.12978945067618342,0.03327934632722652,0.09035115030868092,0.9806210109663539,0.12354377370219811,0.0490253070246818,0.09204590840242634
Dataset_0172,single_output,Si Particle Size (um),gradient_boosting,99,1,0.987795427969145,0.10661474009337438,0.027407388198810896,0.08205060594008144,0.9839584105223604,0.09951398322738263,0.039805593290953054,0.06825801729611619
Dataset_0172,single_output,Si Particle Size (um),gradient_boosting,99,2,0.9822455417173391,0.12444250426880643,0.03190833442789909,0.08092486715072295,0.9441354273020401,0.2183707849934314,0.07608738153081233,0.17283821263598645
Dataset_0172,single_output,Si Particle Size (um),gradient_boosting,99,3,0.9869754945291467,0.10081690197880115,0.03150528186837536,0.05596124482320882,0.9347346471859219,0.2767400023198504,0.07282631639996064,0.16525771190958446
Dataset_0172,single_output,Si Particle Size (um),gradient_boosting,99,4,0.9870137897454493,0.10633754364944203,0.02726603683319027,0.07181394772714922,0.9684053492458053,0.15575622279950074,0.04882640213150494,0.10959928750497554
Dataset_0172,single_output,Si Particle Size (um),xgboost,42,0,0.9902249005571496,0.09126886866247107,0.023402274016018226,0.06398566325505577,0.9886726689941162,0.09992923904018128,0.03422234213704838,0.07676062798500062
Dataset_0172,single_output,Si Particle Size (um),xgboost,42,1,0.9929857508074933,0.0818114831361427,0.02103122959798013,0.05482593116007354,0.9791073488357691,0.07753298389518402,0.03876649194759201,0.06291002078851066
Dataset_0172,single_output,Si Particle Size (um),xgboost,42,2,0.9939073765119261,0.07347170842936004,0.018838899597271808,0.05307323540079182,0.9820370416748774,0.11909584360159459,0.04802251758128814,0.09727681777306967
Dataset_0172,single_output,Si Particle Size (um),xgboost,42,3,0.9926160695830882,0.08258921365414787,0.021176721449781506,0.060555753450969176,0.9814989116273296,0.10900234963017327,0.039068942519775364,0.07927636891603466
Dataset_0172,single_output,Si Particle Size (um),xgboost,42,4,0.9948984238638053,0.06047633421572885,0.020158778071909616,0.044552725615172546,0.9675713011583487,0.216562181456072,0.0569900477515979,0.1334492542913982
Dataset_0172,single_output,Si Particle Size (um),xgboost,123,0,0.9925195844523415,0.08231891311439579,0.021107413619075848,0.0599817935207434,0.9873328004351848,0.09165217449436276,0.032850241754251885,0.07272472850481669
Dataset_0172,single_output,Si Particle Size (um),xgboost,123,1,0.9941732159203331,0.07153276029425215,0.018341733408782604,0.052510867620769314,0.9655229791985548,0.1701435787153259,0.05488502539204061,0.11226400995254515
Dataset_0172,single_output,Si Particle Size (um),xgboost,123,2,0.9924498701264444,0.08008821907132999,0.020535440787520513,0.055876735294687334,0.9775289463892611,0.1400146615384824,0.04706375177764115,0.11470511159726551
Dataset_0172,single_output,Si Particle Size (um),xgboost,123,3,0.9947603872298327,0.066983513198328,0.02099796651985204,0.04871970597012291,0.9659662534813513,0.17755918808242077,0.04552799694421046,0.09434323472636084
Dataset_0172,single_output,Si Particle Size (um),xgboost,123,4,0.9926399036051443,0.07937726752117891,0.020353145518251004,0.05395875480668298,0.9901838508199093,0.09561904486987165,0.03855606647978695,0.08551045060157779
Dataset_0172,single_output,Si Particle Size (um),xgboost,7,0,0.9937925919327999,0.07071339718946819,0.02209793662170881,0.04897463587292454,0.9684778605454586,0.1830536824899375,0.04791981217014071,0.11171900471051531
Dataset_0172,single_output,Si Particle Size (um),xgboost,7,1,0.9934342742751172,0.08116041463041483,0.020810362725747395,0.05685615737187235,0.9728754490263323,0.09810915402325981,0.04785812391378528,0.07839998928705853
Dataset_0172,single_output,Si Particle Size (um),xgboost,7,2,0.9922899533348252,0.08164073721842477,0.02093352236369866,0.05777415397866021,0.9892865856053606,0.09510579915422127,0.029954582410778353,0.08023811084883552
Dataset_0172,single_output,Si Particle Size (um),xgboost,7,3,0.9937340760766235,0.07301957524772389,0.018722968012236895,0.05312434566432032,0.9755381531807549,0.14530440270220654,0.051163522078241735,0.1176955709287099
Dataset_0172,single_output,Si Particle Size (um),xgboost,7,4,0.9943562979589886,0.06795916256288545,0.01753784840332528,0.05080454839714642,0.9843632907714897,0.12792852290629608,0.045688758180820035,0.08598856730120526
Dataset_0172,single_output,Si Particle Size (um),xgboost,2024,0,0.9947540147585139,0.06659068818221764,0.01707453543133786,0.048993564101687655,0.9753794434530477,0.153543265201374,0.059512893488904664,0.11161143533388775
Dataset_0172,single_output,Si Particle Size (um),xgboost,2024,1,0.9930273143755091,0.0815047533402467,0.02089865470262736,0.058078584890616576,0.9900156166629737,0.07292943981104237,0.02928893165102103,0.05564102156956992
Dataset_0172,single_output,Si Particle Size (um),xgboost,2024,2,0.9915140446912426,0.08230826496354592,0.021104683323986136,0.05258290958815609,0.9875422859535503,0.11944478716215441,0.03791898005147759,0.08768530138901308
Dataset_0172,single_output,Si Particle Size (um),xgboost,2024,3,0.9940204857273061,0.07411528758659863,0.01905277315850865,0.05749776291436164,0.976645796410425,0.11797728865504965,0.04213474594823202,0.09208043243203844
Dataset_0172,single_output,Si Particle Size (um),xgboost,2024,4,0.9940388837427174,0.070394995798043,0.02199843618688844,0.05054977339917216,0.961688729231726,0.19575447023741246,0.051924262662443633,0.12035474743161881
Dataset_0172,single_output,Si Particle Size (um),xgboost,99,0,0.9944500376964029,0.07027271138473329,0.01801864394480341,0.05354096988836924,0.9786417443313224,0.1296994680629492,0.051468042882122714,0.09525960751374565
Dataset_0172,single_output,Si Particle Size (um),xgboost,99,1,0.9935456098870626,0.0775324630221846,0.019931224427296813,0.05203553698564831,0.9838057981093837,0.09998622817562346,0.039994491270249385,0.07599600680669151
Dataset_0172,single_output,Si Particle Size (um),xgboost,99,2,0.9923637591536154,0.08161215356714728,0.02092619322234546,0.055362320100439025,0.9835490805248106,0.11850082746857839,0.04128948692284961,0.09480752314840044
Dataset_0172,single_output,Si Particle Size (um),xgboost,99,3,0.9934305350043574,0.07160077580783883,0.022375242439949636,0.05022162317202008,0.9679373138063934,0.19396820528284311,0.051044264548116614,0.11495224773883818
Dataset_0172,single_output,Si Particle Size (um),xgboost,99,4,0.9916310386860764,0.0853652642816894,0.021888529302997287,0.05953654043633364,0.9843471344390259,0.10963155010972755,0.03436725708768889,0.08934398510626385
Dataset_0172,single_output,Si Particle Size (um),ann,42,0,0.9756262974453697,0.1441195271485843,0.03695372490989342,0.11314676775409092,0.9350420777301269,0.23930118382721982,0.0819524602148013,0.20459005803628194
Dataset_0172,single_output,Si Particle Size (um),ann,42,1,0.9510815110367892,0.21605294343102605,0.05554060242442829,0.17248802215657683,0.8564545684216964,0.2032284053602837,0.10161420268014185,0.15185742637186622
Dataset_0172,single_output,Si Particle Size (um),ann,42,2,0.9565468401092077,0.196213394046692,0.05031112667863898,0.15664415176008578,0.932432429293949,0.23098130264606037,0.09313762203470176,0.20437471468811408
Dataset_0172,single_output,Si Particle Size (um),ann,42,3,0.9502536457592459,0.21436810186897298,0.054966179966403336,0.1777511279868231,0.9326029133424588,0.20804523951943085,0.07456818620768131,0.14541767657048082
Dataset_0172,single_output,Si Particle Size (um),ann,42,4,0.9632955240722265,0.16221566302275542,0.054071887674251806,0.11779744034994251,0.945213698868735,0.28148408552060156,0.07407475934752673,0.1996765518902505
Dataset_0172,single_output,Si Particle Size (um),ann,123,0,0.9693999434680236,0.16649372882436086,0.042690699698554074,0.13468195836420116,0.8382080697137363,0.32755248242458546,0.1174023234496722,0.2463085185433896
Dataset_0172,single_output,Si Particle Size (um),ann,123,1,0.9728655644257563,0.1543657393947138,0.03958095881915739,0.12539683514710318,0.9340800863132268,0.23526591560738497,0.07589223084109192,0.1925570019862272
Dataset_0172,single_output,Si Particle Size (um),ann,123,2,0.9628796897860272,0.17758129703272274,0.04553366590582635,0.1379256115598652,0.916603236980832,0.26973443555782756,0.09066703716229498,0.2343435956812796
Dataset_0172,single_output,Si Particle Size (um),ann,123,3,0.966242144382358,0.17002224708461813,0.053298510057874025,0.12893672499077363,0.906455484440993,0.2943726351902433,0.07548016286929317,0.20899612025761513
Dataset_0172,single_output,Si Particle Size (um),ann,123,4,0.9340144646414167,0.23767240775265427,0.06094164301350111,0.18789345218216144,0.9610161986415542,0.190553056366451,0.07683590982518186,0.15732935367729603
Dataset_0172,single_output,Si Particle Size (um),ann,7,0,0.9611895911788317,0.1768156339987562,0.05525488562461131,0.12125203198563927,0.9093998342947546,0.3103381186403786,0.0812403451938164,0.22421358760888604
Dataset_0172,single_output,Si Particle Size (um),ann,7,1,0.9657963474346709,0.18524185950486022,0.047497912693553905,0.14815604342057423,0.8706926103204623,0.2142100904059605,0.10449272702729782,0.17514605660046803
Dataset_0172,single_output,Si Particle Size (um),ann,7,2,0.9538652579377873,0.19970662067949962,0.05120682581525632,0.16384093229582303,0.9337583715790265,0.2364876945177027,0.07448431323392211,0.1747453434499468
Dataset_0172,single_output,Si Particle Size (um),ann,7,3,0.9585519855438891,0.1878013063435053,0.048154181113719316,0.14094764020272693,0.946530512916697,0.21482615797759427,0.07564301337239235,0.18401072557475934
Dataset_0172,single_output,Si Particle Size (um),ann,7,4,0.9578030189008605,0.1858260821875618,0.04795511798388692,0.15119932174191586,0.9505019563167177,0.22760862887242203,0.08128879602586501,0.16345595632227486
Dataset_0172,single_output,Si Particle Size (um),ann,2024,0,0.9520038431449989,0.2014202834952563,0.05164622653724522,0.1649318022284563,0.9710235681003238,0.16657287902924345,0.06456313140668352,0.13173952524428315
Dataset_0172,single_output,Si Particle Size (um),ann,2024,1,0.9742300347026117,0.15668947013357085,0.04017678721373612,0.1176571681761026,0.9427628141716448,0.1746149366019733,0.07012648056304148,0.15943336360200167
Dataset_0172,single_output,Si Particle Size (um),ann,2024,2,0.9541745493272558,0.19126982003071297,0.04904354359761871,0.1399566602901544,0.9123507193800511,0.31682701086166976,0.10058000344814913,0.24657297003010537
Dataset_0172,single_output,Si Particle Size (um),ann,2024,3,0.9560053032152481,0.20103654371683488,0.051680345428492265,0.15601627123585854,0.87779566287266,0.26987284656108407,0.09638315948610146,0.21604361415898204
Dataset_0172,single_output,Si Particle Size (um),ann,2024,4,0.9474935065032397,0.2089221562620669,0.0652881738318959,0.16410533488259063,0.8955147573674545,0.32327780402766404,0.08575008064394272,0.243490681673379
Dataset_0172,single_output,Si Particle Size (um),ann,99,0,0.9632088376021243,0.18093119374810593,0.04639261378156563,0.14590462732420187,0.904162590114896,0.2747405974980687,0.10902404662621774,0.23269928000784254
Dataset_0172,single_output,Si Particle Size (um),ann,99,1,0.9548695363358254,0.20501747138299692,0.05270372014987068,0.16037134702055844,0.9232953649345255,0.21760617492481105,0.08704246996992442,0.17214682724911737
Dataset_0172,single_output,Si Particle Size (um),ann,99,2,0.9678423252046557,0.16747783912722175,0.04294303567364661,0.1293948324812556,0.9236781303545593,0.25524121013512363,0.08893421955927652,0.21101101276102313
Dataset_0172,single_output,Si Particle Size (um),ann,99,3,0.9534095703935386,0.19067821779564037,0.05958694306113762,0.14865398872766,0.9493701630834015,0.24374395820592665,0.0641431468962965,0.18235706387054182
Dataset_0172,single_output,Si Particle Size (um),ann,99,4,0.9434227809890109,0.2219556512964471,0.05691170546062747,0.17285864242070187,0.9163652806600652,0.25341477316347294,0.07944036776284419,0.21869958160643194
Dataset_0172,single_output,Si Particle Size (um),lightgbm,42,0,0.9919158649485819,0.08300014577800889,0.021282088661027924,0.0564808833164374,0.9803119273086455,0.13174386083764314,0.04511776056083669,0.1017778320150325
Dataset_0172,single_output,Si Particle Size (um),lightgbm,42,1,0.995614766651454,0.06468744897747856,0.016629164261562614,0.043832001859446044,0.9787854386552958,0.07812800772970806,0.03906400386485403,0.06313281671619124
Dataset_0172,single_output,Si Particle Size (um),lightgbm,42,2,0.9956998727018318,0.061724648366783846,0.01582683291455996,0.04448694202483855,0.9811740301494402,0.12192320018268395,0.04916258071882417,0.09609915669076566
Dataset_0172,single_output,Si Particle Size (um),lightgbm,42,3,0.9966816498947003,0.05536567968170549,0.014196328123514231,0.037937845709560936,0.9630150051709198,0.1541168067343052,0.05523899882950007,0.10826151818288728
Dataset_0172,single_output,Si Particle Size (um),lightgbm,42,4,0.9946950161884587,0.061670192449335526,0.020556730816445174,0.04770343311001861,0.9584156488036011,0.24523520769356574,0.06453558097199098,0.12949346921707278
Dataset_0172,single_output,Si Particle Size (um),lightgbm,123,0,0.9960899595163535,0.05951513081876096,0.015260289953528454,0.041640761582117436,0.9708620785653904,0.13900542532563154,0.04982273309162421,0.09918020759111582
Dataset_0172,single_output,Si Particle Size (um),lightgbm,123,1,0.995387564619256,0.06364373647144331,0.01631890678754957,0.04518485334042025,0.9678510748672872,0.16429862410024348,0.052999556161368866,0.12046707682276063
Dataset_0172,single_output,Si Particle Size (um),lightgbm,123,2,0.9936991040653885,0.07316318085261096,0.01875978996220794,0.04814616839070972,0.9795265890210699,0.13364628750390448,0.04492312185005192,0.118740051977918
Dataset_0172,single_output,Si Particle Size (um),lightgbm,123,3,0.9936937275420944,0.07348601398675884,0.02303636802092754,0.053518169695648134,0.9433102872709012,0.22916083637161394,0.05875918881323435,0.1171986116414333
Dataset_0172,single_output,Si Particle Size (um),lightgbm,123,4,0.9945609832630758,0.06823616193189917,0.017496451777410046,0.05064689279429825,0.9903570827227326,0.09477156380013492,0.038214340241989886,0.07043680296727754
Dataset_0172,single_output,Si Particle Size (um),lightgbm,7,0,0.9925274545624833,0.07758554873182227,0.024245483978694464,0.056036584709627336,0.9551902271228979,0.21825137994606691,0.05713386909582904,0.11290995670575509
Dataset_0172,single_output,Si Particle Size (um),lightgbm,7,1,0.9948596048064672,0.07181268141682116,0.018413508055595173,0.050716127145482626,0.9250112367044823,0.16312718723348404,0.07957423767487028,0.11513402177487113
Dataset_0172,single_output,Si Particle Size (um),lightgbm,7,2,0.9946097043039352,0.06826289607730396,0.017503306686488196,0.049950020739920525,0.9861173605921384,0.10826275361661335,0.03409850507609869,0.09090158768028712
Dataset_0172,single_output,Si Particle Size (um),lightgbm,7,3,0.9931051956803858,0.07659628669779919,0.019640073512256207,0.050648357817178934,0.9700178258590645,0.1608665372842185,0.05664314693106285,0.13823684702406253
Dataset_0172,single_output,Si Particle Size (um),lightgbm,7,4,0.9978520855030372,0.04192513547199782,0.010819389799225245,0.030212297029495166,0.9884801486430639,0.10980399540386389,0.03921571264423711,0.07655743414893641
Dataset_0172,single_output,Si Particle Size (um),lightgbm,2024,0,0.9974045539608186,0.04683882296513882,0.012009954606445852,0.033873750186028,0.9795582404564205,0.13990749368223854,0.05422771072954983,0.10722111287930576
Dataset_0172,single_output,Si Particle Size (um),lightgbm,2024,1,0.9953163839733618,0.06679954999348561,0.01712808974191939,0.04756706142570668,0.9837286520692078,0.09310093018484827,0.03738993180114388,0.0712038226008322
Dataset_0172,single_output,Si Particle Size (um),lightgbm,2024,2,0.9947004159516099,0.0650450076290962,0.016678207084383643,0.041917502028645776,0.9899359129995172,0.10735819797789592,0.03408196761203045,0.07239537617405087
Dataset_0172,single_output,Si Particle Size (um),lightgbm,2024,3,0.9966982153922987,0.05507432892180234,0.014157925172699832,0.037174394621197086,0.9830318214909118,0.10056190510970425,0.03591496611060866,0.07277674287827274
Dataset_0172,single_output,Si Particle Size (um),lightgbm,2024,4,0.994264171105917,0.06905197190202045,0.021578741219381394,0.05294291503378572,0.9355254237300535,0.2539467492779526,0.06735988044508026,0.15571708178018304
Dataset_0172,single_output,Si Particle Size (um),lightgbm,99,0,0.996240974649754,0.057833479386063195,0.014829097278477744,0.03875202150925194,0.9865698846910544,0.10284784001683393,0.04081263492731506,0.07466680095984678
Dataset_0172,single_output,Si Particle Size (um),lightgbm,99,1,0.9947897351951612,0.06966038545211146,0.017907554100799864,0.04619430653382594,0.9767590175813985,0.11978092209970663,0.04791236883988265,0.09247013438313516
Dataset_0172,single_output,Si Particle Size (um),lightgbm,99,2,0.9954494058362633,0.06300123777700399,0.016154163532565127,0.04324346400121941,0.9792264879919007,0.1331622906794533,0.04639801068970498,0.10826391452723784
Dataset_0172,single_output,Si Particle Size (um),lightgbm,99,3,0.9934944219987848,0.07125177219790937,0.02226617881184668,0.05236813499001396,0.9459650896322243,0.2518070081075857,0.0662650021335752,0.15126905874755203
Dataset_0172,single_output,Si Particle Size (um),lightgbm,99,4,0.9935744912008639,0.07479958190499067,0.019179379975638636,0.04769673894336939,0.9873287320437946,0.09863900088185333,0.030921316890863113,0.07163969780490442
Dataset_0172,single_output,Hardness (HV),linear_regression,42,0,0.9301747879640054,1.6238592726194598,0.060142936022942954,1.1984768872510063,0.8937160269997414,1.9476101369290255,0.09274333985376312,1.730326973106931
Dataset_0172,single_output,Hardness (HV),linear_regression,42,1,0.952079691704506,1.3975446956179014,0.05176091465251487,1.1764731859444433,0.583631789574385,2.5186285891301883,0.20644496632214654,1.9173974459504584
Dataset_0172,single_output,Hardness (HV),linear_regression,42,2,0.9147161490055928,1.7594000331423028,0.06516296419045566,1.4107673694499618,0.9625215611913219,1.257744378764484,0.0628872189382242,1.0518553265462742
Dataset_0172,single_output,Hardness (HV),linear_regression,42,3,0.9225609382000435,1.731490756866953,0.06659579834103665,1.3744804542601767,0.9385360088465938,1.4204675234217565,0.06606825690333751,1.1799245336723376
Dataset_0172,single_output,Hardness (HV),linear_regression,42,4,0.9126146256320163,1.7166466983016964,0.07152694576257068,1.3729151194591294,0.9570186182226034,1.4763920022526833,0.05905568009010733,1.2413117347397937
Dataset_0172,single_output,Hardness (HV),linear_regression,123,0,0.9281191960430334,1.6503893852504938,0.06112553278705533,1.2658471836039913,0.9101008110100096,1.800976621248727,0.08785251810969401,1.6419319007363726
Dataset_0172,single_output,Hardness (HV),linear_regression,123,1,0.9244638630142629,1.7292390860812603,0.06404589207708372,1.3872367825955485,0.9236745307863343,1.4978183996801304,0.0832121333155628,1.2252835454544728
Dataset_0172,single_output,Hardness (HV),linear_regression,123,2,0.9186584987014286,1.75925988451731,0.06515777350064111,1.3780467036495496,0.9571553192368648,1.2372183665306664,0.06186091832653332,1.0382057475458208
Dataset_0172,single_output,Hardness (HV),linear_regression,123,3,0.9384066968711723,1.5164744563542447,0.06318643568142686,1.2573394691736015,0.8548609806661911,2.366731564759331,0.1075787074890605,1.6648087113827401
Dataset_0172,single_output,Hardness (HV),linear_regression,123,4,0.9302830353602288,1.5643073979834177,0.060165669153208375,1.2258431783225558,0.9031907333129109,2.1448948512462076,0.10213785005934321,1.7615812659336316
Dataset_0172,single_output,Hardness (HV),linear_regression,7,0,0.9136848417009155,1.7882296859851166,0.07450957024937986,1.4158387860967527,0.9664710081925155,1.1114433903249552,0.05052015410567978,0.9558342052192121
Dataset_0172,single_output,Hardness (HV),linear_regression,7,1,0.9299953774098654,1.6813411215636878,0.06466696621398799,1.3119642231426933,0.8965070003635616,1.6721502534427672,0.08800790807593512,1.4140415888981825
Dataset_0172,single_output,Hardness (HV),linear_regression,7,2,0.9282764716263066,1.6326305777208556,0.06046779917484651,1.2866118188436446,0.8975194635298558,1.8381253652671963,0.08752977929843792,1.609231907627694
Dataset_0172,single_output,Hardness (HV),linear_regression,7,3,0.9214485115374365,1.7580131512550699,0.06511159819463222,1.3937167796156715,0.9284341634824641,1.2613368377218073,0.07419628457187101,1.1350219897613283
Dataset_0172,single_output,Hardness (HV),linear_regression,7,4,0.9421777774640472,1.381939258078112,0.05118293548437452,1.192941345297602,0.8602437971635086,2.678846575071725,0.11905984778096555,1.9139830832697007
Dataset_0172,single_output,Hardness (HV),linear_regression,2024,0,0.9187952265204395,1.7498822228467643,0.0648104526980283,1.3921729125292417,0.9500659082840353,1.3616157105033868,0.06051625380015053,1.1722836720627516
Dataset_0172,single_output,Hardness (HV),linear_regression,2024,1,0.9243739196780714,1.7333911524741583,0.06419967231385772,1.379371401809834,0.9270246269764185,1.425566297909405,0.07348279886130951,1.2012323764979158
Dataset_0172,single_output,Hardness (HV),linear_regression,2024,2,0.9167082008954486,1.7259650985546284,0.06392463327980105,1.3335708403113244,0.9532826534106379,1.4467159989104084,0.06889123804335277,1.3393312516542113
Dataset_0172,single_output,Hardness (HV),linear_regression,2024,3,0.9559367039240585,1.2684724565563328,0.04878740217524357,1.0671563284167822,0.7820254610892408,2.856937166435974,0.1328807984388825,2.2591234353985916
Dataset_0172,single_output,Hardness (HV),linear_regression,2024,4,0.9185726826624865,1.7480642476510093,0.07283601031879205,1.4049968863646798,0.9384617120337944,1.3089757290346966,0.059498896774304394,1.0704519626260673
Dataset_0172,single_output,Hardness (HV),linear_regression,99,0,0.9259948949977197,1.724690723776145,0.0638774342139313,1.3374056501264828,0.9211699601327528,1.449107705146285,0.07068818073884317,1.27357282275437
Dataset_0172,single_output,Hardness (HV),linear_regression,99,1,0.9447487005177709,1.4566447763506747,0.05394980653150647,1.2391611846378368,0.806470220063367,2.4044964671186477,0.1466156382389419,1.75534825729144
Dataset_0172,single_output,Hardness (HV),linear_regression,99,2,0.9328458588053481,1.6321893154623064,0.06045145612823357,1.2231375871114607,0.8705012240743135,1.9025671282295187,0.11530709868057688,1.6386390740379113
Dataset_0172,single_output,Hardness (HV),linear_regression,99,3,0.9189540995917008,1.7294452014404555,0.07206021672668565,1.400028335406755,0.9448187575847894,1.3975055741452047,0.05590022296580819,1.0881622803272148
Dataset_0172,single_output,Hardness (HV),linear_regression,99,4,0.9105013343533516,1.694568154027491,0.06778272616109965,1.3584384497596904,0.9501035571086077,1.6709337933754675,0.06962224139064448,1.4110670613875962
Dataset_0172,single_output,Hardness (HV),ridge,42,0,0.9299252185959125,1.6267586841736137,0.06025032163605976,1.214704591266105,0.8928587425283676,1.9554490543920895,0.09311662163771854,1.7357497792109864
Dataset_0172,single_output,Hardness (HV),ridge,42,1,0.951805337826569,1.4015396050116424,0.05190887425969046,1.1714361279908538,0.6000523109252078,2.468464823224745,0.2023331822315364,1.9031409312483598
Dataset_0172,single_output,Hardness (HV),ridge,42,2,0.9144245894416976,1.7624048941222843,0.06527425533786238,1.4192155046893573,0.9622744803992537,1.2618834782202009,0.06309417391101005,1.0687679614947305
Dataset_0172,single_output,Hardness (HV),ridge,42,3,0.9223301248793868,1.7340692603181338,0.06669497155069745,1.3887411946864265,0.9355814426483094,1.4542076576022962,0.06763756546987425,1.2104937815773806
Dataset_0172,single_output,Hardness (HV),ridge,42,4,0.9122880394561527,1.7198515266056016,0.0716604802752334,1.3886995637430697,0.9556486109479452,1.4997370149050537,0.05998948059620215,1.2828919084620694
Dataset_0172,single_output,Hardness (HV),ridge,123,0,0.9278452832796875,1.6535309254627368,0.06124188612824951,1.2887226378533319,0.9100377970430089,1.801607699252733,0.08788330240257235,1.661965703867229
Dataset_0172,single_output,Hardness (HV),ridge,123,1,0.9242202619335795,1.732025205740033,0.0641490816940753,1.3926546060933909,0.9218421212147156,1.5156914540110482,0.08420508077839156,1.2332923307630683
Dataset_0172,single_output,Hardness (HV),ridge,123,2,0.9184164656337958,1.7618752947754843,0.06525464054724016,1.3938225672717153,0.9573160657056176,1.2348952616450113,0.06174476308225056,1.0287651856973707
Dataset_0172,single_output,Hardness (HV),ridge,123,3,0.938080219522153,1.5204882062423872,0.06335367526009947,1.2599519542163995,0.8657038877371435,2.2766099572634477,0.10348227078470217,1.5918492231952348
Dataset_0172,single_output,Hardness (HV),ridge,123,4,0.9299984462922095,1.5674969472816287,0.06028834412621649,1.2411771792759532,0.8993517535135,2.1870093912974276,0.10414330434749655,1.811733057401821
Dataset_0172,single_output,Hardness (HV),ridge,7,0,0.913398804374469,1.7911902168325424,0.07463292570135593,1.4373273276356888,0.9654299970568102,1.1285656001177249,0.051298436368987496,0.9752533522922457
Dataset_0172,single_output,Hardness (HV),ridge,7,1,0.9297691501233944,1.6840556454299906,0.06477137097807656,1.3245735930525064,0.8923381178725853,1.7054963549771216,0.08976296605142746,1.4335654115765133
Dataset_0172,single_output,Hardness (HV),ridge,7,2,0.9280126695781962,1.6356302627725006,0.060578898621203726,1.3044251444541146,0.8945201814970808,1.8648294537813246,0.08880140256101546,1.641497461258586
Dataset_0172,single_output,Hardness (HV),ridge,7,3,0.9212000378111055,1.7607914257066155,0.06521449724839316,1.4052924027285623,0.9277900055331098,1.2670007135422692,0.07452945373778054,1.1112342837728164
Dataset_0172,single_output,Hardness (HV),ridge,7,4,0.9417807305012789,1.3866758113683053,0.051358363384011306,1.1884897029567887,0.8694022546630495,2.589584783759725,0.11509265705598778,1.8620793938087428
Dataset_0172,single_output,Hardness (HV),ridge,2024,0,0.9185119948739747,1.7529312468615084,0.0649233795133892,1.3998111312974448,0.9495119409892262,1.369147739736909,0.06085101065497373,1.197406273198548
Dataset_0172,single_output,Hardness (HV),ridge,2024,1,0.9241050629429215,1.736469590638213,0.06431368854215604,1.392627187480134,0.9275603796433728,1.4203237217947149,0.073212562979109,1.1958549527224194
Dataset_0172,single_output,Hardness (HV),ridge,2024,2,0.9164238372991454,1.728908866453799,0.06403366172051107,1.354155913981687,0.9503916308595951,1.490807864654,0.07099085069780953,1.3656256635736566
Dataset_0172,single_output,Hardness (HV),ridge,2024,3,0.9556428064093281,1.2726957145116318,0.048949835173524296,1.0716467521098003,0.7869909108108567,2.8242092606815614,0.13135857026425868,2.25818869745261
Dataset_0172,single_output,Hardness (HV),ridge,2024,4,0.9183372705193752,1.7505893127231462,0.07294122136346443,1.4149139077743171,0.9361837287985133,1.3329829714268076,0.06059013506485489,1.1109580556679848
Dataset_0172,single_output,Hardness (HV),ridge,99,0,0.9257574831495666,1.727454952977448,0.06397981307323881,1.3578614693739615,0.9190934300556999,1.4680697410202794,0.07161315809855022,1.2899061263625289
Dataset_0172,single_output,Hardness (HV),ridge,99,1,0.9444420743310202,1.46068112905078,0.054099301075954814,1.2375233473039196,0.8157851161301389,2.345916772039904,0.1430437056121892,1.7132281100166835
Dataset_0172,single_output,Hardness (HV),ridge,99,2,0.9325991914981143,1.6351842067963482,0.06056237802949438,1.2375711349383682,0.8718628778738237,1.8925381384177629,0.11469928111622806,1.6395472948443128
Dataset_0172,single_output,Hardness (HV),ridge,99,3,0.9186742377189819,1.7324286259985628,0.07218452608327346,1.4121547880034384,0.9439415566554741,1.408569656404594,0.05634278625618376,1.105018972931594
Dataset_0172,single_output,Hardness (HV),ridge,99,4,0.9101958812805687,1.6974574158665376,0.0678982966346615,1.3690861410901547,0.9451991191221741,1.7511293177810494,0.0729637215742104,1.478289603291527
Dataset_0172,single_output,Hardness (HV),elasticnet,42,0,0.9267847641122731,1.6628113910027242,0.06158560707417497,1.2916399354367751,0.8861623093910704,2.0156316747430063,0.09598246070204793,1.7658628579067728
Dataset_0172,single_output,Hardness (HV),elasticnet,42,1,0.9484629607882744,1.4493245104146413,0.05367868557091264,1.220736573319746,0.6364676315784994,2.353406181126316,0.19290214599396027,1.8661437127102753
Dataset_0172,single_output,Hardness (HV),elasticnet,42,2,0.9106573907564028,1.8007793854000864,0.0666955327925958,1.4742766653966919,0.9588483006639874,1.3179396567042319,0.06589698283521159,1.1515041709954477
Dataset_0172,single_output,Hardness (HV),elasticnet,42,3,0.9192901391202994,1.7676791342342377,0.06798765900900915,1.4435100230153606,0.9250090415859191,1.569008809329661,0.07297715392230981,1.294280981844549
Dataset_0172,single_output,Hardness (HV),elasticnet,42,4,0.9080155126042837,1.7612412285923846,0.07338505119134936,1.435552928328808,0.9485054973397704,1.616002139183089,0.06464008556732356,1.4052998545203548
Dataset_0172,single_output,Hardness (HV),elasticnet,123,0,0.9244112097846228,1.6924219764560695,0.06268229542429887,1.3560646773255711,0.9081400043672867,1.8205113819374652,0.0888054332652422,1.7027126674113466
Dataset_0172,single_output,Hardness (HV),elasticnet,123,1,0.9211609292819207,1.7666414109517705,0.0654311633685841,1.4294737227281493,0.9147757619212944,1.5827268993502182,0.08792927218612323,1.317713995044923
Dataset_0172,single_output,Hardness (HV),elasticnet,123,2,0.9152152052448477,1.7961098497140704,0.06652258702644705,1.4522047600555412,0.9544536860045714,1.2756294021246308,0.06378147010623154,1.0636398398927673
Dataset_0172,single_output,Hardness (HV),elasticnet,123,3,0.9339926158006853,1.5698733359758281,0.06541138899899283,1.320224026175883,0.8890336464623187,2.069438708521543,0.09406539584188832,1.4791794449730307
Dataset_0172,single_output,Hardness (HV),elasticnet,123,4,0.9262948231159965,1.608428872412643,0.06186264893894781,1.294736383187576,0.8852370645383013,2.3353305768589365,0.11120621794566364,1.9567562304869952
Dataset_0172,single_output,Hardness (HV),elasticnet,7,0,0.9098220133265681,1.827805719743544,0.076158571655981,1.505111042418984,0.9589476943728531,1.2298322484796846,0.05590146583998567,1.032797674134858
Dataset_0172,single_output,Hardness (HV),elasticnet,7,1,0.9269188081663504,1.7178897416071577,0.06607268236950606,1.384090591345705,0.8790998805884684,1.8073121846616844,0.09512169392956234,1.4868366902317443
Dataset_0172,single_output,Hardness (HV),elasticnet,7,2,0.9245742565428431,1.6742368746806182,0.062008773136319195,1.3531618679113937,0.8831575296500771,1.9627039581095866,0.09346209324331364,1.7228723666701231
Dataset_0172,single_output,Hardness (HV),elasticnet,7,3,0.9179677189304859,1.796541708525164,0.0665385817972283,1.4654689936331022,0.9211209854000327,1.324216338076645,0.07789507871039088,1.1014109260363452
Dataset_0172,single_output,Hardness (HV),elasticnet,7,4,0.9367871097104485,1.4449219483830673,0.05351562771789138,1.2271162832410707,0.8874875707471913,2.403601939033765,0.10682675284594512,1.8410511247802706
Dataset_0172,single_output,Hardness (HV),elasticnet,2024,0,0.914975278975617,1.7905672932863792,0.06631730715875478,1.4402256120207484,0.9451348833125423,1.4272634029374334,0.06343392901944148,1.3026142001940286
Dataset_0172,single_output,Hardness (HV),elasticnet,2024,1,0.9207836401071711,1.7740596603030083,0.06570591334455586,1.4574620058143062,0.9264075090148562,1.4315812757252853,0.07379284926418994,1.1961211110471368
Dataset_0172,single_output,Hardness (HV),elasticnet,2024,2,0.9127295243233835,1.766707120903997,0.0654335970705184,1.4158670084546305,0.9394532294994915,1.646985182071351,0.07842786581292148,1.460106333100967
Dataset_0172,single_output,Hardness (HV),elasticnet,2024,3,0.9518876732399149,1.3254725291993426,0.050979712661513174,1.1147903653762792,0.7948083436546858,2.771900607658302,0.12892560965852568,2.275787734612248
Dataset_0172,single_output,Hardness (HV),elasticnet,2024,4,0.9151909869028522,1.7839937629994769,0.07433307345831154,1.4592556564544779,0.9269728238748818,1.4259396417028314,0.06481543825921961,1.2132010523125467
Dataset_0172,single_output,Hardness (HV),elasticnet,99,0,0.9227677906449194,1.7618933537397965,0.06525530939777024,1.4147761233873084,0.9102084994913286,1.5465800621425663,0.07544292986061299,1.3379330731167594
Dataset_0172,single_output,Hardness (HV),elasticnet,99,1,0.940691894625588,1.5091744100765452,0.05589534852135353,1.2739651497814304,0.8361689414921536,2.2123221142156404,0.13489768989119755,1.6634818575556465
Dataset_0172,single_output,Hardness (HV),elasticnet,99,2,0.9294153549285389,1.673359480094647,0.06197627704054248,1.314367646547304,0.8709160307870075,1.8995175603536285,0.11512227638506839,1.6477366128452928
Dataset_0172,single_output,Hardness (HV),elasticnet,99,3,0.9150720156940135,1.7703807886633558,0.07376586619430649,1.4637862020176529,0.9378988755847919,1.4825438357223224,0.0593017534288929,1.1851230229928018
Dataset_0172,single_output,Hardness (HV),elasticnet,99,4,0.9061341431671095,1.7354199460323496,0.06941679784129398,1.395988561394208,0.9287670169286684,1.9964802365005028,0.08318667652085428,1.6830225864816077
Dataset_0172,single_output,Hardness (HV),svr_rbf,42,0,0.7951355442673609,2.781477589160845,0.10301768848743871,2.059961651525053,0.7396298773071057,3.0483421413623812,0.1451591495886848,2.532851027507584
Dataset_0172,single_output,Hardness (HV),svr_rbf,42,1,0.8085306754261187,2.793543941833014,0.10346459043825977,2.01336984691451,0.513627023540224,2.722137543202665,0.22312602813136595,2.3086227435637494
Dataset_0172,single_output,Hardness (HV),svr_rbf,42,2,0.7589343795652865,2.9580045208596806,0.10955572299480298,2.133774981282821,0.751151726512078,3.2409248075347343,0.1620462403767367,2.6900288933054384
Dataset_0172,single_output,Hardness (HV),svr_rbf,42,3,0.813179972512094,2.689378025409897,0.10343761636191912,2.073671643641921,0.7277989703461806,2.989274598929742,0.1390360278571973,2.1611503983787768
Dataset_0172,single_output,Hardness (HV),svr_rbf,42,4,0.7917061412148527,2.6503289459958626,0.1104303727498276,2.00766597526809,0.679674783489939,4.030482701149644,0.16121930804598578,3.0427269525385086
Dataset_0172,single_output,Hardness (HV),svr_rbf,123,0,0.7974909058799121,2.770143226657315,0.10259789728360426,2.049621999009062,0.7169464554934909,3.1956888481176033,0.15588726088378552,2.5624288346231814
Dataset_0172,single_output,Hardness (HV),svr_rbf,123,1,0.799197339559321,2.8194369641928336,0.10442359126640124,2.083565307039722,0.7249716904520558,2.8432373764154666,0.15795763202308147,2.365358668905509
Dataset_0172,single_output,Hardness (HV),svr_rbf,123,2,0.7884444531547674,2.8371749471494137,0.10508055359812643,2.1060420686966768,0.7587317261010326,2.9359456483493416,0.1467972824174671,2.3199121799284916
Dataset_0172,single_output,Hardness (HV),svr_rbf,123,3,0.791543779292645,2.7898174201282737,0.11624239250534474,2.0473304902659173,0.6833021366063884,3.4960648300694874,0.15891203773043125,2.7585122608867922
Dataset_0172,single_output,Hardness (HV),svr_rbf,123,4,0.7896617915719586,2.7171395827553124,0.10450536856751201,2.0094502083252572,0.753415370692483,3.423186354645416,0.1630088740307341,2.711891557736829
Dataset_0172,single_output,Hardness (HV),svr_rbf,7,0,0.7839777252826594,2.8289744947449345,0.11787393728103894,2.1351472181857374,0.6653294569827835,3.5114447888317675,0.15961112676508035,2.7561506982657544
Dataset_0172,single_output,Hardness (HV),svr_rbf,7,1,0.8190857555724995,2.702893021482708,0.10395742390318108,1.9978932121110158,0.7130310689856153,2.7844360737548137,0.14654926703972704,2.298638795437512
Dataset_0172,single_output,Hardness (HV),svr_rbf,7,2,0.7790492059280969,2.865529517750281,0.10613072287964004,2.1104497204303736,0.6722176686209587,3.2873595196969196,0.15654092950937712,2.5969491726570593
Dataset_0172,single_output,Hardness (HV),svr_rbf,7,3,0.8196022110049535,2.6641612999503734,0.09867264073890272,2.0084459521966016,0.6556521251178743,2.7667945221329338,0.1627526189489961,2.011862749898178
Dataset_0172,single_output,Hardness (HV),svr_rbf,7,4,0.7428888723454625,2.914083558505734,0.10792902068539754,2.0957956346485087,0.6509159329996635,4.233770459985006,0.18816757599933362,3.5743933863352018
Dataset_0172,single_output,Hardness (HV),svr_rbf,2024,0,0.7620801085733568,2.99525233934885,0.11093527182773519,2.2489232833121098,0.7750502468037902,2.8900059501677586,0.12844470889634482,2.2925815608694657
Dataset_0172,single_output,Hardness (HV),svr_rbf,2024,1,0.7898594817833654,2.889453296495989,0.1070167887591107,2.1868650275711277,0.8064476266107639,2.3216594085424203,0.11967316538878452,1.7559058511168313
Dataset_0172,single_output,Hardness (HV),svr_rbf,2024,2,0.8076761237831497,2.6226931966182776,0.09713678505993621,1.8830349836566636,0.7014296797690941,3.657358369522497,0.17415992235821415,3.138260909406258
Dataset_0172,single_output,Hardness (HV),svr_rbf,2024,3,0.8046226354899926,2.6710355890414985,0.10273213804005764,1.9634686562202983,0.6629055632248189,3.552823212761074,0.16524759129121275,2.9345254571176227
Dataset_0172,single_output,Hardness (HV),svr_rbf,2024,4,0.8104260237386048,2.6672374888849046,0.11113489537020436,2.0085938602753264,0.5309386254287871,3.613879978905277,0.16426727176842168,2.7286454411701677
Dataset_0172,single_output,Hardness (HV),svr_rbf,99,0,0.8000304307457022,2.8350605806709552,0.10500224372855389,2.140316121800083,0.7673251817283141,2.489599478079666,0.12144387697949591,1.9368777119949745
Dataset_0172,single_output,Hardness (HV),svr_rbf,99,1,0.7622316580232524,3.021756200999399,0.11191689633331106,2.2408374275774086,0.7484671501120734,2.7412433910850416,0.16714898726128297,2.3650963826464886
Dataset_0172,single_output,Hardness (HV),svr_rbf,99,2,0.8004542838943336,2.813554520116309,0.10420572296727071,2.0636948298008693,0.7424983243962565,2.6828549130709445,0.16259726745884512,2.1477716806267892
Dataset_0172,single_output,Hardness (HV),svr_rbf,99,3,0.7996207568414075,2.7193658907360527,0.11330691211400219,2.022949885582033,0.6194033907870484,3.670204547287497,0.14680818189149988,2.794650679204526
Dataset_0172,single_output,Hardness (HV),svr_rbf,99,4,0.7984470710898924,2.542993892083603,0.10171975568334413,1.8449157952205495,0.6673130323734572,4.314617927768506,0.1797757469903544,3.6809835207956954
Dataset_0172,single_output,Hardness (HV),gpr,42,0,0.9528046003459195,1.335033280005513,0.04944567703724122,1.023179001434575,0.9237153605689322,1.6500104130443674,0.07857192443068416,1.4842600866658908
Dataset_0172,single_output,Hardness (HV),gpr,42,1,0.9589876184356289,1.2928954262311436,0.04788501578633865,1.0814644078767528,0.5978840436309418,2.4751470182828412,0.20288090313793775,1.8712883439578178
Dataset_0172,single_output,Hardness (HV),gpr,42,2,0.9537414452315782,1.2957679226334842,0.04799140454198089,1.012505427033265,0.9637544335651202,1.2368843220582995,0.061844216102914976,1.1058983232724862
Dataset_0172,single_output,Hardness (HV),gpr,42,3,0.9703788091862375,1.0708814434719631,0.04118774782584474,0.8424851984818646,0.8958870245610822,1.8487294481724703,0.08598741619406838,1.4077442177702824
Dataset_0172,single_output,Hardness (HV),gpr,42,4,0.9586831357514338,1.180389190063261,0.04918288291930254,0.9514916269548237,0.9641820656235495,1.3477575256508583,0.05391030102603433,1.045003034238866
Dataset_0172,single_output,Hardness (HV),gpr,123,0,0.968353525227538,1.0950718836091244,0.040558217911449056,0.8452792816010555,0.8926594409172386,1.967941185288222,0.09599713098966937,1.7290272209172695
Dataset_0172,single_output,Hardness (HV),gpr,123,1,0.9604583878593371,1.2511369314830747,0.046338404869743506,0.9981698606240457,0.9393839928067728,1.3348057929025707,0.07415587738347615,1.050937301179179
Dataset_0172,single_output,Hardness (HV),gpr,123,2,0.9692572237391521,1.0815471322528594,0.040057301194550345,0.8361961626795508,0.9598321224131389,1.1979462856438832,0.05989731428219416,1.0578248720134502
Dataset_0172,single_output,Hardness (HV),gpr,123,3,0.9515480139580754,1.3450057580628332,0.05604190658595138,1.1235705375590013,0.8660934998490417,2.2733051740576826,0.1033320533662583,1.4870655908018031
Dataset_0172,single_output,Hardness (HV),gpr,123,4,0.9695626098313664,1.0336096842175098,0.03975421862375038,0.8293860872932208,0.8934124384200027,2.250612905836397,0.10717204313506652,1.8199333054987943
Dataset_0172,single_output,Hardness (HV),gpr,7,0,0.9687124489200863,1.076627702500343,0.04485948760418096,0.8399548325035981,0.9473910926763374,1.392216385934749,0.06328256299703404,1.2728600477310161
Dataset_0172,single_output,Hardness (HV),gpr,7,1,0.9683699251761397,1.130166904166807,0.0434679578525695,0.8909388360277729,0.8979934945545054,1.6600980770121845,0.08737358300064128,1.3279142409374194
Dataset_0172,single_output,Hardness (HV),gpr,7,2,0.9467384041356817,1.4069031130503429,0.05210752270556825,1.1105148475625326,0.9205434112983901,1.6185249213028134,0.07707261530013397,1.3909626490895337
Dataset_0172,single_output,Hardness (HV),gpr,7,3,0.9625717925526804,1.2135129747630273,0.04494492499122323,0.9398869316043801,0.9244018776557769,1.2963841365552389,0.07625789038560228,1.0952711166658478
Dataset_0172,single_output,Hardness (HV),gpr,7,4,0.95683254021889,1.194042570039338,0.044223798890345854,1.0176075460049752,0.8707885148073322,2.5758042420006912,0.11448018853336406,1.8635210492587018
Dataset_0172,single_output,Hardness (HV),gpr,2024,0,0.9619399726100701,1.1979883308653863,0.04436993818019949,0.9639626450880646,0.9579020210746854,1.2502204533460461,0.0555653534820465,1.0452186577654479
Dataset_0172,single_output,Hardness (HV),gpr,2024,1,0.963051747146766,1.2115957275882707,0.04487391583660262,0.9298677968670674,0.9274937020174199,1.420977245589371,0.07324624977264797,1.1613597887322082
Dataset_0172,single_output,Hardness (HV),gpr,2024,2,0.9551775618978227,1.2661309528247933,0.04689373899351086,0.9903732528177439,0.9525758717150811,1.4576185230472292,0.06941040585939187,1.312815968992116
Dataset_0172,single_output,Hardness (HV),gpr,2024,3,0.9695434459045915,1.0545882631390056,0.040561087043807904,0.8746871080205839,0.801075463058305,2.7292416040752,0.12694146995698605,2.2337683392937473
Dataset_0172,single_output,Hardness (HV),gpr,2024,4,0.9576892015187182,1.2600794752859765,0.052503311470249024,0.9883657793784313,0.9478620870486255,1.204857569391436,0.05476625315415618,1.057134731090246
Dataset_0172,single_output,Hardness (HV),gpr,99,0,0.9560381508214023,1.3292857953367423,0.049232807234694156,1.0538030005035846,0.9446354112616071,1.2144253710893818,0.059240262004360084,1.073882309086025
Dataset_0172,single_output,Hardness (HV),gpr,99,1,0.971623688896531,1.0439035530747574,0.03866309455832435,0.8539847240169062,0.8001712937427163,2.443313419265785,0.14898252556498684,1.7392024258746015
Dataset_0172,single_output,Hardness (HV),gpr,99,2,0.959331910539075,1.2701675578683838,0.047043242884014215,0.9827141853198711,0.9159284497057872,1.532963044133972,0.09290685115963468,1.3153135776823512
Dataset_0172,single_output,Hardness (HV),gpr,99,3,0.9619275342550188,1.1853504862373703,0.04938960359322376,0.9076616976505982,0.9233690827951136,1.6468719152862663,0.06587487661145065,1.341322513576748
Dataset_0172,single_output,Hardness (HV),gpr,99,4,0.9697525951467156,0.9851328924681545,0.03940531569872618,0.8069655498449917,0.9456389507022491,1.7440878833675395,0.07267032847364747,1.3404737150634094
Dataset_0172,single_output,Hardness (HV),random_forest,42,0,0.9334041409649778,1.5858637449964985,0.05873569425912958,1.2952175483892088,0.860182102592732,2.233826915859574,0.10637271027902734,1.8629874504689325
Dataset_0172,single_output,Hardness (HV),random_forest,42,1,0.9430382239587235,1.5236936774023249,0.05643309916304907,1.2594060125480082,0.6201092042118456,2.4057734764649865,0.19719454725122837,2.0636415040043476
Dataset_0172,single_output,Hardness (HV),random_forest,42,2,0.9350015091196046,1.535970346144324,0.05688779059793792,1.277885215428305,0.8401089082872647,2.5978482160998277,0.1298924108049914,2.3195849126577466
Dataset_0172,single_output,Hardness (HV),random_forest,42,3,0.9345373310595952,1.5919777368444676,0.06122991295555645,1.2702366425081932,0.8369051407886567,2.3138812453879494,0.10762238350641624,2.111050508651392
Dataset_0172,single_output,Hardness (HV),random_forest,42,4,0.9159819434138728,1.683247053178294,0.07013529388242891,1.380005895046848,0.7639132811003071,3.4601687181183154,0.1384067487247326,2.848840970669553
Dataset_0172,single_output,Hardness (HV),random_forest,123,0,0.9283458485063381,1.647785350950918,0.06102908707225622,1.349159448263509,0.7984542184644216,2.6966031939303434,0.13154161921611432,2.2171909315376013
Dataset_0172,single_output,Hardness (HV),random_forest,123,1,0.9289779786518214,1.676772614236197,0.06210268941615544,1.3895102659051122,0.843780463048906,2.142851586737283,0.1190473103742935,1.5829848910367115
Dataset_0172,single_output,Hardness (HV),random_forest,123,2,0.9324395418736,1.6033199660422355,0.05938222096452724,1.3034079136540326,0.8940138745195101,1.945908480914507,0.09729542404572536,1.6282338109641645
Dataset_0172,single_output,Hardness (HV),random_forest,123,3,0.9410097385893557,1.4840841000286926,0.06183683750119553,1.2312681507668617,0.7511504671686955,3.099026754883234,0.14086485249469247,2.8156778898350248
Dataset_0172,single_output,Hardness (HV),random_forest,123,4,0.9339559682670794,1.5225433007054037,0.058559357719438605,1.2119381169676449,0.8495614287950013,2.673789056966498,0.1273232884269761,2.2136878598914436
Dataset_0172,single_output,Hardness (HV),random_forest,7,0,0.9315995774519495,1.5918757130976906,0.06632815471240378,1.3040722813401948,0.8127252977300082,2.6267374004177038,0.11939715456444108,2.197084684759693
Dataset_0172,single_output,Hardness (HV),random_forest,7,1,0.9392505418903445,1.5662593615400942,0.060240744674619005,1.2880832507667441,0.8492332401068259,2.0182390851038883,0.1062231097423099,1.658788191634081
Dataset_0172,single_output,Hardness (HV),random_forest,7,2,0.9290867639436159,1.6233821088510165,0.06012526329077839,1.3534644173829125,0.8601922842439298,2.1469404725741237,0.1022352605987678,1.7528825233104075
Dataset_0172,single_output,Hardness (HV),random_forest,7,3,0.9350145002314754,1.5990172238351328,0.05922286014204196,1.2944151036721523,0.5610951285897646,3.123657467496423,0.1837445569115543,2.729835888395771
Dataset_0172,single_output,Hardness (HV),random_forest,7,4,0.9150768642421344,1.6747676946827925,0.062028433136399726,1.340964853680806,0.854038371091819,2.737673458683648,0.12167437594149547,2.4990635307153033
Dataset_0172,single_output,Hardness (HV),random_forest,2024,0,0.9316141749721326,1.6058356121628523,0.059475393043068606,1.3203795410242736,0.8156923738119924,2.615939099847204,0.11626395999320906,2.1267825684192436
Dataset_0172,single_output,Hardness (HV),random_forest,2024,1,0.936787866887508,1.5847508839835847,0.05869447718457721,1.3428811724500291,0.8639593165863141,1.9464070109682101,0.10033025829733039,1.7319381737398412
Dataset_0172,single_output,Hardness (HV),random_forest,2024,2,0.9334485828671697,1.542799685948751,0.057140729109213,1.2449733590305305,0.7329489385851988,3.4589266655308437,0.16471079359670684,2.9875049891129715
Dataset_0172,single_output,Hardness (HV),random_forest,2024,3,0.9352919182450822,1.5371696951400258,0.05912191135153945,1.2405449448488364,0.7263403986557808,3.201128810124323,0.14888971209880572,2.9682928839756664
Dataset_0172,single_output,Hardness (HV),random_forest,2024,4,0.9304907065463661,1.6150789766558244,0.06729495736065935,1.3683384832998995,0.7034856392623918,2.873305174923365,0.13060478067833478,2.378153859004764
Dataset_0172,single_output,Hardness (HV),random_forest,99,0,0.9349213826913959,1.6173333669883914,0.05990123581438486,1.3749915363470195,0.7620196017509038,2.517824099203895,0.12282068776604366,2.2263204509379593
Dataset_0172,single_output,Hardness (HV),random_forest,99,1,0.9384819650956148,1.5370345662317595,0.05692720615673183,1.2531645123719588,0.7861636617651088,2.5274990228759626,0.15411579407780254,2.1985117354558836
Dataset_0172,single_output,Hardness (HV),random_forest,99,2,0.940923152285819,1.5308857753255511,0.0566994731602056,1.220427157501337,0.7756488555894043,2.504213208223593,0.15177049746809654,2.086214879796143
Dataset_0172,single_output,Hardness (HV),random_forest,99,3,0.9313705314551175,1.591463189262565,0.06631096621927354,1.3138653210694229,0.7526427714639136,2.9588306901258767,0.11835322760503507,2.529402125751232
Dataset_0172,single_output,Hardness (HV),random_forest,99,4,0.9272768761883066,1.5275204146431378,0.06110081658572551,1.2220361654472838,0.8693476100094057,2.703853323844489,0.11266055516018704,2.3078167543208417
Dataset_0172,single_output,Hardness (HV),extra_trees,42,0,0.8918614102770251,2.0208431600090084,0.07484604296329661,1.6350168307975286,0.7301384759782686,3.1034061785836,0.14778124659921904,2.780357873977848
Dataset_0172,single_output,Hardness (HV),extra_trees,42,1,0.9357396923392398,1.6183680826573759,0.05993955861693984,1.39554498156164,0.5361052275729618,2.658490337009201,0.21790904401714759,2.390532338464006
Dataset_0172,single_output,Hardness (HV),extra_trees,42,2,0.923745644959303,1.6636559613315027,0.06161688745672232,1.3317828668458087,0.8049082511172236,2.869598192456023,0.14347990962280116,2.4926472526151593
Dataset_0172,single_output,Hardness (HV),extra_trees,42,3,0.8949319111990396,2.016859069428643,0.07757150267033243,1.680100803602533,0.47764360096290026,4.140991981930236,0.1926042782293133,3.717109788359786
Dataset_0172,single_output,Hardness (HV),extra_trees,42,4,0.8946236903256616,1.8850941237738659,0.07854558849057774,1.5565260884709138,0.714347873573469,3.8061002927554304,0.1522440117102172,3.17695486497627
Dataset_0172,single_output,Hardness (HV),extra_trees,123,0,0.9138983469901543,1.8062826210915375,0.06689935633672361,1.5035114440140855,0.8098074965484715,2.619551166713371,0.12778298374211566,2.271476866281852
Dataset_0172,single_output,Hardness (HV),extra_trees,123,1,0.9180097900722819,1.8016011782507715,0.06672596956484339,1.5124446570973116,0.8007669534610725,2.419942839807215,0.13444126887817862,1.8638424194324255
Dataset_0172,single_output,Hardness (HV),extra_trees,123,2,0.8944058408137445,2.004443670645805,0.07423865446836314,1.674294453359548,0.7978441483993304,2.6874541360269304,0.13437270680134653,2.1325459132137774
Dataset_0172,single_output,Hardness (HV),extra_trees,123,3,0.911462051775667,1.818164101252441,0.07575683755218504,1.535356503458204,0.6867413984131192,3.4770298029775724,0.15804680922625328,3.2399298048511938
Dataset_0172,single_output,Hardness (HV),extra_trees,123,4,0.9272061036957391,1.5984547511654374,0.061479028890978366,1.2768054187192088,0.7437341666569675,3.489738585045809,0.16617802785932426,3.0319892152820733
Dataset_0172,single_output,Hardness (HV),extra_trees,7,0,0.9157770042821848,1.766424610768635,0.07360102544869312,1.4655465237167005,0.7490667579141228,3.040578351117953,0.13820810686899787,2.5372976366842703
Dataset_0172,single_output,Hardness (HV),extra_trees,7,1,0.9288353131424906,1.6952148454943439,0.06520057098055168,1.4326314527902386,0.6831104062839306,2.9259964879274625,0.15399981515407699,2.4609858930575834
Dataset_0172,single_output,Hardness (HV),extra_trees,7,2,0.913191661059214,1.7961302458348718,0.06652334243832858,1.4724235526287102,0.8298932725926482,2.3681825560755314,0.11277059790835864,1.9406332449957315
Dataset_0172,single_output,Hardness (HV),extra_trees,7,3,0.924267152294699,1.7261838691940905,0.06393273589607743,1.4226783835895935,0.400094720552821,3.651905624207514,0.21481797789455964,3.3545351886208885
Dataset_0172,single_output,Hardness (HV),extra_trees,7,4,0.9026378173309251,1.7932329683100596,0.06641603586333554,1.464143792797247,0.8395349413597465,2.8704668416813437,0.1275763040747264,2.6075258202115674
Dataset_0172,single_output,Hardness (HV),extra_trees,2024,0,0.9221496070806854,1.7133592910002469,0.06345775151852766,1.4106148388648385,0.8160821850312615,2.613171275799104,0.11614094559107128,2.252655151515201
Dataset_0172,single_output,Hardness (HV),extra_trees,2024,1,0.9294816278972877,1.673832202094782,0.061993785262769704,1.4114957266904715,0.8519192382775453,2.030713133688173,0.10467593472619445,1.7896257367324362
Dataset_0172,single_output,Hardness (HV),extra_trees,2024,2,0.925166132549288,1.6359875077701707,0.06059212991741373,1.3058184121593404,0.6792808396217995,3.790588610310437,0.18050421953859225,3.414425219885938
Dataset_0172,single_output,Hardness (HV),extra_trees,2024,3,0.8998282292828165,1.9125606956993966,0.0735600267576691,1.5862153294024235,0.4972256593351242,4.338947123606429,0.20181149412122926,3.841206444547553
Dataset_0172,single_output,Hardness (HV),extra_trees,2024,4,0.8985981922809706,1.9507210735669511,0.0812800447319563,1.6132905159974116,0.5797681063486162,3.420608686158284,0.15548221300719473,2.8790088641517166
Dataset_0172,single_output,Hardness (HV),extra_trees,99,0,0.9314298282769022,1.6601525869500893,0.061487132850003304,1.3801164206813228,0.6657135062935748,2.9841057367835058,0.14556613350163441,2.729066265832945
Dataset_0172,single_output,Hardness (HV),extra_trees,99,1,0.922924248085648,1.7204469767022965,0.06372025839638135,1.4790314346472182,0.5613908964186808,3.6198373984898327,0.22072179259084337,2.9129819015552396
Dataset_0172,single_output,Hardness (HV),extra_trees,99,2,0.9206894147597628,1.7737798136438072,0.06569554865347434,1.5102588711416425,0.6264731960690677,3.2312312710419557,0.195832198244967,2.8062496478389676
Dataset_0172,single_output,Hardness (HV),extra_trees,99,3,0.9179723884906656,1.7398880802824714,0.07249533667843631,1.4611786576769503,0.6489840139233245,3.524692702927577,0.14098770811710307,2.9847247698068955
Dataset_0172,single_output,Hardness (HV),extra_trees,99,4,0.9073171466879522,1.7244494097645287,0.06897797639058115,1.424880624388389,0.7788775233838471,3.5175549808740536,0.14656479086975224,3.177452327698783
Dataset_0172,single_output,Hardness (HV),gradient_boosting,42,0,0.9778177060062014,0.9152621155428269,0.03389859687195655,0.6432613602152902,0.9401242611581904,1.4618189209095505,0.06961042480521669,1.275433879194846
Dataset_0172,single_output,Hardness (HV),gradient_boosting,42,1,0.9889236597610893,0.6718990829805064,0.024885151221500236,0.5449857024944044,0.830532891861784,1.6068230610898928,0.13170680828605677,0.9623501065529269
Dataset_0172,single_output,Hardness (HV),gradient_boosting,42,2,0.982542531746908,0.7960160508538922,0.029482075957551562,0.5844698752989597,0.9700583910511138,1.1241886755215797,0.05620943377607899,0.8133051294416315
Dataset_0172,single_output,Hardness (HV),gradient_boosting,42,3,0.9852803105580372,0.7549000598622109,0.02903461768700811,0.5669094756009098,0.939471441378761,1.40961689380105,0.06556357645586279,1.2543075766623073
Dataset_0172,single_output,Hardness (HV),gradient_boosting,42,4,0.9711226053060498,0.9868259273339294,0.04111774697224706,0.7201308946212855,0.9700485072418422,1.2324540417416643,0.04929816166966657,0.9627377533889246
Dataset_0172,single_output,Hardness (HV),gradient_boosting,123,0,0.9858117474387527,0.7332370713580871,0.02715692856881804,0.5445998343886524,0.94420434337509,1.4188300720123956,0.06921122302499491,1.0896343285943393
Dataset_0172,single_output,Hardness (HV),gradient_boosting,123,1,0.97607244931912,0.9732553067040388,0.03604649284089033,0.7339942803144858,0.9613691158797638,1.0655939441961355,0.059199663566451975,0.8827348678300894
Dataset_0172,single_output,Hardness (HV),gradient_boosting,123,2,0.9801011170658954,0.87013824283078,0.03222734232706593,0.6512866274390348,0.9549889190341105,1.2681120352271191,0.06340560176135596,1.0449889636305991
Dataset_0172,single_output,Hardness (HV),gradient_boosting,123,3,0.9903719356500345,0.5995671692683514,0.024981965386181307,0.47461852250441927,0.9277759057726204,1.6695443598846713,0.07588837999475778,1.0134319310051032
Dataset_0172,single_output,Hardness (HV),gradient_boosting,123,4,0.986487168662365,0.6886935919358577,0.026488215074456065,0.5298613242859787,0.9386483851876356,1.7074993245271655,0.08130949164415073,1.3318027405439647
Dataset_0172,single_output,Hardness (HV),gradient_boosting,7,0,0.9741206594511258,0.9791660957176557,0.040798587321568984,0.727934264020398,0.9588526971891798,1.2312543743295004,0.0559661079240682,0.9977839356192949
Dataset_0172,single_output,Hardness (HV),gradient_boosting,7,1,0.9744123011614979,1.0165016569141134,0.039096217573619745,0.7525716242318493,0.9595906656146136,1.04486615075159,0.05499295530271526,0.8454641024302049
Dataset_0172,single_output,Hardness (HV),gradient_boosting,7,2,0.9810449204389883,0.8393051905481959,0.031085377427710958,0.5912920049582622,0.9802940098051793,0.8060343761951428,0.03838258934262585,0.6477063364555268
Dataset_0172,single_output,Hardness (HV),gradient_boosting,7,3,0.9748942848942616,0.9938737226314375,0.03681013787523842,0.674622375640048,0.8887373750491494,1.572725232186017,0.09251324895211865,1.424215113390802
Dataset_0172,single_output,Hardness (HV),gradient_boosting,7,4,0.9916355393407928,0.5256062677529378,0.019466898805664365,0.3772353583331224,0.9273093017496126,1.9319759470806497,0.08586559764802887,1.2365596277042985
Dataset_0172,single_output,Hardness (HV),gradient_boosting,2024,0,0.9825420035084851,0.8113630774794269,0.030050484351089885,0.614980888437531,0.9306815916375454,1.6042803626686337,0.07130134945193928,1.115097788571462
Dataset_0172,single_output,Hardness (HV),gradient_boosting,2024,1,0.976102858417644,0.9743921085587238,0.03608859661328607,0.6812491167981455,0.9629489846318804,1.0157791982503177,0.05235975248712976,0.8404276299395728
Dataset_0172,single_output,Hardness (HV),gradient_boosting,2024,2,0.9812063602178701,0.8198536550720936,0.03036495018785532,0.5987130115815175,0.9253232341198049,1.8290978984880295,0.0870998999280014,1.6105556811834236
Dataset_0172,single_output,Hardness (HV),gradient_boosting,2024,3,0.991995767216466,0.5406328195914605,0.02079356998428694,0.36215291480561435,0.8662187445574511,2.2381822058914276,0.1041014979484385,1.6384846891474822
Dataset_0172,single_output,Hardness (HV),gradient_boosting,2024,4,0.9782739589039391,0.9029477607843801,0.037622823366015835,0.6878716437937986,0.9206210927354228,1.4866592833749663,0.06757542197158938,1.074808991105904
Dataset_0172,single_output,Hardness (HV),gradient_boosting,99,0,0.9788872834087419,0.9211968556780443,0.03411840206214979,0.6269949799568924,0.9545072864197155,1.1008438332632897,0.05369969918357511,0.8775839778421272
Dataset_0172,single_output,Hardness (HV),gradient_boosting,99,1,0.9883421826261283,0.669100001913535,0.02478148155235315,0.5349701523888458,0.8875316190061272,1.8330126563536806,0.11176906441180975,1.185233827946601
Dataset_0172,single_output,Hardness (HV),gradient_boosting,99,2,0.9823804114445402,0.8360495399151777,0.03096479777463621,0.6371938312882474,0.9413992306798589,1.2798492433641897,0.07756662080995089,1.0339432071620667
Dataset_0172,single_output,Hardness (HV),gradient_boosting,99,3,0.971111951710959,1.0325245358555633,0.04302185566064847,0.7039209781062377,0.878107723620103,2.077044998244225,0.083081799929769,1.6845155773699036
Dataset_0172,single_output,Hardness (HV),gradient_boosting,99,4,0.9818859838465187,0.76235654931133,0.0304942619724532,0.5662323080411698,0.9471947027643918,1.7189498055646837,0.07162290856519515,1.3989707145133699
Dataset_0172,single_output,Hardness (HV),xgboost,42,0,0.9874331020009185,0.6889001876153796,0.025514821763532577,0.5242057398745887,0.9696647615026945,1.040499421213299,0.04954759148634757,0.8548114013671874
Dataset_0172,single_output,Hardness (HV),xgboost,42,1,0.992282122583452,0.5608604842960158,0.020772610529482066,0.45281902112458855,0.8618179885672105,1.4509455067046095,0.11892995956595158,0.7628556315104172
Dataset_0172,single_output,Hardness (HV),xgboost,42,2,0.9873089344820251,0.6787037324527988,0.025137175276029586,0.4805433339086072,0.9666155007471507,1.1870638305393988,0.05935319152696994,0.9902996608189178
Dataset_0172,single_output,Hardness (HV),xgboost,42,3,0.9877238064295646,0.6894011444638125,0.026515428633223558,0.557435186978044,0.9472840253017502,1.3155036286343236,0.061186215285317376,1.1131014142717635
Dataset_0172,single_output,Hardness (HV),xgboost,42,4,0.9809853415830548,0.8007663429799637,0.03336526429083182,0.6087616492962014,0.9872577744396622,0.8038668909097435,0.03215467563638974,0.5816072736467633
Dataset_0172,single_output,Hardness (HV),xgboost,123,0,0.989528521387784,0.6299179206037737,0.023330293355695322,0.484718965229235,0.9494354846014779,1.3506820023577089,0.06588692694427849,1.0013990275065103
Dataset_0172,single_output,Hardness (HV),xgboost,123,1,0.9855516456176268,0.7562873750610752,0.028010643520780563,0.5790697599712169,0.9762924408155054,0.8347719386931856,0.04637621881628809,0.6374196370442708
Dataset_0172,single_output,Hardness (HV),xgboost,123,2,0.9877501647619203,0.6827143503582546,0.025285716679935354,0.5305316004259832,0.965000410369135,1.1182254673856686,0.055911273369283435,0.8563638959612163
Dataset_0172,single_output,Hardness (HV),xgboost,123,3,0.9920868725836824,0.5435536685679561,0.022648069523664837,0.442700563628098,0.9296491820520202,1.6477506300647837,0.07489775591203562,0.9621122087751114
Dataset_0172,single_output,Hardness (HV),xgboost,123,4,0.9886266778027695,0.6318246060703029,0.02430094638731934,0.4643539691793507,0.9506821835930853,1.5309092998154714,0.07290044284835578,1.2485849652971541
Dataset_0172,single_output,Hardness (HV),xgboost,7,0,0.9862077827317595,0.7148201882424079,0.02978417451010033,0.5510494299102248,0.9712433278754697,1.0293105235897442,0.04678684198135201,0.7385974121093748
Dataset_0172,single_output,Hardness (HV),xgboost,7,1,0.9858655533958516,0.755495497420283,0.029057519131549345,0.5719446550335798,0.9660316796575289,0.9579808947225847,0.050420047090662355,0.7253633626302085
Dataset_0172,single_output,Hardness (HV),xgboost,7,2,0.9862664134855893,0.7144125694358507,0.0264597247939204,0.5218683177027208,0.971539377241222,0.9686717458809602,0.04612722599433144,0.7008501325334819
Dataset_0172,single_output,Hardness (HV),xgboost,7,3,0.9869617588178511,0.7162331457468112,0.02652715354617819,0.4858751231226427,0.9477108798614551,1.0781616267926335,0.06342127216427255,0.8976195199148995
Dataset_0172,single_output,Hardness (HV),xgboost,7,4,0.9945052905264772,0.42600424947363424,0.015777935165690156,0.33545242835735456,0.9365204361558224,1.8054242103218614,0.08024107601430495,1.2418864658900668
Dataset_0172,single_output,Hardness (HV),xgboost,2024,0,0.9868864335042206,0.7031993343041866,0.026044419789043947,0.4995073820415298,0.9573913890366156,1.2577799418695594,0.0559013307497582,0.9206008911132812
Dataset_0172,single_output,Hardness (HV),xgboost,2024,1,0.9877921509269246,0.6964346256288205,0.02579387502328965,0.5231152450829222,0.9700091723068337,0.9138890707389951,0.047107684058711075,0.688189595540364
Dataset_0172,single_output,Hardness (HV),xgboost,2024,2,0.9880704595862098,0.65319483852585,0.024192401426883333,0.49390619212183445,0.942143849071946,1.6099743943025784,0.07666544734774183,1.4376631600516185
Dataset_0172,single_output,Hardness (HV),xgboost,2024,3,0.9948103428613638,0.43532327162774487,0.016743202754913263,0.33059573995655983,0.8895612316808283,2.0335674524353733,0.09458453267141272,1.5866219656808036
Dataset_0172,single_output,Hardness (HV),xgboost,2024,4,0.9852968542149885,0.7428095158322976,0.0309503964930124,0.5590751121784077,0.9528020281671932,1.146358769091236,0.05210721677687436,0.8279893057686942
Dataset_0172,single_output,Hardness (HV),xgboost,99,0,0.9890901525085946,0.6622008406774177,0.024525957062126583,0.466593531558388,0.9607018120404789,1.0231541151327943,0.04990995683574606,0.8667202758789064
Dataset_0172,single_output,Hardness (HV),xgboost,99,1,0.9936290788300441,0.49463349611990093,0.018319759115551885,0.40706479256613215,0.8941198681500003,1.7785147799517733,0.10844602316779102,0.9915268961588547
Dataset_0172,single_output,Hardness (HV),xgboost,99,2,0.9875037643783741,0.7040827974963227,0.026077140648011952,0.49966654284247014,0.9623097365322182,1.0264120545873205,0.06220679118711034,0.8894541059221542
Dataset_0172,single_output,Hardness (HV),xgboost,99,3,0.9843331803871532,0.7603817790974333,0.03168257412905972,0.5650808926286367,0.9565682556637818,1.2398280214436466,0.049593120857745865,0.914712633405413
Dataset_0172,single_output,Hardness (HV),xgboost,99,4,0.9877666035039349,0.6265046319247107,0.02506018527698843,0.48896363357017775,0.9586160023279094,1.5217407477327585,0.06340586448886494,1.1483184814453122
Dataset_0172,single_output,Hardness (HV),ann,42,0,0.9460710168685216,1.4270966074062112,0.05285542990393375,1.0899110405184964,0.9411456293543017,1.449297343231764,0.06901415920151258,1.238789392440869
Dataset_0172,single_output,Hardness (HV),ann,42,1,0.9569565837660555,1.3245222885785202,0.04905638105846371,1.046653457963826,0.6121890695149067,2.4307224358632977,0.19923954392322107,1.8746318095351702
Dataset_0172,single_output,Hardness (HV),ann,42,2,0.9343629538049498,1.5434967124251826,0.05716654490463639,1.1856565265371808,0.9141456585789088,1.9036310051958059,0.09518155025979029,1.7239589756657077
Dataset_0172,single_output,Hardness (HV),ann,42,3,0.9463921374651075,1.4406363936131477,0.05540909206204414,1.1529974117953732,0.901634366774758,1.7969774446637254,0.08358034626342908,1.4206732062280056
Dataset_0172,single_output,Hardness (HV),ann,42,4,0.9218199726180303,1.6237137039395435,0.06765473766414765,1.291023741255765,0.9334794931876186,1.8367044238145949,0.0734681769525838,1.4131980377143794
Dataset_0172,single_output,Hardness (HV),ann,123,0,0.9440165599813147,1.4564975195223122,0.053944352574900455,1.0968402301094806,0.8861751741725613,2.026509693714982,0.09885413140073082,1.7465193094167906
Dataset_0172,single_output,Hardness (HV),ann,123,1,0.9305031561525444,1.6586707989536384,0.06143225181309772,1.3242987202126968,0.918307590208573,1.5495845352231283,0.08608802973461824,1.224323893211087
Dataset_0172,single_output,Hardness (HV),ann,123,2,0.940733130814431,1.5016886588922376,0.05561809847749028,1.1348610126102736,0.9304597713870416,1.5762168283869287,0.07881084141934644,1.4527030456111925
Dataset_0172,single_output,Hardness (HV),ann,123,3,0.9436840185726537,1.4500540157769022,0.06041891732403759,1.1518698673634225,0.8886905782585817,2.0726352212934502,0.094210691876975,1.4942401867261625
Dataset_0172,single_output,Hardness (HV),ann,123,4,0.9427083660082983,1.418072608853006,0.05454125418665408,1.1252406478710808,0.8753319727997518,2.4340252827571653,0.1159059658455793,1.965896222181242
Dataset_0172,single_output,Hardness (HV),ann,7,0,0.9339789439498867,1.563943278795504,0.065164303283146,1.1765451825765831,0.943411020059229,1.4439196706739477,0.06563271230336126,1.154278031884698
Dataset_0172,single_output,Hardness (HV),ann,7,1,0.940215589353942,1.5537689978752394,0.05976034607212459,1.228621840792564,0.8885677090126791,1.7351033224325227,0.09132122749644857,1.354774518406695
Dataset_0172,single_output,Hardness (HV),ann,7,2,0.9335996865283965,1.5708769527016728,0.05818062787783974,1.2512505804915486,0.883432508965204,1.960393065077169,0.09335205071796043,1.6161159467315909
Dataset_0172,single_output,Hardness (HV),ann,7,3,0.9446506128133192,1.475711013806269,0.05465596347430626,1.1118410076501202,0.9002803687650898,1.488910304171793,0.087582959068929,1.2240870579717296
Dataset_0172,single_output,Hardness (HV),ann,7,4,0.950338558295151,1.2807112535142864,0.047433750130158756,1.0462711844518113,0.871349903948381,2.5702025627021183,0.11423122500898304,1.9746769588348394
Dataset_0172,single_output,Hardness (HV),ann,2024,0,0.9281539178815261,1.6459611669171252,0.06096152470063427,1.245304351270635,0.9080049347642166,1.848154364620414,0.08214019398312951,1.3999818426826114
Dataset_0172,single_output,Hardness (HV),ann,2024,1,0.9291216254982408,1.6780992922646782,0.06215182563943253,1.3306735485011814,0.9265152241587797,1.4305332105762338,0.07373882528743471,1.1710550195915062
Dataset_0172,single_output,Hardness (HV),ann,2024,2,0.9352755370464272,1.5214760337109043,0.056350964211514976,1.1640422407452407,0.9400576623368331,1.6387437112749177,0.07803541482261513,1.3038191982245533
Dataset_0172,single_output,Hardness (HV),ann,2024,3,0.9576693123463346,1.2432836227277204,0.047818600874143094,0.9805168541263697,0.7822539456487765,2.8554394291701013,0.13281113624046983,2.544069961537024
Dataset_0172,single_output,Hardness (HV),ann,2024,4,0.9374103261622859,1.5325818259236437,0.06385757608015181,1.210810811714661,0.8946888413260354,1.7123639833865505,0.07783472651757048,1.245551350965956
Dataset_0172,single_output,Hardness (HV),ann,99,0,0.9423942379322764,1.5216450273400015,0.056357223234814874,1.1787698078550097,0.9385314835762381,1.279620409250676,0.06242050776832566,1.047045501649408
Dataset_0172,single_output,Hardness (HV),ann,99,1,0.9576959347854742,1.2745986636707178,0.04720735791373029,1.0260973559298885,0.6895075701544386,3.045620239869925,0.18570855121158072,2.282804568211861
Dataset_0172,single_output,Hardness (HV),ann,99,2,0.9434031421636914,1.498408717799234,0.05549661917774941,1.1538382685918471,0.880812362632713,1.8252517046955028,0.11062131543609108,1.4464577481211205
Dataset_0172,single_output,Hardness (HV),ann,99,3,0.9353949697628645,1.5440965297696858,0.06433735540707024,1.2311510098732046,0.9100062375521943,1.7846950378323485,0.07138780151329394,1.3868346230689619
Dataset_0172,single_output,Hardness (HV),ann,99,4,0.9331166733179727,1.4649057826092702,0.058596231304370805,1.1675101682332998,0.9080618786934144,2.2681525562452776,0.0945063565102199,1.872962711175394
Dataset_0172,single_output,Hardness (HV),lightgbm,42,0,0.989584511387895,0.6271653875609088,0.023228347687441066,0.43111179763042595,0.9773019187660156,0.9000418612333013,0.04285913624920482,0.700500564237341
Dataset_0172,single_output,Hardness (HV),lightgbm,42,1,0.99409747937656,0.49048379237910444,0.018166066384411275,0.3993629756330048,0.8459626788357613,1.5319278989586078,0.12556786057037767,0.9124009316647507
Dataset_0172,single_output,Hardness (HV),lightgbm,42,2,0.9886591106888448,0.6415858103614183,0.02376243742079327,0.4546198819664119,0.9540501074916057,1.3926561104548019,0.0696328055227401,1.129636187608072
Dataset_0172,single_output,Hardness (HV),lightgbm,42,3,0.9911215826434544,0.5862838274505127,0.022549377978865873,0.45573200745318293,0.9485008831152253,1.3002319118413934,0.06047590287634388,1.038390265503597
Dataset_0172,single_output,Hardness (HV),lightgbm,42,4,0.9874944211981054,0.6494017364839008,0.0270584056868292,0.4557687964909186,0.9760033452674249,1.1031557899724025,0.0441262315988961,0.8864370043048869
Dataset_0172,single_output,Hardness (HV),lightgbm,123,0,0.9894200582364681,0.633171848450696,0.02345080920187763,0.4611993196651621,0.9424265815438607,1.441256226867252,0.07030518179840253,1.045929366939013
Dataset_0172,single_output,Hardness (HV),lightgbm,123,1,0.9883256588283029,0.6798198612021491,0.025178513377857373,0.5109718253138525,0.971425294150326,0.9164637766662784,0.05091465425923769,0.7837396568020305
Dataset_0172,single_output,Hardness (HV),lightgbm,123,2,0.9897431473120463,0.6247136091115119,0.023137541078204142,0.45623789063225145,0.959543145930998,1.2022477067447395,0.06011238533723697,0.9824575949525658
Dataset_0172,single_output,Hardness (HV),lightgbm,123,3,0.9942515509696714,0.46328015192999045,0.019303339663749603,0.3710783731647461,0.9177451942126573,1.7817121903241135,0.08098691774200516,1.1852216590122384
Dataset_0172,single_output,Hardness (HV),lightgbm,123,4,0.9924018146454152,0.5164256512759765,0.01986252504907602,0.38668759211413156,0.9387203883533125,1.7064970570975282,0.08126176462369182,1.3235292282496138
Dataset_0172,single_output,Hardness (HV),lightgbm,7,0,0.9889437305868827,0.6400060375464016,0.026666918231100067,0.4584439481080683,0.9651802309629297,1.1326351704387623,0.05148341683812556,0.8776814885920534
Dataset_0172,single_output,Hardness (HV),lightgbm,7,1,0.98921840134103,0.6598330369449932,0.025378193728653582,0.5382715937650872,0.9593209204470984,1.04834775725308,0.0551761977501621,0.8263818493128184
Dataset_0172,single_output,Hardness (HV),lightgbm,7,2,0.9902270313821357,0.6026572079629716,0.02232063733196191,0.42582036340606044,0.9634388120422908,1.0979045434210968,0.05228116873433794,0.9240963802109506
Dataset_0172,single_output,Hardness (HV),lightgbm,7,3,0.9881657289495719,0.6823633084414815,0.025272715127462278,0.4981289157688106,0.9172874691462433,1.3560130166556095,0.07976547156797703,1.1023965923599934
Dataset_0172,single_output,Hardness (HV),lightgbm,7,4,0.9957921504567384,0.3727963618378081,0.01380727266065956,0.30463192659954613,0.9252092607709038,1.9596847263725956,0.08709709894989313,1.49382508160077
Dataset_0172,single_output,Hardness (HV),lightgbm,2024,0,0.9896701196223311,0.6241165306948128,0.02311542706277084,0.42308186777692375,0.9487424854391651,1.3795414320888826,0.06131295253728367,0.9882073830786359
Dataset_0172,single_output,Hardness (HV),lightgbm,2024,1,0.990545301616841,0.6128929406451007,0.022699738542411137,0.4707885702458782,0.9731796018836942,0.8642350345003934,0.04454819765465944,0.6622300325492328
Dataset_0172,single_output,Hardness (HV),lightgbm,2024,2,0.9899553196916935,0.5993754456984791,0.022199090581425152,0.4190299890130172,0.923664246469586,1.8493035301079972,0.08806207286228558,1.545280885333751
Dataset_0172,single_output,Hardness (HV),lightgbm,2024,3,0.9959795367852072,0.38316038200239955,0.014736937769323059,0.3228898611410356,0.8963541759365897,1.970033945446408,0.09162948583471665,1.5685434829275866
Dataset_0172,single_output,Hardness (HV),lightgbm,2024,4,0.9865651671020502,0.7100492311705079,0.029585384632104497,0.5281024517154304,0.9509620776467832,1.1684897844385311,0.053113172019933236,0.8407907298354595
Dataset_0172,single_output,Hardness (HV),lightgbm,99,0,0.9889230074544887,0.6672542054585203,0.024713118720685937,0.4900097044403839,0.9677985360188408,0.9261740335747195,0.04517922114998632,0.7447451302852727
Dataset_0172,single_output,Hardness (HV),lightgbm,99,1,0.9959958209770519,0.39213819945543593,0.014523637016867997,0.3140462251172966,0.8668308578884699,1.9945826772419766,0.12162089495377902,1.4473252989791017
Dataset_0172,single_output,Hardness (HV),lightgbm,99,2,0.9888710242847034,0.6644491163768813,0.024609226532477085,0.4554113111388632,0.9567552535030396,1.0994458265596128,0.0666330803975523,0.9314955504717324
Dataset_0172,single_output,Hardness (HV),lightgbm,99,3,0.9875375355345595,0.6781772960073079,0.02825738733363783,0.4666037980858395,0.9398946714020799,1.4585264168299017,0.05834105667319607,1.166742061820025
Dataset_0172,single_output,Hardness (HV),lightgbm,99,4,0.9917009355982312,0.5160185661561012,0.020640742646244048,0.4020690656438188,0.9455634518039755,1.7452985942310781,0.07272077475962825,1.3843461179401138
Dataset_0172,single_output,wear rate,linear_regression,42,0,0.9661925477946799,0.26959690367448214,0.044805867321668955,0.20331238271818733,0.9620658323322662,0.25350431487196573,0.054882943250046695,0.20334855638377589
Dataset_0172,single_output,wear rate,linear_regression,42,1,0.9681695936526347,0.2647140227885304,0.04472276107256807,0.195592365181006,0.931640424168733,0.26915992508231673,0.07280495674393203,0.21796966553677014
Dataset_0172,single_output,wear rate,linear_regression,42,2,0.9654837868761934,0.26654059190401896,0.044297921207249284,0.19504643532852284,0.9673870163184333,0.2659274079802455,0.06286699952251668,0.22104874210555206
Dataset_0172,single_output,wear rate,linear_regression,42,3,0.966575773774807,0.27108552497199073,0.045053269897289465,0.20951465189992982,0.9626877089210198,0.24356997797622457,0.055369397130307925,0.1737985672685182
Dataset_0172,single_output,wear rate,linear_regression,42,4,0.9696453520883329,0.23171591358222698,0.04743416859410992,0.18590808412362303,0.9496793743499646,0.40335280191661965,0.07307115976750357,0.2640356981035442
Dataset_0172,single_output,wear rate,linear_regression,123,0,0.9660624483644962,0.2693754724376867,0.04476906638485736,0.2051468277679125,0.9575521163004347,0.26973498535060375,0.0637520646066187,0.20456107109522753
Dataset_0172,single_output,wear rate,linear_regression,123,1,0.9693038517011835,0.2541762501347993,0.04224301979970072,0.18879568553462103,0.9521562179123653,0.30796361037801057,0.05959048188428997,0.23126630099292508
Dataset_0172,single_output,wear rate,linear_regression,123,2,0.9657063006781003,0.26759770168415936,0.044473608390254174,0.19690049504181661,0.9636642521339516,0.2599203552207489,0.057402905304935706,0.21035166342939288
Dataset_0172,single_output,wear rate,linear_regression,123,3,0.9716677339620232,0.24320727004832157,0.04422754501697065,0.1884872280145668,0.943175851732068,0.34305823684803516,0.05701483078744144,0.25519622725594976
Dataset_0172,single_output,wear rate,linear_regression,123,4,0.9620356920308316,0.27439823190314,0.04560382780507562,0.2085691799932221,0.9796847005918553,0.22396540852084215,0.05173606110437565,0.1770277182134634
Dataset_0172,single_output,wear rate,linear_regression,7,0,0.9699765783639098,0.24906377396297824,0.0444995129467533,0.1935026606266138,0.94605768732632,0.3278226481962402,0.05864448089378179,0.2379873601578641
Dataset_0172,single_output,wear rate,linear_regression,7,1,0.9685662774603865,0.2724950684140864,0.045287530067157446,0.20136120896749346,0.9439432675365452,0.24016156075096523,0.059756546591432015,0.18479733441121352
Dataset_0172,single_output,wear rate,linear_regression,7,2,0.962380746663987,0.2787995129561002,0.046335302136629584,0.21396674447549435,0.9798257829587989,0.19968757729564268,0.04302684277001565,0.15196617379595384
Dataset_0172,single_output,wear rate,linear_regression,7,3,0.9653931098781904,0.2740647816922892,0.04554840978764986,0.20373238783373573,0.965955272325928,0.2259890005442504,0.05797562866707295,0.17097600097814217
Dataset_0172,single_output,wear rate,linear_regression,7,4,0.969333709044198,0.22983087643988293,0.03882934219291822,0.17913510141420222,0.9516792324229155,0.4018068087816993,0.07178967460812923,0.32279533480085504
Dataset_0172,single_output,wear rate,linear_regression,2024,0,0.9636581406877517,0.26399118565405677,0.04387422065049971,0.19884541631801175,0.9722886317950192,0.2740148942396144,0.05093213647576476,0.20117254762938272
Dataset_0172,single_output,wear rate,linear_regression,2024,1,0.9688428347455357,0.264708456925172,0.04399342810788964,0.2003769087005108,0.9482624654614826,0.27410169335575796,0.06555888384495526,0.20551753141232573
Dataset_0172,single_output,wear rate,linear_regression,2024,2,0.9657492093513295,0.26222477528601146,0.04358065070400722,0.1877206679888235,0.9679854340198063,0.27680252826178436,0.06178627862986258,0.23684647851885612
Dataset_0172,single_output,wear rate,linear_regression,2024,3,0.9652421599698809,0.26999927986788025,0.046551599977220734,0.20658814464203418,0.9656852253917798,0.24823700967316198,0.05520058031424548,0.17011755788251975
Dataset_0172,single_output,wear rate,linear_regression,2024,4,0.9705018639100811,0.2507691161632208,0.04480420156569962,0.19268864535524755,0.9396874179429269,0.32452059123961685,0.06111498893401448,0.25182522488914494
Dataset_0172,single_output,wear rate,linear_regression,99,0,0.9670590015158235,0.25977587664926216,0.043173654088293524,0.19569291537867559,0.9635675914093279,0.28316131020136986,0.0531159839057156,0.2079454603283922
Dataset_0172,single_output,wear rate,linear_regression,99,1,0.9670055850184337,0.26439463855364237,0.044668801918169014,0.19452779689809954,0.9618651575722199,0.26881919447239877,0.060449560259140715,0.20832982028666439
Dataset_0172,single_output,wear rate,linear_regression,99,2,0.9671700563375916,0.26787362107009544,0.044519465027438164,0.19869711840086615,0.9597146305190043,0.25273088565099233,0.06194384452230204,0.20860619498840244
Dataset_0172,single_output,wear rate,linear_regression,99,3,0.9681195630111814,0.25374715608571086,0.04533627945072554,0.19505859980084322,0.95729229202229,0.3093747122962027,0.056046143531920785,0.21735426166057056
Dataset_0172,single_output,wear rate,linear_regression,99,4,0.964251341048881,0.2690169449118573,0.04470948062354284,0.2105461436101162,0.9672943059710714,0.2605251761577836,0.054174501176498975,0.18554421201830656
Dataset_0172,single_output,wear rate,ridge,42,0,0.9659313060929986,0.2706365327118425,0.044978649279016535,0.20397740683007465,0.9615852700786937,0.2551049984864714,0.05522948657425229,0.20738744172421755
Dataset_0172,single_output,wear rate,ridge,42,1,0.9679025011406808,0.26582232520984866,0.044910005948614405,0.19579712292617596,0.9329008256536414,0.2666670196987983,0.0721306517984307,0.21667490325847805
Dataset_0172,single_output,wear rate,ridge,42,2,0.9651787395067927,0.267715817162997,0.044493238684227526,0.19371850242261698,0.9698395040930093,0.25573317639395626,0.060457015695970756,0.2173199322166551
Dataset_0172,single_output,wear rate,ridge,42,3,0.966317205920182,0.2721320557606225,0.045227198896563486,0.21121088164046717,0.9644411400365499,0.23777802359037775,0.05405274462159076,0.17210600096754064
Dataset_0172,single_output,wear rate,ridge,42,4,0.9693099695429245,0.23299248892995017,0.04769549415147393,0.1891788993767669,0.944869461198485,0.42219023150683144,0.0764837375918173,0.272623990381793
Dataset_0172,single_output,wear rate,ridge,123,0,0.9657655229788152,0.2705513119439494,0.04496448594714133,0.20524515648657346,0.9615941536209713,0.25657121340597516,0.06064079730701374,0.19745178286719275
Dataset_0172,single_output,wear rate,ridge,123,1,0.969037370298546,0.2552771517051859,0.04242598499338306,0.19199105750428208,0.9496088449650144,0.31605583097229184,0.06115631404262613,0.23217918342325586
Dataset_0172,single_output,wear rate,ridge,123,2,0.9654437556787177,0.2686200831293678,0.044643523870594615,0.19755675425233743,0.9636663183526131,0.2599129649789754,0.0574012731844027,0.21163484105706928
Dataset_0172,single_output,wear rate,ridge,123,3,0.9714006109944882,0.24435108671591185,0.044435549502802665,0.19088431734037056,0.9421770596764661,0.34606005286350733,0.0575137199374285,0.2540701353340423
Dataset_0172,single_output,wear rate,ridge,123,4,0.9617151708069503,0.27555412814523617,0.04579593288104307,0.207829845186645,0.9801786591445417,0.22122583752643513,0.05110321957182609,0.1834323925159794
Dataset_0172,single_output,wear rate,ridge,7,0,0.9697020102282204,0.25020004251295286,0.04470252680238571,0.19371652462745398,0.9437831869396157,0.3346626796235311,0.059868100111544024,0.2421595618979084
Dataset_0172,single_output,wear rate,ridge,7,1,0.9683355317426638,0.27349339276345747,0.04545344735972369,0.2017705482428895,0.9453001064784589,0.23723723197046914,0.059028920619673846,0.18598897245031168
Dataset_0172,single_output,wear rate,ridge,7,2,0.9621035426685095,0.2798248189292523,0.04650570366116874,0.2154333544500226,0.9775706355476532,0.21055288060409225,0.045367998406397804,0.15934734389369293
Dataset_0172,single_output,wear rate,ridge,7,3,0.9651303228772552,0.2751033675986148,0.0457210183810229,0.2048531993676116,0.9663398490998427,0.2247089645174895,0.05764724589981772,0.16924666829632518
Dataset_0172,single_output,wear rate,ridge,7,4,0.9688913936666694,0.23148242578819536,0.03910836725598841,0.17925863744367407,0.9556753447438139,0.384833670278716,0.06875713244215044,0.3069059935560135
Dataset_0172,single_output,wear rate,ridge,2024,0,0.963320277097302,0.2652154854948444,0.044077694115812596,0.2022132689752556,0.9715172343784091,0.2778025727281141,0.0516361659345937,0.19603311542595606
Dataset_0172,single_output,wear rate,ridge,2024,1,0.9685757704478682,0.26584051329469666,0.0441815710976727,0.19859687207456675,0.9508688214673434,0.2671083378422984,0.06388623244254925,0.20518613960274124
Dataset_0172,single_output,wear rate,ridge,2024,2,0.9654547671740709,0.26334949101919075,0.04376757371101724,0.18856247666600148,0.9665243787560435,0.2830483099080331,0.06318042631875738,0.2434461873991903
Dataset_0172,single_output,wear rate,ridge,2024,3,0.9649518000115381,0.27112469404478756,0.04674563690427372,0.20863935617289714,0.9687561205494789,0.23686911226455665,0.052672695633657236,0.16056617381317828
Dataset_0172,single_output,wear rate,ridge,2024,4,0.9702592744944153,0.25179815359033175,0.04498805674295725,0.19481732812353308,0.9368142643263346,0.33216037408494836,0.062553742765527,0.25855398509547955
Dataset_0172,single_output,wear rate,ridge,99,0,0.9667726362885025,0.26090258508890934,0.04336090827470655,0.19714862752269954,0.9616114272523997,0.29066380472467246,0.054523317337211115,0.21387120157391515
Dataset_0172,single_output,wear rate,ridge,99,1,0.9667165118385971,0.26555032995660965,0.04486405304217092,0.19424629606354846,0.9635646548377746,0.2627609003438101,0.05908722742158986,0.20469836757320686
Dataset_0172,single_output,wear rate,ridge,99,2,0.9669169397899953,0.2689042816566947,0.04469075646612842,0.20143166530075668,0.9596208187349643,0.25302497937364354,0.062015926317069495,0.20592069531681453
Dataset_0172,single_output,wear rate,ridge,99,3,0.9678332764727101,0.254883935301997,0.04553938454564892,0.19755440146963424,0.955119916614792,0.3171454665491008,0.05745388886759073,0.22246927363425925
Dataset_0172,single_output,wear rate,ridge,99,4,0.9639487022490423,0.2701532586058904,0.044898331162687447,0.20852864551101588,0.9696964575333671,0.25077527400304117,0.052147072988779616,0.18536469556854707
Dataset_0172,single_output,wear rate,elasticnet,42,0,0.955408923646057,0.3096226023002251,0.05145796946987287,0.22226867211537352,0.9462097206806329,0.3018714048184794,0.06535427686046316,0.24551773680729733
Dataset_0172,single_output,wear rate,elasticnet,42,1,0.9572077712395606,0.3069292723542508,0.05185492014770246,0.227809850983582,0.9294481793323989,0.273441754487063,0.07396314700759074,0.22303894810267824
Dataset_0172,single_output,wear rate,elasticnet,42,2,0.9526343171079783,0.3122365131655197,0.05189239042139267,0.22244822664490815,0.971704245451781,0.24770140710489827,0.05855825227066153,0.2117251867316495
Dataset_0172,single_output,wear rate,elasticnet,42,3,0.9557330229468468,0.3119719733823151,0.0518484250261451,0.23381207013409433,0.9658260080213117,0.23310181498806648,0.052989728344638894,0.19361796130583958
Dataset_0172,single_output,wear rate,elasticnet,42,4,0.9541808894986823,0.28468631305250924,0.05827764852661396,0.2221022778347839,0.9008994901578581,0.566043759107235,0.10254415925855707,0.3641133808738709
Dataset_0172,single_output,wear rate,elasticnet,123,0,0.9539984156732918,0.31362031739379087,0.05212237284257784,0.23537262153370078,0.9754123591887318,0.20528994952914956,0.04852043241057658,0.1602053944973959
Dataset_0172,single_output,wear rate,elasticnet,123,1,0.9583345469670547,0.296129095585432,0.049215405614996176,0.21784500392189843,0.9259732189516849,0.38307259450128217,0.07412395404436574,0.2749813879958182
Dataset_0172,single_output,wear rate,elasticnet,123,2,0.9542873956319587,0.3089535527485952,0.05134677625869955,0.2194670538972365,0.9455070874418521,0.31830484607134674,0.07029700664119848,0.2565378452311999
Dataset_0172,single_output,wear rate,elasticnet,123,3,0.9594223243680945,0.29105795955026914,0.05292925250959614,0.2260363090711369,0.9229757858057073,0.3994064021408857,0.06637965799250219,0.26078080096517803
Dataset_0172,single_output,wear rate,elasticnet,123,4,0.9487258162372053,0.318891499398761,0.052998421040179655,0.22744605087070086,0.971468483744402,0.2654188474904574,0.06131181508211075,0.24426357772699042
Dataset_0172,single_output,wear rate,elasticnet,7,0,0.9581638082306734,0.2940062375389848,0.05252925451831066,0.22054685830325502,0.914242978956218,0.4133415050210864,0.0739430241540405,0.2839517922819749
Dataset_0172,single_output,wear rate,elasticnet,7,1,0.9591978221198005,0.3104576827513314,0.05159675631566086,0.22559425221690843,0.9394185172068178,0.24966608842860674,0.06212144524225101,0.20295246640416517
Dataset_0172,single_output,wear rate,elasticnet,7,2,0.9503434338923081,0.3203135176128494,0.05323475446449216,0.23809039019874093,0.9563489443478024,0.29373119969421035,0.0632904976716678,0.24497847646775206
Dataset_0172,single_output,wear rate,elasticnet,7,3,0.9540528482314141,0.3157920853671163,0.052483311511902324,0.22554437737795,0.9517706750169435,0.2689787437799796,0.06900429547972796,0.2147844401213669
Dataset_0172,single_output,wear rate,elasticnet,7,4,0.9511032233572771,0.290213668226678,0.04903086133243419,0.21632743095759435,0.9591948336373181,0.3692393314491346,0.06597093647474264,0.2678098246663937
Dataset_0172,single_output,wear rate,elasticnet,2024,0,0.9500611000576831,0.309460584063934,0.05143104272294067,0.23312324678715207,0.9573215955902948,0.34005508428083,0.06320726473621376,0.21506396975350897
Dataset_0172,single_output,wear rate,elasticnet,2024,1,0.9578571817500048,0.30785813570858056,0.05116472257081279,0.22429573566971758,0.9580711405632235,0.24675466858702816,0.059018098203068206,0.20347239962423344
Dataset_0172,single_output,wear rate,elasticnet,2024,2,0.9530165125591885,0.3071220841641158,0.051042393911270696,0.21458462861089705,0.9459510763844601,0.35965803570125454,0.0802808115404586,0.2988201243291341
Dataset_0172,single_output,wear rate,elasticnet,2024,3,0.9530033989036454,0.31395647239899954,0.05413042627568958,0.22986642998551615,0.9661244686249372,0.24664312472148625,0.05484614736968784,0.19390313862386513
Dataset_0172,single_output,wear rate,elasticnet,2024,4,0.9596192472513332,0.2934026060959931,0.05242140541289853,0.22727623752060713,0.911191188038465,0.3937914911894367,0.07416035615620277,0.27535810000191235
Dataset_0172,single_output,wear rate,elasticnet,99,0,0.955392262527667,0.30229818357517174,0.05024068199687082,0.22560983684792787,0.9438114612131352,0.3516526060757983,0.06596372276792314,0.2515109951850677
Dataset_0172,single_output,wear rate,elasticnet,99,1,0.9549708537301448,0.3088725293477976,0.05218322847572184,0.2180664474741447,0.9559509483037906,0.288913329268741,0.06496814240358467,0.2373898802094316
Dataset_0172,single_output,wear rate,elasticnet,99,2,0.9562626267497683,0.30918700197872373,0.051385574535270685,0.22557516756806167,0.9487356006289162,0.2850969560383058,0.06987670491134947,0.22437592545270915
Dataset_0172,single_output,wear rate,elasticnet,99,3,0.9557101354793736,0.29908265451407257,0.05343624343649679,0.23269364925222133,0.9310546407475159,0.39308294361032736,0.0712106781902767,0.2592752023196617
Dataset_0172,single_output,wear rate,elasticnet,99,4,0.9510263040388176,0.3148699385257274,0.05233005459958907,0.22713705341145973,0.9700713959303019,0.2492190544520657,0.0518234673429124,0.20681243350161083
Dataset_0172,single_output,wear rate,svr_rbf,42,0,0.9752786655375858,0.23053912146333788,0.038314628795635346,0.1528396179015815,0.9358099332971658,0.32976456734000087,0.07139306502273238,0.2758940508128444
Dataset_0172,single_output,wear rate,svr_rbf,42,1,0.9792386166387248,0.21378833275840756,0.03611899522865477,0.1519020172960968,0.929486673590231,0.2733671471029194,0.07394296648712993,0.21316540582267088
Dataset_0172,single_output,wear rate,svr_rbf,42,2,0.9818168021650402,0.19345810030059635,0.03215191961120099,0.14798653221847502,0.9788787347454225,0.21400691143180334,0.050592650456691104,0.16995794536288708
Dataset_0172,single_output,wear rate,svr_rbf,42,3,0.9767350376471233,0.22616574340482926,0.03758779182397029,0.16093094706667407,0.9407924469319745,0.306821899966724,0.06974810183376312,0.25239598228612964
Dataset_0172,single_output,wear rate,svr_rbf,42,4,0.9834285720446461,0.1712076741953204,0.03504763033681072,0.1314944997811396,0.8708646559809616,0.6461518974422136,0.11705650315982132,0.4115574695105373
Dataset_0172,single_output,wear rate,svr_rbf,123,0,0.9804742483842487,0.2043250790140394,0.03395796559980711,0.15211648747889553,0.9356638593743076,0.3320754427947935,0.07848627813632555,0.26392349396515696
Dataset_0172,single_output,wear rate,svr_rbf,123,1,0.9737189066848284,0.2351877732361707,0.039087215096588114,0.15196945138191567,0.9443513388651105,0.3321345159837122,0.06426751470273069,0.26105551980188996
Dataset_0172,single_output,wear rate,svr_rbf,123,2,0.9783501999616865,0.21261904147995736,0.03533638714973531,0.14527237319046027,0.9378962138748248,0.3398069670674231,0.07504570827460756,0.29582391774233247
Dataset_0172,single_output,wear rate,svr_rbf,123,3,0.9818230520217555,0.19480333132882555,0.03542522846496191,0.14841260663588426,0.8838920746294833,0.4903795111401247,0.08149900467676993,0.32045017169794965
Dataset_0172,single_output,wear rate,svr_rbf,123,4,0.9771679016534416,0.21279747870484247,0.03536604266326117,0.1545353039849304,0.9764888234905411,0.24093867294434143,0.05565688910703198,0.19028549512725051
Dataset_0172,single_output,wear rate,svr_rbf,7,0,0.9845080957545072,0.1789092824183199,0.031965210365967466,0.1350462458987219,0.9031910715008825,0.4391692055481507,0.07856336414099298,0.304743274370785
Dataset_0172,single_output,wear rate,svr_rbf,7,1,0.9812808568567126,0.21028278578028323,0.03494811131465568,0.147472431122391,0.935008116707184,0.2585944314587087,0.06434297871577724,0.22556082356766852
Dataset_0172,single_output,wear rate,svr_rbf,7,2,0.9754057187515911,0.22542599359972454,0.037464848529121575,0.15906047063745185,0.9559022884287297,0.2952301653899352,0.0636134810148535,0.2545085434845116
Dataset_0172,single_output,wear rate,svr_rbf,7,3,0.9759912141623565,0.22827431199943504,0.03793822702333971,0.15650328770517397,0.9371596623665959,0.3070305736660112,0.07876618103284022,0.2526686160204211
Dataset_0172,single_output,wear rate,svr_rbf,7,4,0.9716588907056838,0.22094601333184904,0.03732826716199511,0.1512861126934413,0.9291323029954215,0.48660272803912746,0.0869399192494421,0.39165152975930856
Dataset_0172,single_output,wear rate,svr_rbf,2024,0,0.9724854144308835,0.22970335741585035,0.03817572833901452,0.15478771418846976,0.964049322766834,0.31210356061616334,0.058011814240922555,0.21214233977439043
Dataset_0172,single_output,wear rate,svr_rbf,2024,1,0.981363006719021,0.2047277775123155,0.03402489239028012,0.14442573787713062,0.958124307480727,0.24659817319467697,0.058980668068566604,0.23016168447230906
Dataset_0172,single_output,wear rate,svr_rbf,2024,2,0.9724845569122742,0.23503182706634682,0.039061297501470305,0.14889328251248587,0.9368303208766788,0.38882177520361777,0.08679057482223611,0.3311472303453627
Dataset_0172,single_output,wear rate,svr_rbf,2024,3,0.9778250089952718,0.21565917622074793,0.037182616589784126,0.15431567736015184,0.9233283689932064,0.3710592877718741,0.08251262792347655,0.3081240260289636
Dataset_0172,single_output,wear rate,svr_rbf,2024,4,0.9820020905326877,0.19587896170004182,0.03499713448276609,0.14582365170135217,0.8760919826381949,0.4651446195572865,0.08759785679044944,0.3231660103107369
Dataset_0172,single_output,wear rate,svr_rbf,99,0,0.977458640005072,0.21489212327615373,0.03571416374873753,0.1488078202579691,0.951889910118349,0.32539288714407916,0.06103787040781826,0.2732503398223337
Dataset_0172,single_output,wear rate,svr_rbf,99,1,0.9833062728199877,0.1880654787389599,0.03177318444652136,0.13990685181328055,0.941166989693499,0.333894936079992,0.07508318778502181,0.2697630738393793
Dataset_0172,single_output,wear rate,svr_rbf,99,2,0.968059365888534,0.2642205830896304,0.04391234553591996,0.15775670431471506,0.9330491552416929,0.325808697942991,0.07985507302524289,0.2539225389842826
Dataset_0172,single_output,wear rate,svr_rbf,99,3,0.9844621195051761,0.1771474638579221,0.031650431277098816,0.13743320736904935,0.9066596784232441,0.45736858013600135,0.08285662683623213,0.3409388791094403
Dataset_0172,single_output,wear rate,svr_rbf,99,4,0.9747990038099562,0.2258700319784149,0.037538645833208394,0.16155602340140923,0.9648084854198331,0.2702445801173404,0.056195587464616434,0.22860962663933318
Dataset_0172,single_output,wear rate,gpr,42,0,0.9850638832381113,0.1791956771338378,0.029781565087890607,0.14951120085497163,0.972392934691205,0.21626199122256273,0.04682008902848294,0.19035733093677648
Dataset_0172,single_output,wear rate,gpr,42,1,0.9848093245022186,0.182870814717829,0.03089555916841173,0.1477929078575456,0.9654883199376847,0.19124662069199796,0.05173021928374302,0.16240077823564872
Dataset_0172,single_output,wear rate,gpr,42,2,0.9846151326481961,0.1779502755851709,0.029574584607806365,0.14656127810341246,0.9817088508200918,0.19915367725050476,0.047081247576951486,0.15231277640652355
Dataset_0172,single_output,wear rate,gpr,42,3,0.9870728458397168,0.16858817575443005,0.028018643136850596,0.13819175693347963,0.9661963364197769,0.23183536414444414,0.052701833176732014,0.1944197181687235
Dataset_0172,single_output,wear rate,gpr,42,4,0.98394278023125,0.16853047185365616,0.03449958482162869,0.13834366760650926,0.9785521899054322,0.2633319407363701,0.04770506172760328,0.21404485458836042
Dataset_0172,single_output,wear rate,gpr,123,0,0.9867368995924913,0.1683993163440717,0.027987255500095013,0.13593456015921895,0.9634209876789687,0.25039476526063525,0.05918098918946708,0.22120610585267653
Dataset_0172,single_output,wear rate,gpr,123,1,0.9867459386295667,0.1670196290070162,0.027757957288850953,0.13328921599891713,0.9710069052201933,0.23973637722531843,0.04638861788415604,0.21067919427462184
Dataset_0172,single_output,wear rate,gpr,123,2,0.9856535686684773,0.17308010627049325,0.028765183026507102,0.14751410473470813,0.9686497816809015,0.2414312733799523,0.05331962751324034,0.21178649007800474
Dataset_0172,single_output,wear rate,gpr,123,3,0.9841197957549649,0.18208071044527882,0.03311160400896142,0.14631685285491897,0.9763088476404627,0.22151058123376688,0.036814123522314585,0.17614616699285593
Dataset_0172,single_output,wear rate,gpr,123,4,0.982939470319559,0.18394577626748337,0.03057101151196333,0.15369438394906962,0.9866546135367419,0.18152435840707457,0.04193216872420295,0.14928860352502932
Dataset_0172,single_output,wear rate,gpr,7,0,0.9845538061443637,0.17864514269917592,0.0319180172769655,0.14758866165001425,0.9764429170177417,0.21663814540836218,0.038754587729581784,0.17781796195610855
Dataset_0172,single_output,wear rate,gpr,7,1,0.9870915226775288,0.17462171420479183,0.029021391757485762,0.14478306621083073,0.9563426854806506,0.21194253105445235,0.05273514084460124,0.1932223284355846
Dataset_0172,single_output,wear rate,gpr,7,2,0.9856738121732174,0.1720490367191803,0.028593823619607824,0.14243600269256182,0.9696295506111653,0.24500689847171556,0.05279183332723885,0.2085113365854649
Dataset_0172,single_output,wear rate,gpr,7,3,0.9851382519993949,0.17960023070960163,0.029848800184411106,0.14771496296618897,0.9754163824893038,0.19203715541630334,0.04926556065066786,0.1558323886228754
Dataset_0172,single_output,wear rate,gpr,7,4,0.9822204161556828,0.17500019919399387,0.029565838687953015,0.1413531262611668,0.9835916073806801,0.2341441972306407,0.04183387479554059,0.18884358627222506
Dataset_0172,single_output,wear rate,gpr,2024,0,0.9840657409304705,0.17480417140038584,0.029051715373173647,0.14603289880355003,0.9831731389997628,0.21352402081532199,0.03968847970545018,0.16754861531527449
Dataset_0172,single_output,wear rate,gpr,2024,1,0.9865879338668224,0.17367475329144855,0.02886401085116313,0.13764699822796264,0.9632618553276112,0.23097632328683032,0.05524427727501323,0.2055278506719894
Dataset_0172,single_output,wear rate,gpr,2024,2,0.9842189052400255,0.1779946648476298,0.02958196191584341,0.1473084405494445,0.9817310445925697,0.20909955144662645,0.04667400701933626,0.16165586765056242
Dataset_0172,single_output,wear rate,gpr,2024,3,0.9857998830901338,0.1725767061901008,0.02975460451553462,0.14123672596254522,0.9668938181077064,0.2438262751148057,0.05421976320097969,0.22135931644912052
Dataset_0172,single_output,wear rate,gpr,2024,4,0.9858837206063437,0.17347499536341085,0.030994281823014263,0.1440264385316576,0.9666634286920349,0.24126746599865959,0.04543643427470049,0.20361449217179833
Dataset_0172,single_output,wear rate,gpr,99,0,0.9840977037570094,0.18049299829842766,0.029997174388969195,0.14771402956566154,0.979669498139093,0.21152612859041087,0.039678508458152476,0.16337111159996928
Dataset_0172,single_output,wear rate,gpr,99,1,0.9870585434548305,0.16558614947231284,0.027975358924195448,0.13719799370909785,0.9659832511449699,0.2538900604981081,0.05709243546168385,0.22473525235900194
Dataset_0172,single_output,wear rate,gpr,99,2,0.9856666147712041,0.17699836977115102,0.02941638187986555,0.14477158104580046,0.9686673055685137,0.22288637212259974,0.05462901277514699,0.18201288337246962
Dataset_0172,single_output,wear rate,gpr,99,3,0.9874031202176846,0.15950361964506013,0.028498056038066842,0.13131572828071583,0.9696778393597265,0.26068242493837146,0.04722507698158904,0.22320451740994818
Dataset_0172,single_output,wear rate,gpr,99,4,0.9829007779227611,0.1860535390265617,0.030921312784869814,0.15717013600642846,0.9824734597619401,0.19071555259210465,0.039658047950115335,0.15905594705256856
Dataset_0172,single_output,wear rate,random_forest,42,0,0.9697075997121181,0.2551969750135771,0.04241265996569338,0.1946795129236429,0.9362290912315544,0.3286861308327475,0.07115958667086977,0.23477563515034441
Dataset_0172,single_output,wear rate,random_forest,42,1,0.9718071650671838,0.24912954268403692,0.042089802784936126,0.18676692642705128,0.8999316886075037,0.325655940459281,0.08808654056242385,0.2826351370543037
Dataset_0172,single_output,wear rate,random_forest,42,2,0.9717729685514809,0.24103737576359957,0.040059394343293926,0.17819383788385998,0.945210796254681,0.3446794000410549,0.08148449173547398,0.27024230529787757
Dataset_0172,single_output,wear rate,random_forest,42,3,0.9685131262954916,0.26311185617798216,0.04372807980355362,0.21019259783742206,0.8632168060778479,0.4663523490526594,0.10601326416291415,0.40613340463116054
Dataset_0172,single_output,wear rate,random_forest,42,4,0.9730861672945891,0.2181880873638531,0.044664910412252415,0.17286370020289413,0.8738202351627492,0.6387147108038126,0.11570918673982113,0.4737488282663111
Dataset_0172,single_output,wear rate,random_forest,123,0,0.9705460275917906,0.2509514637348617,0.04170707391305662,0.19124286361539064,0.9321251602944193,0.34108582122953846,0.08061588778764793,0.28866403630258586
Dataset_0172,single_output,wear rate,random_forest,123,1,0.9702723628417679,0.25013428435215335,0.04157126214926929,0.17660316611247853,0.9152685982018832,0.4098348129571511,0.07930240188799363,0.30754559565434625
Dataset_0172,single_output,wear rate,random_forest,123,2,0.9702378844322177,0.24929129324149166,0.041431160585257046,0.1865358399794699,0.9205927389562218,0.38424068546923384,0.08485880862836435,0.33897691944102754
Dataset_0172,single_output,wear rate,random_forest,123,3,0.9716343460777087,0.24335053047988628,0.04425359710490749,0.18527895661994273,0.871064643287424,0.5167582238599974,0.08588303537643299,0.41035910876961446
Dataset_0172,single_output,wear rate,random_forest,123,4,0.9679621249037034,0.2520724698588218,0.04189338039867406,0.1956250976257138,0.9834321409576887,0.2022565190381322,0.04672130261911116,0.1775201767419094
Dataset_0172,single_output,wear rate,random_forest,7,0,0.9726480166900549,0.23772501486248923,0.042473649251829414,0.1763309111517146,0.8906074181756078,0.46684005273412976,0.0835134262493971,0.36213281651249946
Dataset_0172,single_output,wear rate,random_forest,7,1,0.9722909889126056,0.2558416529917677,0.04251980272424259,0.18687464182179142,0.8999391194805201,0.3208645722539838,0.07983691770440006,0.26698185849089157
Dataset_0172,single_output,wear rate,random_forest,7,2,0.9699234181200264,0.24928787995424545,0.04143059331132548,0.19871850311750694,0.9660020114509638,0.25922645165478125,0.055855731879935616,0.20491926063751112
Dataset_0172,single_output,wear rate,random_forest,7,3,0.9702839980275458,0.25396106108628247,0.042207256288230424,0.19272145533760685,0.8489605518669285,0.4760006702330587,0.12211407650925055,0.43318684752945547
Dataset_0172,single_output,wear rate,random_forest,7,4,0.9607746592576826,0.25993281477395497,0.043914988135488255,0.1958065217571379,0.9594547882574521,0.3680613086693147,0.06576046251015091,0.26245511649329495
Dataset_0172,single_output,wear rate,random_forest,2024,0,0.9666520809336296,0.25288334330011003,0.04202814414161709,0.17851720965535464,0.9344335845406617,0.42148867105321985,0.07834361915487358,0.331501817036667
Dataset_0172,single_output,wear rate,random_forest,2024,1,0.9723243164775203,0.24948131548624175,0.04146274148017978,0.18660888355276947,0.9387666142058821,0.29819680827977174,0.07132188669690785,0.23096906569665013
Dataset_0172,single_output,wear rate,random_forest,2024,2,0.9668668136904989,0.25791109336722806,0.04286373497876484,0.18745585821292957,0.9383615310109694,0.3840804172702771,0.0857322359978297,0.31935852068750653
Dataset_0172,single_output,wear rate,random_forest,2024,3,0.970722618075161,0.2478005893070055,0.0427242395356906,0.18778236485425479,0.9218898403045608,0.37452405642215764,0.0832830901539154,0.2995349066168619
Dataset_0172,single_output,wear rate,random_forest,2024,4,0.971139891339055,0.2480422960283953,0.04431700840242903,0.18682001530514372,0.890098104917806,0.43806735280339987,0.08249855984998115,0.32439607866973413
Dataset_0172,single_output,wear rate,random_forest,99,0,0.972666155025579,0.23663599316682243,0.03932790313558624,0.16810858319977734,0.908707814223926,0.4482360412751489,0.08408104319548844,0.3804190109045273
Dataset_0172,single_output,wear rate,random_forest,99,1,0.969450469963121,0.25441030276912324,0.04298197377413807,0.18775515698450343,0.9038351546700962,0.4268816297698166,0.0959931706250993,0.3614182669287487
Dataset_0172,single_output,wear rate,random_forest,99,2,0.9704406921350497,0.25418037149465306,0.042243704752310623,0.19234722069804336,0.9133074833610667,0.37074512484304767,0.0908689031478058,0.3026763545310501
Dataset_0172,single_output,wear rate,random_forest,99,3,0.9715300131084875,0.23979089257359973,0.04284275372049307,0.18050156080414825,0.8841087217660567,0.5096324305959901,0.09232471568767936,0.42392981923433926
Dataset_0172,single_output,wear rate,random_forest,99,4,0.9686298522844924,0.2520043519659462,0.04188205949242915,0.1939703630526567,0.9391107440715637,0.35547441401181096,0.0739185722628012,0.24962247541479884
Dataset_0172,single_output,wear rate,extra_trees,42,0,0.9652924828675998,0.27316210578484124,0.045398388862363505,0.21551974310777075,0.9182413716021607,0.3721661541473076,0.08057288463894946,0.31243137027417306
Dataset_0172,single_output,wear rate,extra_trees,42,1,0.9628072535838679,0.2861442221642419,0.048343338767400226,0.2307821148325354,0.8961611414839865,0.33173452429172884,0.08973073418764642,0.26438957050665024
Dataset_0172,single_output,wear rate,extra_trees,42,2,0.9630282055286737,0.27585893290378716,0.04584659014521973,0.2240307836161279,0.9452960689454963,0.3444110699416021,0.08142105672378301,0.2886093208616787
Dataset_0172,single_output,wear rate,extra_trees,42,3,0.9667003945632076,0.27057968767940255,0.04496920187458909,0.22395728388980182,0.8493169897214315,0.4894743545356914,0.11126945999902055,0.42480917658730105
Dataset_0172,single_output,wear rate,extra_trees,42,4,0.9605804857220744,0.26405773598252164,0.054054807775337076,0.2149126204657412,0.866872407352135,0.6560638397382363,0.11885214488011529,0.4594013008915669
Dataset_0172,single_output,wear rate,extra_trees,123,0,0.9676882897066011,0.2628438188876335,0.04368353313738299,0.21093046540593643,0.9094049754337555,0.39405916381263306,0.09313617674607255,0.30787827922077593
Dataset_0172,single_output,wear rate,extra_trees,123,1,0.9639362720990913,0.2755042703805204,0.04578764673101552,0.20976634852282286,0.9152809377960157,0.40980496936149724,0.07929662719843213,0.31969586580086734
Dataset_0172,single_output,wear rate,extra_trees,123,2,0.9648753656019562,0.27082023927236026,0.04500918053388071,0.21891504654923805,0.8573974328128867,0.5149166228043052,0.11371833542497904,0.44972815331890625
Dataset_0172,single_output,wear rate,extra_trees,123,3,0.9670498702504171,0.26227956932728097,0.04769586639885088,0.2151376061850034,0.8739821994425905,0.5108781535119844,0.08490579250656213,0.42496050810829517
Dataset_0172,single_output,wear rate,extra_trees,123,4,0.9596907075197341,0.2827457934610344,0.04699115729782855,0.23822145426348829,0.9374234606540033,0.39307471110487313,0.09080034906557477,0.34063687159863504
Dataset_0172,single_output,wear rate,extra_trees,7,0,0.9680100201705539,0.2570913441850909,0.045933775984472194,0.204138186881345,0.8661440262186266,0.5164081076941234,0.09238069905082708,0.4288738344717002
Dataset_0172,single_output,wear rate,extra_trees,7,1,0.9640005620083214,0.2916141541148923,0.04846504140184349,0.2282402897648164,0.870442899007008,0.3651070495361523,0.0908452474586097,0.329054276863881
Dataset_0172,single_output,wear rate,extra_trees,7,2,0.957787498527871,0.29532993472697705,0.049082588453876856,0.24092458018609406,0.9309667224800369,0.3693872917462247,0.07959217663137785,0.31470295918366853
Dataset_0172,single_output,wear rate,extra_trees,7,3,0.9620031035694044,0.28717458771688575,0.047727204207559534,0.22271651885438784,0.8017669385355405,0.5453187282891575,0.13989705702646418,0.46776501022985484
Dataset_0172,single_output,wear rate,extra_trees,7,4,0.9490334954824451,0.29629216800519315,0.050057808414460746,0.2393871610356447,0.9538971711627887,0.39247695971387814,0.0701227371295119,0.2905542965883337
Dataset_0172,single_output,wear rate,extra_trees,2024,0,0.9642449108098375,0.2618513323425483,0.04351858606324552,0.20391141934803408,0.935428455951022,0.41827872070726024,0.07774697410915618,0.3318962931617809
Dataset_0172,single_output,wear rate,extra_trees,2024,1,0.9662103541219932,0.27566438973948604,0.045814257892552106,0.22112241597259036,0.9432408617324425,0.28709574141544936,0.06866676427061692,0.21554782337662595
Dataset_0172,single_output,wear rate,extra_trees,2024,2,0.9645377623304138,0.2668219104275014,0.04434467515830171,0.20768464764641495,0.9222522838076165,0.43136019182694657,0.09628575710422914,0.3739780016062018
Dataset_0172,single_output,wear rate,extra_trees,2024,3,0.9634622181842563,0.2768262724332086,0.04772866766089804,0.2209796661193205,0.8513589544988864,0.5166486885861424,0.1148874112933383,0.46494911956298196
Dataset_0172,single_output,wear rate,extra_trees,2024,4,0.9679156075132742,0.2615312996735998,0.046727050147150215,0.21522111969448351,0.8479159683234567,0.5153236880081532,0.09704777551942623,0.4520671137136651
Dataset_0172,single_output,wear rate,extra_trees,99,0,0.9637871293479515,0.27237165910267913,0.04526701996055827,0.2130755206070737,0.899385148221848,0.4705665118100975,0.08826983901896407,0.4233968328042336
Dataset_0172,single_output,wear rate,extra_trees,99,1,0.9618536993304169,0.2842880743621401,0.04802974731578647,0.2200062453482188,0.9027520189384783,0.42927895109852254,0.09653225794884698,0.3670195033108857
Dataset_0172,single_output,wear rate,extra_trees,99,2,0.9696079225557133,0.2577359936054849,0.04283463413752449,0.2127035341095699,0.88021749588854,0.4357940913997912,0.10681227730387038,0.36875432993197227
Dataset_0172,single_output,wear rate,extra_trees,99,3,0.967607349234963,0.2557774745924595,0.045699030657934514,0.20243970471961198,0.8980375059211033,0.47802642544751905,0.08659899011730418,0.40661227989933385
Dataset_0172,single_output,wear rate,extra_trees,99,4,0.9577477536333051,0.2924655119864536,0.048606533486198034,0.23754077449785188,0.9316134075763989,0.3767241794229468,0.0783373215685063,0.28913280931767
Dataset_0172,single_output,wear rate,gradient_boosting,42,0,0.9948209022758431,0.10552023057685393,0.01753701688164433,0.07486550739013534,0.9879794570553635,0.1427026763522795,0.03089471235165176,0.09910397196690314
Dataset_0172,single_output,wear rate,gradient_boosting,42,1,0.993434821978326,0.12022066058253122,0.020310974925246028,0.08526970656615782,0.9820324318158694,0.1379924641332776,0.03732552451535775,0.11466786781966629
Dataset_0172,single_output,wear rate,gradient_boosting,42,2,0.9945669929151001,0.10574794160622758,0.01757486149347309,0.07975685900513252,0.9928582310932439,0.12444307398865295,0.029419166427577532,0.10426774489179357
Dataset_0172,single_output,wear rate,gradient_boosting,42,3,0.9942231146660746,0.1126996379765336,0.018730204084516137,0.07491554842499344,0.9847410477369729,0.15576151248830167,0.03540839110895696,0.08382845400454977
Dataset_0172,single_output,wear rate,gradient_boosting,42,4,0.9941763119825427,0.10149445400938574,0.02077675619434713,0.07812205822147786,0.9693472306974267,0.3148088409463977,0.05703058712797061,0.20789648960596738
Dataset_0172,single_output,wear rate,gradient_boosting,123,0,0.9935560563872186,0.11737987997088833,0.019508040546931747,0.08581947557585341,0.9854778068152836,0.1577703404797755,0.03728913743317785,0.12085494140157091
Dataset_0172,single_output,wear rate,gradient_boosting,123,1,0.9948942648933534,0.1036626163114036,0.017228289232408774,0.07723875863594858,0.9726742126660617,0.2327410517753309,0.04503503323826062,0.16974276763445245
Dataset_0172,single_output,wear rate,gradient_boosting,123,2,0.9957582010738266,0.09411313710048397,0.015641206099465507,0.0735492350634078,0.9818592988077314,0.18365395067858892,0.04055961808272723,0.1596625296599742
Dataset_0172,single_output,wear rate,gradient_boosting,123,3,0.995001647387377,0.10215258065565803,0.0185765740417636,0.0650878083437027,0.9794102000617059,0.20650351442917506,0.0343200123698147,0.1522980281238462
Dataset_0172,single_output,wear rate,gradient_boosting,123,4,0.9929714445436579,0.11806647651417983,0.019622149994046836,0.08849589238268031,0.9924485015168838,0.13654817584552845,0.031542660162977236,0.12032908124939194
Dataset_0172,single_output,wear rate,gradient_boosting,7,0,0.9938927718771976,0.11233175473749013,0.0200699936997481,0.06895250656534642,0.9771996444364601,0.21313019538962583,0.0381270474757828,0.16210075459920734
Dataset_0172,single_output,wear rate,gradient_boosting,7,1,0.9923440870525946,0.1344804743976978,0.022350087152683697,0.08667341682852517,0.9471097251989872,0.2332800068622105,0.058044291331726935,0.15505485710568886
Dataset_0172,single_output,wear rate,gradient_boosting,7,2,0.9906854320476672,0.13872932803695884,0.023056228691533794,0.09851626056336275,0.9879251501079653,0.1544875813069155,0.033287563306812214,0.118796577750318
Dataset_0172,single_output,wear rate,gradient_boosting,7,3,0.9942766418346096,0.11145444820064962,0.01852325880017444,0.08421843053878028,0.9921306813034715,0.10865030158789693,0.02787334571264672,0.08090899409319834
Dataset_0172,single_output,wear rate,gradient_boosting,7,4,0.9939395195945285,0.10217185373467928,0.017261674900266817,0.07739182200845021,0.9914772744069056,0.1687483878169377,0.030149792356072486,0.12399320183201532
Dataset_0172,single_output,wear rate,gradient_boosting,2024,0,0.9942156468569964,0.10532058309085027,0.017503836312256982,0.0810099168792226,0.9834576226013245,0.2117113530014218,0.03935155260249476,0.16471688752105731
Dataset_0172,single_output,wear rate,gradient_boosting,2024,1,0.9945366833990326,0.11084523587597161,0.01842201028352528,0.08932578670399073,0.9866328329394006,0.13932483640967283,0.03332332848832165,0.11039502788263723
Dataset_0172,single_output,wear rate,gradient_boosting,2024,2,0.9919796427620161,0.12689230245112212,0.0210889650076653,0.08227300170959195,0.9797786789399231,0.21998902031116224,0.04910469203374157,0.1823768519104303
Dataset_0172,single_output,wear rate,gradient_boosting,2024,3,0.9944654738730948,0.10773986741513472,0.018575839209505986,0.07502802378577586,0.9820682680008717,0.1794473608020672,0.03990379381856063,0.15558404648797136
Dataset_0172,single_output,wear rate,gradient_boosting,2024,4,0.9960680027145338,0.09155527395737431,0.0163579192348355,0.07207865889359506,0.9842513143639454,0.16582898967201556,0.0312295649099841,0.11788054387806916
Dataset_0172,single_output,wear rate,gradient_boosting,99,0,0.9945709942797759,0.10546068531418894,0.017527120710352156,0.07804468650171334,0.9873546582738038,0.1668227423977712,0.031292954867336555,0.10507920890219662
Dataset_0172,single_output,wear rate,gradient_boosting,99,1,0.9934755442167922,0.11757218087977617,0.01986352101364693,0.09303845115625975,0.9888988815718723,0.14503828811780423,0.03261486128126922,0.1287720389383902
Dataset_0172,single_output,wear rate,gradient_boosting,99,2,0.9955544761134342,0.09857263220783336,0.01638235536111573,0.0695964423876877,0.9847526764955996,0.155482477124063,0.038108450275505634,0.11729876006976798
Dataset_0172,single_output,wear rate,gradient_boosting,99,3,0.9959169293387906,0.09080975387573367,0.01622471929171586,0.06963909464755672,0.9834614907693588,0.19252177635200204,0.03487713339710182,0.14217666106334706
Dataset_0172,single_output,wear rate,gradient_boosting,99,4,0.9944165804181845,0.10631630923405096,0.0176693217939257,0.07784534065178543,0.9975894689756934,0.07072848834584912,0.014707525129101501,0.05776653467098315
Dataset_0172,single_output,wear rate,xgboost,42,0,0.9958214765345889,0.09478074135551412,0.01575215910844509,0.0662535065098813,0.9913290169345217,0.12120045357567398,0.02623954396528988,0.07797700322469095
Dataset_0172,single_output,wear rate,xgboost,42,1,0.9962123674058061,0.09131450707778944,0.015427353789118001,0.0682031495612965,0.9846701773510165,0.12746157610484574,0.0344770289707454,0.09964474258422858
Dataset_0172,single_output,wear rate,xgboost,42,2,0.9957953239163634,0.09302893714204757,0.015461016643185568,0.07143254714176575,0.993526325122397,0.11847951728414971,0.028009342147553126,0.10895253399440234
Dataset_0172,single_output,wear rate,xgboost,42,3,0.9962654572545577,0.09061380443258088,0.015059631782047677,0.07033358896189729,0.9905055922194608,0.12286600538749194,0.02793043996078471,0.08747358567374094
Dataset_0172,single_output,wear rate,xgboost,42,4,0.9963484180007512,0.08036811639206971,0.016452019732255824,0.0636448351761391,0.9751632157054412,0.283373833133894,0.05133583933585037,0.1827503727504185
Dataset_0172,single_output,wear rate,xgboost,123,0,0.996684391674648,0.08419754061240643,0.013993275820576105,0.06190257269876053,0.9870248740984616,0.14913001042176346,0.03524698899119911,0.12364350204467775
Dataset_0172,single_output,wear rate,xgboost,123,1,0.997182888110282,0.07700077111331582,0.012797203110074094,0.055006434189645896,0.9839351043325194,0.1784537198720717,0.03453051855109746,0.12635703175862628
Dataset_0172,single_output,wear rate,xgboost,123,2,0.9964896306043501,0.08561534696024925,0.014228909250498462,0.06357274358025916,0.9877428795117116,0.15096193984829928,0.03333965102656786,0.1124546342577255
Dataset_0172,single_output,wear rate,xgboost,123,3,0.9957961301034688,0.09368294414736848,0.01703636009226559,0.07050457467703987,0.9847123520914299,0.1779392352590815,0.02957274975221564,0.13809715734209332
Dataset_0172,single_output,wear rate,xgboost,123,4,0.9955895697291356,0.09352636274430993,0.015543686678462678,0.07189746804072943,0.996409050093176,0.09416163836786887,0.021751360214337923,0.0807401861463274
Dataset_0172,single_output,wear rate,xgboost,7,0,0.9965361976280516,0.08459740170398293,0.015114776077181155,0.06218608427884292,0.9829946443795452,0.18406322726808702,0.03292723206942523,0.1388733078002929
Dataset_0172,single_output,wear rate,xgboost,7,1,0.9961050485690592,0.09592057255361633,0.015941594241917288,0.0736010328594008,0.9844054111094951,0.12667081732811214,0.0315179938611874,0.10102004597981769
Dataset_0172,single_output,wear rate,xgboost,7,2,0.996194036685805,0.08867868081296477,0.01473802240534565,0.06889907014781033,0.9920178172308971,0.12560691159562865,0.027064622192550878,0.10923242051260829
Dataset_0172,single_output,wear rate,xgboost,7,3,0.9956443942417197,0.09722909095883661,0.016159064477120923,0.0733331508636475,0.9941271929463372,0.09386101266616541,0.024079274670642737,0.07631195858546677
Dataset_0172,single_output,wear rate,xgboost,7,4,0.9963045901991763,0.0797827589405286,0.013479094262633655,0.05776217197549761,0.9934942059390529,0.1474349800629815,0.026341786682683846,0.11777265684945247
Dataset_0172,single_output,wear rate,xgboost,2024,0,0.9964694795338294,0.08228207246083674,0.013674933099690334,0.06129748167071433,0.985930116207078,0.19524972936705323,0.03629177125781659,0.13069937515258795
Dataset_0172,single_output,wear rate,xgboost,2024,1,0.9960152945515117,0.09466445944892962,0.015732833546440023,0.07130705261230473,0.9918138553974027,0.10903063961458982,0.026077646403872237,0.07902575174967451
Dataset_0172,single_output,wear rate,xgboost,2024,2,0.9960167871365485,0.08942422380308367,0.014861928503088526,0.0709915950380523,0.9927204568464929,0.1319922116030445,0.02946254723282243,0.09927683694022045
Dataset_0172,single_output,wear rate,xgboost,2024,3,0.9966652980656944,0.08363050639379817,0.014419052826516926,0.06108109171637178,0.9893384910214519,0.13836788229494842,0.03076893090837189,0.11012320872715543
Dataset_0172,single_output,wear rate,xgboost,2024,4,0.9957336737988695,0.09536824506925909,0.017039171890165995,0.06948165525239094,0.9830450201999629,0.1720627802542542,0.03240353677104599,0.12054257392883296
Dataset_0172,single_output,wear rate,xgboost,99,0,0.9958926613215096,0.09172985288871141,0.0152451143242,0.06379899617245323,0.982454791546798,0.196503023659243,0.036860443380086844,0.14331829528808596
Dataset_0172,single_output,wear rate,xgboost,99,1,0.9964283182769996,0.08698989441662458,0.01469672147603051,0.06663188285158393,0.9939958763164657,0.10666553408926664,0.02398595324696799,0.0838506230672202
Dataset_0172,single_output,wear rate,xgboost,99,2,0.9966935984868988,0.08501052049019733,0.014128389644373828,0.06294025138328822,0.9867929693940262,0.14470623224576212,0.03546721378572601,0.10517207227434433
Dataset_0172,single_output,wear rate,xgboost,99,3,0.9956251487320659,0.09399845104120097,0.01679443470452045,0.07242167295258624,0.9878517464132587,0.16500177062737587,0.02989162511365505,0.11069959940229156
Dataset_0172,single_output,wear rate,xgboost,99,4,0.9952792363654291,0.09775880566267671,0.016247100824775918,0.07671454857135648,0.9944584905910824,0.10723882601870921,0.02229961031788505,0.09152058683122906
Dataset_0172,single_output,wear rate,ann,42,0,0.9755571050229541,0.22923714951845178,0.0380982465545042,0.184688916626419,0.9223067305188287,0.3627954026081135,0.07854414431870825,0.2564305557782133
Dataset_0172,single_output,wear rate,ann,42,1,0.971241505926531,0.25161638982988893,0.042509949287022966,0.1958116493307255,0.8872518549587399,0.3456729706164896,0.09350093876561796,0.2702005584491662
Dataset_0172,single_output,wear rate,ann,42,2,0.9751197025612097,0.22629740343498658,0.037609673165196374,0.18128955705138103,0.973641566197792,0.23907140536592306,0.05651806273426078,0.16495389033902155
Dataset_0172,single_output,wear rate,ann,42,3,0.9703942604420581,0.25513121924626714,0.04240173163474607,0.19975818596069544,0.9665945378387271,0.230465828353215,0.052390504285795635,0.1746267838955353
Dataset_0172,single_output,wear rate,ann,42,4,0.9702027964495676,0.2295783947352086,0.046996600764628166,0.17444258332127285,0.9698057759576005,0.3124453018290135,0.05660240975163288,0.23373168110581885
Dataset_0172,single_output,wear rate,ann,123,0,0.9770533774008313,0.22150176020785095,0.0368126575050442,0.17086479072168545,0.9201735181281894,0.3698986553560242,0.08742582258473744,0.2943854394144817
Dataset_0172,single_output,wear rate,ann,123,1,0.9718916670303996,0.24322632102854563,0.04042318780597401,0.18762353258181583,0.9547117017857963,0.299626106854246,0.05797718785879373,0.24424848973754704
Dataset_0172,single_output,wear rate,ann,123,2,0.9718016689139428,0.2426536978044821,0.04032802024339074,0.20005714894893117,0.9168679685821551,0.3931492366322377,0.0868262448392751,0.29306701021100573
Dataset_0172,single_output,wear rate,ann,123,3,0.9738565350701291,0.2336240081068901,0.0424848168952337,0.1798315538694535,0.9507209656042689,0.31947176306795383,0.053094858412490245,0.2680619738078897
Dataset_0172,single_output,wear rate,ann,123,4,0.9664809712263992,0.25783346073600494,0.04285083276317184,0.1991028611974771,0.986685162939792,0.18131647240768498,0.04188414701032224,0.16094527883054813
Dataset_0172,single_output,wear rate,ann,7,0,0.9710595838533654,0.24453039967660425,0.04368954791434773,0.1910570761016015,0.9390504735630768,0.3484651421488629,0.06233723473146027,0.27535309664639745
Dataset_0172,single_output,wear rate,ann,7,1,0.9715918380744447,0.2590492304930784,0.04305288856458008,0.19718714090954007,0.8634452955652399,0.3748374208508427,0.09326634009724877,0.27371743192188724
Dataset_0172,single_output,wear rate,ann,7,2,0.9588446894411874,0.2916082903010515,0.048464066860736496,0.2225045627390367,0.9557688665546205,0.2956764517261577,0.06370964269040243,0.2522539130807934
Dataset_0172,single_output,wear rate,ann,7,3,0.975317216242312,0.23145630351551225,0.03846706058093938,0.18174245056686336,0.9605674569829575,0.2432146673544098,0.06239473251780651,0.20593083383909624
Dataset_0172,single_output,wear rate,ann,7,4,0.9647955960135929,0.24625000348344692,0.04160331195868338,0.1843339662034918,0.9742897315842813,0.29309181134043233,0.052365876601828176,0.22875079539799417
Dataset_0172,single_output,wear rate,ann,2024,0,0.961752948449946,0.2708225579557769,0.045009565889276536,0.21517663152047548,0.979861315762733,0.23359348800181495,0.043418863940857796,0.18174361352312893
Dataset_0172,single_output,wear rate,ann,2024,1,0.9728354409670437,0.24716682408362967,0.04107808277939665,0.18075370589837236,0.9485220381785605,0.27341323006276586,0.06539421910135514,0.24112223646921419
Dataset_0172,single_output,wear rate,ann,2024,2,0.9745611031043411,0.22598913448466768,0.037558440166971525,0.1690906357796329,0.9684320929525541,0.2748648072858018,0.06135375162629504,0.20757573857851014
Dataset_0172,single_output,wear rate,ann,2024,3,0.9703457289192222,0.2493904635322958,0.04299835578143031,0.1707789082731674,0.9160343430448433,0.38830841375313624,0.08634832416124887,0.3083142399660912
Dataset_0172,single_output,wear rate,ann,2024,4,0.9688757726177384,0.25758825174525657,0.04602255703863794,0.2070542151664448,0.9307811375783168,0.3476566384294285,0.06547205996787732,0.26965594756391853
Dataset_0172,single_output,wear rate,ann,99,0,0.9707089727122203,0.24496144841059253,0.04071155865225071,0.20163556250509632,0.936870383087886,0.37274046971465574,0.06991942782116971,0.2827458222806045
Dataset_0172,single_output,wear rate,ann,99,1,0.9717251673342977,0.24475549431688534,0.04135081843502034,0.18432823591798372,0.925662145059491,0.375322248822611,0.08439897657355767,0.27514102372165544
Dataset_0172,single_output,wear rate,ann,99,2,0.9675422177875218,0.2663509809801485,0.0442664086721204,0.20415341240050028,0.937606510043125,0.3145243568019773,0.07708930313773954,0.25460423886599626
Dataset_0172,single_output,wear rate,ann,99,3,0.9657754206057698,0.2629106085660522,0.04697348732643419,0.20664916409017567,0.9536371001675761,0.3223420592329296,0.05839530058567565,0.26207455825642834
Dataset_0172,single_output,wear rate,ann,99,4,0.972255257264707,0.2369955055893843,0.03938765258258007,0.19193043940945878,0.9780050380440161,0.21364838833397048,0.04442678068911842,0.1525252915748107
Dataset_0172,single_output,wear rate,lightgbm,42,0,0.9958425921698751,0.09454095684901467,0.01571230793568467,0.06614114103410468,0.9859974032521783,0.15401902403979223,0.03334466855158957,0.105990225566679
Dataset_0172,single_output,wear rate,lightgbm,42,1,0.9971561816240111,0.07912373588485394,0.013367753993048478,0.06167897486111623,0.9774594298504492,0.1545585972997617,0.041806491019681286,0.1302518098763987
Dataset_0172,single_output,wear rate,lightgbm,42,2,0.9974123194164156,0.07298054805704011,0.012129059008981239,0.05809686042985038,0.9880470697056947,0.16099227123173615,0.03805963858906292,0.12998620444507672
Dataset_0172,single_output,wear rate,lightgbm,42,3,0.9965938953978634,0.08653755843662257,0.014382176904873287,0.0666549465961265,0.9821595860387418,0.1684225591710282,0.038286555847017095,0.12770786991169056
Dataset_0172,single_output,wear rate,lightgbm,42,4,0.9966222041274241,0.07729652348106548,0.015823239197761612,0.0615561994422721,0.9536625815920923,0.3870597209902589,0.07011951467214836,0.2462730082449752
Dataset_0172,single_output,wear rate,lightgbm,123,0,0.9972845939537677,0.07619652854543182,0.012663541390299455,0.05792970447123435,0.9840274452058217,0.16546130725620048,0.03910690315674792,0.12449167453240607
Dataset_0172,single_output,wear rate,lightgbm,123,1,0.9967632366667294,0.08253696570368373,0.013717295280652107,0.0584844878348915,0.9752149362895091,0.22165711195608584,0.04289030804103828,0.15849498245931842
Dataset_0172,single_output,wear rate,lightgbm,123,2,0.9971157592176648,0.07760522598138263,0.012897660957517472,0.05791897575031459,0.9902044593675637,0.13495452328451413,0.029804444188276085,0.11810754874457155
Dataset_0172,single_output,wear rate,lightgbm,123,3,0.9964966681721475,0.08552174125051498,0.015552235179217128,0.06691889702688573,0.9743113653965529,0.23065979115911245,0.03833468358968131,0.16077410127260322
Dataset_0172,single_output,wear rate,lightgbm,123,4,0.9969218890188233,0.07813321626023928,0.012985410713019657,0.0595457108259172,0.989237575012014,0.16301381142155164,0.037656228094606524,0.1263801486479652
Dataset_0172,single_output,wear rate,lightgbm,7,0,0.997098240546071,0.0774303417079425,0.013834257943173573,0.06244705611163789,0.9651060490661425,0.26366303461072343,0.047166911379378076,0.21516996344155295
Dataset_0172,single_output,wear rate,lightgbm,7,1,0.9974950547774473,0.07692364515249966,0.012784385100963878,0.05901773204247813,0.9767745520448415,0.15458653303546757,0.03846392959329873,0.11323790169836188
Dataset_0172,single_output,wear rate,lightgbm,7,2,0.9955696378214527,0.09567677774096997,0.015901076573204248,0.0770406909742365,0.983284016752341,0.18176851834737595,0.03916580873677568,0.12827894997914374
Dataset_0172,single_output,wear rate,lightgbm,7,3,0.9962490581737927,0.09022816146236988,0.014995539548341345,0.06894621162150708,0.9851400324775191,0.14930395057401036,0.03830270666341979,0.12687298826303822
Dataset_0172,single_output,wear rate,lightgbm,7,4,0.9964585801980281,0.07810277288886526,0.01319526489083718,0.05785170538486417,0.9936291793587502,0.14589757344015314,0.026067102633581047,0.11206882374752844
Dataset_0172,single_output,wear rate,lightgbm,2024,0,0.9965042135142358,0.08187631811534671,0.013607498440310239,0.060231625906017654,0.9782639553616678,0.24268081455912824,0.04510795809649224,0.17659497364504098
Dataset_0172,single_output,wear rate,lightgbm,2024,1,0.9971911129526195,0.07947965718782941,0.01320918351135606,0.05749436283168884,0.995458401391786,0.08121069514096271,0.019423749136800457,0.06554164804574837
Dataset_0172,single_output,wear rate,lightgbm,2024,2,0.9976562911411627,0.06859465120153718,0.01140014146610224,0.05460978826036087,0.9821138779972803,0.20689706872399594,0.04618238141160623,0.1724199772788806
Dataset_0172,single_output,wear rate,lightgbm,2024,3,0.9975572304656699,0.07157765453113858,0.012340974919161824,0.05762641207158813,0.9908319287698211,0.12831131181297925,0.02853264661173654,0.1103943625212817
Dataset_0172,single_output,wear rate,lightgbm,2024,4,0.9965967422440465,0.08517736155661472,0.015218395847170755,0.06534775658069492,0.9716023124281395,0.22267926859705064,0.04193583212750483,0.1589019568435291
Dataset_0172,single_output,wear rate,lightgbm,99,0,0.9962045443931821,0.08817843722363673,0.014654884032513998,0.06009742299170451,0.9773446442855627,0.22329315698523655,0.04188579196871817,0.15943239972092307
Dataset_0172,single_output,wear rate,lightgbm,99,1,0.9966369924025672,0.08441047656760164,0.014260935389018695,0.062449432698718374,0.9875767661595913,0.15343224062277583,0.03450241525135503,0.12228878981610905
Dataset_0172,single_output,wear rate,lightgbm,99,2,0.9981531891127005,0.06353398450627631,0.010559080024310505,0.05180498659688586,0.9834435985003315,0.162019623464473,0.03971069202560613,0.1248115912319289
Dataset_0172,single_output,wear rate,lightgbm,99,3,0.9964506250691325,0.0846671594212709,0.015127239489239037,0.06905304303954171,0.981824298518421,0.2018260733254023,0.036562694443007665,0.12956579270614085
Dataset_0172,single_output,wear rate,lightgbm,99,4,0.996342480638991,0.08604845478059259,0.014300889941929962,0.06810798972681237,0.9905010358760248,0.14040291908060387,0.02919586589324264,0.12328350793574565
Dataset_0172,single_output,Ultimate Compression Strength (MPa),linear_regression,42,0,0.7598461606231451,8.902847519500355,0.10726322312651031,7.018771586729202,0.8442801032324808,7.954200058808698,0.10357031326573823,6.521592075366056
Dataset_0172,single_output,Ultimate Compression Strength (MPa),linear_regression,42,1,0.7933512438643673,8.8266377893702,0.10263532313221162,7.013644232016041,0.7827368338998855,8.14210292045601,0.12883074241227865,6.889844972975829
Dataset_0172,single_output,Ultimate Compression Strength (MPa),linear_regression,42,2,0.821583664182364,8.245947593491085,0.09588311155222191,6.576953680777596,0.6412887755020324,10.238316724168765,0.14795255381746772,7.8136484647152455
Dataset_0172,single_output,Ultimate Compression Strength (MPa),linear_regression,42,3,0.7765093901533753,8.667762209661209,0.11286148710496365,6.958300453995499,0.8012356443972544,8.854643953573753,0.1396631538418573,7.170936589610479
Dataset_0172,single_output,Ultimate Compression Strength (MPa),linear_regression,42,4,0.8321802563430754,8.037375532313911,0.09345785502690594,6.3297817855946175,0.5081447032087898,11.405671714234758,0.183003156265299,8.486297271842174
Dataset_0172,single_output,Ultimate Compression Strength (MPa),linear_regression,123,0,0.777666792697901,8.503539213035808,0.11174164537497777,6.736524884622048,0.7722113195445663,9.534937576868419,0.11087136717288859,8.13092222463244
Dataset_0172,single_output,Ultimate Compression Strength (MPa),linear_regression,123,1,0.7949763223149835,8.569195641468822,0.09964180978452118,6.387593440679138,0.7768032361825394,9.235849050412947,0.12136463929583374,7.957474979326869
Dataset_0172,single_output,Ultimate Compression Strength (MPa),linear_regression,123,2,0.7608426228742573,9.252216854515467,0.10758391691297055,7.530627597514432,0.8088842875597253,5.586393445332912,0.1330093677460217,4.256459956798131
Dataset_0172,single_output,Ultimate Compression Strength (MPa),linear_regression,123,3,0.8380581553829782,7.538200756524704,0.08765349716889191,6.1124637881466715,0.608461887921826,12.781873649319271,0.180026389427032,8.969616456278837
Dataset_0172,single_output,Ultimate Compression Strength (MPa),linear_regression,123,4,0.8149551835730973,8.702065290347697,0.10118680570171741,6.996921599220948,0.5448892335656981,8.803587549425584,0.19138233803099097,7.20371218650015
Dataset_0172,single_output,Ultimate Compression Strength (MPa),linear_regression,7,0,0.8040709150871699,8.105951263684886,0.09425524725214984,6.377180910401732,0.7630425946194281,10.504378350067448,0.15049252650526426,8.614013743570206
Dataset_0172,single_output,Ultimate Compression Strength (MPa),linear_regression,7,1,0.7824375058064821,8.888836425886376,0.10335856309170205,7.165777672269037,0.8369284228519691,7.69599221777414,0.11137470648008888,6.140897884015728
Dataset_0172,single_output,Ultimate Compression Strength (MPa),linear_regression,7,2,0.7683904190338897,8.711493500218891,0.1144742904102351,6.833325606991426,0.8560189635299318,8.469380530805648,0.09848116896285637,7.370453730054195
Dataset_0172,single_output,Ultimate Compression Strength (MPa),linear_regression,7,3,0.8242379435269489,8.242371721966517,0.09584153165077346,6.723021432789599,0.5552076360339582,10.22480830350185,0.15416220585754772,6.76947766897027
Dataset_0172,single_output,Ultimate Compression Strength (MPa),linear_regression,7,4,0.8018631645982035,8.93334465187121,0.1038761006031536,6.820905300601715,0.7089202143298535,7.534501042015538,0.13264966623266794,5.960521443715025
Dataset_0172,single_output,Ultimate Compression Strength (MPa),linear_regression,2024,0,0.8110062042516748,8.772340456607095,0.10200395879775692,6.972677031087949,0.651319189956883,8.257940109955104,0.132978101609583,6.316646546457846
Dataset_0172,single_output,Ultimate Compression Strength (MPa),linear_regression,2024,1,0.7455650358900354,8.822673375590437,0.11153822219456938,6.912870673066268,0.8864148452876822,8.120837097651357,0.0978414108150766,6.8408329422601835
Dataset_0172,single_output,Ultimate Compression Strength (MPa),linear_regression,2024,2,0.8024193154931831,8.426485183782102,0.09798238585793141,6.747606097874223,0.729901240188136,10.006695004372418,0.16587973484247692,8.803393994738789
Dataset_0172,single_output,Ultimate Compression Strength (MPa),linear_regression,2024,3,0.8277302758116221,7.987805146412299,0.09623861622183492,6.108957710569833,0.6016513062016637,11.355569756348345,0.15727935950620978,8.981501189721152
Dataset_0172,single_output,Ultimate Compression Strength (MPa),linear_regression,2024,4,0.7981798762191482,8.689626520025167,0.10104216883750193,6.9884751648932335,0.7598243585823807,8.653037056696624,0.143977322074819,5.629218697845135
Dataset_0172,single_output,Ultimate Compression Strength (MPa),linear_regression,99,0,0.8029221227696761,8.542484980828268,0.09933122070730545,6.570141978252855,0.7314853179991896,9.204402127502085,0.1247208960366136,7.898217875564629
Dataset_0172,single_output,Ultimate Compression Strength (MPa),linear_regression,99,1,0.7691021377472249,8.913760302869683,0.10364837561476375,6.9497197466381255,0.8580131107852319,7.721411387358309,0.11014852193093166,6.652867698184157
Dataset_0172,single_output,Ultimate Compression Strength (MPa),linear_regression,99,2,0.7710017788248222,8.8608135257011,0.10675678946627833,7.10883219125883,0.8655124419173881,7.782066963068882,0.10778486098433356,6.152061320259679
Dataset_0172,single_output,Ultimate Compression Strength (MPa),linear_regression,99,3,0.7949733264252583,8.530539446734375,0.10784499932660399,6.8417590348584065,0.7685575810713727,9.550670025972767,0.144707121605648,6.75264228111513
Dataset_0172,single_output,Ultimate Compression Strength (MPa),linear_regression,99,4,0.8436161889039868,7.930588873195706,0.09221614968832216,6.312750200144421,0.21451396685178692,11.295235323041458,0.28722785309704923,9.033897533426238
Dataset_0172,single_output,Ultimate Compression Strength (MPa),ridge,42,0,0.7595290662602969,8.908723152201777,0.10733401388194912,7.044433854751574,0.846412021264159,7.899563032864368,0.10285889365708811,6.390909430411344
Dataset_0172,single_output,Ultimate Compression Strength (MPa),ridge,42,1,0.7931408389897515,8.831130183037473,0.10268756026787759,7.022596586347059,0.7793236938515705,8.205808709441019,0.1298387454025478,6.908800996689328
Dataset_0172,single_output,Ultimate Compression Strength (MPa),ridge,42,2,0.8213501512582687,8.25134201462997,0.09594583737941825,6.577216974824535,0.6462673273239997,10.167019696118032,0.14692224994390224,7.787609798267167
Dataset_0172,single_output,Ultimate Compression Strength (MPa),ridge,42,3,0.7762699452152785,8.672404230598291,0.11292193008591522,6.970686086846166,0.7995797484280553,8.89145125200992,0.14024371059952553,7.224098652110231
Dataset_0172,single_output,Ultimate Compression Strength (MPa),ridge,42,4,0.8319833729505639,8.042088809429668,0.09351266057476358,6.336387125078157,0.5089105393587756,11.396788737322508,0.18286062955992796,8.532242709785574
Dataset_0172,single_output,Ultimate Compression Strength (MPa),ridge,123,0,0.7774219429461547,8.508220287375266,0.11180315752135699,6.727218807977141,0.766371374304865,9.656390317329802,0.1122836083410442,8.237053778771303
Dataset_0172,single_output,Ultimate Compression Strength (MPa),ridge,123,1,0.7946687071354204,8.575621793475332,0.0997165324822713,6.4462886158727875,0.7851939650940032,9.060582493896646,0.11906153080021875,7.817415842609111
Dataset_0172,single_output,Ultimate Compression Strength (MPa),ridge,123,2,0.760627650796009,9.256374203857721,0.10763225818439211,7.5376111923874785,0.79883096290904,5.7314418587607365,0.13646290139906517,4.3426682410249695
Dataset_0172,single_output,Ultimate Compression Strength (MPa),ridge,123,3,0.8378158396655664,7.54383840298593,0.08771905119751082,6.104167625317708,0.6131083737443362,12.705804362905436,0.17895499102683712,9.029861120888778
Dataset_0172,single_output,Ultimate Compression Strength (MPa),ridge,123,4,0.814755592323056,8.706757094277828,0.10124136156137009,6.9949970346893,0.5499340290631733,8.754658734759937,0.19031866814695517,7.214229220597399
Dataset_0172,single_output,Ultimate Compression Strength (MPa),ridge,7,0,0.8037944121464813,8.111668968027109,0.09432173218636174,6.400113965957569,0.7624145400953134,10.518290041444581,0.15069183440465014,8.67384488634296
Dataset_0172,single_output,Ultimate Compression Strength (MPa),ridge,7,1,0.7822032513176734,8.893620544676866,0.10341419237996355,7.18495932290206,0.8350030626837887,7.741291577429384,0.11203026884847156,6.153123885282244
Dataset_0172,single_output,Ultimate Compression Strength (MPa),ridge,7,2,0.768120266180382,8.716572627229096,0.11454103320931797,6.8254235591471675,0.8529044402262362,8.560493071463151,0.09954061711003664,7.414143721743626
Dataset_0172,single_output,Ultimate Compression Strength (MPa),ridge,7,3,0.8240133784111265,8.24763553814916,0.09590273881568791,6.725897416573889,0.5627976340012579,10.137194163967745,0.1528412237311383,6.742848935131233
Dataset_0172,single_output,Ultimate Compression Strength (MPa),ridge,7,4,0.8016812600542348,8.93744445285231,0.103923772707585,6.834930146620526,0.7110030807567016,7.507495500926918,0.13217421656561476,5.947209985789951
Dataset_0172,single_output,Ultimate Compression Strength (MPa),ridge,2024,0,0.8107907927376128,8.777338305844177,0.1020620733237695,7.011668391814162,0.6583311076844645,8.174485458154356,0.1316342263792972,6.2451991915233664
Dataset_0172,single_output,Ultimate Compression Strength (MPa),ridge,2024,1,0.7452522171474926,8.828095291212284,0.11160676727196314,6.918468133023542,0.8823195719656836,8.265937771265659,0.09958961170199589,6.947928933257878
Dataset_0172,single_output,Ultimate Compression Strength (MPa),ridge,2024,2,0.8022021510456555,8.431114761952312,0.09803621816223619,6.7441515498625435,0.7277554883913993,10.046364582012759,0.1665373324825986,8.833031371177197
Dataset_0172,single_output,Ultimate Compression Strength (MPa),ridge,2024,3,0.827504403620316,7.993040053603128,0.09630168739280877,6.119650310246016,0.6061894189434522,11.290701378183021,0.1563809055150003,9.02792442842039
Dataset_0172,single_output,Ultimate Compression Strength (MPa),ridge,2024,4,0.7979644576401763,8.69426284597595,0.10109607960437152,7.019334777389014,0.7621670603894799,8.61073226546891,0.1432734153988171,5.59899454762369
Dataset_0172,single_output,Ultimate Compression Strength (MPa),ridge,99,0,0.8026558333588228,8.548254287437922,0.09939830566788282,6.592871025323445,0.7376369916962748,9.098354755362935,0.1232839397745655,7.77435142047607
Dataset_0172,single_output,Ultimate Compression Strength (MPa),ridge,99,1,0.7688712899185696,8.918215104072395,0.10370017562874878,6.979139480521872,0.8532931713995706,7.848700083737715,0.11196433785645815,6.681668970700399
Dataset_0172,single_output,Ultimate Compression Strength (MPa),ridge,99,2,0.7707295149534835,8.866079424137649,0.1068202340257548,7.120285981030774,0.8658396267022663,7.772594992473746,0.10765367025586907,6.224331083500074
Dataset_0172,single_output,Ultimate Compression Strength (MPa),ridge,99,3,0.7947683440796576,8.534802728957404,0.10789889669984076,6.841014289096837,0.7637787504820588,9.64876750585437,0.14619344705839954,6.856514196469755
Dataset_0172,single_output,Ultimate Compression Strength (MPa),ridge,99,4,0.843413613564063,7.935723745515921,0.09227585750599908,6.313031059313893,0.22462603944144066,11.22229435306416,0.2853730286856749,9.008811166547302
Dataset_0172,single_output,Ultimate Compression Strength (MPa),elasticnet,42,0,0.7568852551192307,8.957561898378762,0.10792243251058749,7.097801170959925,0.8469100904647056,7.886743917486685,0.10269197809227452,6.322012526881709
Dataset_0172,single_output,Ultimate Compression Strength (MPa),elasticnet,42,1,0.791347099530973,8.869336261715459,0.10313181699669138,7.062326927387557,0.7710746701450057,8.357770857862691,0.13224320977630843,6.9437175801387445
Dataset_0172,single_output,Ultimate Compression Strength (MPa),elasticnet,42,2,0.8193139767214705,8.298231419713414,0.09649106301992341,6.607030931030779,0.6545715309067589,10.046970823962083,0.14518743965263128,7.737313963168061
Dataset_0172,single_output,Ultimate Compression Strength (MPa),elasticnet,42,3,0.7741415525100693,8.713557820992017,0.11345778412750021,6.996680064518047,0.7943976499124497,9.00566707048627,0.1420452219319601,7.329825527901187
Dataset_0172,single_output,Ultimate Compression Strength (MPa),elasticnet,42,4,0.8302365502233614,8.083786404394997,0.09399751633017439,6.364977888048122,0.5085902858961904,11.40050421739003,0.1829202441618938,8.63632329237645
Dataset_0172,single_output,Ultimate Compression Strength (MPa),elasticnet,123,0,0.7753200071012841,8.54829995643091,0.11232982859961774,6.736539417518253,0.752344448744335,9.94204714852003,0.1156051994013957,8.462551078605856
Dataset_0172,single_output,Ultimate Compression Strength (MPa),elasticnet,123,1,0.7921145354481953,8.628794191687728,0.10033481618241544,6.591952213462064,0.7996035688615438,8.75140677944952,0.11499877502561787,7.528951153999546
Dataset_0172,single_output,Ultimate Compression Strength (MPa),elasticnet,123,2,0.7587176137168294,9.29323077737759,0.10806082299276266,7.55323777114642,0.7736279956523033,6.079875423783158,0.14475893866150377,4.534959465275348
Dataset_0172,single_output,Ultimate Compression Strength (MPa),elasticnet,123,3,0.835700484756659,7.592875860706548,0.08828925419426219,6.089905814791132,0.6204760683862854,12.58424260268449,0.1772428535589365,9.154277850832463
Dataset_0172,single_output,Ultimate Compression Strength (MPa),elasticnet,123,4,0.8130029389685656,8.74784875872083,0.1017191716130329,6.994863045176242,0.557939293581559,8.676450419616694,0.18861848738297163,7.250485517551256
Dataset_0172,single_output,Ultimate Compression Strength (MPa),elasticnet,7,0,0.8014596150120219,8.159789645404539,0.0948812749465644,6.445593111288517,0.7593951359488106,10.584915963854383,0.15164636051367308,8.794337613763945
Dataset_0172,single_output,Ultimate Compression Strength (MPa),elasticnet,7,1,0.7802150236638016,8.934122458449153,0.10388514486568783,7.243826964871386,0.8295884266958853,7.8672876075784695,0.11385365568130926,6.17205971643456
Dataset_0172,single_output,Ultimate Compression Strength (MPa),elasticnet,7,2,0.7657545089413003,8.760925283200784,0.11512385391853856,6.875175062222836,0.8442789301726338,8.807906338929472,0.10241751556894735,7.509839097116158
Dataset_0172,single_output,Ultimate Compression Strength (MPa),elasticnet,7,3,0.822048045675367,8.29356046240466,0.09643674956284488,6.744726092207913,0.5762281776841942,9.980275986866436,0.1504753258479674,6.684685635389717
Dataset_0172,single_output,Ultimate Compression Strength (MPa),elasticnet,7,4,0.8000632717110532,8.973828574182324,0.10434684388584098,6.87099757871418,0.7131015716902753,7.480188782683124,0.13169346448385782,5.9698319505497155
Dataset_0172,single_output,Ultimate Compression Strength (MPa),elasticnet,2024,0,0.8089683849245022,8.819507388379382,0.1025524114927835,7.0908790522874625,0.6715872859071449,8.0143385926253,0.12905537186192112,6.097063020104697
Dataset_0172,single_output,Ultimate Compression Strength (MPa),elasticnet,2024,1,0.742617622950813,8.873627822979566,0.11218239978482386,6.947053114942282,0.8718282395905044,8.626530981848658,0.10393410821504408,7.172878781403337
Dataset_0172,single_output,Ultimate Compression Strength (MPa),elasticnet,2024,2,0.8002771445151443,8.472042036457792,0.09851211670299757,6.744250960688183,0.7217016246193411,10.157450242251867,0.16837878561544747,8.903042266857407
Dataset_0172,single_output,Ultimate Compression Strength (MPa),elasticnet,2024,3,0.8255274800538865,8.038712559647935,0.09685195854997512,6.1413591322663805,0.613109353283001,11.191063139790376,0.1550008745123321,9.142970709641228
Dataset_0172,single_output,Ultimate Compression Strength (MPa),elasticnet,2024,4,0.7960606102733407,8.735131241853491,0.10157129350992432,7.084882822239396,0.7653554428682556,8.55281988619468,0.14230981507811447,5.522518760048226
Dataset_0172,single_output,Ultimate Compression Strength (MPa),elasticnet,99,0,0.8004199185275642,8.596543870111374,0.09995981244315551,6.679029194661859,0.7472806048982447,8.929576293204468,0.12099696874260794,7.5198000049910885
Dataset_0172,single_output,Ultimate Compression Strength (MPa),elasticnet,99,1,0.7669004083785236,8.956158106269138,0.1041413733287109,7.061809574945917,0.8419446806224218,8.146613788056442,0.11621417671977807,6.747058688462597
Dataset_0172,single_output,Ultimate Compression Strength (MPa),elasticnet,99,2,0.7683432031665578,8.91210031051279,0.10737470253629866,7.145549776578216,0.8645440318989913,7.810035028412667,0.10817223031042476,6.370099323939572
Dataset_0172,single_output,Ultimate Compression Strength (MPa),elasticnet,99,3,0.7929408753021547,8.572717246628105,0.10837822056419856,6.840842289179783,0.7523935346554201,9.878553379417227,0.1496750512032913,7.090425233907096
Dataset_0172,single_output,Ultimate Compression Strength (MPa),elasticnet,99,4,0.8416390486739285,7.980564114693776,0.09279725714760204,6.339619022546697,0.24313078589659454,11.08757243374393,0.28194716932597413,8.971403809573884
Dataset_0172,single_output,Ultimate Compression Strength (MPa),svr_rbf,42,0,0.30160803939141545,15.182167685163712,0.18291768295377966,11.89229297437761,0.0009355539775526278,20.147502032384764,0.26233726604667656,16.7991192883929
Dataset_0172,single_output,Ultimate Compression Strength (MPa),svr_rbf,42,1,0.3228232808843141,15.978275936352118,0.18579390623665254,12.477644998959018,0.2048265414858802,15.57666477555303,0.24646621480305433,12.957088651144092
Dataset_0172,single_output,Ultimate Compression Strength (MPa),svr_rbf,42,2,0.3383620578236268,15.879377141961056,0.1846439202553611,12.774663597706368,0.32685967100156066,14.025194169737306,0.20267621632568364,10.951209006966176
Dataset_0172,single_output,Ultimate Compression Strength (MPa),svr_rbf,42,3,0.2968713146551669,15.374278934438848,0.2001859236255058,12.27113691363142,0.10774794074996996,18.760552739501097,0.2959077719164211,15.14770286543583
Dataset_0172,single_output,Ultimate Compression Strength (MPa),svr_rbf,42,4,0.34575407561806026,15.869500111262536,0.18452907106119226,12.66374592065813,0.21220036792248076,14.434776960799406,0.23160492516324763,12.194561173080576
Dataset_0172,single_output,Ultimate Compression Strength (MPa),svr_rbf,123,0,0.287122834090632,15.226668902510287,0.20008763341012206,11.988326901450234,-0.0954557044925175,20.90976709323418,0.24313682666551373,18.072558476938966
Dataset_0172,single_output,Ultimate Compression Strength (MPa),svr_rbf,123,1,0.30859868630196385,15.736318920514725,0.1829804525641247,12.748083965091908,0.29454098942392815,16.419834371105658,0.21576654889757765,12.172000139296285
Dataset_0172,single_output,Ultimate Compression Strength (MPa),svr_rbf,123,2,0.310292973656619,15.712172465975529,0.18269967983692476,12.168345507410319,-1.107946591448211,18.552956406700886,0.44173705730240204,15.717935117783457
Dataset_0172,single_output,Ultimate Compression Strength (MPa),svr_rbf,123,3,0.340982028805469,15.20676334636806,0.17682282960893092,12.051241071873719,0.27153814585921,17.434556585863216,0.24555713501215798,14.064869779454265
Dataset_0172,single_output,Ultimate Compression Strength (MPa),svr_rbf,123,4,0.34774312875625213,16.33778614081828,0.18997425745137536,12.923891484583017,0.29082509461147044,10.989496940250186,0.23890210739674317,10.067419228187791
Dataset_0172,single_output,Ultimate Compression Strength (MPa),svr_rbf,7,0,0.3227717244094239,15.070306129979615,0.17523611779046064,11.783268157334525,0.222465795103722,19.02807982710627,0.27260859351155114,16.43277224631589
Dataset_0172,single_output,Ultimate Compression Strength (MPa),svr_rbf,7,1,0.30859193696559506,15.846017080498047,0.1842560125639308,12.262839849558887,0.27638114813115655,16.2117695061217,0.23461316217252826,14.244008070574852
Dataset_0172,single_output,Ultimate Compression Strength (MPa),svr_rbf,7,2,0.3122214070218773,15.012004422222063,0.19726681238136745,12.013823683798243,0.28544066711111293,18.867664555860713,0.2193914483239618,15.300865916228416
Dataset_0172,single_output,Ultimate Compression Strength (MPa),svr_rbf,7,3,0.3083148566559686,16.350982659922998,0.19012770534794185,12.96251735609082,0.018965864647226605,15.185132040699642,0.22895035116019063,11.806591439463592
Dataset_0172,single_output,Ultimate Compression Strength (MPa),svr_rbf,7,4,0.3444228510807884,16.249626459844603,0.18894914488191397,13.101890947139093,0.2466724681775584,12.121054221411251,0.21339884192625444,9.627505685490345
Dataset_0172,single_output,Ultimate Compression Strength (MPa),svr_rbf,2024,0,0.3261917511095438,16.563795743713737,0.1926022760896946,13.549329677719586,0.3504672480794516,11.270890567627285,0.18149582234504485,8.492872215874247
Dataset_0172,single_output,Ultimate Compression Strength (MPa),svr_rbf,2024,1,0.286084328466213,14.778667003644568,0.18683523392723855,11.661650289427223,0.2830620458968819,20.40237838841557,0.24581178781223578,17.2836457971831
Dataset_0172,single_output,Ultimate Compression Strength (MPa),svr_rbf,2024,2,0.3238059316885161,15.58869992014018,0.18126395255976951,12.342214558176735,0.24178803523404035,16.765815580436506,0.277924833492524,13.654951792222116
Dataset_0172,single_output,Ultimate Compression Strength (MPa),svr_rbf,2024,3,0.3551127395555852,15.454853115314593,0.18620304958210354,12.241378348013962,0.2113319355804737,15.978071431726505,0.22130292841726465,12.94399132255318
Dataset_0172,single_output,Ultimate Compression Strength (MPa),svr_rbf,2024,4,0.3255404058819622,15.88535209137678,0.1847133964113579,12.424066796732719,0.2769487466611523,15.013730835380905,0.24981249310117976,12.91466501581005
Dataset_0172,single_output,Ultimate Compression Strength (MPa),svr_rbf,99,0,0.3411705154971354,15.618948735181837,0.18161568296723066,12.432682980071373,0.19782358554116508,15.909132901403483,0.2155709065230824,12.547642594682797
Dataset_0172,single_output,Ultimate Compression Strength (MPa),svr_rbf,99,1,0.3162857742214952,15.33869117248386,0.17835687409864953,12.242890835695528,0.2514102031595543,17.729419713086518,0.252916115735899,14.377427838640582
Dataset_0172,single_output,Ultimate Compression Strength (MPa),svr_rbf,99,2,0.2865045118942571,15.640590954810772,0.18844085487723822,12.409947905804305,0.28189359787580703,17.982427116226926,0.24906408748236744,14.663733000136016
Dataset_0172,single_output,Ultimate Compression Strength (MPa),svr_rbf,99,3,0.3311703130578614,15.407390276016033,0.19478369501916604,12.112729244834307,0.25327472406730145,17.155081541451555,0.25992547790078113,14.144427056425275
Dataset_0172,single_output,Ultimate Compression Strength (MPa),svr_rbf,99,4,0.3406787456269418,16.28388692899613,0.18934752243018754,12.93620200074206,0.15554022788262445,11.711581167461308,0.29781516001173075,10.288776102925604
Dataset_0172,single_output,Ultimate Compression Strength (MPa),gpr,42,0,0.9844816985642442,2.2631131071717427,0.027266422977972805,1.6875891952412583,0.9042761995728434,6.236406602103764,0.08120321096489275,5.008321257734362
Dataset_0172,single_output,Ultimate Compression Strength (MPa),gpr,42,1,0.9776233424312082,2.904534339589335,0.033773655111503896,2.2017628020790627,0.9236966539155138,4.825200091289107,0.07634810271027069,3.5099509103372717
Dataset_0172,single_output,Ultimate Compression Strength (MPa),gpr,42,2,0.982201045629673,2.6044768841832355,0.030284614932363205,1.9490301605213287,0.8764115379396246,6.009592733301145,0.0868438256257391,4.791259172193849
Dataset_0172,single_output,Ultimate Compression Strength (MPa),gpr,42,3,0.9939412693152974,1.427145236365218,0.018582620265172108,1.10945934659119,0.8803597997757054,6.869741824382431,0.10835554928047998,4.750576706117408
Dataset_0172,single_output,Ultimate Compression Strength (MPa),gpr,42,4,0.9853263799852087,2.3766288678653913,0.02763521939378362,1.875048639928117,0.7819738588470062,7.5937531437655235,0.1218412056761416,5.710926367368444
Dataset_0172,single_output,Ultimate Compression Strength (MPa),gpr,123,0,0.9809326293482805,2.490250045485592,0.032723390873660864,2.0578261905592727,0.920722190969499,5.625065765470932,0.06540774145896433,4.485117513659595
Dataset_0172,single_output,Ultimate Compression Strength (MPa),gpr,123,1,0.991212926063467,1.7740268506758183,0.020628219193904864,1.4137811718375786,0.8788486531939411,6.804512289385804,0.08941540459114067,4.832743879182462
Dataset_0172,single_output,Ultimate Compression Strength (MPa),gpr,123,2,0.981166577365914,2.596381694591009,0.03019048482082569,1.9296893516153273,0.8053670029079364,5.637564941392751,0.1342277366998274,4.569361146679513
Dataset_0172,single_output,Ultimate Compression Strength (MPa),gpr,123,3,0.9755785598686748,2.9273442240255982,0.03403888632587905,2.2303780870124728,0.83814338271029,8.218124736419933,0.11574823572422441,4.994573892012702
Dataset_0172,single_output,Ultimate Compression Strength (MPa),gpr,123,4,0.9870244966495845,2.304336943357349,0.026794615620434288,1.7933692400966923,0.8526390235718031,5.009476896518878,0.10890167166345387,3.9115577682013742
Dataset_0172,single_output,Ultimate Compression Strength (MPa),gpr,7,0,0.9902603296449863,1.807285075777592,0.021014942741599908,1.4025619021423712,0.8445698734135609,8.507516760750091,0.12188419428008725,6.078765730832444
Dataset_0172,single_output,Ultimate Compression Strength (MPa),gpr,7,1,0.9846503671107335,2.3610321252994395,0.027453861922086507,1.7769978706602718,0.942994758415388,4.550225074947207,0.06584985636681921,3.6058667247570497
Dataset_0172,single_output,Ultimate Compression Strength (MPa),gpr,7,2,0.9795754171008579,2.5869673925322774,0.03399431527637684,2.017351698981554,0.9422788408178475,5.362490311536384,0.06235453850623702,3.6728757026081027
Dataset_0172,single_output,Ultimate Compression Strength (MPa),gpr,7,3,0.9799550476962537,2.7835059101626496,0.03236634779258895,2.061163964867533,0.823291263974934,6.444741810749495,0.0971691188955823,5.2114645957237125
Dataset_0172,single_output,Ultimate Compression Strength (MPa),gpr,7,4,0.9871786700792281,2.2724692552697423,0.0264240611077877,1.730436874422661,0.7718872953738593,6.6699597156500445,0.11742886823327543,4.278636716821524
Dataset_0172,single_output,Ultimate Compression Strength (MPa),gpr,2024,0,0.9916752221890653,1.8411027646614322,0.021408171682109678,1.5070927646276118,0.7387317156491116,7.1482717185571305,0.11510904538739342,5.032592495802673
Dataset_0172,single_output,Ultimate Compression Strength (MPa),gpr,2024,1,0.9747969629545489,2.77675936188618,0.035104416711582556,2.144702220892306,0.9686171722329465,4.2686057832578435,0.051428985340455945,3.643255017966386
Dataset_0172,single_output,Ultimate Compression Strength (MPa),gpr,2024,2,0.9659723835468211,3.496954512377184,0.04066226177182772,2.660074958502596,0.9478687175471936,4.396211444065479,0.07287544872052183,3.8777906397622806
Dataset_0172,single_output,Ultimate Compression Strength (MPa),gpr,2024,3,0.9879341439049358,2.113985741213233,0.025469707725460637,1.5626163163318143,0.8786799247979739,6.266767264839367,0.08679733053794139,4.645770014856523
Dataset_0172,single_output,Ultimate Compression Strength (MPa),gpr,2024,4,0.9856409401983353,2.317831596813852,0.026951530195509908,1.6850397856031156,0.8744191488887462,6.256994814318143,0.1041097306874899,5.746933882666463
Dataset_0172,single_output,Ultimate Compression Strength (MPa),gpr,99,0,0.9791852044536336,2.776203904758685,0.03228144075300796,2.1755624571363055,0.9311719501759971,4.660089929439835,0.06314484999240967,3.6355213025465978
Dataset_0172,single_output,Ultimate Compression Strength (MPa),gpr,99,1,0.9811670853852632,2.5457148977340434,0.029601336020163294,1.8567211558903638,0.9167389365080614,5.9128048633789385,0.08434814355747416,4.921631240539106
Dataset_0172,single_output,Ultimate Compression Strength (MPa),gpr,99,2,0.9850026933795986,2.267588145687468,0.027320339104668287,1.7989913025461335,0.9080939619529358,6.433183387146568,0.08910226297986937,4.411535260211954
Dataset_0172,single_output,Ultimate Compression Strength (MPa),gpr,99,3,0.9775546960501019,2.822500699438603,0.03568268899416691,2.0870234014163094,0.9404456570635046,4.844724431702183,0.07340491563185125,3.9699541834326655
Dataset_0172,single_output,Ultimate Compression Strength (MPa),gpr,99,4,0.9886266465960294,2.1387193911640985,0.024868830129815098,1.6857574741371488,0.7305573162329928,6.6154478098132605,0.16822499198507979,4.891578355716968
Dataset_0172,single_output,Ultimate Compression Strength (MPa),random_forest,42,0,0.8795646876226381,6.304651566863049,0.07595965743208492,5.170998987695584,0.848956425596405,7.833855988865361,0.10200333318835104,6.4796834371276635
Dataset_0172,single_output,Ultimate Compression Strength (MPa),random_forest,42,1,0.9061835527210474,5.947280179161731,0.0691544206879271,4.657084329549935,0.8793572990512514,6.0672803328154075,0.0960012710888514,4.969331876553431
Dataset_0172,single_output,Ultimate Compression Strength (MPa),random_forest,42,2,0.9233775372475479,5.40382549226384,0.0628351801426028,4.46661088049705,0.7240351776272786,8.98013653732584,0.12977075920991102,6.767542708298836
Dataset_0172,single_output,Ultimate Compression Strength (MPa),random_forest,42,3,0.9064986364785402,5.606428917736785,0.07300037653303106,4.445390753910148,0.7346959365224099,10.229956835018957,0.16135578604130846,9.017238252554717
Dataset_0172,single_output,Ultimate Compression Strength (MPa),random_forest,42,4,0.9154003439287736,5.706594749865129,0.06635575290540847,4.385871725956427,0.6605393058714291,9.475386599824308,0.15203187484675987,7.604320867062849
Dataset_0172,single_output,Ultimate Compression Strength (MPa),random_forest,123,0,0.9001787159296393,5.697825287622665,0.07487286843130966,4.657991112068456,0.7879283786787434,9.20011091335445,0.10697803387621453,7.949613476094699
Dataset_0172,single_output,Ultimate Compression Strength (MPa),random_forest,123,1,0.9093287129043148,5.698662524710353,0.06626351772919015,4.476681634004394,0.784509430780171,9.075007941006652,0.11925108989496258,7.67865614667125
Dataset_0172,single_output,Ultimate Compression Strength (MPa),random_forest,123,2,0.8809066402775512,6.529015294817929,0.0759187824978829,5.37172699644807,0.4499984892249719,9.476877433107171,0.2256399388835041,7.78418105138581
Dataset_0172,single_output,Ultimate Compression Strength (MPa),random_forest,123,3,0.9333394066835052,4.836405939300439,0.056237278363958594,3.7968687452895766,0.619780245647686,12.595773354212215,0.1774052585100312,10.11112579106078
Dataset_0172,single_output,Ultimate Compression Strength (MPa),random_forest,123,4,0.9123115948306639,5.99038811634465,0.06965567577144942,4.82606638222645,0.7109486224378119,7.015985042337329,0.15252141396385496,5.189014949060886
Dataset_0172,single_output,Ultimate Compression Strength (MPa),random_forest,7,0,0.9229701210451031,5.082579037185597,0.05909975624634415,4.182245180668096,0.7986915834568943,9.682024547630991,0.13871095340445544,7.967149910799075
Dataset_0172,single_output,Ultimate Compression Strength (MPa),random_forest,7,1,0.899488343283644,6.041727251104134,0.07025264245469923,4.995994436030198,0.8465769150157016,7.464845777433157,0.10802960604100084,6.277069829657992
Dataset_0172,single_output,Ultimate Compression Strength (MPa),random_forest,7,2,0.891179691097467,5.9713060892910725,0.07846657147557258,4.549404864589433,0.8930178161907617,7.3005356804070844,0.0848899497721754,6.101792315181469
Dataset_0172,single_output,Ultimate Compression Strength (MPa),random_forest,7,3,0.9186808330534337,5.6064260057477995,0.06519100006683488,4.4645220475877325,0.5147783872079976,10.679393315882207,0.16101610728808458,8.714119443865942
Dataset_0172,single_output,Ultimate Compression Strength (MPa),random_forest,7,4,0.9091249809995582,6.049977169330849,0.07034857173640523,4.596112206041088,0.5479358200037436,9.389630931671718,0.16531040372661476,8.125284893694284
Dataset_0172,single_output,Ultimate Compression Strength (MPa),random_forest,2024,0,0.9216945873072534,5.646607440262986,0.06565822604956961,4.441852696351535,0.6098347288463377,8.735384196481032,0.14066641218165915,7.446049794791621
Dataset_0172,single_output,Ultimate Compression Strength (MPa),random_forest,2024,1,0.8823607470893166,5.999125326186965,0.07584229236645974,4.82182753653428,0.9004875072133903,7.601141451247747,0.09158001748491261,5.694449811904111
Dataset_0172,single_output,Ultimate Compression Strength (MPa),random_forest,2024,2,0.9038733162817042,5.877548189693095,0.0683435836010825,4.705444880299504,0.7999324830363078,8.612270442687386,0.1427645328253193,7.785984454598421
Dataset_0172,single_output,Ultimate Compression Strength (MPa),random_forest,2024,3,0.9138156725488371,5.649852780522269,0.06807051542797915,4.483132954219216,0.5937219556865009,11.46803229718962,0.15883701242644904,9.06162045454546
Dataset_0172,single_output,Ultimate Compression Strength (MPa),random_forest,2024,4,0.9162579353867761,5.597456262509432,0.06508670072685387,4.368654071324875,0.7851615301309525,8.183896141153657,0.13617131682452005,6.493753898563336
Dataset_0172,single_output,Ultimate Compression Strength (MPa),random_forest,99,0,0.8969393815458845,6.177484411695421,0.07183121408948163,4.7130009894758285,0.7817320254331257,8.298633305322612,0.11244760576317901,7.002809308254295
Dataset_0172,single_output,Ultimate Compression Strength (MPa),random_forest,99,1,0.8871776061941264,6.230869428553402,0.07245197009945815,5.003462606535598,0.8803809277055327,7.087168926588064,0.10110084060753302,6.126718153114468
Dataset_0172,single_output,Ultimate Compression Strength (MPa),random_forest,99,2,0.904806576879666,5.712957781778291,0.06883081664793123,4.651797266745862,0.7703086165430759,10.170124307108114,0.1408604474668714,9.286491025773168
Dataset_0172,single_output,Ultimate Compression Strength (MPa),random_forest,99,3,0.9127942705577166,5.5634452991275865,0.07033432742259907,4.276902180204138,0.7690937160572761,9.539601577122514,0.14453941783518962,7.298086128709599
Dataset_0172,single_output,Ultimate Compression Strength (MPa),random_forest,99,4,0.9267980108927697,5.425889951506346,0.06309174362216682,4.469073166790009,0.6191335334515147,7.865247949673966,0.20000630514110537,5.429212483895634
Dataset_0172,single_output,Ultimate Compression Strength (MPa),extra_trees,42,0,0.8580915164030988,6.843658779746773,0.08245372023791293,5.77992129692917,0.7903257661174548,9.229899850815883,0.1201809876408318,7.474081433381498
Dataset_0172,single_output,Ultimate Compression Strength (MPa),extra_trees,42,1,0.8896117493911027,6.451197427090045,0.07501392357081448,5.363933390610358,0.768594957739548,8.402914501905032,0.13295750794153535,7.363683281625871
Dataset_0172,single_output,Ultimate Compression Strength (MPa),extra_trees,42,2,0.9142673866666035,5.716053612649077,0.06646573968196601,4.894806416753722,0.6712671449041306,9.801163476831968,0.1416353103588435,7.536164275922578
Dataset_0172,single_output,Ultimate Compression Strength (MPa),extra_trees,42,3,0.9065619081431577,5.604531682725506,0.07297567295215501,4.562637206029946,0.6459627241269801,11.817519987777198,0.18639621431825232,11.04035815948591
Dataset_0172,single_output,Ultimate Compression Strength (MPa),extra_trees,42,4,0.9048388591290605,6.052329360860015,0.07037592280069785,4.972963274949874,0.6508099797370337,9.610214971657983,0.1541951860675168,8.076876806500398
Dataset_0172,single_output,Ultimate Compression Strength (MPa),extra_trees,123,0,0.8901385460766745,5.977508789151776,0.0785480787010746,5.031570225817113,0.7793054382478719,9.385287924489106,0.10913125493591984,8.368729437710295
Dataset_0172,single_output,Ultimate Compression Strength (MPa),extra_trees,123,1,0.9030393213315063,5.892992274721189,0.06852316598513011,4.844899148333818,0.8008193755066441,8.72481896581987,0.11464939508304692,7.177681995590831
Dataset_0172,single_output,Ultimate Compression Strength (MPa),extra_trees,123,2,0.8748166635221394,6.693868456146231,0.0778356797226306,5.704301425337106,0.41475072789275735,9.77583276987399,0.23275792309223786,8.782535639043536
Dataset_0172,single_output,Ultimate Compression Strength (MPa),extra_trees,123,3,0.9215531308463271,5.246575974011746,0.06100669737222961,4.280276832466738,0.7009025897680466,11.171560075457464,0.15734591655573893,8.647557709750568
Dataset_0172,single_output,Ultimate Compression Strength (MPa),extra_trees,123,4,0.8864157601119127,6.817778907850035,0.07927649892848877,5.813386389345029,0.6054692725353445,8.196747357904986,0.17819015995445622,6.772052097505684
Dataset_0172,single_output,Ultimate Compression Strength (MPa),extra_trees,7,0,0.9020654371674295,5.7308960057541745,0.06663832564830435,4.897307696092082,0.7091242321065544,11.638284902789179,0.16673760605715154,10.29954947795407
Dataset_0172,single_output,Ultimate Compression Strength (MPa),extra_trees,7,1,0.8858615077425871,6.438266735922338,0.07486356669677137,5.538100562285402,0.759906513766679,9.338253794699927,0.13514115477134483,8.205197021164045
Dataset_0172,single_output,Ultimate Compression Strength (MPa),extra_trees,7,2,0.8765359926256404,6.3604016426056535,0.08357952224186142,5.3096397592924465,0.870506064223694,8.03200025983241,0.0933953518585164,7.35186618686871
Dataset_0172,single_output,Ultimate Compression Strength (MPa),extra_trees,7,3,0.906565406897491,6.00957117960125,0.06987873464652616,5.0176019990546195,0.43611102142658986,11.512597366629597,0.17357855057112098,9.780949711399776
Dataset_0172,single_output,Ultimate Compression Strength (MPa),extra_trees,7,4,0.8988046781217908,6.3842766272528575,0.07423577473549835,5.115485908137202,0.5712114626694336,9.144712526597754,0.1609984599753126,7.876098034769505
Dataset_0172,single_output,Ultimate Compression Strength (MPa),extra_trees,2024,0,0.9116303987618607,5.998506755694183,0.06975007855458353,5.084091938178817,0.583953712668134,9.020456804109083,0.14525695336729602,7.939440158730067
Dataset_0172,single_output,Ultimate Compression Strength (MPa),extra_trees,2024,1,0.8697764155745519,6.3118494053769725,0.07979582054838145,5.409430068226143,0.8803883458856027,8.333486954776827,0.1004034572864678,6.875371428571428
Dataset_0172,single_output,Ultimate Compression Strength (MPa),extra_trees,2024,2,0.8895448782808991,6.3003858572095535,0.07326030066522736,5.32911629803781,0.6771942520464573,10.939563603514035,0.18134378124349834,10.217550007558561
Dataset_0172,single_output,Ultimate Compression Strength (MPa),extra_trees,2024,3,0.9029747048436008,5.994672603638884,0.07222497112817933,4.899386316365694,0.5753833231247958,11.72399850323024,0.16238225073726095,8.639599156746025
Dataset_0172,single_output,Ultimate Compression Strength (MPa),extra_trees,2024,4,0.9061559126427712,5.925463596355393,0.06890073949250457,5.142199085850325,0.7302992264260093,9.169489975322335,0.1525705486742485,7.7112693638768794
Dataset_0172,single_output,Ultimate Compression Strength (MPa),extra_trees,99,0,0.8833626408081314,6.571796777646095,0.07641624160053599,5.429326185834959,0.7299635787743177,9.230447092398933,0.12507380884009392,8.007756119929528
Dataset_0172,single_output,Ultimate Compression Strength (MPa),extra_trees,99,1,0.8749353102146322,6.560219193643188,0.07628161853073474,5.58608446925397,0.8340599082354249,8.347342483096165,0.11907763884587969,6.970946086099047
Dataset_0172,single_output,Ultimate Compression Strength (MPa),extra_trees,99,2,0.8970469771029661,5.941239968522198,0.07158120444002648,4.9228674420726675,0.7236639733072849,11.155079348082676,0.15450248404546646,10.343790154950828
Dataset_0172,single_output,Ultimate Compression Strength (MPa),extra_trees,99,3,0.9110648503252522,5.6183401998637885,0.0710283211107938,4.2555307282596875,0.7839383986304879,9.22786337727845,0.1398161117769462,7.10626205893975
Dataset_0172,single_output,Ultimate Compression Strength (MPa),extra_trees,99,4,0.917037249925125,5.776318208808709,0.06716649080010127,4.854055667305213,0.524581731965253,8.787472573462173,0.2234576623893751,6.516975932797365
Dataset_0172,single_output,Ultimate Compression Strength (MPa),gradient_boosting,42,0,0.8618039326641594,6.7535483023077445,0.08136805183503307,5.444147521426656,0.8859420619914762,6.807493169992724,0.08863923398428025,5.551326313494358
Dataset_0172,single_output,Ultimate Compression Strength (MPa),gradient_boosting,42,1,0.8544819027103715,7.406915859376704,0.08612692859740353,5.969126895011349,0.8057825911894226,7.698172057791028,0.1218065199017568,6.184245647898009
Dataset_0172,single_output,Ultimate Compression Strength (MPa),gradient_boosting,42,2,0.9700411692264773,3.378980553052672,0.03929047154712409,2.4791137556065292,0.8940470457512241,5.564326590805416,0.08040934379776614,4.258172011834916
Dataset_0172,single_output,Ultimate Compression Strength (MPa),gradient_boosting,42,3,0.9744344239285905,2.931602880323539,0.03817191250421274,2.2553456789209183,0.8394765798125688,7.957397488924977,0.12551100140260216,5.686653637744787
Dataset_0172,single_output,Ultimate Compression Strength (MPa),gradient_boosting,42,4,0.9739069481991868,3.1692403161801495,0.03685163158349011,2.3309934651488877,0.8547457231650394,6.198215263803314,0.09944990395191841,3.9935282004363395
Dataset_0172,single_output,Ultimate Compression Strength (MPa),gradient_boosting,123,0,0.9483346434141724,4.099182630443292,0.05386573758795391,2.980067037831854,0.8478775760947619,7.791990298741274,0.09060453835745667,6.103307546197841
Dataset_0172,single_output,Ultimate Compression Strength (MPa),gradient_boosting,123,1,0.9584271712464968,3.858716184632225,0.04486879284456075,2.881744259699892,0.8623345986433257,7.253461031630658,0.09531486243929906,5.196927238292082
Dataset_0172,single_output,Ultimate Compression Strength (MPa),gradient_boosting,123,2,0.9523479417985519,4.129949527509557,0.04802266892452973,3.2736342627177226,0.8977744779320501,4.085667229357315,0.09727779117517417,2.9503154963342744
Dataset_0172,single_output,Ultimate Compression Strength (MPa),gradient_boosting,123,3,0.9667586879947695,3.4152872495704445,0.03971264243686563,2.4552886474549345,0.7168624697602548,10.869416202220789,0.15309036904536322,8.178270187311906
Dataset_0172,single_output,Ultimate Compression Strength (MPa),gradient_boosting,123,4,0.9597234051564352,4.05985243704607,0.04720758647727988,3.107095037453463,0.9197532053718765,3.696706573165683,0.08036318637316703,3.1627356190009857
Dataset_0172,single_output,Ultimate Compression Strength (MPa),gradient_boosting,7,0,0.9584271068679389,3.7338739922676627,0.04341713944497282,2.8744613690953544,0.87098899895383,7.750836675144253,0.11104350537455948,5.350267972154649
Dataset_0172,single_output,Ultimate Compression Strength (MPa),gradient_boosting,7,1,0.9439256995345904,4.512683052397487,0.05247305874880799,2.972918953666704,0.8963871291234612,6.1345447334296574,0.08877778195990822,4.64176827076623
Dataset_0172,single_output,Ultimate Compression Strength (MPa),gradient_boosting,7,2,0.9563861988634454,3.7803005199194035,0.04967543390170044,2.8112257899842725,0.9688707325636396,3.9380701558566322,0.045791513440193395,3.1436904521671756
Dataset_0172,single_output,Ultimate Compression Strength (MPa),gradient_boosting,7,3,0.9480833582820168,4.479638104107396,0.05208881516403949,3.6025367048277874,0.8141116338746364,6.610017635817926,0.09966102730219265,5.128775698489803
Dataset_0172,single_output,Ultimate Compression Strength (MPa),gradient_boosting,7,4,0.9341768353208362,5.14897588433091,0.05987181260849895,3.764710088464875,0.6552507558854701,8.199741010237434,0.14436163750418018,6.558064348040502
Dataset_0172,single_output,Ultimate Compression Strength (MPa),gradient_boosting,2024,0,0.9809096844716286,2.788035234361892,0.032419014353045256,2.0385191329638404,0.7519423806762967,6.96520641615724,0.11216113391557553,3.691806465621615
Dataset_0172,single_output,Ultimate Compression Strength (MPa),gradient_boosting,2024,1,0.9375736494826945,4.370144317687413,0.05524834788479663,2.9758819137636814,0.9749815221234049,3.8112764697752652,0.04591899361175018,3.1516978529090465
Dataset_0172,single_output,Ultimate Compression Strength (MPa),gradient_boosting,2024,2,0.9313900840493824,4.9655534642531896,0.057738993770385924,3.6774875396960516,0.9094074638457055,5.795295388244046,0.0960678887400588,5.565366109404855
Dataset_0172,single_output,Ultimate Compression Strength (MPa),gradient_boosting,2024,3,0.9664526481945623,3.524943047953372,0.0424691933488358,2.494947775961961,0.8795595477235364,6.244007551167353,0.08648209904663925,4.948219166343103
Dataset_0172,single_output,Ultimate Compression Strength (MPa),gradient_boosting,2024,4,0.9325612359066937,5.023121442673927,0.05840838886830147,3.7594372272388097,0.860565197136011,6.593100221393717,0.10970216674531974,4.869545774726032
Dataset_0172,single_output,Ultimate Compression Strength (MPa),gradient_boosting,99,0,0.9461501685826388,4.465370100218268,0.05192290814207289,2.827245233750189,0.9217128409352286,4.970005074767553,0.06734424220552239,4.136392881851636
Dataset_0172,single_output,Ultimate Compression Strength (MPa),gradient_boosting,99,1,0.9584946068147437,3.779229461679902,0.0439445286241849,2.7822967609084426,0.8882295699186957,6.850717050787089,0.09772777533219813,5.439310439939567
Dataset_0172,single_output,Ultimate Compression Strength (MPa),gradient_boosting,99,2,0.9746633746355997,2.947351464624981,0.03551025860993953,2.3651414191760995,0.8794273668635777,7.368486329965559,0.10205659736794405,4.383735905400295
Dataset_0172,single_output,Ultimate Compression Strength (MPa),gradient_boosting,99,3,0.9582423467743412,3.8498105158689375,0.04867017087065661,2.821009715895902,0.8842719882113578,6.753542024849304,0.10232639431589854,5.681058220981008
Dataset_0172,single_output,Ultimate Compression Strength (MPa),gradient_boosting,99,4,0.9618642361419,3.916298306629563,0.04553835240266934,2.568428766036003,0.7429052910013249,6.462084300419983,0.1643250934626824,5.614995470451041
Dataset_0172,single_output,Ultimate Compression Strength (MPa),xgboost,42,0,0.96979853150928,3.157171678110203,0.038038212989279556,2.229734379283168,0.9258792474243019,5.487750606464877,0.07145508602167808,3.926660868326823
Dataset_0172,single_output,Ultimate Compression Strength (MPa),xgboost,42,1,0.9711587352197999,3.2975095217870356,0.038343133974267855,2.281938572933798,0.9295856117562158,4.635261510179665,0.07334274541423522,3.0795340169270844
Dataset_0172,single_output,Ultimate Compression Strength (MPa),xgboost,42,2,0.9729022577391091,3.2135851824502333,0.03736726956337481,2.119794890305091,0.8947541693107516,5.54572751830681,0.08014057107379785,4.263201577322824
Dataset_0172,single_output,Ultimate Compression Strength (MPa),xgboost,42,3,0.9813281811601354,2.5053630076501543,0.03262191416211138,1.9140804106613687,0.8604646241893608,7.418976808916341,0.11701856165483186,4.488381195068358
Dataset_0172,single_output,Ultimate Compression Strength (MPa),xgboost,42,4,0.976002469395101,3.039317081361013,0.0353408962948955,2.1460198185361663,0.8306649025841899,6.692304326757499,0.10737752630176495,4.418809727260046
Dataset_0172,single_output,Ultimate Compression Strength (MPa),xgboost,123,0,0.9685031869498313,3.200596003303553,0.04205776614065116,2.2580500498989173,0.91855859390548,5.701306857407709,0.06629426578381058,4.651011454264321
Dataset_0172,single_output,Ultimate Compression Strength (MPa),xgboost,123,1,0.9823510341062017,2.514187601472603,0.029234739552007012,1.949517693770559,0.8837194293886117,6.666324599594382,0.08759953481727177,4.228686218261719
Dataset_0172,single_output,Ultimate Compression Strength (MPa),xgboost,123,2,0.9655891580596702,3.50955103134575,0.040808732922625,2.480831756591797,0.9443232562658656,3.0152285482458403,0.07179115591061525,2.1777312142508367
Dataset_0172,single_output,Ultimate Compression Strength (MPa),xgboost,123,3,0.9798966072299119,2.6559679945487034,0.030883348773822133,1.8141670174434263,0.8147343325466728,8.792350076959146,0.12383591657688937,6.554331970214844
Dataset_0172,single_output,Ultimate Compression Strength (MPa),xgboost,123,4,0.9706452362369072,3.4659569993032937,0.04030182557329411,2.3727252565581223,0.9392170911577034,3.2173023242088368,0.06994135487410515,2.510102866036551
Dataset_0172,single_output,Ultimate Compression Strength (MPa),xgboost,7,0,0.9841506670277179,2.305472933444111,0.026807824807489663,1.750921009799891,0.8931982541848753,7.052196242240021,0.10103433011805187,4.589062805175781
Dataset_0172,single_output,Ultimate Compression Strength (MPa),xgboost,7,1,0.9717091036026152,3.2053558735726786,0.037271579925263705,2.228576263963131,0.9188189314317209,5.430037963088466,0.07858231495062905,4.0252553304036445
Dataset_0172,single_output,Ultimate Compression Strength (MPa),xgboost,7,2,0.9616170295854837,3.5463667555581813,0.0466014028325648,2.475335240857354,0.973718152438552,3.6184863980502864,0.04207542323314287,2.712320600237164
Dataset_0172,single_output,Ultimate Compression Strength (MPa),xgboost,7,3,0.972243376195769,3.2754649297242424,0.038086801508421426,2.169920343859442,0.9053953665495755,4.715553937749729,0.07109768470033517,3.621424974714006
Dataset_0172,single_output,Ultimate Compression Strength (MPa),xgboost,7,4,0.978540246938279,2.9399763615120444,0.03418577164548889,1.9426355033085259,0.7624147459942731,6.807038628349682,0.11984222937235356,4.82945537022182
Dataset_0172,single_output,Ultimate Compression Strength (MPa),xgboost,2024,0,0.9828619780719875,2.641630387388808,0.030716632411497767,1.9911244121350742,0.7619902819706172,6.822680759496227,0.10986603477449641,3.559988403320314
Dataset_0172,single_output,Ultimate Compression Strength (MPa),xgboost,2024,1,0.9572639021885772,3.615840278082976,0.045712266473868224,2.5230904348273024,0.9829157417395114,3.149474350280174,0.03794547409976113,2.712630208333333
Dataset_0172,single_output,Ultimate Compression Strength (MPa),xgboost,2024,2,0.9669616600338702,3.445746530602463,0.040066820123284455,2.4019836215315187,0.9598358659477162,3.858767143689638,0.06396630159452364,3.1835056849888383
Dataset_0172,single_output,Ultimate Compression Strength (MPa),xgboost,2024,3,0.9756585042307893,3.0025940103161424,0.03617583144959208,2.0111730641332155,0.8797800939808244,6.238288029742587,0.0864028812983738,4.6111298915318075
Dataset_0172,single_output,Ultimate Compression Strength (MPa),xgboost,2024,4,0.9784100670241404,2.842133828451616,0.03304806777269321,2.0532540367389545,0.8440384981263016,6.972889586275768,0.11602145734235884,5.509906005859375
Dataset_0172,single_output,Ultimate Compression Strength (MPa),xgboost,99,0,0.9723037676651572,3.2024004113743914,0.03723721408574874,2.2897458849455172,0.9146267390922238,5.190061457058263,0.07032603600349949,4.153426615397137
Dataset_0172,single_output,Ultimate Compression Strength (MPa),xgboost,99,1,0.9706929763693122,3.175680868197115,0.036926521723222264,2.0423133502090183,0.9294119254703991,5.444252225881466,0.07766408310815216,3.726074422200519
Dataset_0172,single_output,Ultimate Compression Strength (MPa),xgboost,99,2,0.9817474095930272,2.501611108288988,0.030139892870951663,1.8465673775508493,0.886991727104355,7.133604511302151,0.0988033865831323,4.026526947021485
Dataset_0172,single_output,Ultimate Compression Strength (MPa),xgboost,99,3,0.9711147405239792,3.2019124243936363,0.040479297400678085,2.3248459335853315,0.9251313983019673,5.432030773826852,0.08230349657313411,3.9564647129603787
Dataset_0172,single_output,Ultimate Compression Strength (MPa),xgboost,99,4,0.971007036797523,3.4147258493042125,0.03970611452679317,2.2631686717066266,0.8651630443068872,4.679834762217428,0.11900406261201348,3.7359446934291287
Dataset_0172,single_output,Ultimate Compression Strength (MPa),ann,42,0,0.6700163856843588,10.435910735275513,0.12573386428042788,8.557319590554208,0.7795446436759362,9.464219058494152,0.12323201899080925,7.607038111902751
Dataset_0172,single_output,Ultimate Compression Strength (MPa),ann,42,1,0.8264412452923761,8.089136614969654,0.09405972808104249,6.74756907566036,0.6898488645997731,9.728149215941826,0.15392641164464918,7.953467315357343
Dataset_0172,single_output,Ultimate Compression Strength (MPa),ann,42,2,0.8818311823228578,6.7108063612425415,0.07803263210747141,5.312648479980929,0.6582730497946152,9.99299551506882,0.14440744963972285,9.0054165253474
Dataset_0172,single_output,Ultimate Compression Strength (MPa),ann,42,3,0.949137205400466,4.135018503583688,0.0538413867654126,3.0960403759788924,0.6520471218328086,11.715533411112897,0.18478759323521918,9.626377787004168
Dataset_0172,single_output,Ultimate Compression Strength (MPa),ann,42,4,0.8892738847173084,6.528565496742912,0.07591355228770828,5.30182102896793,0.693212732058003,9.007844010820627,0.14453018870149423,6.923386566387849
Dataset_0172,single_output,Ultimate Compression Strength (MPa),ann,123,0,0.9646484396732545,3.3907974340518976,0.04455712791132586,2.622196454204386,0.883120638173081,6.829999951218681,0.07941860408393815,5.794011438992564
Dataset_0172,single_output,Ultimate Compression Strength (MPa),ann,123,1,0.7875063571646298,8.723906842417811,0.10144077723741642,7.238035663509093,0.7664875536254283,9.44686907382745,0.1241375699583108,7.4554935562981655
Dataset_0172,single_output,Ultimate Compression Strength (MPa),ann,123,2,0.7513494319079628,9.4340601359535,0.1096983736738779,7.637375765139714,0.48282672556140394,9.189700543295146,0.21880239388797967,7.681051065086254
Dataset_0172,single_output,Ultimate Compression Strength (MPa),ann,123,3,0.8537009249931378,7.164880453359701,0.08331256341115932,5.640575137142861,0.48005244895236343,14.729474994453943,0.2074573942880837,10.46399487483775
Dataset_0172,single_output,Ultimate Compression Strength (MPa),ann,123,4,0.8814607424351498,6.964901468182829,0.08098722637421894,6.024799254234903,0.5376926175355328,8.872919615734121,0.19288955686378523,7.294067836260863
Dataset_0172,single_output,Ultimate Compression Strength (MPa),ann,7,0,0.6978614373999614,10.066015912005279,0.11704669665122416,7.882275636128747,0.6096724470802237,13.481860139339368,0.19314985872979035,10.666268428307943
Dataset_0172,single_output,Ultimate Compression Strength (MPa),ann,7,1,0.6145613769509781,11.831246841517894,0.13757263769206854,9.696633074535642,0.632911706488471,11.546776286232042,0.16710240645777197,9.215576111489373
Dataset_0172,single_output,Ultimate Compression Strength (MPa),ann,7,2,0.9377389218552367,4.516714865303782,0.059352363538814484,3.280468792562517,0.8929965218285645,7.301262215005258,0.08489839784889835,6.275927741253576
Dataset_0172,single_output,Ultimate Compression Strength (MPa),ann,7,3,0.7682777669055477,9.463972871873894,0.11004619618458017,7.810843418708142,0.5293484697577103,10.517832509567075,0.1585802112260396,7.559295067327876
Dataset_0172,single_output,Ultimate Compression Strength (MPa),ann,7,4,0.9694655527292869,3.5069252569846587,0.04077820066261231,2.672135496435175,0.7048209504695895,7.587369580377698,0.1335804503587623,6.89138314971554
Dataset_0172,single_output,Ultimate Compression Strength (MPa),ann,2024,0,0.779170513659531,9.482442891017568,0.1102609638490415,7.836695896128893,0.5162789452692875,9.726468873745675,0.15662590778978544,7.453740540964916
Dataset_0172,single_output,Ultimate Compression Strength (MPa),ann,2024,1,0.9403640943857037,4.271355465326046,0.05399943698263017,3.146638675926615,0.9216756947111262,6.7435454286258985,0.08124753528464938,5.738952122635765
Dataset_0172,single_output,Ultimate Compression Strength (MPa),ann,2024,2,0.966727631069964,3.4579290657085076,0.04020847750823846,2.456026415465826,0.8715239922377276,6.901450612873778,0.11440448591585212,5.669921106745046
Dataset_0172,single_output,Ultimate Compression Strength (MPa),ann,2024,3,0.9136238152602256,5.6561379304841255,0.06814624012631476,4.292051956224762,0.7187669831305065,9.54136222561904,0.1321518313797651,8.315002003584272
Dataset_0172,single_output,Ultimate Compression Strength (MPa),ann,2024,4,0.789484510249899,8.874847623263824,0.10319590259609097,7.196029423567546,0.7075222645920584,9.548837214521376,0.15888248277073835,7.427624628644346
Dataset_0172,single_output,Ultimate Compression Strength (MPa),ann,99,0,0.7257860506207064,10.07650809018574,0.11716869872309,8.214070561923904,0.6588522983205887,10.374873028789475,0.14058093534945085,8.48583013916497
Dataset_0172,single_output,Ultimate Compression Strength (MPa),ann,99,1,0.8785255656637244,6.46537080946024,0.07517873034256094,5.049917862834247,0.8078601555855232,8.98217034111804,0.1281336710573187,8.063731340903116
Dataset_0172,single_output,Ultimate Compression Strength (MPa),ann,99,2,0.9686657770127627,3.2776834439959392,0.03949016197585469,2.4665930184507014,0.8295146088643942,8.76188390760805,0.12135573279235529,4.623132947299808
Dataset_0172,single_output,Ultimate Compression Strength (MPa),ann,99,3,0.8028478613774391,8.365117757652978,0.10575370110812868,6.8434863352009625,0.7728382951400777,9.46193413075302,0.14336263834474272,7.246626777131205
Dataset_0172,single_output,Ultimate Compression Strength (MPa),ann,99,4,0.9280569850516824,5.379028644557102,0.06254684470415235,4.519080907066582,0.2043805921801043,11.367860460238036,0.2890746461598993,10.185569324764177
Dataset_0172,single_output,Ultimate Compression Strength (MPa),lightgbm,42,0,0.9870756732153123,2.065323722052857,0.024883418337986227,1.588994977714274,0.9316068343903382,5.271458710247153,0.06863878528967646,4.314543869518801
Dataset_0172,single_output,Ultimate Compression Strength (MPa),lightgbm,42,1,0.9830309206495559,2.5293448661227935,0.02941098681538132,1.7659108796473406,0.9458412387605919,4.065162370950491,0.0643221894137736,2.5536445127361804
Dataset_0172,single_output,Ultimate Compression Strength (MPa),lightgbm,42,2,0.9845868503030403,2.423644738424248,0.02818191556307265,1.8674561388179949,0.8816802571114526,5.880099645498997,0.0849725382297543,4.247676557831502
Dataset_0172,single_output,Ultimate Compression Strength (MPa),lightgbm,42,3,0.9953596464950148,1.2489725152764928,0.016262662959329332,0.995619534689082,0.8754213815320184,7.010090189830335,0.11056924589637752,4.723354514715739
Dataset_0172,single_output,Ultimate Compression Strength (MPa),lightgbm,42,4,0.9869476505506974,2.241491416148146,0.026063853676141235,1.6375190462730769,0.8465167383690985,6.371368158827755,0.10222812930329332,4.353083066973801
Dataset_0172,single_output,Ultimate Compression Strength (MPa),lightgbm,123,0,0.9827035946482999,2.371785881862428,0.031166700155879478,1.858246725558229,0.9005285672937361,6.300876558525167,0.07326600649447869,5.083111859056091
Dataset_0172,single_output,Ultimate Compression Strength (MPa),lightgbm,123,1,0.9933333831523232,1.5452216920444057,0.017967694093539602,1.2776077693831522,0.9035274256839686,6.072042649591421,0.0797903107699267,3.6115924983326106
Dataset_0172,single_output,Ultimate Compression Strength (MPa),lightgbm,123,2,0.9880172558303775,2.071009332768566,0.024081503869401933,1.5153546023816131,0.9185984643265458,3.6458569257962177,0.08680611728086232,2.5528419241303717
Dataset_0172,single_output,Ultimate Compression Strength (MPa),lightgbm,123,3,0.9889800848543,1.9664245322208354,0.022865401537451573,1.3363723877521303,0.7920744858903854,9.314539547309973,0.13119069784943624,7.2059224939735484
Dataset_0172,single_output,Ultimate Compression Strength (MPa),lightgbm,123,4,0.9882958441327483,2.188537153862441,0.025448106440260944,1.6609731979877909,0.9433600051224823,3.105723122400495,0.06751572005218467,2.332015007456451
Dataset_0172,single_output,Ultimate Compression Strength (MPa),lightgbm,7,0,0.995497327011519,1.2288241465141485,0.014288652866443588,0.947578771921821,0.873183864152696,7.684621313016857,0.11009486121800653,5.703700863151682
Dataset_0172,single_output,Ultimate Compression Strength (MPa),lightgbm,7,1,0.9884270538315262,2.0500991533753887,0.023838362248551032,1.472811461238748,0.9290811894382971,5.075235576690909,0.07344769286093936,4.220514062155896
Dataset_0172,single_output,Ultimate Compression Strength (MPa),lightgbm,7,2,0.9843228097823964,2.2664621484700893,0.029782682634298153,1.6565134704257536,0.9718248192131729,3.7465570846691634,0.043564617263594924,2.7491601903762892
Dataset_0172,single_output,Ultimate Compression Strength (MPa),lightgbm,7,3,0.9902070394378589,1.9455689963503529,0.02262289530639945,1.448278549035112,0.8640059406903752,5.653748450950403,0.0852430976396593,4.338844349483721
Dataset_0172,single_output,Ultimate Compression Strength (MPa),lightgbm,7,4,0.9857415077089362,2.396449496724123,0.027865691822373525,1.6313776332827785,0.7609183500602665,6.828441548499487,0.12021904134682197,5.30070041577777
Dataset_0172,single_output,Ultimate Compression Strength (MPa),lightgbm,2024,0,0.9918779116053786,1.818551316038602,0.02114594553533258,1.400434527769538,0.7942908737657742,6.342850649230454,0.10213930191997511,3.530605405259708
Dataset_0172,single_output,Ultimate Compression Strength (MPa),lightgbm,2024,1,0.9843574264509922,2.187589895507938,0.027656003735877854,1.607890798637072,0.977218408258942,3.6369057303187287,0.04381814132914131,2.914191972069859
Dataset_0172,single_output,Ultimate Compression Strength (MPa),lightgbm,2024,2,0.9848250640610635,2.3352729662827563,0.027154336817241352,1.7184008335485188,0.9588873948270074,3.9040634448455376,0.06471717272847971,2.8694377546418974
Dataset_0172,single_output,Ultimate Compression Strength (MPa),lightgbm,2024,3,0.9833045404991168,2.4866929965107385,0.02996015658446673,1.7962742236351368,0.919740810635402,5.097117148621084,0.07059719042411475,3.8531034055541693
Dataset_0172,single_output,Ultimate Compression Strength (MPa),lightgbm,2024,4,0.9878914906639794,2.1284537480471855,0.02474946218659518,1.6055867814514808,0.8599801352348764,6.606917911812053,0.10993207839953498,5.2999941688053545
Dataset_0172,single_output,Ultimate Compression Strength (MPa),lightgbm,99,0,0.9886569575172767,2.0494157304793537,0.023830415470690158,1.5524779744948185,0.8974977659106217,5.686934563286928,0.07705873391987707,4.995382004079476
Dataset_0172,single_output,Ultimate Compression Strength (MPa),lightgbm,99,1,0.9869238673243587,2.121244135372745,0.02466562948107843,1.427190207744057,0.9530268207766326,4.441171529308714,0.06335480070340534,3.378981875934423
Dataset_0172,single_output,Ultimate Compression Strength (MPa),lightgbm,99,2,0.9910016050999878,1.7564672914000183,0.021162256522891786,1.3905998310058105,0.9163248888015333,6.138355807512212,0.08501877849739908,4.22161392297798
Dataset_0172,single_output,Ultimate Compression Strength (MPa),lightgbm,99,3,0.9847759373807168,2.3245376972498564,0.029387328663082888,1.6950631600415509,0.9478210380777347,4.534820257903454,0.06870939784702203,3.7537201506067186
Dataset_0172,single_output,Ultimate Compression Strength (MPa),lightgbm,99,4,0.9841554820037383,2.524347015633532,0.02935287227480851,1.843233791288313,0.8073529852936745,5.593803309166259,0.14224547512183752,3.9603977456348605
Dataset_0172,single_output,Elongation (%),linear_regression,42,0,0.41168079238268507,2.5639395833204075,0.17161576862921066,2.0294546815888723,-0.7689149154044461,3.194903679706536,0.36723030801224554,2.329622973002295
Dataset_0172,single_output,Elongation (%),linear_regression,42,1,0.27449386522585784,2.8279404522148366,0.18928650951906534,2.257989414479917,0.4664351731785016,1.981719848391534,0.19659919130868392,1.7584501234523633
Dataset_0172,single_output,Elongation (%),linear_regression,42,2,0.33410035369369806,2.755984287639252,0.1844701665086514,2.1218466038497357,0.2636184347777877,2.2254412358248463,0.24727124842498294,1.8169631168351192
Dataset_0172,single_output,Elongation (%),linear_regression,42,3,0.27139900843387954,2.406224517542365,0.2148414747805683,1.8690447187370178,0.08576591942940526,3.7056145859013907,0.3239173589074642,2.9377292058567477
Dataset_0172,single_output,Elongation (%),linear_regression,42,4,0.391082237419624,2.5272074890863654,0.17872754519705553,1.8864669191777552,-0.06797621607272619,3.343318899793281,0.30672650456819095,2.334891642661156
Dataset_0172,single_output,Elongation (%),linear_regression,123,0,0.25339918032441744,2.692444786009719,0.18021718781858895,2.051355478520978,0.3425367378469856,2.637427616078223,0.19139532772701184,2.118773155743179
Dataset_0172,single_output,Elongation (%),linear_regression,123,1,0.5050688594429098,2.215359726678099,0.15194511156914262,1.6494944309729045,-0.47308233518133114,4.193757118296687,0.29042639323384256,3.1249127256850167
Dataset_0172,single_output,Elongation (%),linear_regression,123,2,0.29738012927191204,2.819468710555589,0.18871945853785735,2.3075805500696274,0.2680807757587512,1.9702028449810198,0.24939276518747086,1.6322693566690276
Dataset_0172,single_output,Elongation (%),linear_regression,123,3,0.3030648174530527,2.5211770319129996,0.17459674736239608,1.8558576572585834,0.3504213663768969,3.232548704435749,0.2505851708864922,2.7124329878835596
Dataset_0172,single_output,Elongation (%),linear_regression,123,4,0.3586731841960773,2.7867338328324984,0.1865283689981592,2.163565314957816,-0.3423505670419873,2.2578213137325225,0.29020839508130114,1.9918046959116436
Dataset_0172,single_output,Elongation (%),linear_regression,7,0,0.3871275200687173,2.5027913711430116,0.17332350215671824,1.8188071227835776,0.07588833854185117,3.2505710631701086,0.2519822529589232,2.623921142813933
Dataset_0172,single_output,Elongation (%),linear_regression,7,1,0.3471109713874687,2.556477703606143,0.1753414062830002,2.0203825319757907,0.2412549788825723,3.030993201340246,0.2272108846581893,2.149197123516853
Dataset_0172,single_output,Elongation (%),linear_regression,7,2,0.23462468221517507,2.7799339941269934,0.18607322584518027,2.2229374254862173,0.6055016506777189,2.159539614717068,0.15671550179369145,1.6568125876330337
Dataset_0172,single_output,Elongation (%),linear_regression,7,3,0.3325934124390191,2.7382862072407663,0.18328555604021193,2.114484769102121,0.23672440590253852,2.378130224679426,0.27978002643287364,2.026084349281178
Dataset_0172,single_output,Elongation (%),linear_regression,7,4,0.3756398875671536,2.6005796015740774,0.17406824642396768,1.990914138096154,-0.0461613874314708,2.946089576108195,0.26304371215251743,2.318566310880997
Dataset_0172,single_output,Elongation (%),linear_regression,2024,0,0.3719491669005748,2.5127773162322393,0.17234412319837034,1.9416957257540717,0.1396814208830084,3.1526772312159133,0.21832944814514632,2.4129655927128106
Dataset_0172,single_output,Elongation (%),linear_regression,2024,1,0.27760506978089583,2.6205789006352025,0.1754068875927177,2.009211237180801,0.44028402914150466,2.824375311089167,0.21928379744481113,2.0517267449824295
Dataset_0172,single_output,Elongation (%),linear_regression,2024,2,0.3062133146052455,2.698040418909251,0.18059172817330996,2.138628793390142,0.323441456471784,2.6647680279661135,0.2664768027966114,2.2722879008618024
Dataset_0172,single_output,Elongation (%),linear_regression,2024,3,0.3378972406849873,2.7477603966939834,0.1839197052673349,2.0936359454754423,0.047235473935509975,2.294994751529055,0.22544152765511347,1.8889158309162244
Dataset_0172,single_output,Elongation (%),linear_regression,2024,4,0.37638462345221635,2.6080461883336348,0.1806126169206118,1.9516939056848936,0.045169961747220655,2.8905725697132314,0.22407539300102572,2.1656699605105074
Dataset_0172,single_output,Elongation (%),linear_regression,99,0,0.3527543587684384,2.694963200392755,0.1803857563850572,2.0801135626944536,0.00015569484302990766,2.5908070155744607,0.3048008253617013,1.6757807993550826
Dataset_0172,single_output,Elongation (%),linear_regression,99,1,0.3350920000829075,2.5735121787593602,0.17650975162958576,2.0738126893176663,0.22914244771262549,2.9660881145870284,0.2112598372212983,2.1220177720180873
Dataset_0172,single_output,Elongation (%),linear_regression,99,2,0.29440572330733816,2.533360957684418,0.1695690065384483,1.94704954568118,0.3420601197944384,3.264882470723546,0.2698249975804584,2.813088811124614
Dataset_0172,single_output,Elongation (%),linear_regression,99,3,0.3383760931164065,2.6030544212697118,0.18026692668072794,1.9299549047938618,0.12565700726314322,2.9363743233209405,0.2013974158656338,2.4094470987554666
Dataset_0172,single_output,Elongation (%),linear_regression,99,4,0.34812917784536945,2.7675233171657956,0.18524252457602378,2.178594988690365,0.03942173993756937,2.182124829245317,0.29488173368179965,1.8581870369674551
Dataset_0172,single_output,Elongation (%),ridge,42,0,0.4115099445372181,2.5643118402097893,0.17164068542234198,2.033912564112043,-0.7307929718844901,3.1602894336228013,0.36325165903710366,2.315310165301462
Dataset_0172,single_output,Elongation (%),ridge,42,1,0.2744210610344955,2.8280823398868336,0.1892960066858657,2.2613419194780255,0.4598077744290676,1.993989318869249,0.1978164006814731,1.767940457855726
Dataset_0172,single_output,Elongation (%),ridge,42,2,0.33400814766553244,2.756175089338901,0.18448293770675372,2.1261292151870466,0.2670089558177702,2.220312026276004,0.24670133625288931,1.817071715008731
Dataset_0172,single_output,Elongation (%),ridge,42,3,0.2713148343648468,2.4063635071000946,0.21485388456250845,1.873690801487085,0.07908872933631694,3.7191221106224477,0.32509808659287126,2.9430272241585125
Dataset_0172,single_output,Elongation (%),ridge,42,4,0.3909860277696412,2.5274071319277267,0.17874166420988166,1.8929260187237071,-0.06255369019875667,3.334820440817831,0.3059468294328285,2.3407879767577313
Dataset_0172,single_output,Elongation (%),ridge,123,0,0.2533204449422578,2.692586752824398,0.18022669028275753,2.0550737871621885,0.3350814920663293,2.6523389010673193,0.19247742388006675,2.1306587508631245
Dataset_0172,single_output,Elongation (%),ridge,123,1,0.5048757034437694,2.215791976989912,0.151974758366935,1.6569877053724311,-0.4521872611250295,4.16390751924548,0.28835924648514405,3.102199185135356
Dataset_0172,single_output,Elongation (%),ridge,123,2,0.29729399583413196,2.8196415231251084,0.18873102564425087,2.309100768494021,0.26990661217078227,1.9677438889913046,0.24908150493560816,1.6450594541190668
Dataset_0172,single_output,Elongation (%),ridge,123,3,0.30297450568400686,2.5213403789413107,0.17460805948347025,1.8613447561610297,0.34797361614576194,3.238633442658199,0.2510568560200155,2.727648578291667
Dataset_0172,single_output,Elongation (%),ridge,123,4,0.35858718764941766,2.786920665385707,0.18654087452380902,2.168452530541948,-0.32789301199505405,2.245629660498359,0.2886413445370642,1.9751270065723137
Dataset_0172,single_output,Elongation (%),ridge,7,0,0.3869885914948473,2.5030750268335904,0.1733431459026032,1.8288198389466126,0.0837068751590142,3.236790967937167,0.250914028522261,2.6231792725019045
Dataset_0172,single_output,Elongation (%),ridge,7,1,0.3470018657120484,2.556691303898314,0.1753560565088007,2.02593584988855,0.2423623086664518,3.028780643487464,0.22704502574868543,2.1509010765084273
Dataset_0172,single_output,Elongation (%),ridge,7,2,0.2345454965627557,2.78007779625159,0.18608285115472487,2.2257532849497106,0.5986719473162602,2.1781527806947345,0.15806623952791982,1.6636157594510794
Dataset_0172,single_output,Elongation (%),ridge,7,3,0.3325022060452041,2.7384733050930214,0.1832980793234954,2.117113901061861,0.24020109153823022,2.3727079054911346,0.2791421065283688,2.0210599915713976
Dataset_0172,single_output,Elongation (%),ridge,7,4,0.37555682345590624,2.6007525847971578,0.17407982495295565,1.9968963178320251,-0.043653207158359075,2.9425558201531636,0.26272819822796106,2.32190272382632
Dataset_0172,single_output,Elongation (%),ridge,2024,0,0.37185228279929616,2.51297112123274,0.17235741572241017,1.9471900174226469,0.13971713094276217,3.1526117999539753,0.2183249168943196,2.411084117700382
Dataset_0172,single_output,Elongation (%),ridge,2024,1,0.2774928088889428,2.620782513011275,0.1754205162658149,2.014372281485907,0.4372981871856827,2.831898699607797,0.21986791146023268,2.0705339079468588
Dataset_0172,single_output,Elongation (%),ridge,2024,2,0.30613193833052066,2.698198644805799,0.18060231892943768,2.141572271289545,0.32206512681647814,2.66747713269405,0.26674771326940505,2.2779631671302476
Dataset_0172,single_output,Elongation (%),ridge,2024,3,0.33780478805377845,2.747952231577256,0.1839325456209676,2.1005215456445976,0.0528227701510674,2.2882555889814715,0.22477952740485968,1.894994771997602
Dataset_0172,single_output,Elongation (%),ridge,2024,4,0.3762790244158729,2.608266993910797,0.18062790816556765,1.9596485300458029,0.05295296401347216,2.8787676595320653,0.22316028368465624,2.1582761713177723
Dataset_0172,single_output,Elongation (%),ridge,99,0,0.3526360856873806,2.69520941838244,0.18040223683952072,2.0858006979151478,0.010213310584090585,2.5777433806456274,0.3032639271347797,1.6851341483183573
Dataset_0172,single_output,Elongation (%),ridge,99,1,0.3349898491464214,2.573709857673583,0.17652330985415524,2.0787871449274076,0.22843021975143507,2.9674580454811266,0.21135741064680388,2.1324597519383133
Dataset_0172,single_output,Elongation (%),ridge,99,2,0.2943003219928204,2.533550166704984,0.16958167113152503,1.9466883463743854,0.3401357535171754,3.2696536075395697,0.27021930640822894,2.830749321693847
Dataset_0172,single_output,Elongation (%),ridge,99,3,0.3382903303058308,2.6032231258969705,0.18027860982666,1.9355744530054282,0.12406757876767238,2.939042062374151,0.20158038836585399,2.4066067318185773
Dataset_0172,single_output,Elongation (%),ridge,99,4,0.3480459665638336,2.76769994864357,0.18525434729876636,2.1833290988498293,0.045259257824866506,2.1754842435381816,0.29398435723488947,1.8509162865236124
Dataset_0172,single_output,Elongation (%),elasticnet,42,0,0.4072883527145661,2.573493076757424,0.17225522602124657,2.055921792295254,-0.5955351743802357,3.0342928171788635,0.3487692893309039,2.2933401389737993
Dataset_0172,single_output,Elongation (%),elasticnet,42,1,0.2718936203859479,2.8330036490151955,0.18962541158066903,2.281354123134694,0.4216661474828187,2.0631840417795226,0.2046809565257463,1.8179784867603463
Dataset_0172,single_output,Elongation (%),elasticnet,42,2,0.3311393055930819,2.7621049923778407,0.18487985223412587,2.15509439024727,0.2725978581012758,2.211831123357619,0.2457590137064021,1.825903688827553
Dataset_0172,single_output,Elongation (%),elasticnet,42,3,0.267790612068613,2.412175571879965,0.21537281891785404,1.90262679828749,0.03983892077707596,3.7975508036745413,0.3319537415799424,2.971551822860568
Dataset_0172,single_output,Elongation (%),elasticnet,42,4,0.38804713873658137,2.5334979853734696,0.17917241763603037,1.9209446972180368,-0.05427095020169559,3.3217973390665607,0.3047520494556478,2.3829678220936543
Dataset_0172,single_output,Elongation (%),elasticnet,123,0,0.25032588648373033,2.697980659941263,0.18058772824238706,2.0745870982111425,0.29377874494451406,2.733475567062476,0.19836542576650773,2.1877338630441034
Dataset_0172,single_output,Elongation (%),elasticnet,123,1,0.5001510348783837,2.2263388504606794,0.152698137891679,1.6977154757070099,-0.37403413755761616,4.0503124344298485,0.2804925508607928,3.0430245945924836
Dataset_0172,single_output,Elongation (%),elasticnet,123,2,0.2945112479760946,2.825218961433448,0.18910434815484925,2.322931163807762,0.25491283372044704,1.98784677801997,0.2516261744329076,1.7260701842759527
Dataset_0172,single_output,Elongation (%),elasticnet,123,3,0.2997947143995313,2.5270849416330097,0.17500588238455744,1.8856702357586665,0.331586904186432,3.2790775397401797,0.25419205734420003,2.8001551769986723
Dataset_0172,single_output,Elongation (%),elasticnet,123,4,0.35601724274976965,2.792498253274411,0.18691420704647996,2.2009702926733934,-0.3053917891209761,2.226522209067025,0.2861853739160701,1.9351810658593929
Dataset_0172,single_output,Elongation (%),elasticnet,7,0,0.38313962355373476,2.510920867735579,0.1738864866852894,1.8719303970433698,0.11341933705711693,3.1838790914641035,0.24681233267163596,2.618149018653966
Dataset_0172,single_output,Elongation (%),elasticnet,7,1,0.34373466347692594,2.563079381103462,0.17579419623480536,2.051430626093785,0.24095230617550256,3.0315976912674607,0.22725619874568667,2.1859784390075654
Dataset_0172,single_output,Elongation (%),elasticnet,7,2,0.23151627976830935,2.7855733175193573,0.18645069059701186,2.2456987428487647,0.5586715440033918,2.28412330740994,0.16575640837517708,1.7049158151470547
Dataset_0172,single_output,Elongation (%),elasticnet,7,3,0.3296106204874215,2.744398397828989,0.18369467187610367,2.134872128421112,0.2502587701239479,2.3569514772181424,0.2772884090844873,2.0411946067856834
Dataset_0172,single_output,Elongation (%),elasticnet,7,4,0.3728138617428418,2.6064584265414514,0.17446174207104762,2.026059936423236,-0.03435157683696133,2.929413607274071,0.26155478636375634,2.344660752436247
Dataset_0172,single_output,Elongation (%),elasticnet,2024,0,0.36876878074039765,2.5191315077623906,0.17277993880400486,1.9805743792434476,0.13890909553900055,3.1540920247402817,0.21842742553603056,2.4087271929362317
Dataset_0172,single_output,Elongation (%),elasticnet,2024,1,0.2737841561345816,2.6275001841945893,0.17587015958464453,2.036214133277016,0.41711671713709886,2.8822347956141257,0.2237759934483017,2.1607832460676284
Dataset_0172,single_output,Elongation (%),elasticnet,2024,2,0.30334750627787843,2.7036070423720546,0.18096432679866495,2.161130882846236,0.30248057417422447,2.7057325813643085,0.2705732581364309,2.3214290307607532
Dataset_0172,single_output,Elongation (%),elasticnet,2024,3,0.33492750018125406,2.7539157898680124,0.1843317128425711,2.1325211578666967,0.07423958495500993,2.262237569773308,0.22222372984020708,1.923985023729416
Dataset_0172,single_output,Elongation (%),elasticnet,2024,4,0.373120657560267,2.614862460510996,0.18108465793012435,1.9997645736718122,0.08445800318738494,2.83047925244552,0.21941699631360623,2.1438142070160358
Dataset_0172,single_output,Elongation (%),elasticnet,99,0,0.3492189211633848,2.7023134999305167,0.1808777443059248,2.118719942884438,0.0456544852588332,2.5311722124683733,0.2977849661727498,1.7323054646666123
Dataset_0172,single_output,Elongation (%),elasticnet,99,1,0.33178461473263055,2.5799048211456084,0.17694820446814874,2.1032360224071036,0.22186586611554748,2.9800545649845636,0.21225459864562418,2.181952257416159
Dataset_0172,single_output,Elongation (%),elasticnet,99,2,0.2905668231188435,2.5402431901487765,0.1700296646685928,1.9559000581426738,0.32533825997293264,3.3061114333039665,0.27323234985983197,2.923439859342612
Dataset_0172,single_output,Elongation (%),elasticnet,99,3,0.3354179530812367,2.608867097965469,0.18066946661810726,1.964957610718192,0.11045794072693149,2.9617864674716667,0.2031403612806356,2.3913383917128925
Dataset_0172,single_output,Elongation (%),elasticnet,99,4,0.3454671864740759,2.773168313941674,0.1856203690724012,2.2162052529943206,0.0607181620484093,2.1577999398919863,0.29159458647189007,1.8248052483789599
Dataset_0172,single_output,Elongation (%),svr_rbf,42,0,0.5834429097746446,2.1574390683171534,0.1444068988164092,1.5026861665281983,0.25606105958188763,2.071919813349687,0.2381517026838721,1.5608516000095873
Dataset_0172,single_output,Elongation (%),svr_rbf,42,1,0.5186760433032842,2.3033951858430135,0.1541763845945792,1.535384274958847,0.5790439545727555,1.7602203528186107,0.17462503500184628,1.3401988343463198
Dataset_0172,single_output,Elongation (%),svr_rbf,42,2,0.548289351241201,2.269877968370218,0.151932929609787,1.4722446022762488,0.41107035537686143,1.9901984558550054,0.22113316176166728,1.5116273385528751
Dataset_0172,single_output,Elongation (%),svr_rbf,42,3,0.5733624925283815,1.8412840254500713,0.16440035941518494,1.2287892029832341,-0.04754090052432969,3.9665874926189417,0.3467296759282291,2.98210753670192
Dataset_0172,single_output,Elongation (%),svr_rbf,42,4,0.5719224875394742,2.118960131922416,0.14985573775971825,1.3568875208978386,0.16248748669274626,2.960688148069603,0.27162276587794526,2.248498840036341
Dataset_0172,single_output,Elongation (%),svr_rbf,123,0,0.45918596895382113,2.291535291183158,0.15338254961065315,1.462387726676765,0.15544467840296872,2.9892267193719952,0.21692501591959332,2.2918637370138915
Dataset_0172,single_output,Elongation (%),svr_rbf,123,1,0.6449489050685171,1.8763648749799027,0.12869443586967783,1.2368603097069817,0.13392388006021816,3.2156427663265954,0.2226899422663847,2.4894797096776435
Dataset_0172,single_output,Elongation (%),svr_rbf,123,2,0.5211918838364047,2.3274899644122464,0.15578915424446094,1.5889695412745959,0.6517559676618239,1.3590054743661117,0.17202600941343185,1.0969797136872899
Dataset_0172,single_output,Elongation (%),svr_rbf,123,3,0.4890043965727988,2.158816502494327,0.14950252787356832,1.375357643922414,0.4468832101107756,2.982892706484063,0.23123199275070258,2.4309561572570666
Dataset_0172,single_output,Elongation (%),svr_rbf,123,4,0.5793932180242559,2.256804432217146,0.15105786025549836,1.4482368772173677,-0.24752312561888257,2.1766113808543848,0.27977010036688754,1.6509352060127722
Dataset_0172,single_output,Elongation (%),svr_rbf,7,0,0.5835848954116218,2.0630170909522714,0.14286821959503263,1.3619062356836968,0.3408220943022534,2.7453565801236546,0.21281833954446938,2.1729327067599127
Dataset_0172,single_output,Elongation (%),svr_rbf,7,1,0.5313020960850938,2.1660517569331565,0.14856322064013422,1.4314062495128563,0.3784986776346697,2.7432037362127617,0.2056374614852145,1.9325228254534015
Dataset_0172,single_output,Elongation (%),svr_rbf,7,2,0.5093368918581314,2.2258144662491053,0.1489835653446523,1.5162501534644837,0.46807942134831426,2.5076214505413654,0.18197543182448228,1.6021295820287977
Dataset_0172,single_output,Elongation (%),svr_rbf,7,3,0.5204859782220094,2.321048684482624,0.15535801100954644,1.50536322592363,0.4447827650562459,2.0282730216519247,0.23862035548846172,1.7943271584212666
Dataset_0172,single_output,Elongation (%),svr_rbf,7,4,0.5985906451119329,2.085193302851142,0.13957117154291443,1.3656901471842435,0.1949427663234673,2.5844014880846617,0.23075013286470195,1.8703804189891142
Dataset_0172,single_output,Elongation (%),svr_rbf,2024,0,0.5711918523266377,2.076290511146438,0.1424067565944059,1.36964699613818,0.3537371925043521,2.7324639493431375,0.18922880535617295,1.9027662039081314
Dataset_0172,single_output,Elongation (%),svr_rbf,2024,1,0.5285193460644311,2.11710225096732,0.14170697797639356,1.4237957417876808,0.41709236794784754,2.8822949957859816,0.22378066737468802,1.9643284442408921
Dataset_0172,single_output,Elongation (%),svr_rbf,2024,2,0.4988213694866577,2.2931461968001905,0.15349037461848664,1.4889725453900666,0.357504787669891,2.5968189134412856,0.2596818913441286,1.9566403439469957
Dataset_0172,single_output,Elongation (%),svr_rbf,2024,3,0.5542382918430337,2.254589812882037,0.15090962602958746,1.4838315722253796,0.4088785729199952,1.8077037471566204,0.1775740419603753,1.60565652402739
Dataset_0172,single_output,Elongation (%),svr_rbf,2024,4,0.5924625808997694,2.108339844207858,0.1460069144188267,1.3867867385075139,0.3530664679176715,2.379308037265283,0.18444248350893666,1.775141088281351
Dataset_0172,single_output,Elongation (%),svr_rbf,99,0,0.5277179079622947,2.302072576020637,0.15408785649401852,1.5753839187887584,0.42085079989962804,1.9718056475253467,0.23197713500298198,1.4615753699728746
Dataset_0172,single_output,Elongation (%),svr_rbf,99,1,0.5614911520268469,2.0899439023525543,0.14334320317918756,1.3959997391587466,0.38707316241618006,2.6448515540228557,0.1883797403150182,1.9579648455771002
Dataset_0172,single_output,Elongation (%),svr_rbf,99,2,0.4803581887299505,2.1740603345324194,0.1455194333689705,1.3920555942443968,0.43523472097381044,3.024882023609006,0.24999024988504187,2.4507292086670627
Dataset_0172,single_output,Elongation (%),svr_rbf,99,3,0.5556916643807834,2.1331425743526635,0.14772455501057224,1.3709706211159665,0.08752429404404483,2.999723021545097,0.20574231972188597,2.311331531773117
Dataset_0172,single_output,Elongation (%),svr_rbf,99,4,0.5768875868855804,2.2296587579610567,0.1492408807202849,1.4952291040685237,0.3822483352512791,1.7499279848902645,0.23647675471490065,1.1687006882856144
Dataset_0172,single_output,Elongation (%),gpr,42,0,0.9226455342994062,0.9297024358404193,0.062229078704177994,0.7414182794644573,0.18174442738842977,2.1729452477522933,0.24976382158072338,1.4231727245467238
Dataset_0172,single_output,Elongation (%),gpr,42,1,0.999999999996155,6.510268094171428e-06,4.3576091661120666e-07,4.916230421698324e-06,0.6209190653133239,1.6703775108408898,0.16571205464691366,1.361902279872589
Dataset_0172,single_output,Elongation (%),gpr,42,2,0.9476276307026649,0.7729002645319528,0.05173361877723914,0.5671688038185351,0.5649932778188118,1.7104589710511429,0.19005099678346032,1.4076999766854836
Dataset_0172,single_output,Elongation (%),gpr,42,3,0.895550998425112,0.9110525228496398,0.08134397525443213,0.6654440631788991,0.32744514106768374,3.1783037557940785,0.27782375487710476,2.4515263427752925
Dataset_0172,single_output,Elongation (%),gpr,42,4,0.9521717423039741,0.7082781735308866,0.05009039416767232,0.5344808081691469,0.28869052338396595,2.7285147776082,0.2503224566613028,1.8077431058127365
Dataset_0172,single_output,Elongation (%),gpr,123,0,0.9084071555493272,0.9430470220362142,0.06312229063160736,0.7043994301445468,0.6587879492426223,1.9000148034607331,0.13788206120905178,1.4940243902768302
Dataset_0172,single_output,Elongation (%),gpr,123,1,0.8897152154495547,1.0457543165347338,0.07172526176507092,0.765227486088077,0.2902039093213882,2.911096253905262,0.20159946356684638,2.3474311487167485
Dataset_0172,single_output,Elongation (%),gpr,123,2,0.9394301227315707,0.827819042220714,0.05540957444583092,0.6445904018725188,0.7032679046615457,1.2544738894796825,0.15879416322527626,1.004575950617756
Dataset_0172,single_output,Elongation (%),gpr,123,3,0.9855240759173444,0.36335429317070433,0.02516303969326207,0.27887134792084634,0.6958610546074872,2.2118986788793733,0.1714650138666181,1.7021885450632561
Dataset_0172,single_output,Elongation (%),gpr,123,4,0.9293057016114439,0.9252263331302495,0.06192947343575966,0.6819338435299445,0.023625250599566883,1.9255946153199235,0.24750573461695677,1.4162668330969388
Dataset_0172,single_output,Elongation (%),gpr,7,0,0.9572678644175042,0.6608712933657119,0.045766710066877554,0.4758317571229666,0.5183911629526032,2.3466302412862188,0.18190932102993945,1.8714733311015437
Dataset_0172,single_output,Elongation (%),gpr,7,1,0.9184270268959023,0.9036400475596718,0.06197805538818051,0.6639562455329319,0.7374450189561406,1.7829828508299597,0.1336568853695622,1.4032897394088621
Dataset_0172,single_output,Elongation (%),gpr,7,2,0.9140529261960852,0.9315642325874082,0.062353696960335214,0.7166609362075964,0.7800788765842811,1.612397264446542,0.117009961135453,1.1865167554389626
Dataset_0172,single_output,Elongation (%),gpr,7,3,0.9438460955747405,0.7942799021313908,0.05316465208376109,0.583443121763428,0.4323244854856829,2.0509025531691805,0.24128265331402124,1.70308644365046
Dataset_0172,single_output,Elongation (%),gpr,7,4,0.9999999999958887,6.673272717041264e-06,4.4667153393850495e-07,5.385920772406111e-06,0.3701598127249883,2.2859240030055545,0.20410035741121024,1.7449854630845643
Dataset_0172,single_output,Elongation (%),gpr,2024,0,0.9124097833406096,0.938392234411257,0.06436160729844013,0.6810098808372708,0.7170440053508274,1.808045306571427,0.12521089380688552,1.4512227926525583
Dataset_0172,single_output,Elongation (%),gpr,2024,1,0.9175465578193328,0.885348571136291,0.059260279192522816,0.6850350407316725,0.5955368083796537,2.400922044563161,0.18640699103751251,1.6241980208916778
Dataset_0172,single_output,Elongation (%),gpr,2024,2,0.9997226263181045,0.05394709915172999,0.00361091694456024,0.04032272459179886,0.5209401641999472,2.2423406928390333,0.22423406928390335,1.9228348673277862
Dataset_0172,single_output,Elongation (%),gpr,2024,3,0.9999999999953897,7.250764989280728e-06,4.853256351593526e-07,5.686821391800319e-06,0.032887136508834236,2.3122111289979923,0.22713272387013678,1.9944445085112623
Dataset_0172,single_output,Elongation (%),gpr,2024,4,0.9437614287855433,0.7832024010168772,0.054238393422221406,0.566004002418847,0.520494095249457,2.0484144005260037,0.15879181399426387,1.5547373600763439
Dataset_0172,single_output,Elongation (%),gpr,99,0,0.9077701088162841,1.0173118894831923,0.06809316529338635,0.7825969772136552,0.6571452225752143,1.5171341297657162,0.1784863682077313,1.205869661424308
Dataset_0172,single_output,Elongation (%),gpr,99,1,0.9234635047682681,0.873131656169965,0.05988557312551201,0.6562259991393274,0.6503426967025621,1.9976448715951929,0.14228239826176586,1.602211679316596
Dataset_0172,single_output,Elongation (%),gpr,99,2,0.9565023307570686,0.6290027465444014,0.04210192413282472,0.45877002442421094,0.6685105508008102,2.3174442831003863,0.19152432091738733,1.856278375910474
Dataset_0172,single_output,Elongation (%),gpr,99,3,0.9999999999960202,6.384199360432609e-06,4.421190692820366e-07,4.865909331157756e-06,0.47404129394153605,2.2774367533090847,0.15620279515151475,1.8973797738291611
Dataset_0172,single_output,Elongation (%),gpr,99,4,0.9606631121595904,0.6798459523106556,0.045505083822667707,0.520436215826278,0.4361433725892959,1.6718509600568239,0.22592580541308435,1.4025354969315755
Dataset_0172,single_output,Elongation (%),random_forest,42,0,0.8396470584741711,1.3385658440362511,0.08959610736521091,1.000055878676609,-0.0889373141163663,2.5067194887239075,0.28812867686481697,1.7623384102810746
Dataset_0172,single_output,Elongation (%),random_forest,42,1,0.8712769901362051,1.1911811405202928,0.07973100003482549,0.9191972797533032,0.6900521344266675,1.510403515636559,0.149841618614738,1.0317837317056002
Dataset_0172,single_output,Elongation (%),random_forest,42,2,0.8698129276195266,1.2185862559263836,0.08156534510886101,0.8632153215355751,0.6963787916964674,1.4289950658481894,0.1587772295386877,1.221340338687149
Dataset_0172,single_output,Elongation (%),random_forest,42,3,0.8395485722359193,1.129179699141638,0.10081961599478911,0.8541277241396849,0.4575167295482103,2.854464975713473,0.24951616920572312,2.2699711145582944
Dataset_0172,single_output,Elongation (%),random_forest,42,4,0.8792072276612573,1.1255947347100743,0.07960358802758659,0.8465214641656703,0.5303685880737036,2.2170504800204087,0.20339912660737697,1.5619382326298819
Dataset_0172,single_output,Elongation (%),random_forest,123,0,0.8445593872320782,1.2285273365145566,0.08223074541596763,0.8778547778755372,0.7751111933509731,1.5425126137805623,0.11193850607986666,1.2731395088841757
Dataset_0172,single_output,Elongation (%),random_forest,123,1,0.8439738293509496,1.2438573913330815,0.08531257828073262,0.9259810371286015,0.30983623204476207,2.8705547984780786,0.19879188355111346,2.2805989736508954
Dataset_0172,single_output,Elongation (%),random_forest,123,2,0.8561081516441134,1.275925041477406,0.08540328256207536,0.9662735853345971,0.8027147924324328,1.0228845672941416,0.12947905915115715,0.8528520468938983
Dataset_0172,single_output,Elongation (%),random_forest,123,3,0.8628441549015988,1.1184441639779197,0.07745458199293072,0.8116883654520675,0.7063829248666784,2.173300928007095,0.16847294015558878,1.7235601858109217
Dataset_0172,single_output,Elongation (%),random_forest,123,4,0.8671673720350497,1.2682596425813197,0.08489020365336812,0.9072976479279127,0.48524476903845803,1.3981603355675998,0.17971212539429304,1.1863461097679173
Dataset_0172,single_output,Elongation (%),random_forest,7,0,0.8410746242880358,1.274489354185491,0.08826103560841349,0.8648975916613875,0.6206709344449179,2.082598255012337,0.16144172519475483,1.7011232845930386
Dataset_0172,single_output,Elongation (%),random_forest,7,1,0.8259899590666604,1.319804116632326,0.09052154435063965,0.9597423954440623,0.681104401651142,1.9649943116638238,0.1473009229133301,1.4465136837360195
Dataset_0172,single_output,Elongation (%),random_forest,7,2,0.8639897795557472,1.1718796971696426,0.07843906942233216,0.8861752117418117,0.8511191422349877,1.326655039645458,0.09627395062739175,1.01840416433862
Dataset_0172,single_output,Elongation (%),random_forest,7,3,0.8813858991242083,1.1543878707772528,0.07726826444292187,0.89029636301757,0.745008746303566,1.374540645991895,0.16171066423434058,1.055864056551913
Dataset_0172,single_output,Elongation (%),random_forest,7,4,0.8727398343609494,1.1740830511906788,0.07858654961115653,0.8221824599814215,0.4595929138468128,2.1174205402621955,0.18905540538055318,1.5257015921372419
Dataset_0172,single_output,Elongation (%),random_forest,2024,0,0.8604501817611615,1.1844623006168236,0.0812388409202211,0.8300132390384143,0.672379763748197,1.9455178461477223,0.13473115278031317,1.6060965208248523
Dataset_0172,single_output,Elongation (%),random_forest,2024,1,0.8489789223978348,1.1981982410512844,0.08020068547866695,0.8830946038680197,0.7422243023319914,1.916723830288084,0.14881396197888852,1.5209952049163638
Dataset_0172,single_output,Elongation (%),random_forest,2024,2,0.8575932464086689,1.2223645997237826,0.08181824630011932,0.9663407822290971,0.5954836717606442,2.0605100920273247,0.2060510092027325,1.502596425300888
Dataset_0172,single_output,Elongation (%),random_forest,2024,3,0.8396425870179405,1.352261493796782,0.09051281752321165,0.9787399030049277,0.7710520302100445,1.1250123904583935,0.11051202263834907,0.9976406675926023
Dataset_0172,single_output,Elongation (%),random_forest,2024,4,0.8613329087299103,1.2298257266305261,0.0851679866087622,0.8662766161178646,0.7869363353839838,1.3654491667189645,0.10584877261387324,0.9620696006921754
Dataset_0172,single_output,Elongation (%),random_forest,99,0,0.8605127886806556,1.2510811134870226,0.08374036904196937,0.9100410346784468,0.7842802968536414,1.203410461888396,0.14157770139863482,0.9008296753555073
Dataset_0172,single_output,Elongation (%),random_forest,99,1,0.8444040121992121,1.244929177751525,0.08538608900902094,0.9459628032426034,0.5894076352188298,2.1647234278923646,0.154182580334214,1.6537722070507532
Dataset_0172,single_output,Elongation (%),random_forest,99,2,0.7950740505370593,1.3652683627912494,0.09138342455095377,0.9923538096894554,0.7161344889549051,2.1445232619889176,0.17723332743710066,1.899106585889211
Dataset_0172,single_output,Elongation (%),random_forest,99,3,0.8872208705411799,1.0747118118427883,0.07442602575088561,0.7689579216489139,0.6263928177442117,1.919455770163886,0.13164991564910056,1.5595280023878217
Dataset_0172,single_output,Elongation (%),random_forest,99,4,0.870473179094304,1.2336454764856626,0.08257332506597473,0.9286079823640602,0.7023762088227314,1.214638482626165,0.16414033549002233,0.8210796532669008
Dataset_0172,single_output,Elongation (%),extra_trees,42,0,0.7174827734825117,1.7767394302092994,0.11892499532860101,1.3294299986498195,-1.17850737331809,3.5455516362104564,0.40753467082878814,2.6826950606060627
Dataset_0172,single_output,Elongation (%),extra_trees,42,1,0.8618175818664248,1.234173195557674,0.08260864762768902,0.9890067890686262,0.5685034383812537,1.7821215937874952,0.17679777716145786,1.1292089740259763
Dataset_0172,single_output,Elongation (%),extra_trees,42,2,0.8150952111118528,1.4522668521302338,0.09720661660844937,1.0649932763596583,0.4943924981603176,1.8440446464929745,0.2048938496103305,1.4250622942005127
Dataset_0172,single_output,Elongation (%),extra_trees,42,3,0.8312393541964329,1.1580487921897655,0.10339721358837192,0.8662734166791118,0.38618929107990874,3.0363286280785706,0.26541334161525965,2.2471876272933473
Dataset_0172,single_output,Elongation (%),extra_trees,42,4,0.8616216283151317,1.2047465363199568,0.08520131091371688,0.90140733351578,0.4030624776174705,2.4995478336912624,0.22931631501754704,1.7652715074211518
Dataset_0172,single_output,Elongation (%),extra_trees,123,0,0.8670265734599322,1.1362790639027267,0.07605616224248504,0.8337485856054285,0.7805202187358498,1.5238494531395514,0.11058414028588909,1.3387867205387323
Dataset_0172,single_output,Elongation (%),extra_trees,123,1,0.8696228769800616,1.1370316743949516,0.07798571154972234,0.8632826250812276,0.45935439371657616,2.540657383210901,0.17594580216141972,1.9096461058201044
Dataset_0172,single_output,Elongation (%),extra_trees,123,2,0.7511486506002516,1.6779424657048188,0.11231207936444569,1.2870785760312478,0.4037269385180614,1.7782874326840656,0.22509967502329944,1.3843333073936717
Dataset_0172,single_output,Elongation (%),extra_trees,123,3,0.8833691733659779,1.0313684080890146,0.07142440499231403,0.7999208624006877,0.7915610233582989,1.8311278903352783,0.141947898475603,1.425724264069247
Dataset_0172,single_output,Elongation (%),extra_trees,123,4,0.8552519603646824,1.3239211977628271,0.08861587669095228,0.9390039068434739,0.15058351912971313,1.7960438461530883,0.23085396480116818,1.5540354249123978
Dataset_0172,single_output,Elongation (%),extra_trees,7,0,0.8609802918396499,1.1920041707837101,0.08254876528973061,0.8480839860594284,0.7088123705643663,1.8246681860790726,0.14144714620768006,1.4423996132756216
Dataset_0172,single_output,Elongation (%),extra_trees,7,1,0.8209199384171673,1.338893217647388,0.09183081053822964,0.9917303260676917,0.663368197062298,2.018899063806732,0.15134175890605187,1.4792439474106116
Dataset_0172,single_output,Elongation (%),extra_trees,7,2,0.834783218775794,1.291588996251944,0.08645174004363748,0.9782708763745851,0.8503221350191025,1.3302013059076976,0.09653129941275021,0.9975792517006713
Dataset_0172,single_output,Elongation (%),extra_trees,7,3,0.881990537111462,1.1514418528560166,0.07707107448835453,0.8969488971820005,0.6116631065008933,1.6962867536790112,0.19956314749164838,1.3709300855493805
Dataset_0172,single_output,Elongation (%),extra_trees,7,4,0.8740477945372891,1.1680339466724112,0.07818165640377585,0.8383277142940113,0.3891479618815644,2.2512027869698015,0.20100024883658943,1.5703810040026103
Dataset_0172,single_output,Elongation (%),extra_trees,2024,0,0.8599140980098465,1.1867351890952595,0.08139473176236349,0.8673348867117325,0.71582946027074,1.8119215296765387,0.1254793303100096,1.476672455507446
Dataset_0172,single_output,Elongation (%),extra_trees,2024,1,0.8478135494657689,1.2028123796542767,0.08050953009734113,0.9330139080867149,0.7661800768870124,1.8254893920598438,0.14173054286178913,1.3579905026454995
Dataset_0172,single_output,Elongation (%),extra_trees,2024,2,0.7754933351388708,1.5347939908864703,0.10273052147834472,1.1624291963145366,0.2773592519228557,2.7540253982565535,0.2754025398256554,2.0995745332577416
Dataset_0172,single_output,Elongation (%),extra_trees,2024,3,0.8510407496980058,1.3033165190584437,0.08723671479641523,0.9702657909969965,0.7988993125004848,1.054376420203366,0.10357332222036995,0.9684819477083775
Dataset_0172,single_output,Elongation (%),extra_trees,2024,4,0.8565706524545831,1.2507654676891706,0.08661810718069048,0.8781793169378541,0.7853743937225517,1.3704449914995536,0.10623604585267858,1.0163221066962111
Dataset_0172,single_output,Elongation (%),extra_trees,99,0,0.8820507295821175,1.1504451075038942,0.07700435793198755,0.8318601849320235,0.7678119123904794,1.2485008518365637,0.1468824531572428,1.080769723104052
Dataset_0172,single_output,Elongation (%),extra_trees,99,1,0.8032188062741975,1.4000296847389213,0.09602398386412356,1.0823830084892367,0.5093909357631716,2.366272555172643,0.16853793128010275,1.7409640827320771
Dataset_0172,single_output,Elongation (%),extra_trees,99,2,0.740954775492033,1.5349963381155898,0.10274406546958431,1.1262183775356158,0.4870353466963714,2.8828242498781,0.23824993800645458,2.3713417836528428
Dataset_0172,single_output,Elongation (%),extra_trees,99,3,0.8823764586938644,1.0975511735129329,0.0760076989967405,0.7930408495878356,0.6777923485337081,1.7825364760556384,0.12225901756211513,1.4323835542499892
Dataset_0172,single_output,Elongation (%),extra_trees,99,4,0.8251945823485771,1.433137835110716,0.09592622724971325,1.0648380937453386,0.6262404698414151,1.3611605443617816,0.1839406141029435,0.8862886494193586
Dataset_0172,single_output,Elongation (%),gradient_boosting,42,0,0.7416506767359334,1.6990452193739467,0.11372457961003658,1.3187489855690933,-0.19269152977029913,2.623423261731984,0.3015429036473545,1.8893002496671507
Dataset_0172,single_output,Elongation (%),gradient_boosting,42,1,0.8977989660413346,1.0613957896023964,0.07104389488637192,0.779328598347997,0.7037732069249867,1.4765930886193195,0.14648740958524994,1.091230017308284
Dataset_0172,single_output,Elongation (%),gradient_boosting,42,2,0.9371686518657394,0.8465654386172365,0.05666435332110017,0.6601005899391078,0.6983337359861528,1.424387157963807,0.15826523977375634,1.1222378861428852
Dataset_0172,single_output,Elongation (%),gradient_boosting,42,3,0.5968874834369526,1.78979961443235,0.1598035370028884,1.3102526479081478,0.12104658677145452,3.633410544918581,0.3176058168635123,2.9021882458800925
Dataset_0172,single_output,Elongation (%),gradient_boosting,42,4,0.9244240385643194,0.8903349436298627,0.06296569615487006,0.610274896293503,0.7483023879500239,1.6230674211765277,0.1489052679978466,1.2731089144919834
Dataset_0172,single_output,Elongation (%),gradient_boosting,123,0,0.9058375722450295,0.9561838373135019,0.06400159553637896,0.7107278894295694,0.9458457820911872,0.7569391153059528,0.05493026961581662,0.6578757270529307
Dataset_0172,single_output,Elongation (%),gradient_boosting,123,1,0.7915096569011959,1.4378541602969874,0.09861825516440244,1.0892290700094038,0.06894352880910692,3.3340935038488873,0.23089290192859327,2.6485581149042594
Dataset_0172,single_output,Elongation (%),gradient_boosting,123,2,0.9065016805376683,1.028511063882399,0.06884277536026767,0.8184632305645455,0.856251108361471,0.8731354416171546,0.11052347362242464,0.6704227601819469
Dataset_0172,single_output,Elongation (%),gradient_boosting,123,3,0.9039773020141973,0.9358238293809219,0.06480774441696134,0.7334334865455415,0.8510367225959643,1.5479923880881234,0.1199994099293119,0.9843354148880638
Dataset_0172,single_output,Elongation (%),gradient_boosting,123,4,0.940076382703876,0.8518336683813081,0.05701697914198849,0.66433073868733,0.5742767810061418,1.2715114102674447,0.16343334322203662,0.9354196820557329
Dataset_0172,single_output,Elongation (%),gradient_boosting,7,0,0.932902518154459,0.8281189055744059,0.057348954679667996,0.6110809268315368,0.7416971082814997,1.7185496102404,0.13322090001863568,1.2984512472730283
Dataset_0172,single_output,Elongation (%),gradient_boosting,7,1,0.8814021338029935,1.0895841116288612,0.07473142055067636,0.7242068297004688,0.8341083310415218,1.4172593254697046,0.1062413287458549,0.9905853396638263
Dataset_0172,single_output,Elongation (%),gradient_boosting,7,2,0.8898167144503357,1.0547635594230558,0.07059997051024469,0.8023703505139884,0.943256643717499,0.8190229851856599,0.05943563027472133,0.6377986679878168
Dataset_0172,single_output,Elongation (%),gradient_boosting,7,3,0.8737791465360056,1.1908283095709777,0.07970738350542018,0.9240626847587343,0.6395502132721125,1.6342456252221427,0.19226419120260502,1.0729180770236761
Dataset_0172,single_output,Elongation (%),gradient_boosting,7,4,0.823774245302341,1.381615720690604,0.09247762521356116,1.0918708707932505,0.625157316202013,1.7634823748393107,0.15745378346779562,1.2967312675795353
Dataset_0172,single_output,Elongation (%),gradient_boosting,2024,0,0.8912014903041527,1.045846814896961,0.07173160596001106,0.7966446123336782,0.7482687211806589,1.705369338544611,0.11810036970530545,1.3984833693772318
Dataset_0172,single_output,Elongation (%),gradient_boosting,2024,1,0.8709928889132815,1.1074311118640163,0.07412524175796628,0.8705281971852484,0.8442455702886413,1.489905627135027,0.11567590272787479,1.1963876841086458
Dataset_0172,single_output,Elongation (%),gradient_boosting,2024,2,0.8904675431540173,1.0720298682409537,0.07175568060515085,0.8325513210413464,0.6933617168350307,1.7939895338692806,0.1793989533869281,1.3833217918014813
Dataset_0172,single_output,Elongation (%),gradient_boosting,2024,3,0.888437002775537,1.1279146760208456,0.07549629692241268,0.8283976890606218,0.8521058210424474,0.9041998853093859,0.08882120680838762,0.7229476246734656
Dataset_0172,single_output,Elongation (%),gradient_boosting,2024,4,0.9147548970782605,0.964254314206416,0.06677661455723102,0.703212809995749,0.8908814305150908,0.9771701061693686,0.0757496206332844,0.836294965310897
Dataset_0172,single_output,Elongation (%),gradient_boosting,99,0,0.7383875665370381,1.7133554183916582,0.11468242425646975,1.331789438640562,0.601840091495141,1.6349242656475778,0.1923440312526562,1.3617084472006122
Dataset_0172,single_output,Elongation (%),gradient_boosting,99,1,0.6853428689341465,1.7703708006262313,0.12142460909644935,1.4595159538768214,0.42120600812667286,2.5701530739620204,0.18305933575228064,1.9881393757028065
Dataset_0172,single_output,Elongation (%),gradient_boosting,99,2,0.9101088247079194,0.904228263905217,0.060523980181072086,0.6589689369871877,0.9285356965909564,1.0760167424640799,0.0889270035094281,0.8480493725686379
Dataset_0172,single_output,Elongation (%),gradient_boosting,99,3,0.8913443306520816,1.0548819200626034,0.07305276454727169,0.719214484073086,0.6388255060101377,1.887248276322789,0.1294408968671323,1.5214821522437063
Dataset_0172,single_output,Elongation (%),gradient_boosting,99,4,0.9085961349150316,1.0363174181739154,0.06936528903439862,0.8096723007922876,0.4910794869141164,1.5883206871173685,0.21463793069153633,1.1277367370145766
Dataset_0172,single_output,Elongation (%),xgboost,42,0,0.934230327644592,0.8572630649657617,0.057380392567989394,0.6642622255024159,0.6439928458638842,1.4332886451302087,0.16474582127933435,1.0938660113016767
Dataset_0172,single_output,Elongation (%),xgboost,42,1,0.9389102670667009,0.8206043768115909,0.054926665114564316,0.6338363563805296,0.8010983352267258,1.2099512481425783,0.1200348460458907,0.8184429448445638
Dataset_0172,single_output,Elongation (%),xgboost,42,2,0.9460950057316158,0.7841277925896997,0.0524851266793641,0.5786612356120145,0.7367321501807901,1.330649240185846,0.1478499155762051,1.048077392578125
Dataset_0172,single_output,Elongation (%),xgboost,42,3,0.9354274666808152,0.7163333669470693,0.06395833633455976,0.5617644454692974,0.7073205265741527,2.096658389788542,0.1832743347717257,1.7727716255187984
Dataset_0172,single_output,Elongation (%),xgboost,42,4,0.9471246629779055,0.7447116583057509,0.0526670196821606,0.5134744479738432,0.7275667967480723,1.6886009579107022,0.15491751907437637,1.2156528581891741
Dataset_0172,single_output,Elongation (%),xgboost,123,0,0.9184121413104654,0.8900519218819836,0.05957509517282353,0.6765298582378186,0.9326449987443127,0.8441696389738803,0.06126049629708857,0.675989044189453
Dataset_0172,single_output,Elongation (%),xgboost,123,1,0.9550822427624004,0.6673918488884666,0.04577447523240512,0.5159743754069012,0.6125858958357103,2.1506883254889826,0.14893963472915392,1.696021283467611
Dataset_0172,single_output,Elongation (%),xgboost,123,2,0.9247293475023686,0.9228261780716573,0.061768820486724045,0.7000513241208833,0.8431912814661731,0.9119362249274421,0.11543496518068887,0.719893684387207
Dataset_0172,single_output,Elongation (%),xgboost,123,3,0.9290986891163259,0.8041448407432641,0.055688700882497506,0.5984569569291741,0.8807896078211902,1.384797496550701,0.1073486431434652,1.0126578194754463
Dataset_0172,single_output,Elongation (%),xgboost,123,4,0.9433171684605697,0.8284791038424736,0.055453755277273996,0.6322607448183258,0.587472152361719,1.2516509363164188,0.16088058307408984,0.948563278743199
Dataset_0172,single_output,Elongation (%),xgboost,7,0,0.9482465748563138,0.7272925476776083,0.05036651992227204,0.5393440246582031,0.7941128582447388,1.534306241847427,0.11893846836026567,1.177703918457031
Dataset_0172,single_output,Elongation (%),xgboost,7,1,0.9308121918654773,0.832218010280126,0.05707942457339685,0.6115478726437217,0.86785312617522,1.2649270557595813,0.09482211812290714,0.9364711914062499
Dataset_0172,single_output,Elongation (%),xgboost,7,2,0.9133381460622885,0.9354298960022899,0.06261244283817201,0.7401940247108197,0.9066721806874842,1.0503744257949563,0.07622455920137565,0.8094286346435547
Dataset_0172,single_output,Elongation (%),xgboost,7,3,0.9456691831928907,0.7812800082110198,0.052294511928448445,0.6006271164992761,0.7566614599602757,1.3427661782495033,0.15797249155876508,1.0447750473022461
Dataset_0172,single_output,Elongation (%),xgboost,7,4,0.9441826841811323,0.7775656210497623,0.05204589163653027,0.5966715885030813,0.7838918004053563,1.3390050863767056,0.11955402556934872,0.9198589597429547
Dataset_0172,single_output,Elongation (%),xgboost,2024,0,0.9479764396916,0.7231970402531698,0.04960199178691151,0.5472248304935924,0.7878731231408691,1.565480665745404,0.1084127884865238,1.2093098322550455
Dataset_0172,single_output,Elongation (%),xgboost,2024,1,0.9252449243447727,0.8430051697864641,0.05642604884782222,0.6554112625122072,0.8804963519818173,1.3050559721243589,0.10132422143822663,1.0369283370971678
Dataset_0172,single_output,Elongation (%),xgboost,2024,2,0.9438124918617204,0.7678128161734903,0.05139309345204084,0.624456839725889,0.7347112364105731,1.668653430086939,0.1668653430086939,1.1409064728873117
Dataset_0172,single_output,Elongation (%),xgboost,2024,3,0.9340509091603102,0.8672025920485257,0.05804568889213692,0.66940418835344,0.8678012218592402,0.8548750218371287,0.08397593534745862,0.724307304109846
Dataset_0172,single_output,Elongation (%),xgboost,2024,4,0.935374905037103,0.8395710754684961,0.05814204123743047,0.6227347640333506,0.8478864180342522,1.153731730911901,0.08943656828774428,0.9281548609052385
Dataset_0172,single_output,Elongation (%),xgboost,99,0,0.9421917407486788,0.8054029537675567,0.05390916691884582,0.6189213695860747,0.7962898036670186,1.1694327696692277,0.13758032584343854,1.024867500305176
Dataset_0172,single_output,Elongation (%),xgboost,99,1,0.9419891094473893,0.7601516017997876,0.052136598203003266,0.5979380985728481,0.8117140469304487,1.4659053953742511,0.10440921619474723,0.9574519577026368
Dataset_0172,single_output,Elongation (%),xgboost,99,2,0.9251445317593955,0.8251469793790149,0.05523072151131291,0.6065952425989611,0.9146805041852244,1.1757055995821055,0.09716575203157898,0.8654314831324986
Dataset_0172,single_output,Elongation (%),xgboost,99,3,0.9386276201560957,0.7928009014338557,0.05490310951758003,0.5833106021223398,0.8089164116152605,1.372720739113734,0.09415094232604486,1.0562308638436453
Dataset_0172,single_output,Elongation (%),xgboost,99,4,0.9471867943104517,0.787737974676993,0.05272677206673313,0.6249291765278784,0.5585005355071982,1.479375100609058,0.19991555413635922,1.1577063260759626
Dataset_0172,single_output,Elongation (%),ann,42,0,0.44781177998829547,2.4839613967886067,0.16626247635800578,2.0094667983467427,-0.6566457747768408,3.0918550550976938,0.3553856385169763,2.509425208262948
Dataset_0172,single_output,Elongation (%),ann,42,1,0.3826295637404493,2.6086909415092427,0.1746111741304714,1.9214088052444567,0.24447304600460595,2.358162040442844,0.23394464686932975,1.9197078827975038
Dataset_0172,single_output,Elongation (%),ann,42,2,0.8990310015997605,1.0731646762377505,0.07183163830239293,0.7375694314605542,0.3569505038229366,2.079633852166794,0.23107042801853264,1.8457812687788464
Dataset_0172,single_output,Elongation (%),ann,42,3,0.9440018052674638,0.667080555688548,0.05956076390076322,0.4255520915474112,0.5129385941772442,2.7047267904771792,0.2364271669997534,2.0890836323624185
Dataset_0172,single_output,Elongation (%),ann,42,4,-0.2609673210191503,3.636750391251245,0.257195925831064,2.839741782963524,-0.042866265354793764,3.303781541819599,0.3030992240201467,2.9949028285963166
Dataset_0172,single_output,Elongation (%),ann,123,0,0.8466131150954965,1.2203845154428359,0.08168571053834242,0.8346610493222537,0.6272063448609264,1.9859991590034196,0.14412185478979825,1.7041474904576703
Dataset_0172,single_output,Elongation (%),ann,123,1,0.3649790420787369,2.509376899596987,0.1721108984634422,2.079886196690127,-0.14684112321974574,3.7003379738141913,0.25625609236940383,2.9859225239901175
Dataset_0172,single_output,Elongation (%),ann,123,2,-0.10418807164967991,3.5345049236719803,0.2365799815041486,2.768429959382118,-0.8828789130668833,3.1600253061359496,0.40000320330834804,2.868227268367364
Dataset_0172,single_output,Elongation (%),ann,123,3,0.4202633953249486,2.299442260587149,0.15924115378027348,1.6140184694383561,0.3650527005981138,3.1959358364353907,0.247746964064759,2.830138513612398
Dataset_0172,single_output,Elongation (%),ann,123,4,0.8736203372732771,1.2370703176664335,0.08280256477017627,0.8232549789472222,0.11311979628740865,1.835223972961373,0.23588997081765722,1.4612920547511763
Dataset_0172,single_output,Elongation (%),ann,7,0,0.430002669119391,2.413659480590504,0.16715093355889915,1.8728776487102645,0.1390972239810917,3.137433241808153,0.2432118792099344,2.670445217498663
Dataset_0172,single_output,Elongation (%),ann,7,1,0.1927738433433942,2.8426273945247096,0.19496758535834774,2.365278198373128,0.17642615642199466,3.1578268105543255,0.23671865146584145,2.475209579807249
Dataset_0172,single_output,Elongation (%),ann,7,2,0.9079273918615144,0.964189684223847,0.06453746213011023,0.6337970667306837,0.8122092872108002,1.4899635194410081,0.10812507397975388,1.3351076685983254
Dataset_0172,single_output,Elongation (%),ann,7,3,0.531536653740957,2.2941478460437814,0.15355741941390771,1.8046966784289897,0.48090498247765445,1.961184150506247,0.230727547118382,1.5830804052943297
Dataset_0172,single_output,Elongation (%),ann,7,4,0.8307274985282854,1.3540845495642908,0.09063484267498599,1.0436862531957423,0.45619874951728157,2.124059631426187,0.18964818137733813,1.6439963092590664
Dataset_0172,single_output,Elongation (%),ann,2024,0,0.2669957057867165,2.714625124722558,0.18618828015929756,2.2240150086566484,0.04814967089232014,3.3161501886042313,0.22965029006954507,2.524956864550995
Dataset_0172,single_output,Elongation (%),ann,2024,1,0.7226300645106394,1.6238263634070222,0.1086898502949814,1.264731088358567,0.616256675795608,2.338616306624388,0.18156958902363263,1.6610760519744365
Dataset_0172,single_output,Elongation (%),ann,2024,2,0.911842216584557,0.9617579878497156,0.06437469798190866,0.7891581572155384,0.6671954124981287,1.8689658663753723,0.18689658663753728,1.5135700652738104
Dataset_0172,single_output,Elongation (%),ann,2024,3,0.8609143614230887,1.2593814882416843,0.08429594968150496,0.9146313628170842,0.7002958638053978,1.2871681222709457,0.12644087645097699,1.1009667161482664
Dataset_0172,single_output,Elongation (%),ann,2024,4,0.3277765870608994,2.707781945222578,0.1875195252924223,2.2237256038399655,0.19858283288749712,2.6481962187975703,0.20528652858895896,1.956195892607726
Dataset_0172,single_output,Elongation (%),ann,99,0,0.9100123317941302,1.0048697467026728,0.06726035787835828,0.7140832068130889,0.5815723172248284,1.6760195508639633,0.19717877068987802,1.2388642107085102
Dataset_0172,single_output,Elongation (%),ann,99,1,0.9485883796005049,0.7156094958112502,0.0490815840748457,0.5717884647652917,0.6607121228438932,1.9678008961901792,0.1401567589879045,1.6368985502476114
Dataset_0172,single_output,Elongation (%),ann,99,2,0.8558867255327602,1.1449105085854867,0.07663390285043417,0.8719618150657695,0.8273586294390953,1.6724258976178343,0.13821701633205244,1.3605651990811782
Dataset_0172,single_output,Elongation (%),ann,99,3,0.7966793227467955,1.4430069637974388,0.09993123017987803,1.0974708086831724,0.5011832027125911,2.2178952749382868,0.1521190174854792,1.578471184139596
Dataset_0172,single_output,Elongation (%),ann,99,4,0.947072184758728,0.7885922436785753,0.052783952053452154,0.5496491003649016,0.4096900053279563,1.7106189644654544,0.23116472492776416,1.4529746661929386
Dataset_0172,single_output,Elongation (%),lightgbm,42,0,0.9550115246366669,0.7090092662666836,0.04745711286925593,0.5241754141355193,0.6017925950620194,1.51585954756357,0.17423672960500808,1.0561504702871671
Dataset_0172,single_output,Elongation (%),lightgbm,42,1,0.95759162600342,0.6837156586836038,0.04576410031349423,0.5133726738981708,0.7535980958286392,1.3466994808039128,0.13360113896864215,0.9211682390567498
Dataset_0172,single_output,Elongation (%),lightgbm,42,2,0.9533237802934691,0.7296594018696126,0.04883931739421771,0.535215332124379,0.8251394569986319,1.0844526352346147,0.12049473724829052,0.9208549185496467
Dataset_0172,single_output,Elongation (%),lightgbm,42,3,0.960412218119572,0.5608824523758883,0.050078790390704314,0.4402549335219702,0.7430559650897648,1.9644944837754788,0.1717215457845698,1.6260929398284933
Dataset_0172,single_output,Elongation (%),lightgbm,42,4,0.9659113697117682,0.5979520429608102,0.042287980407412315,0.40267263769912526,0.7109716994186448,1.7392707669915524,0.15956612541206905,1.259330429777035
Dataset_0172,single_output,Elongation (%),lightgbm,123,0,0.9381161883818878,0.7751595509997122,0.05188484277106507,0.5776771319838137,0.9377019787029438,0.811861469668871,0.05891592668134043,0.6326070690806441
Dataset_0172,single_output,Elongation (%),lightgbm,123,1,0.97251715330003,0.5220387294641216,0.03580512547764894,0.375980384784609,0.6650400435844825,1.9997983676727384,0.13849019166708715,1.5407074273014965
Dataset_0172,single_output,Elongation (%),lightgbm,123,2,0.9443734642204822,0.793319396108602,0.05310036118531472,0.5838813751511694,0.8991753238737097,0.7312447861345353,0.09256263115627028,0.5787642145009978
Dataset_0172,single_output,Elongation (%),lightgbm,123,3,0.9388963871187171,0.7465185301526936,0.051697959151848584,0.549184177580387,0.8398176278515233,1.6052274281567875,0.12443623474083626,1.1815019885923879
Dataset_0172,single_output,Elongation (%),lightgbm,123,4,0.9456273225543798,0.8114208260218114,0.054311969613240384,0.6051976303342473,0.6309066729673894,1.1839263592038716,0.15217562457633313,1.0054470491395517
Dataset_0172,single_output,Elongation (%),lightgbm,7,0,0.965720483834304,0.591911708146871,0.04099111552263649,0.42490068491478794,0.8157524092601376,1.4514375296605904,0.11251453718299151,1.1579600290198984
Dataset_0172,single_output,Elongation (%),lightgbm,7,1,0.9498029196569808,0.7088617668212996,0.04861877687388887,0.507257453650391,0.8675272925252118,1.2664855566833992,0.09493894727761612,0.9124679338881305
Dataset_0172,single_output,Elongation (%),lightgbm,7,2,0.9482371667120731,0.7229466969431166,0.04839000648882976,0.5472744876292701,0.9534182434850236,0.7420727953477039,0.05385143652740958,0.5794024257575104
Dataset_0172,single_output,Elongation (%),lightgbm,7,3,0.9557635738865241,0.7049748288778741,0.04718707020601567,0.5332516006584748,0.737636881270588,1.3942682473483365,0.164031558511569,0.9094345530361341
Dataset_0172,single_output,Elongation (%),lightgbm,7,4,0.9666945455800321,0.6006344782522057,0.04020311099412354,0.4349318875559694,0.7343483906711941,1.4845773480887332,0.13255154893649404,1.06820847650501
Dataset_0172,single_output,Elongation (%),lightgbm,2024,0,0.9625130704618252,0.6138984541646125,0.04210551811828619,0.4338368046720244,0.7067553592968334,1.8406232401024676,0.12746698338659745,1.4911712455206494
Dataset_0172,single_output,Elongation (%),lightgbm,2024,1,0.9561135383894058,0.6459147151754281,0.04323391667840884,0.49818450335906184,0.8800482809145739,1.3075002938223406,0.10151399796757303,0.9928418115513024
Dataset_0172,single_output,Elongation (%),lightgbm,2024,2,0.9553865621563837,0.6841767572406888,0.045794963670728835,0.5376721847424241,0.7351339475134046,1.6673234839450626,0.1667323483945063,1.09171187104744
Dataset_0172,single_output,Elongation (%),lightgbm,2024,3,0.9528622595522469,0.7331630027420316,0.04907382883146128,0.5798011365418521,0.8737753224378191,0.8353356997327993,0.08205655203662075,0.6986063734598192
Dataset_0172,single_output,Elongation (%),lightgbm,2024,4,0.9467684588435276,0.7619761725805236,0.05276843300419138,0.5630482869285693,0.9015473640818377,0.9281849336031311,0.07195232043435126,0.7041596655906399
Dataset_0172,single_output,Elongation (%),lightgbm,99,0,0.9434785890406328,0.7963881136825468,0.05330576396804195,0.5722628373340146,0.8221917878418274,1.0925587092728297,0.12853631873797997,0.9487374363261076
Dataset_0172,single_output,Elongation (%),lightgbm,99,1,0.9579930522121177,0.6468536188793965,0.0443658174814401,0.4995129019070187,0.8097610534930331,1.473488324338396,0.1049493108503131,0.9271163365920739
Dataset_0172,single_output,Elongation (%),lightgbm,99,2,0.9453374097650218,0.7051226285905405,0.04719696309173631,0.520629212449915,0.9327300346442353,1.043962859922793,0.08627792230766886,0.8578332535735179
Dataset_0172,single_output,Elongation (%),lightgbm,99,3,0.9576888336445981,0.6582716502999918,0.04558667938365594,0.4681188759914261,0.7526619783731229,1.5617659220577995,0.10711700425636486,1.1082137515782495
Dataset_0172,single_output,Elongation (%),lightgbm,99,4,0.9652085160148566,0.6393622552685471,0.04279533167794826,0.5005890289855949,0.6549914856889051,1.3077602141059603,0.17672435325756225,0.9860220058807264
