dataset,mode,target,model,seed,fold,train_r2,train_rmse,train_nrmse,train_mae,test_r2,test_rmse,test_nrmse,test_mae
Dataset_0136,single_output,Si Particle Size (um),linear_regression,42,0,0.9121906651298551,0.2437951556989443,0.073877319908771,0.19890112521992478,0.9534036062609661,0.1724997559832656,0.0821427409444122,0.14037104703783754
Dataset_0136,single_output,Si Particle Size (um),linear_regression,42,1,0.918981409152563,0.23671876011227913,0.07173295760978156,0.18552632211648673,0.9335228510416688,0.19373154869733097,0.09269452090781387,0.1725037776783134
Dataset_0136,single_output,Si Particle Size (um),linear_regression,42,2,0.93149027851344,0.1843854497836604,0.08381156808348199,0.16019141021735658,0.7934113065886947,0.4393083023438257,0.1657767178655946,0.3196212285012155
Dataset_0136,single_output,Si Particle Size (um),linear_regression,42,3,0.9229271549905094,0.231263603193329,0.07029288850861065,0.18972212883286357,0.7100784491740546,0.23356494960936422,0.16683210686383157,0.1643055273409399
Dataset_0136,single_output,Si Particle Size (um),linear_regression,42,4,0.9462704649663684,0.2021467562869059,0.06125659281421391,0.15860983758896155,0.614408515397791,0.34149926948273185,0.2008819232251364,0.32201181531730644
Dataset_0136,single_output,Si Particle Size (um),linear_regression,123,0,0.9301650160876408,0.22448027150982236,0.06802432469994617,0.17169878844599054,0.8674708300429683,0.25531898768523853,0.12765949384261926,0.24015870228792427
Dataset_0136,single_output,Si Particle Size (um),linear_regression,123,1,0.9279670284146684,0.23003821279558104,0.06970854933199426,0.1871729513087479,0.8117673233776377,0.24853782367620791,0.19118294128939073,0.21202320691420878
Dataset_0136,single_output,Si Particle Size (um),linear_regression,123,2,0.9342311867502681,0.21455595801432958,0.06501695697403927,0.16611979446392847,0.8349446098224325,0.3035179396174078,0.15252157769718988,0.2642005930845954
Dataset_0136,single_output,Si Particle Size (um),linear_regression,123,3,0.9082197889087055,0.2311781652489459,0.070266919528555,0.19234027238838858,0.9486532266267232,0.23090433699148202,0.08880936038133926,0.15495012776184133
Dataset_0136,single_output,Si Particle Size (um),linear_regression,123,4,0.9244422544926951,0.2156243729914686,0.08293245115056486,0.17900163062332441,0.8875081271579032,0.29951048263842905,0.10696802951372467,0.20820070194338494
Dataset_0136,single_output,Si Particle Size (um),linear_regression,7,0,0.9186746937313348,0.2063133754352446,0.0859639064313519,0.17230003218201936,0.8990035083598926,0.32786909093331623,0.10928969697777209,0.24961851544858077
Dataset_0136,single_output,Si Particle Size (um),linear_regression,7,1,0.9285544217722417,0.21268235516712145,0.06464509275596397,0.16986901753496167,0.9006635284627256,0.28780975246247464,0.11992073019269775,0.2385754689572732
Dataset_0136,single_output,Si Particle Size (um),linear_regression,7,2,0.918369463626661,0.23709944171297098,0.07184831567059727,0.19418660693790132,0.9215285197734583,0.2051495472622557,0.10257477363112785,0.16704126169742736
Dataset_0136,single_output,Si Particle Size (um),linear_regression,7,3,0.92837490809764,0.2278486137979712,0.0690450344842337,0.1820792025440751,0.846729499248189,0.25069710414899204,0.1259784442959759,0.19931597999662357
Dataset_0136,single_output,Si Particle Size (um),linear_regression,7,4,0.9287298693477125,0.234826867465786,0.07115965680781394,0.18473575431111278,0.8415829764748126,0.19977835450044854,0.13318556966696568,0.17399262306752325
Dataset_0136,single_output,Si Particle Size (um),linear_regression,2024,0,0.9072070930885416,0.24438169819217598,0.07405506005823514,0.19383926181057926,0.9419858647351274,0.1749645930635443,0.07989250824819374,0.15704958390696866
Dataset_0136,single_output,Si Particle Size (um),linear_regression,2024,1,0.9301989202351715,0.23026992139134472,0.06977876405798325,0.18229952656253856,0.8279093145080141,0.23028683759602792,0.12793713199779327,0.20224938665300787
Dataset_0136,single_output,Si Particle Size (um),linear_regression,2024,2,0.9385728207288249,0.2166981905755457,0.06566611835622597,0.17057340615676167,0.5861960732349127,0.30339785968261007,0.23338296898662317,0.25393246692444754
Dataset_0136,single_output,Si Particle Size (um),linear_regression,2024,3,0.9339738159901328,0.17143156218738748,0.07827925214035958,0.1418372403767361,0.855051990214555,0.4541368858242495,0.13761723812856047,0.39219348508467616
Dataset_0136,single_output,Si Particle Size (um),linear_regression,2024,4,0.9227266061636986,0.23599142958243585,0.07151255441891996,0.18924468197166205,0.9023978349706913,0.2130141951467876,0.11211273428778296,0.1772526932305515
Dataset_0136,single_output,Si Particle Size (um),linear_regression,99,0,0.9248416729754311,0.23529464454194915,0.07151812904010613,0.1946802921866447,0.8843956414969332,0.21720154930112753,0.11431660489533027,0.15609638113523222
Dataset_0136,single_output,Si Particle Size (um),linear_regression,99,1,0.9301353131997637,0.21723217095118372,0.06582793059126779,0.16738969065438994,0.7702801393389249,0.29444231253929815,0.1479609610750242,0.2582917688647615
Dataset_0136,single_output,Si Particle Size (um),linear_regression,99,2,0.9171091257117487,0.2115587623147579,0.08136875473644535,0.17393873434758192,0.9000020762750848,0.3033118689186462,0.09784253836085362,0.22505979912888072
Dataset_0136,single_output,Si Particle Size (um),linear_regression,99,3,0.9262016493951807,0.2399573796713369,0.0727143574761627,0.1898178858093991,0.833968843893821,0.19040951412175813,0.1360067958012558,0.1625274191761112
Dataset_0136,single_output,Si Particle Size (um),linear_regression,99,4,0.9251670392455247,0.21214240553990163,0.06428557743633383,0.1666233133627856,0.8984636817893128,0.3110126755758921,0.12958861482328837,0.2762395559319898
Dataset_0136,single_output,Si Particle Size (um),ridge,42,0,0.9110820800999032,0.24532927491686551,0.07434220452026229,0.1988965721712488,0.9606097098270724,0.15860136542639852,0.07552445972685644,0.13488492448497735
Dataset_0136,single_output,Si Particle Size (um),ridge,42,1,0.9179367121739392,0.23824006076113263,0.07219395780640384,0.1858423988427176,0.9362634697956009,0.18969608418992798,0.09076367664589856,0.1718780309061176
Dataset_0136,single_output,Si Particle Size (um),ridge,42,2,0.9304025334111491,0.18584345108262978,0.0844742959466499,0.1594733137268008,0.7672825321768051,0.4662626502000414,0.17594816988680811,0.3352767980544716
Dataset_0136,single_output,Si Particle Size (um),ridge,42,3,0.9219172841010772,0.2327737740159074,0.07075190699571654,0.18991837096315806,0.7476129158517363,0.21792195363117597,0.15565853830798282,0.1613228079579471
Dataset_0136,single_output,Si Particle Size (um),ridge,42,4,0.9452750989675881,0.20401059767698776,0.06182139323545084,0.16153816082954425,0.630460613692418,0.3343154353417169,0.1966561384363041,0.31562473334513186
Dataset_0136,single_output,Si Particle Size (um),ridge,123,0,0.9292349654846978,0.22597012282165957,0.0684757947944423,0.17455226814534708,0.8591838665984464,0.2631804240761254,0.1315902120380627,0.24709789491975068
Dataset_0136,single_output,Si Particle Size (um),ridge,123,1,0.9269662009658479,0.23163077770281443,0.07019114475842862,0.1879380165913899,0.8184862100374959,0.24406179138116849,0.18773983952397577,0.20586783178188645
Dataset_0136,single_output,Si Particle Size (um),ridge,123,2,0.9330925568568387,0.2164052502825374,0.06557734857046588,0.16944501959279867,0.8576644196192493,0.28185532739988045,0.1416358429145128,0.24547193893835165
Dataset_0136,single_output,Si Particle Size (um),ridge,123,3,0.9070427090498602,0.2326558707418023,0.07071607013428642,0.1890769289534499,0.9528798616558378,0.22119677447877872,0.08507568249183799,0.161778670633461
Dataset_0136,single_output,Si Particle Size (um),ridge,123,4,0.9234007583104796,0.21710538176691144,0.08350206991035057,0.1789972415272017,0.8724676012222605,0.3189052857357612,0.11389474490562901,0.21221476747753548
Dataset_0136,single_output,Si Particle Size (um),ridge,7,0,0.9175240252253675,0.20776780867515074,0.0865699202813128,0.17450155843730894,0.8853607388580362,0.34931241543635067,0.1164374718121169,0.2545360180625059
Dataset_0136,single_output,Si Particle Size (um),ridge,7,1,0.9274474952461524,0.21432359645193613,0.06514395028934229,0.1672708176015491,0.9013217911695072,0.28685456788876795,0.11952273662031997,0.24849625781125353
Dataset_0136,single_output,Si Particle Size (um),ridge,7,2,0.9173137175874521,0.23862774624570485,0.0723114382562742,0.19546408613054223,0.9334369115373542,0.18894324624607986,0.09447162312303993,0.15035325010586018
Dataset_0136,single_output,Si Particle Size (um),ridge,7,3,0.9272844592669854,0.22957649103809533,0.06956863364790768,0.18270095403116032,0.8717775540282399,0.22929894567662532,0.1152256008425253,0.1827485955668207
Dataset_0136,single_output,Si Particle Size (um),ridge,7,4,0.9278454204700224,0.2362794533468495,0.07159983434753016,0.1864654434301227,0.8348545196437921,0.2039768371702716,0.13598455811351437,0.17853019691418856
Dataset_0136,single_output,Si Particle Size (um),ridge,2024,0,0.9060422833580657,0.24591075056887818,0.07451840926329642,0.19217836451110024,0.9391126626155814,0.17924487650787435,0.08184697557437186,0.16146635559079092
Dataset_0136,single_output,Si Particle Size (um),ridge,2024,1,0.9292793718523227,0.23178172836489808,0.07023688738330246,0.18454136052607203,0.8372566073826586,0.2239453845828403,0.12441410254602236,0.19238977782261982
Dataset_0136,single_output,Si Particle Size (um),ridge,2024,2,0.9376936166765194,0.21824347584252485,0.06613438661894692,0.1731154080413802,0.6326519891463039,0.2858604382727621,0.21989264482520163,0.24350790462221505
Dataset_0136,single_output,Si Particle Size (um),ridge,2024,3,0.9324962018370888,0.17333920025558555,0.07915031975140893,0.14191642355680176,0.8412249456054849,0.4753043448704916,0.14403161965772474,0.3974584092151397
Dataset_0136,single_output,Si Particle Size (um),ridge,2024,4,0.9217605421319817,0.23746201787799018,0.0719581872357546,0.1897999687907847,0.8948820218702059,0.22106364130280515,0.11634928489621324,0.19092210208844612
Dataset_0136,single_output,Si Particle Size (um),ridge,99,0,0.9238203770425271,0.23688791184560054,0.07200240481629197,0.1948192092334329,0.9064956012641983,0.19534029338176354,0.10281068072724396,0.14425910028345112
Dataset_0136,single_output,Si Particle Size (um),ridge,99,1,0.9289494912448859,0.21906796815380733,0.06638423277388102,0.1708499872288206,0.8025307843502749,0.2729924577460085,0.13718213957085856,0.2383459510992655
Dataset_0136,single_output,Si Particle Size (um),ridge,99,2,0.9160732606152108,0.2128765547205347,0.08187559796943644,0.17184676366888324,0.8875154182896581,0.3216921123893381,0.103771649157851,0.24115782897447585
Dataset_0136,single_output,Si Particle Size (um),ridge,99,3,0.9252785524448824,0.2414534534918636,0.07316771317935261,0.1876798654197673,0.8242861089901297,0.19588306767077793,0.1399164769076985,0.16855922023864198
Dataset_0136,single_output,Si Particle Size (um),ridge,99,4,0.9240700985446085,0.21369159618211628,0.06475502914609585,0.16619335110729863,0.8870797487945391,0.32798448589090407,0.13666020245454336,0.2916618162790222
Dataset_0136,single_output,Si Particle Size (um),elasticnet,42,0,0.8918796457990186,0.2705256554194581,0.08197747133922974,0.20765037226964433,0.9547608023242425,0.16996902332705582,0.08093763015574086,0.14683743824519818
Dataset_0136,single_output,Si Particle Size (um),elasticnet,42,1,0.8991599204549826,0.2640930210064113,0.080028188183761,0.19570468001391006,0.9286402364621522,0.2007200972401741,0.09603832403836081,0.16779383600448056
Dataset_0136,single_output,Si Particle Size (um),elasticnet,42,2,0.9035931937565387,0.21872800608692997,0.09942182094860452,0.17779582198798055,0.6065738090264556,0.6062444427149287,0.22877148781695428,0.45294438251966074
Dataset_0136,single_output,Si Particle Size (um),elasticnet,42,3,0.9030720480008161,0.2593469296860769,0.07882885400792612,0.2075144965464522,0.8378517202719866,0.17467212077888541,0.12476580055634671,0.13698754797344867
Dataset_0136,single_output,Si Particle Size (um),elasticnet,42,4,0.9282056154159544,0.23367135359456845,0.07080950108926316,0.18111338883012415,0.6816245768634461,0.3103100414984503,0.18253531852850022,0.29069986213551235
Dataset_0136,single_output,Si Particle Size (um),elasticnet,123,0,0.9126961312572838,0.25099114794105093,0.07605792361850029,0.1921241101448611,0.8392841154571662,0.2811620986361896,0.1405810493180948,0.24274065446607132
Dataset_0136,single_output,Si Particle Size (um),elasticnet,123,1,0.9100859816313335,0.2570088171771094,0.07788145975063922,0.1966515306697233,0.7919941264438894,0.2612659309382409,0.20097379302941612,0.2236273322698795
Dataset_0136,single_output,Si Particle Size (um),elasticnet,123,2,0.912646960171073,0.24726895170475302,0.07492998536507668,0.19503209230859778,0.905715259455881,0.22939831037066538,0.1152755328495806,0.19265972880767143
Dataset_0136,single_output,Si Particle Size (um),elasticnet,123,3,0.8836442496877678,0.26029523146170935,0.0791170916296989,0.1923665496284355,0.9506427181043008,0.22638681466495886,0.08707185179421496,0.18610212752327443
Dataset_0136,single_output,Si Particle Size (um),elasticnet,123,4,0.9020031897085419,0.24556378800561207,0.09444761077138927,0.18741516567512637,0.7957947027336691,0.4035384813525015,0.14412088619732197,0.25683988558946147
Dataset_0136,single_output,Si Particle Size (um),elasticnet,7,0,0.8936019470353413,0.2359833548998159,0.09832639787492327,0.18725691841290468,0.8145985617414522,0.44422590632069375,0.14807530210689793,0.30784650095311794
Dataset_0136,single_output,Si Particle Size (um),elasticnet,7,1,0.9053945023125135,0.24473831776051785,0.07438854643176836,0.17269416567921755,0.8833444347612768,0.3118917393169751,0.12995489138207295,0.2649111982366851
Dataset_0136,single_output,Si Particle Size (um),elasticnet,7,2,0.8987082709139458,0.26411386379272483,0.0800345041796136,0.20624135262637103,0.9342824978863433,0.18773928706885082,0.09386964353442541,0.1473228495846828
Dataset_0136,single_output,Si Particle Size (um),elasticnet,7,3,0.9079062488084992,0.25836214182872214,0.0782915581299158,0.20661004438223285,0.9355449204999715,0.1625730686812995,0.0816950093875877,0.12999386017345432
Dataset_0136,single_output,Si Particle Size (um),elasticnet,7,4,0.9123312757103381,0.26044519578240455,0.07892278660072866,0.19720374609175909,0.8255871745510802,0.20962193033381749,0.1397479535558783,0.18473608437776615
Dataset_0136,single_output,Si Particle Size (um),elasticnet,2024,0,0.8859438504625937,0.270938449631318,0.0821025604943388,0.2030863515722126,0.9044364459303025,0.22455845206477454,0.10253810596565048,0.1944724111983701
Dataset_0136,single_output,Si Particle Size (um),elasticnet,2024,1,0.9128130303365838,0.2573545991705121,0.07798624217288247,0.20124252318340977,0.8632699959012111,0.20526851811323205,0.11403806561846223,0.1652138947940537
Dataset_0136,single_output,Si Particle Size (um),elasticnet,2024,2,0.9217560405358549,0.2445684370724538,0.07411164759771327,0.18966443116863954,0.7403685204393122,0.24032219560039353,0.18486322738491812,0.21782481791669
Dataset_0136,single_output,Si Particle Size (um),elasticnet,2024,3,0.898385673664024,0.2126719214744554,0.09711046642669197,0.17228885166175553,0.7428530652693622,0.6048829249080415,0.18329785603273988,0.44697844358542455
Dataset_0136,single_output,Si Particle Size (um),elasticnet,2024,4,0.9038414840462436,0.2632540818355468,0.07977396419258995,0.19991137343440124,0.8711970269838972,0.24470439164832314,0.12879178507806482,0.22036149609747643
Dataset_0136,single_output,Si Particle Size (um),elasticnet,99,0,0.9056595337685023,0.2636164451818896,0.08012657908264122,0.20559787387188133,0.9395509462576557,0.15706179919838067,0.08266410484125299,0.14800550417477487
Dataset_0136,single_output,Si Particle Size (um),elasticnet,99,1,0.9078900974299661,0.2494298615487584,0.07558480652992679,0.1995862386970259,0.8662003469084361,0.22471312617814793,0.11292116893374268,0.18074200708357474
Dataset_0136,single_output,Si Particle Size (um),elasticnet,99,2,0.8923088268310588,0.24113914208925208,0.09274582388048158,0.18289220556936409,0.8123733883762541,0.41547139816580186,0.1340230316663877,0.28935492008087543
Dataset_0136,single_output,Si Particle Size (um),elasticnet,99,3,0.9098250507337162,0.26524898848394346,0.08037848135877075,0.194216841806397,0.7955798219023287,0.2112787068115017,0.15091336200821548,0.18392426395199843
Dataset_0136,single_output,Si Particle Size (um),elasticnet,99,4,0.9024364898755219,0.24222821754406126,0.07340249016486705,0.1733152648282552,0.8245290012525384,0.40885570084430517,0.17035654201846048,0.3538742301305648
Dataset_0136,single_output,Si Particle Size (um),svr_rbf,42,0,0.9661001194227058,0.1514794822849891,0.045902873419693666,0.11126757064083373,0.9038405596509561,0.24780399030362135,0.11800190014458159,0.17074447300905754
Dataset_0136,single_output,Si Particle Size (um),svr_rbf,42,1,0.9707684202158176,0.14218915661225348,0.04308762321583439,0.10822455662085223,0.9296808444608898,0.19925121618082048,0.09533551013436387,0.19168586403255125
Dataset_0136,single_output,Si Particle Size (um),svr_rbf,42,2,0.979403608090559,0.10109882766262683,0.04595401257392128,0.0883324544852326,0.46080733936835605,0.7097217626764745,0.26781953308546214,0.463941668801825
Dataset_0136,single_output,Si Particle Size (um),svr_rbf,42,3,0.9634399492994442,0.15927953798428052,0.048413233429872506,0.11516808393271312,0.9044424919758598,0.13409106135137505,0.09577932953669646,0.10636287566408727
Dataset_0136,single_output,Si Particle Size (um),svr_rbf,42,4,0.9801046457965708,0.12300876931749515,0.037275384641665195,0.09321274642130134,0.7590918091624506,0.2699304289889013,0.15878260528758903,0.23344778824553045
Dataset_0136,single_output,Si Particle Size (um),svr_rbf,123,0,0.9490802731944578,0.19168348323844667,0.05808590401165051,0.11356340552353075,0.9168744989947395,0.20220622098976715,0.10110311049488357,0.1524901559223598
Dataset_0136,single_output,Si Particle Size (um),svr_rbf,123,1,0.9577745725396933,0.17612513809478558,0.053371253968116844,0.12002333734374976,0.8857979320172682,0.19358957496188955,0.14891505766299198,0.1874634572073089
Dataset_0136,single_output,Si Particle Size (um),svr_rbf,123,2,0.9791637834765881,0.12076470009956744,0.03659536366653559,0.09526756144524774,0.9062659735944811,0.22872737512977004,0.11493837946219601,0.17856299345496782
Dataset_0136,single_output,Si Particle Size (um),svr_rbf,123,3,0.9620261296903427,0.14870128378136782,0.04519795859616044,0.09970508854264785,0.9055008171348091,0.31324888794632694,0.12048034151781807,0.24487444491254481
Dataset_0136,single_output,Si Particle Size (um),svr_rbf,123,4,0.9749032530869439,0.12427022069172639,0.04779623872758708,0.10030759111291164,0.7878020011115431,0.41136003413680045,0.14691429790600016,0.24866524666886655
Dataset_0136,single_output,Si Particle Size (um),svr_rbf,7,0,0.9710572442519995,0.12307914496237868,0.051282977067657776,0.09506679413473741,0.7815481271509386,0.48219779361141807,0.16073259787047273,0.29769009921271206
Dataset_0136,single_output,Si Particle Size (um),svr_rbf,7,1,0.9517338044219739,0.17480961541132375,0.05313362170556954,0.11185370353071879,0.9031435494096003,0.2841943346002021,0.11841430608341752,0.2403528031276881
Dataset_0136,single_output,Si Particle Size (um),svr_rbf,7,2,0.9664919053709172,0.15190744979699333,0.04603256054454344,0.11321854250110847,0.9553682889425981,0.15471642041717668,0.07735821020858834,0.12049396854290721
Dataset_0136,single_output,Si Particle Size (um),svr_rbf,7,3,0.977983517373481,0.12632455093771808,0.03828016695082366,0.10205138318303578,0.9024205333176646,0.20003189502113092,0.10051854021162358,0.157056924273325
Dataset_0136,single_output,Si Particle Size (um),svr_rbf,7,4,0.9657406372413165,0.1628109639386014,0.04933665573897012,0.11423022911034984,0.9495045605920578,0.1127907761002054,0.07519385073347025,0.09914707718080207
Dataset_0136,single_output,Si Particle Size (um),svr_rbf,2024,0,0.9706488446709444,0.13744339960975177,0.04164951503325812,0.10305117068725002,0.7441215894925891,0.3674515481862854,0.16778609506223077,0.2806440962093698
Dataset_0136,single_output,Si Particle Size (um),svr_rbf,2024,1,0.9662633956117396,0.16008728029120656,0.04851129705794138,0.10505201704305579,0.9198754777625703,0.15713508330025905,0.08729726850014391,0.13372968126994722
Dataset_0136,single_output,Si Particle Size (um),svr_rbf,2024,2,0.9820843497569196,0.11702840504379897,0.035463153043575446,0.09549233294282747,0.7894351934466104,0.21642533667700276,0.16648102821307906,0.1243147218229006
Dataset_0136,single_output,Si Particle Size (um),svr_rbf,2024,3,0.9770433713342946,0.10108500535600576,0.04615753669224008,0.08785463413073474,0.640841336428859,0.714864651441952,0.21662565195210667,0.4766035765669491
Dataset_0136,single_output,Si Particle Size (um),svr_rbf,2024,4,0.9711580182035499,0.14417627042515516,0.04368977891671368,0.10908003274756867,0.9293064092898258,0.18128790927286326,0.09541468909098066,0.15843401934012483
Dataset_0136,single_output,Si Particle Size (um),svr_rbf,99,0,0.9631596259486941,0.16473485796495627,0.05007138539968276,0.11736852648214834,0.9669795101404237,0.1160827186150223,0.061096167692116995,0.09552107575194184
Dataset_0136,single_output,Si Particle Size (um),svr_rbf,99,1,0.9763728226027791,0.1263284609585132,0.038281351805610056,0.09655984612752443,0.8945141083996064,0.19952537555405964,0.10026400781611038,0.1487383197362897
Dataset_0136,single_output,Si Particle Size (um),svr_rbf,99,2,0.9812586460064732,0.10059540404673896,0.038690540017976525,0.09010767049544867,0.7832599193433817,0.4465432500935254,0.14404620970758886,0.34483512427586216
Dataset_0136,single_output,Si Particle Size (um),svr_rbf,99,3,0.9602084448410865,0.17620013609213409,0.05339398063398003,0.11830216891215191,0.8647354393750172,0.17186437454724776,0.12276026753374839,0.14816331767917718
Dataset_0136,single_output,Si Particle Size (um),svr_rbf,99,4,0.9194806874002592,0.22005490544346257,0.06668330467983714,0.12218542234894407,0.8877354501482878,0.32703083506486497,0.13626284794369375,0.2927197768573345
Dataset_0136,single_output,Si Particle Size (um),gpr,42,0,0.9577920781958863,0.1690252989203729,0.051219787551628156,0.1310140318568681,0.9501804138258583,0.17836613007629376,0.08493625241728274,0.1620649616844252
Dataset_0136,single_output,Si Particle Size (um),gpr,42,1,0.9605160534504669,0.16525347945690058,0.05007681195663654,0.13696682533649124,0.9231308639229695,0.20832440861019647,0.09967675053119449,0.17940425343984154
Dataset_0136,single_output,Si Particle Size (um),gpr,42,2,0.9983027907647071,0.029021391988681356,0.013191541813036979,0.019221024458007916,0.6813441103413977,0.5456034545106262,0.20588809604174577,0.36034478968280126
Dataset_0136,single_output,Si Particle Size (um),gpr,42,3,0.9520891121183049,0.1823365369889903,0.055421439814282776,0.1524618791950451,0.9127050531504871,0.1281627958649809,0.09154485418927205,0.11410806764767079
Dataset_0136,single_output,Si Particle Size (um),gpr,42,4,0.9836810304582969,0.11140549218649395,0.033759240056513325,0.08571336190673069,0.5698609916217543,0.36068698918403597,0.21216881716708003,0.31603289387445443
Dataset_0136,single_output,Si Particle Size (um),gpr,123,0,0.9628164726926783,0.16380115244986845,0.049636712863596506,0.12488478638987709,0.9111190449601537,0.20908926266124808,0.10454463133062404,0.18809833430893583
Dataset_0136,single_output,Si Particle Size (um),gpr,123,1,0.9618318627983258,0.167449864947509,0.05074238331742697,0.1271680915945101,0.8390867764969927,0.22979514541365048,0.17676549647203885,0.20819810828278124
Dataset_0136,single_output,Si Particle Size (um),gpr,123,2,0.9758298869733005,0.13006783665527732,0.03941449595614464,0.10819006083938328,0.8231454082972055,0.31417938092891845,0.15787908589392888,0.23840324044331587
Dataset_0136,single_output,Si Particle Size (um),gpr,123,3,0.9999884515251674,0.002593191579007538,0.0007882041273579144,0.0018933554476163663,0.9002324767222115,0.32186229735184846,0.1237931912891725,0.25956261791060015
Dataset_0136,single_output,Si Particle Size (um),gpr,123,4,0.9999999999550001,5.262163211804927e-06,2.0239089276172796e-06,3.7127557300825044e-06,0.9359994470454214,0.2259140890846385,0.08068360324451376,0.18697834173609948
Dataset_0136,single_output,Si Particle Size (um),gpr,7,0,0.9356388264445473,0.1835382168058086,0.07647425700242023,0.15064174960590362,0.9275948560053795,0.27760804228133273,0.0925360140937776,0.20190817585195642
Dataset_0136,single_output,Si Particle Size (um),gpr,7,1,0.951348636753076,0.1755057259915027,0.05334520546854186,0.14309813300557467,0.9438680174239443,0.21634971727377306,0.09014571553073876,0.1822087593899126
Dataset_0136,single_output,Si Particle Size (um),gpr,7,2,0.9547055649966194,0.17661461121759475,0.053519579156846894,0.13869836278263323,0.9553837039182608,0.1546897000006396,0.0773448500003198,0.13444865145352244
Dataset_0136,single_output,Si Particle Size (um),gpr,7,3,0.9751170108393207,0.13429661610449048,0.04069594427408803,0.11332630840450357,0.7876695418822753,0.29507076158503287,0.14827676461559441,0.21195819925477435
Dataset_0136,single_output,Si Particle Size (um),gpr,7,4,0.9624591664089277,0.17042996830012708,0.05164544493943245,0.13761652098414798,0.8777132676796158,0.17552427069195217,0.11701618046130143,0.14904417371931794
Dataset_0136,single_output,Si Particle Size (um),gpr,2024,0,0.999442842095233,0.01893653158655325,0.005738342905016136,0.014201815927481895,0.724112863789545,0.3815478274081138,0.17422275224114786,0.22998391665086532
Dataset_0136,single_output,Si Particle Size (um),gpr,2024,1,0.9676237758747672,0.15682642454873297,0.04752315895416151,0.1164059342686172,0.8250193481296054,0.2322124222469045,0.12900690124828026,0.2125063848142823
Dataset_0136,single_output,Si Particle Size (um),gpr,2024,2,0.9746381530919668,0.1392404559763106,0.04219407756857897,0.11412890925934105,0.5844147398290862,0.30405018838742354,0.23388476029801814,0.21237675047568572
Dataset_0136,single_output,Si Particle Size (um),gpr,2024,3,0.9367758829334134,0.16775445804600708,0.0766002091534279,0.13817526489171955,0.8579223246658485,0.4496178768573772,0.1362478414719325,0.37656230248830447
Dataset_0136,single_output,Si Particle Size (um),gpr,2024,4,0.9619636360952272,0.1655696514820886,0.050172621661238974,0.13310538873917602,0.9099207314044334,0.20464033848397753,0.1077054413073566,0.17189488096528996
Dataset_0136,single_output,Si Particle Size (um),gpr,99,0,0.9996751626258984,0.015468795063964515,0.004701761417618394,0.010582201772757566,0.968624691495234,0.11315397556214789,0.05955472398007783,0.09903873407134879
Dataset_0136,single_output,Si Particle Size (um),gpr,99,1,0.9997567934041174,0.01281689890310608,0.003883908758516994,0.01028605993454874,0.7956438586759768,0.2777120950475265,0.13955381660679725,0.19413082320924896
Dataset_0136,single_output,Si Particle Size (um),gpr,99,2,0.9958455587006775,0.04736242939664391,0.018216318998709197,0.036578198477599605,0.8775828718177417,0.33559463334159195,0.10825633333599742,0.2699476599316013
Dataset_0136,single_output,Si Particle Size (um),gpr,99,3,0.9703207157311551,0.15217296225550944,0.046113018865305895,0.11370523690991016,0.7129427285101289,0.25036759933091784,0.17883399952208415,0.23336306637164178
Dataset_0136,single_output,Si Particle Size (um),gpr,99,4,0.9488168834955643,0.1754463704099935,0.05316556679090712,0.13983132499821985,0.9302509624941037,0.257772446350369,0.10740518597932042,0.2270941415716159
Dataset_0136,single_output,Si Particle Size (um),random_forest,42,0,0.9312957246114718,0.21564858349457156,0.06534805560441563,0.14931682552566497,0.9364177887965153,0.20150236397056315,0.09595350665264911,0.16777040178571395
Dataset_0136,single_output,Si Particle Size (um),random_forest,42,1,0.9378832342651469,0.2072739636011017,0.06281029200033385,0.15338426817435427,0.8975690837399513,0.24048040040496763,0.11506239253826203,0.1921853028585161
Dataset_0136,single_output,Si Particle Size (um),random_forest,42,2,0.9339791963590649,0.1810051573390123,0.08227507151773285,0.1391677162014234,0.52617949458729,0.66530848507408,0.25105980568833214,0.539258756613757
Dataset_0136,single_output,Si Particle Size (um),random_forest,42,3,0.9363124888734675,0.2102246950782729,0.06389808361041731,0.15551341356918952,0.3341829033195477,0.35395242478055744,0.252823160557541,0.2555123223733937
Dataset_0136,single_output,Si Particle Size (um),random_forest,42,4,0.9392023664699473,0.2150322372145513,0.06516128400440949,0.1576000255013193,0.8960072241208791,0.17734855214960932,0.10432267773506432,0.1519153287981862
Dataset_0136,single_output,Si Particle Size (um),random_forest,123,0,0.9343381032834635,0.2176698971586129,0.06596057489654937,0.1559771096595204,0.8329240536070794,0.28667138178063367,0.14333569089031684,0.23435502389971144
Dataset_0136,single_output,Si Particle Size (um),random_forest,123,1,0.9455059206513727,0.2000824419282689,0.06063104300856634,0.1449317378215656,0.8156366327954443,0.24597008880081062,0.1892077606160082,0.21453049130763371
Dataset_0136,single_output,Si Particle Size (um),random_forest,123,2,0.9374269578487454,0.2092783059679009,0.06341766847512148,0.15677953612479487,0.9623558259911478,0.14495005876750788,0.0728392255113105,0.11918476001511688
Dataset_0136,single_output,Si Particle Size (um),random_forest,123,3,0.906845313020544,0.23290276364119722,0.07079111356875296,0.1521240503557746,0.8838987211552342,0.3472114296653243,0.1335428575635863,0.31707183106575937
Dataset_0136,single_output,Si Particle Size (um),random_forest,123,4,0.9452993045850498,0.18346565590208241,0.07056371380849324,0.14440276426000598,0.7005014454946741,0.48870729141225444,0.17453831836151945,0.3537747677454825
Dataset_0136,single_output,Si Particle Size (um),random_forest,7,0,0.929426617101413,0.192191863860082,0.08007994327503415,0.1457692967944752,0.7168680246799453,0.5489613795443931,0.1829871265147977,0.39906579650673335
Dataset_0136,single_output,Si Particle Size (um),random_forest,7,1,0.925234700289545,0.21756740032821265,0.06612990891435036,0.15328542556102884,0.8952281292978286,0.295578942005268,0.12315789250219498,0.26790941421012865
Dataset_0136,single_output,Si Particle Size (um),random_forest,7,2,0.9346673000851148,0.212114085690023,0.06427699566364334,0.15806829949743753,0.9617437986434532,0.14324041241200133,0.07162020620600067,0.12735559025630475
Dataset_0136,single_output,Si Particle Size (um),random_forest,7,3,0.9375016742610667,0.21283742021630053,0.0644961879443335,0.1533433629110351,0.7452871070266993,0.3231807566935998,0.16240239029829137,0.2713940207279484
Dataset_0136,single_output,Si Particle Size (um),random_forest,7,4,0.9467360907757594,0.203006772258004,0.06151720371454667,0.14205994708994718,0.6570072013190621,0.293961197623927,0.19597413174928463,0.25610029100529114
Dataset_0136,single_output,Si Particle Size (um),random_forest,2024,0,0.9329585358916908,0.2077222573338056,0.06294613858600169,0.14623279693190377,0.8764415298862624,0.2553403918640105,0.11659378623927419,0.22129952952140408
Dataset_0136,single_output,Si Particle Size (um),random_forest,2024,1,0.9375130468195545,0.21787169739800663,0.06602172648424444,0.16177078452837146,0.8968024380725191,0.17833030492656962,0.099072391625872,0.16078359599395395
Dataset_0136,single_output,Si Particle Size (um),random_forest,2024,2,0.935108487525337,0.2227249893415192,0.06749242101258157,0.16214848294106943,0.68969693802026,0.2627291371386425,0.20209933626049426,0.22855106575963793
Dataset_0136,single_output,Si Particle Size (um),random_forest,2024,3,0.9282414512148586,0.17871849860478708,0.08160662036748269,0.14245850529100537,0.7128917156035821,0.6391510566578945,0.19368213838118017,0.4495561961451249
Dataset_0136,single_output,Si Particle Size (um),random_forest,2024,4,0.9393646077563494,0.209047189626308,0.06334763322009333,0.15578202244116057,0.8226870760578233,0.28711046041133337,0.15111076863754389,0.21392780990173849
Dataset_0136,single_output,Si Particle Size (um),random_forest,99,0,0.9334573468577878,0.22139792520248527,0.06729420218920526,0.16311492819349946,0.6906902801865045,0.3552815038641227,0.18699026519164352,0.29611555555555524
Dataset_0136,single_output,Si Particle Size (um),random_forest,99,1,0.9287178406583744,0.21942479830093492,0.06649236312149544,0.1687394146721734,0.9669379245658559,0.11170330016989641,0.05613231164316403,0.08622828798185946
Dataset_0136,single_output,Si Particle Size (um),random_forest,99,2,0.939472286340606,0.1807818357495178,0.06953147528827609,0.14010207219983084,0.6535545321622132,0.5645616267607673,0.1821166537937959,0.4601915570672709
Dataset_0136,single_output,Si Particle Size (um),random_forest,99,3,0.9506757965665692,0.19617371803131842,0.059446581221611644,0.13932549397920094,0.8925155404210601,0.15320279460702135,0.10943056757644382,0.12248217687074894
Dataset_0136,single_output,Si Particle Size (um),random_forest,99,4,0.9126614299645738,0.22918387783161245,0.06944965994897348,0.15364528976132433,0.8391304694999597,0.3914752235948141,0.16311467649783923,0.32353574486360204
Dataset_0136,single_output,Si Particle Size (um),extra_trees,42,0,0.9292458063535255,0.21884207347238468,0.06631577984011658,0.1595059523809521,0.8316762503541814,0.32785743014362895,0.15612258578268046,0.2789895833333308
Dataset_0136,single_output,Si Particle Size (um),extra_trees,42,1,0.9576130394054836,0.17122078066081203,0.05188508504873092,0.12635747126436792,0.9012680268374357,0.2360984118900455,0.11296574731581124,0.1726952380952377
Dataset_0136,single_output,Si Particle Size (um),extra_trees,42,2,0.942278174390232,0.16924684253468494,0.07693038297031134,0.14153180076628274,0.5117032736465866,0.6753953135519286,0.2548661560573316,0.5812730158730199
Dataset_0136,single_output,Si Particle Size (um),extra_trees,42,3,0.9488940237067407,0.18831826191687262,0.05723959328780324,0.14114272030651304,0.5543334415220551,0.28958258732346476,0.20684470523104623,0.2083547619047626
Dataset_0136,single_output,Si Particle Size (um),extra_trees,42,4,0.953851917433684,0.1873428256231694,0.05677055321914225,0.1364727969348654,0.8279180694350698,0.22813593383234565,0.13419760813667395,0.1953904761904777
Dataset_0136,single_output,Si Particle Size (um),extra_trees,123,0,0.9489222201009216,0.1919807422405388,0.05817598249713297,0.13887513605442084,0.6909989988243475,0.38985877885879927,0.19492938942939964,0.3126488492063494
Dataset_0136,single_output,Si Particle Size (um),extra_trees,123,1,0.9456895971199581,0.19974496071344142,0.06052877597377013,0.14167733442802463,0.8105261785974608,0.24935586602581927,0.19181220463524562,0.2254848526077087
Dataset_0136,single_output,Si Particle Size (um),extra_trees,123,2,0.9473108808806088,0.1920397116631955,0.05819385201915016,0.15147011494252824,0.9204648564965895,0.21069248437422522,0.1058756202885554,0.1666904761904807
Dataset_0136,single_output,Si Particle Size (um),extra_trees,123,3,0.9262304945691591,0.20725772294739694,0.06299626837306899,0.14856600985221596,0.7997756998896133,0.4559675156173906,0.1753721213913041,0.3754168934240383
Dataset_0136,single_output,Si Particle Size (um),extra_trees,123,4,0.9579737170385154,0.16081214476856553,0.06185082491098675,0.12244367816092007,0.7008308106745282,0.4884384963871239,0.17444232013825856,0.3910687301587335
Dataset_0136,single_output,Si Particle Size (um),extra_trees,7,0,0.9377616974637422,0.1804859502866678,0.07520247928611158,0.12611595238095222,0.6832861829743447,0.5806050886761859,0.19353502955872864,0.4516561111111098
Dataset_0136,single_output,Si Particle Size (um),extra_trees,7,1,0.9341046164191786,0.20425433302006346,0.06208338389667583,0.14391015325670453,0.809062628603089,0.3990217884511199,0.16625907852129992,0.3285944444444455
Dataset_0136,single_output,Si Particle Size (um),extra_trees,7,2,0.9483160502425702,0.1886609661226002,0.057169989734121275,0.14915051997810588,0.8960770608531036,0.2360860635524308,0.1180430317762154,0.22153854875283427
Dataset_0136,single_output,Si Particle Size (um),extra_trees,7,3,0.957098109171928,0.1763404770412191,0.05343650819430883,0.13837203065134104,0.7439980820076244,0.3239974847928829,0.16281280642858437,0.2846873015872982
Dataset_0136,single_output,Si Particle Size (um),extra_trees,7,4,0.9569369123516064,0.1825351849379877,0.05531369240545082,0.12040383141762458,0.7964299654573874,0.22646674200251957,0.1509778280016797,0.21738684807256195
Dataset_0136,single_output,Si Particle Size (um),extra_trees,2024,0,0.9466222321067911,0.18534953157107026,0.05616652471850614,0.13165396825396702,0.8651612184419571,0.2667415491794262,0.12179979414585672,0.23755416666666412
Dataset_0136,single_output,Si Particle Size (um),extra_trees,2024,1,0.9471358754278926,0.20039489999173896,0.06072572727022393,0.14928398467432955,0.8255543820658923,0.23185713541083638,0.12880951967268686,0.2101307936507972
Dataset_0136,single_output,Si Particle Size (um),extra_trees,2024,2,0.9350998443112792,0.2227398217563278,0.0674969156837357,0.16323352490421392,0.5676954577188843,0.31010595657508777,0.2385430435192983,0.29341587301587163
Dataset_0136,single_output,Si Particle Size (um),extra_trees,2024,3,0.9318862309773943,0.1741205939409659,0.079507120520989,0.1445655555555551,0.7097086741442278,0.642684282134981,0.19475281276817605,0.4859130158730182
Dataset_0136,single_output,Si Particle Size (um),extra_trees,2024,4,0.9540111990425287,0.18205695767149915,0.055168775051969446,0.13520314723590596,0.7533622990917075,0.3386168392298564,0.1782193890683455,0.29314637188208464
Dataset_0136,single_output,Si Particle Size (um),extra_trees,99,0,0.9372360526173518,0.21501987996457905,0.06535558661537358,0.15926626984126882,0.6856456800959557,0.3581669685289485,0.18850893080470973,0.303528750000002
Dataset_0136,single_output,Si Particle Size (um),extra_trees,99,1,0.9485826030267812,0.18635898115752322,0.0564724185325828,0.14822903667213919,0.9599403598964014,0.12295734290841732,0.06178760950171726,0.11377426303854994
Dataset_0136,single_output,Si Particle Size (um),extra_trees,99,2,0.9417576315333337,0.17733610735813607,0.06820619513774465,0.13807619047618988,0.6374578371877411,0.5775281722888314,0.18629941041575207,0.484321768707483
Dataset_0136,single_output,Si Particle Size (um),extra_trees,99,3,0.9607079546921881,0.17509070893652792,0.05305779058682664,0.13389835249042153,0.6482214916612417,0.277158690240834,0.19797049302916714,0.2366485714285725
Dataset_0136,single_output,Si Particle Size (um),extra_trees,99,4,0.9326291113615709,0.201287665429941,0.06099626225149728,0.14884160919540204,0.8079720794631171,0.42771016628089936,0.17821256928370807,0.35563015873015796
Dataset_0136,single_output,Si Particle Size (um),gradient_boosting,42,0,0.9634225141073194,0.15734815457944215,0.047681258963467324,0.11873286847859406,0.9817017237141885,0.10809794110848005,0.051475210051657165,0.09885956741012424
Dataset_0136,single_output,Si Particle Size (um),gradient_boosting,42,1,0.9903254492773826,0.08180045846172244,0.02478801771567347,0.06053269179686257,0.96869807691238,0.13293816127607883,0.06360677573018127,0.11875259730772213
Dataset_0136,single_output,Si Particle Size (um),gradient_boosting,42,2,0.9851998668207645,0.08570050040248492,0.03895477291022041,0.0686495679876455,0.8820375786221928,0.3319616967875416,0.12526856482548743,0.2423066213729952
Dataset_0136,single_output,Si Particle Size (um),gradient_boosting,42,3,0.9857330593732593,0.09949975687476027,0.030243087195975772,0.06940862779416655,0.8435473560352702,0.1715769225571428,0.12255494468367341,0.15398747545658906
Dataset_0136,single_output,Si Particle Size (um),gradient_boosting,42,4,0.998033426490484,0.03867366474914709,0.011719292348226391,0.027453149863699348,0.8993831985980054,0.1744461203748245,0.10261536492636736,0.11251034256803265
Dataset_0136,single_output,Si Particle Size (um),gradient_boosting,123,0,0.9867361227328031,0.09783109343548986,0.029645785889542385,0.06975132862556926,0.9488319354650684,0.158645175606192,0.079322587803096,0.1166829926082886
Dataset_0136,single_output,Si Particle Size (um),gradient_boosting,123,1,0.9895278000432297,0.08771084243512711,0.026579043162159734,0.0641657811055453,0.9677751368915433,0.10283489826763081,0.07910376789817757,0.08723998991442374
Dataset_0136,single_output,Si Particle Size (um),gradient_boosting,123,2,0.9958981040265984,0.053582490715046976,0.016237118398499086,0.03415109073469837,0.9024128480362437,0.23338118002031186,0.11727697488457883,0.15082663416885062
Dataset_0136,single_output,Si Particle Size (um),gradient_boosting,123,3,0.9766283813075813,0.11665857914836607,0.035458534695552,0.08177668883776353,0.9670598351643661,0.18494321173836867,0.0711320045147572,0.1513939878974415
Dataset_0136,single_output,Si Particle Size (um),gradient_boosting,123,4,0.9805962641573105,0.10927002209099773,0.04202693157346067,0.07789641749858846,0.9053692582308269,0.27470563966152134,0.09810915702197191,0.24861814678379118
Dataset_0136,single_output,Si Particle Size (um),gradient_boosting,7,0,0.96745954263548,0.1305047614440713,0.0543769839350297,0.07707840908674443,0.8710660107481465,0.37045123135163366,0.1234837437838779,0.24665354623063354
Dataset_0136,single_output,Si Particle Size (um),gradient_boosting,7,1,0.9846077361811607,0.09871770093237335,0.030005380222605887,0.07249763863184415,0.9677965519760716,0.1638710846141148,0.06827961858921448,0.1374803784810788
Dataset_0136,single_output,Si Particle Size (um),gradient_boosting,7,2,0.9911895278546151,0.0778939625693854,0.02360423108163194,0.06104283484208661,0.9914253102033926,0.0678147006901206,0.0339073503450603,0.05922386831025544
Dataset_0136,single_output,Si Particle Size (um),gradient_boosting,7,3,0.9932792955668948,0.06979449877036449,0.021149848112231664,0.053844507831968404,0.923554323865448,0.17705022879496365,0.08896996421857471,0.13587039146894808
Dataset_0136,single_output,Si Particle Size (um),gradient_boosting,7,4,0.9923074879282552,0.0771486090765881,0.02337836638684488,0.05696143908381545,0.9452895563712668,0.11740392742767634,0.07826928495178422,0.09615879771068932
Dataset_0136,single_output,Si Particle Size (um),gradient_boosting,2024,0,0.9868942146427401,0.09184231324292182,0.027831004013006613,0.06611688941444031,0.9281255657304892,0.19474686673516498,0.08892550992473287,0.1778713519617387
Dataset_0136,single_output,Si Particle Size (um),gradient_boosting,2024,1,0.9930657265711267,0.0725782719310064,0.021993415736668607,0.05607000729866332,0.9716973261315238,0.09339081537391075,0.051883786318839296,0.07346205574394864
Dataset_0136,single_output,Si Particle Size (um),gradient_boosting,2024,2,0.9945872298335721,0.0643257401238179,0.019492648522369063,0.04807526738171013,0.7917662535574188,0.21522403307423044,0.1655569485186388,0.14591694101732627
Dataset_0136,single_output,Si Particle Size (um),gradient_boosting,2024,3,0.98063494537058,0.09284147829099644,0.04239336908264678,0.06923676963869768,0.9203666780409003,0.3366108152732878,0.10200327735554177,0.26700328463270073
Dataset_0136,single_output,Si Particle Size (um),gradient_boosting,2024,4,0.9857936830707605,0.10118636328090742,0.030662534327547706,0.06670205210168825,0.9594487919250266,0.13730321874044907,0.07226485196865741,0.10397128543569731
Dataset_0136,single_output,Si Particle Size (um),gradient_boosting,99,0,0.983081625755269,0.11163562394556777,0.03393180059135799,0.07930171561511752,0.8984693599307454,0.2035515326339667,0.10713238559682457,0.17561291575759672
Dataset_0136,single_output,Si Particle Size (um),gradient_boosting,99,1,0.9914719778240617,0.07589609736066749,0.022998817382020455,0.055934003704391395,0.9586912685260125,0.12485958216445738,0.06274350862535547,0.08414595019854706
Dataset_0136,single_output,Si Particle Size (um),gradient_boosting,99,2,0.9929988369355891,0.06148409060498859,0.023647727155764846,0.04934581214332048,0.9369593878964472,0.2408264170211993,0.07768594097458043,0.1683828603416643
Dataset_0136,single_output,Si Particle Size (um),gradient_boosting,99,3,0.9823771217544683,0.11725981467407155,0.03553327717396108,0.08835883138828246,0.9306324301220384,0.12307563608546,0.08791116863247142,0.08963359246391474
Dataset_0136,single_output,Si Particle Size (um),gradient_boosting,99,4,0.9803705291551804,0.10865139861531736,0.032924666247065866,0.07698386632088859,0.9493625153989136,0.21963595952833623,0.09151498313680677,0.18120586929745283
Dataset_0136,single_output,Si Particle Size (um),xgboost,42,0,0.9908379059400252,0.07875027898654607,0.023863720905013965,0.059450383356639304,0.9777558379889669,0.11918465855232015,0.05675459931062864,0.08561778664588936
Dataset_0136,single_output,Si Particle Size (um),xgboost,42,1,0.9917815245368388,0.07539385781522791,0.022846623580372094,0.06376558090078419,0.98872495781915,0.07978536665947308,0.038174816583479945,0.05345057964324949
Dataset_0136,single_output,Si Particle Size (um),xgboost,42,2,0.9854180506252362,0.08506645586586224,0.0386665708481192,0.07018559521642227,0.8407365418546962,0.38572181994232324,0.14555540375182013,0.27662270750318246
Dataset_0136,single_output,Si Particle Size (um),xgboost,42,3,0.9911572108826407,0.0783341664827646,0.023809777046433014,0.05831591639025459,0.9085169178789876,0.1312012021749719,0.0937151444106942,0.09731312138693672
Dataset_0136,single_output,Si Particle Size (um),xgboost,42,4,0.9965520933245368,0.05120802036297356,0.015517581928173808,0.04112397300785986,0.8621534800224189,0.2041850614210186,0.12010885965942274,0.15470102514539447
Dataset_0136,single_output,Si Particle Size (um),xgboost,123,0,0.9882435804345038,0.09210414994457315,0.027910348468052473,0.06664634781224386,0.9804215346682396,0.09813336657355469,0.049066683286777345,0.07405721545219424
Dataset_0136,single_output,Si Particle Size (um),xgboost,123,1,0.9911874138048717,0.08046110788552516,0.024382153904704593,0.059109264899944454,0.9762019761435706,0.08837215181582288,0.06797857831986376,0.07713617256709503
Dataset_0136,single_output,Si Particle Size (um),xgboost,123,2,0.9964475484279368,0.04986486635324367,0.015110565561588992,0.03569423576881145,0.9440954091848686,0.1766417042517228,0.0887646755033783,0.1116615843772889
Dataset_0136,single_output,Si Particle Size (um),xgboost,123,3,0.9863255485593482,0.08923335937031376,0.027122601632314218,0.06851686822957004,0.9809894601309752,0.14049883931076823,0.05403801511952625,0.12147074937820433
Dataset_0136,single_output,Si Particle Size (um),xgboost,123,4,0.9923393581157588,0.06865796617821583,0.026406910068544554,0.05363786105451912,0.9197922833257781,0.2529062312740621,0.09032365402645075,0.20120542049407955
Dataset_0136,single_output,Si Particle Size (um),xgboost,7,0,0.9871545598889973,0.08199531244127989,0.03416471351719995,0.06395597636699678,0.9196768955006656,0.29239340681944087,0.09746446893981364,0.18824959397315974
Dataset_0136,single_output,Si Particle Size (um),xgboost,7,1,0.9940107110369554,0.06157882766781978,0.018716968895993856,0.047387706493509214,0.9704060611006868,0.15709144246077456,0.0654547676919894,0.1346714224134173
Dataset_0136,single_output,Si Particle Size (um),xgboost,7,2,0.9910346438440735,0.07857564953857862,0.02381080289047837,0.058176806548546116,0.9901873221999364,0.0725451544937625,0.03627257724688125,0.06238627093178888
Dataset_0136,single_output,Si Particle Size (um),xgboost,7,3,0.9965306876373936,0.0501459076431757,0.015195729588841122,0.03833826821425866,0.9125202785589179,0.18939727445763657,0.09517450977770683,0.11668830973761425
Dataset_0136,single_output,Si Particle Size (um),xgboost,7,4,0.9923004179824704,0.07718405336400913,0.023389107080002768,0.04953429707165425,0.9274021998372046,0.13524126913686207,0.09016084609124136,0.11735580648694713
Dataset_0136,single_output,Si Particle Size (um),xgboost,2024,0,0.9917247709859793,0.07297956982937417,0.02211502116041642,0.05431951241833825,0.9635182102532897,0.13874627348003046,0.06335446277626962,0.11359426259994503
Dataset_0136,single_output,Si Particle Size (um),xgboost,2024,1,0.9919018021736724,0.07843327205121804,0.023767658197338802,0.057392729890757596,0.9655089755400855,0.10309639528771398,0.05727577515984109,0.09066097225461696
Dataset_0136,single_output,Si Particle Size (um),xgboost,2024,2,0.9960459885972563,0.054978635522651274,0.016660192582621598,0.04091088286761577,0.8086330529508011,0.20632348896502148,0.1587103761269396,0.17068679332733164
Dataset_0136,single_output,Si Particle Size (um),xgboost,2024,3,0.9833249348542177,0.08615221611621075,0.03933891146858939,0.0694435188688081,0.8761800011696619,0.41973583330984454,0.12719267676055895,0.3204655000141688
Dataset_0136,single_output,Si Particle Size (um),xgboost,2024,4,0.9915435752629017,0.07806828370578542,0.023657055668419826,0.05906773484986405,0.9882805513402797,0.07381292410317997,0.0388489074227263,0.051045138495309006
Dataset_0136,single_output,Si Particle Size (um),xgboost,99,0,0.9923534455041795,0.07505098289006347,0.022811848902754856,0.0537656878573554,0.9635580359116557,0.12194856735252496,0.06418345650132892,0.10174781680107116
Dataset_0136,single_output,Si Particle Size (um),xgboost,99,1,0.9961507872316735,0.05098955749854655,0.015451381060165623,0.04126868987905569,0.8906200346862578,0.20317479890332435,0.10209788889614291,0.1448727900641305
Dataset_0136,single_output,Si Particle Size (um),xgboost,99,2,0.9906097487732318,0.07120594642453032,0.027386902470973203,0.05389768797775793,0.8936566576444399,0.31278726791082034,0.1008991186809098,0.21847846508026114
Dataset_0136,single_output,Si Particle Size (um),xgboost,99,3,0.9922570559942873,0.07772555689375535,0.023553199058713743,0.05732806789463965,0.9735986843704281,0.07592881699146142,0.054234869279615294,0.06424683502742222
Dataset_0136,single_output,Si Particle Size (um),xgboost,99,4,0.989693022488168,0.07873116705994956,0.02385792941210593,0.058002448986316575,0.9894337088242289,0.1003295053032141,0.04180396054300588,0.08332047462463381
Dataset_0136,single_output,Si Particle Size (um),ann,42,0,0.9214208079577713,0.23062612793839546,0.06988670543587741,0.1843631107612945,0.8360904590158815,0.3235299189222334,0.15406186615344444,0.25795808181477453
Dataset_0136,single_output,Si Particle Size (um),ann,42,1,0.9528637100329054,0.18055853950796902,0.0547147089418088,0.1501410530033179,0.935531290032679,0.19078254924699645,0.09128351638612271,0.17284454455985712
Dataset_0136,single_output,Si Particle Size (um),ann,42,2,0.9458072564173386,0.16399141576328888,0.07454155261967675,0.12958821413114277,0.7823765418533338,0.45088832493707803,0.17014653771210494,0.3282269700890673
Dataset_0136,single_output,Si Particle Size (um),ann,42,3,0.8726429298917346,0.29728166337792783,0.09035916819997808,0.2390524902638408,0.39933903257319925,0.3361879369831126,0.24013424070222328,0.26427971032537806
Dataset_0136,single_output,Si Particle Size (um),ann,42,4,0.9843263137880912,0.10918068373623034,0.03308505567764556,0.07999218733767557,0.4930795239640926,0.39155788934877594,0.23032817020516236,0.35447970739050944
Dataset_0136,single_output,Si Particle Size (um),ann,123,0,0.9251256267578722,0.23243860496796429,0.07043594089938313,0.18219592184537398,0.81846965355134,0.29881472379960566,0.14940736189980283,0.27230121684330455
Dataset_0136,single_output,Si Particle Size (um),ann,123,1,0.9557639701480096,0.1802695565873174,0.05462713835979315,0.144864530812697,0.7002426706180405,0.3136388751564874,0.24126067319729805,0.2653597846193171
Dataset_0136,single_output,Si Particle Size (um),ann,123,2,0.9513220401565633,0.18458515064353445,0.05593489413440438,0.1491937186440157,0.858722950828365,0.2808053108317829,0.14110819639788086,0.20990470722292223
Dataset_0136,single_output,Si Particle Size (um),ann,123,3,0.9454972397449072,0.17814823961752413,0.054148401099551415,0.15888760121262555,0.9577205869674976,0.2095269957325027,0.08058730605096258,0.16152736067290277
Dataset_0136,single_output,Si Particle Size (um),ann,123,4,0.893746194024195,0.2556999256270497,0.09834612524117296,0.2040404846551494,0.8304712268748305,0.367682671797465,0.13131523992766608,0.25031809573807323
Dataset_0136,single_output,Si Particle Size (um),ann,7,0,0.9253216927872584,0.19770231885893585,0.08237596619122325,0.15200418517567824,0.9262279666378501,0.280216180849426,0.09340539361647535,0.19602229059206833
Dataset_0136,single_output,Si Particle Size (um),ann,7,1,0.9237769543508445,0.21967818520049212,0.06677148486337148,0.1775534813339857,0.8658134297959776,0.33450735199926207,0.13937806333302585,0.28162331092589005
Dataset_0136,single_output,Si Particle Size (um),ann,7,2,0.9420413180439797,0.1997852661722332,0.060540989749161576,0.15936776756390553,0.8088054259491271,0.32022292636941313,0.16011146318470657,0.2586307908531344
Dataset_0136,single_output,Si Particle Size (um),ann,7,3,0.9753107933006171,0.13377265986604714,0.04053716965637792,0.11036604199678539,0.7265331967562864,0.3348669882406446,0.16827486846263548,0.27641741452946417
Dataset_0136,single_output,Si Particle Size (um),ann,7,4,0.9586166950787859,0.1789396538088444,0.054224137517831644,0.1500946969275782,0.8181784706081955,0.2140277866922046,0.14268519112813638,0.16155912723617963
Dataset_0136,single_output,Si Particle Size (um),ann,2024,0,0.9447848762909463,0.18851256952202194,0.05712502106727938,0.15303527765670857,0.6068659615957754,0.4554635042623604,0.20797420285952528,0.3960318585117649
Dataset_0136,single_output,Si Particle Size (um),ann,2024,1,0.9266386739420567,0.2360694176771857,0.07153618717490476,0.18664515071892632,0.6955880568951596,0.30628186101264504,0.17015658945146944,0.2682122269690572
Dataset_0136,single_output,Si Particle Size (um),ann,2024,2,0.969088609264042,0.15372137869552358,0.04658223596834048,0.13383463369768978,0.6563240457378634,0.2764965919064158,0.21268968608185834,0.23512834334767735
Dataset_0136,single_output,Si Particle Size (um),ann,2024,3,0.9383988674791567,0.16558730278363135,0.07561064054047094,0.1381068399146052,0.8678619982915494,0.4336052347167158,0.13139552567173207,0.3130162689366505
Dataset_0136,single_output,Si Particle Size (um),ann,2024,4,0.8966440099010966,0.2729286101087116,0.0827056394268823,0.22616195707751008,0.8419204738269639,0.27109195691972604,0.1426799773261716,0.2368507039231979
Dataset_0136,single_output,Si Particle Size (um),ann,99,0,0.9652315979899656,0.16003532476880744,0.048642955856780384,0.13581805034358643,0.8448284917045424,0.2516412335767746,0.13244275451409188,0.1995631126348414
Dataset_0136,single_output,Si Particle Size (um),ann,99,1,0.9704683276479441,0.1412340148251162,0.04279818631064127,0.11737816653819941,0.7341135221249805,0.31677366801871704,0.15918274774809904,0.27420551575993884
Dataset_0136,single_output,Si Particle Size (um),ann,99,2,0.9100272496433577,0.22041094454160667,0.08477344020831028,0.16110722388692583,0.7909514880502374,0.4385483223018663,0.14146720074253752,0.2949534782388075
Dataset_0136,single_output,Si Particle Size (um),ann,99,3,0.898565091596274,0.2813225230689142,0.0852492494148225,0.2171123027842493,0.5653170715656942,0.30809180099732775,0.22006557214094838,0.2779488116648874
Dataset_0136,single_output,Si Particle Size (um),ann,99,4,0.8785680917112854,0.27023863273223614,0.0818904947673443,0.19901319984166255,0.807246091989358,0.428517911561841,0.17854912981743376,0.361331998449365
Dataset_0136,single_output,Si Particle Size (um),lightgbm,42,0,0.9848001204218421,0.10143195627901226,0.030736956448185537,0.07356144008263413,0.9864874200886236,0.09289267504911528,0.04423460716624537,0.06860186565575548
Dataset_0136,single_output,Si Particle Size (um),lightgbm,42,1,0.9863251106398511,0.09725282944398426,0.02947055437696493,0.06623403189865201,0.9568682602601963,0.15604959489029094,0.07466487793793826,0.12889730973876073
Dataset_0136,single_output,Si Particle Size (um),lightgbm,42,2,0.9877297254207613,0.0780328891205656,0.03546949505480254,0.06342207918699481,0.8407551717318114,0.3856992593363101,0.14554689031558876,0.28087610012954534
Dataset_0136,single_output,Si Particle Size (um),lightgbm,42,3,0.9877792323960933,0.09208859253116237,0.027990453656888264,0.06940263613456937,0.8918489618687738,0.14265361012262706,0.10189543580187646,0.10650084396521123
Dataset_0136,single_output,Si Particle Size (um),lightgbm,42,4,0.9924022385940552,0.07601565838464779,0.023035047995347814,0.055839744823104054,0.835406469424808,0.22311688723600592,0.13124522778588585,0.18789024139531477
Dataset_0136,single_output,Si Particle Size (um),lightgbm,123,0,0.9886868450036972,0.09035111758337191,0.027379126540415733,0.06326357896339548,0.9744419915573994,0.11212201123197958,0.05606100561598979,0.09384328594146726
Dataset_0136,single_output,Si Particle Size (um),lightgbm,123,1,0.9880247287695375,0.09379441922020165,0.028422551278848986,0.06791925564536415,0.9591382252080803,0.11579867633923861,0.0890759048763374,0.10296502285229006
Dataset_0136,single_output,Si Particle Size (um),lightgbm,123,2,0.987689960604677,0.09282400394056874,0.028128486042596587,0.0681343720828775,0.9506072152454069,0.16603561906640568,0.08343498445548025,0.11984350378088758
Dataset_0136,single_output,Si Particle Size (um),lightgbm,123,3,0.9828649626430475,0.09988834424725028,0.030361198859346593,0.06712309789561066,0.9897402501997785,0.10321525652882728,0.0396981755880105,0.09166115875320757
Dataset_0136,single_output,Si Particle Size (um),lightgbm,123,4,0.9901758868434531,0.07775082968867188,0.029904165264873803,0.0629325950599441,0.847950222350732,0.3482124926443254,0.12436160451583052,0.2592580697684791
Dataset_0136,single_output,Si Particle Size (um),lightgbm,7,0,0.9872263812541877,0.081765765225316,0.03406906884388167,0.06614084818960257,0.8694156375933287,0.37281460638848457,0.12427153546282821,0.23980580595623618
Dataset_0136,single_output,Si Particle Size (um),lightgbm,7,1,0.9872573554158652,0.08982010701646058,0.027300944381902916,0.0650296950093121,0.9878011918725834,0.10085788143054561,0.04202411726272733,0.08391779367971365
Dataset_0136,single_output,Si Particle Size (um),lightgbm,7,2,0.9834044926594985,0.10690535823725617,0.03239556310219884,0.07864791180936087,0.9783994448980875,0.10763340920507611,0.053816704602538054,0.09136245940187902
Dataset_0136,single_output,Si Particle Size (um),lightgbm,7,3,0.9908551799492362,0.08141442812079155,0.02467103882448229,0.06235018097999744,0.887268295534372,0.2150022802511295,0.10804134685986408,0.1806820026220986
Dataset_0136,single_output,Si Particle Size (um),lightgbm,7,4,0.9882957605085411,0.09516244836283341,0.028837105564494977,0.0664906917195434,0.8689188924483688,0.18172620539998993,0.12115080359999326,0.14876686562418365
Dataset_0136,single_output,Si Particle Size (um),lightgbm,2024,0,0.9859634464209647,0.09504768251829572,0.02880232803584719,0.06801732199219578,0.9435777773476416,0.17254737418484015,0.07878875533554344,0.15392956052955692
Dataset_0136,single_output,Si Particle Size (um),lightgbm,2024,1,0.9855819069363353,0.10465501745944618,0.03171364165437763,0.0762854751428133,0.9517041384244275,0.12199594421086678,0.06777552456159264,0.10389763438053404
Dataset_0136,single_output,Si Particle Size (um),lightgbm,2024,2,0.9918870701555257,0.07875241102811974,0.0238643669782181,0.058874541934640125,0.8499123604324326,0.1827206673344664,0.1405543594880511,0.11269234865544729
Dataset_0136,single_output,Si Particle Size (um),lightgbm,2024,3,0.9839749423100925,0.0844563842744045,0.038564559029408446,0.0643373658696676,0.8741574978649967,0.4231499770031951,0.12822726575854398,0.29073157598142046
Dataset_0136,single_output,Si Particle Size (um),lightgbm,2024,4,0.9858892902522791,0.10084530111223294,0.030559182155222107,0.07252032453924355,0.9779970948841479,0.10113904134641409,0.05323107439284953,0.06290313096850819
Dataset_0136,single_output,Si Particle Size (um),lightgbm,99,0,0.9845460145571242,0.10669491939665936,0.0324300666859147,0.07572670187896506,0.9424564530256988,0.15324070057945768,0.08065300030497773,0.1214733540259883
Dataset_0136,single_output,Si Particle Size (um),lightgbm,99,1,0.9917796938918133,0.07451424051111465,0.022580072882155956,0.05564531085335021,0.9385038224238784,0.15234387883084854,0.07655471298032591,0.10783973916223158
Dataset_0136,single_output,Si Particle Size (um),lightgbm,99,2,0.9888077397226083,0.0777385718745116,0.029899450720966003,0.06329930556267974,0.8394315407919368,0.3843474762131503,0.12398305684295172,0.26963740387755236
Dataset_0136,single_output,Si Particle Size (um),lightgbm,99,3,0.9894202694423178,0.09085484394195073,0.02753177089150022,0.06611655101476774,0.9007278190698038,0.1472338370570877,0.10516702646934835,0.1103296766753854
Dataset_0136,single_output,Si Particle Size (um),lightgbm,99,4,0.982981009435527,0.10116910865919038,0.030657305654300117,0.06512953930277732,0.98867290924308,0.10387871622400531,0.04328279842666888,0.08762007943471077
Dataset_0136,single_output,Hardness (HV),linear_regression,42,0,0.9431054635102649,1.2644960949505166,0.057477095225023485,1.0979531818658042,0.9278547798544698,1.6122595973207312,0.10401674821424073,1.2527036858814231
Dataset_0136,single_output,Hardness (HV),linear_regression,42,1,0.9505925970310084,1.2504419499779338,0.05683827045354244,1.0319024321645018,0.8776890140118001,1.6791048311992216,0.12437813564438678,1.5117560925582114
Dataset_0136,single_output,Hardness (HV),linear_regression,42,2,0.9290629179803593,1.3675535112584147,0.07392181141937378,1.1718184103275815,0.9609900374730938,1.1740888791873432,0.07338055494920895,0.9775472735509985
Dataset_0136,single_output,Hardness (HV),linear_regression,42,3,0.9481698025251611,1.2857336031121263,0.061225409672006015,1.0553424813981507,0.7427027927124237,1.5418138350603725,0.15418138350603725,1.4966375612534608
Dataset_0136,single_output,Hardness (HV),linear_regression,42,4,0.9470182556498279,1.3402056043061288,0.06091843655936949,1.1453208657475102,0.8952435137489678,1.3514743005228067,0.09193702724644942,1.1715805535555492
Dataset_0136,single_output,Hardness (HV),linear_regression,123,0,0.9553652198887251,1.1967057460318118,0.054395715728718715,1.0149750484795779,0.8580375760423294,1.9291406796552277,0.11347886350913104,1.6326946358237482
Dataset_0136,single_output,Hardness (HV),linear_regression,123,1,0.9521382282480788,1.2385631378389337,0.05629832444722426,1.0282076021680588,0.8067121393900449,1.901532059808559,0.15846100498404658,1.7530069165850304
Dataset_0136,single_output,Hardness (HV),linear_regression,123,2,0.9389765824300859,1.365180684106879,0.06205366745940359,1.1415136079695876,0.9537831228273088,1.209412780804772,0.07558829880029826,1.0542055204580427
Dataset_0136,single_output,Hardness (HV),linear_regression,123,3,0.9358631645953523,1.3383757077599392,0.0637321765599971,1.1418197171549525,0.9521730751696231,1.426858039838167,0.07509779157042984,1.053768622426162
Dataset_0136,single_output,Hardness (HV),linear_regression,123,4,0.9468700713277624,1.280093778977744,0.06737335678830232,1.0782555287642566,0.910615311218506,1.5449712055343632,0.0965607003458977,1.4062630387789739
Dataset_0136,single_output,Hardness (HV),linear_regression,7,0,0.9350680422746454,1.3549320075939904,0.07131221092599949,1.1599118167460567,0.9558403248538104,1.2728238221092754,0.06993537484116896,1.0051200076039315
Dataset_0136,single_output,Hardness (HV),linear_regression,7,1,0.932665035657679,1.3852985556662734,0.06596659788887016,1.169615760499101,0.9697851216548679,1.0869400816534847,0.05720737271860445,0.9757076594651437
Dataset_0136,single_output,Hardness (HV),linear_regression,7,2,0.9363839357912588,1.3915264689082925,0.06325120313219511,1.1939467789836795,0.9621837655740204,1.0122805473582766,0.0674853698238851,0.8901429922923256
Dataset_0136,single_output,Hardness (HV),linear_regression,7,3,0.9535078678682837,1.1921009665247355,0.05418640756930616,1.0107981789332938,0.8979740192235773,1.7781350687258288,0.10776576174095932,1.640771657838751
Dataset_0136,single_output,Hardness (HV),linear_regression,7,4,0.9584902050464843,1.214678433768578,0.055212656080389916,1.006668878692903,0.7110416039917079,1.7860110083580185,0.1777125381450765,1.733547245254903
Dataset_0136,single_output,Hardness (HV),linear_regression,2024,0,0.951456338388897,1.1714484150018079,0.053247655227354904,1.02817521390234,0.86543097996579,1.810128835234827,0.12483647139550531,1.5477010853273896
Dataset_0136,single_output,Hardness (HV),linear_regression,2024,1,0.9465072734501303,1.3701595152435808,0.06227997796561731,1.1818874635590901,0.8969257814998883,1.1477318991957264,0.09108983326950203,0.9480282632658869
Dataset_0136,single_output,Hardness (HV),linear_regression,2024,2,0.9392159979291034,1.4315860134696134,0.06507209152134606,1.2491174055589478,0.9508609270194164,0.7217856034977395,0.06874148604740375,0.6792148822754253
Dataset_0136,single_output,Hardness (HV),linear_regression,2024,3,0.935946814350668,1.2295706835586704,0.0702611819176383,1.0057381902546056,0.93520448921132,1.8740814166463158,0.0851855189384689,1.6026600908821942
Dataset_0136,single_output,Hardness (HV),linear_regression,2024,4,0.9483988169217075,1.275142925082977,0.05796104204922623,1.051037146259192,0.8999866727217823,1.6556298392626807,0.11037532261751205,1.5794307839008224
Dataset_0136,single_output,Hardness (HV),linear_regression,99,0,0.9422603496724351,1.3654542887598393,0.06502163279808759,1.1881553013579438,0.9260834461776237,1.2182008912829696,0.07910395397941358,0.9788294970832876
Dataset_0136,single_output,Hardness (HV),linear_regression,99,1,0.9491525819639848,1.216830394345131,0.055310472470233234,1.0161494961166868,0.8934062079843993,1.7747132900485207,0.10755838121506187,1.5873366072403619
Dataset_0136,single_output,Hardness (HV),linear_regression,99,2,0.9286980259849205,1.3838593641438788,0.07283470337599363,1.2039440259954075,0.9680027210693475,1.0822040978628422,0.051533528469659154,0.8928695562967205
Dataset_0136,single_output,Hardness (HV),linear_regression,99,3,0.9554666295687001,1.2657228670559995,0.05753285759345452,1.0474007465455377,0.6675179064027144,1.7077800118835103,0.17882513213439905,1.6425551827157412
Dataset_0136,single_output,Hardness (HV),linear_regression,99,4,0.9445992119957032,1.253974046096934,0.056998820277133364,1.0386854479592018,0.9207789747588677,1.7438985022396996,0.11473016462103285,1.5495092280139764
Dataset_0136,single_output,Hardness (HV),ridge,42,0,0.941971544900263,1.2770347489901683,0.058047034045007655,1.0994317665802222,0.9196729967012619,1.7012258456064169,0.10975650616815592,1.2873504515328218
Dataset_0136,single_output,Hardness (HV),ridge,42,1,0.9495356499022612,1.2637462040831355,0.05744300927650616,1.0575354567490678,0.8836055946588947,1.6379895643482736,0.12133256032209434,1.505261374540593
Dataset_0136,single_output,Hardness (HV),ridge,42,2,0.9278519314725315,1.3791770557381275,0.07455011112097987,1.1682402053143202,0.9510600856859857,1.3150577052188346,0.08219110657617716,1.133697190405505
Dataset_0136,single_output,Hardness (HV),ridge,42,3,0.947135158430471,1.2985032179656306,0.061833486569791936,1.0752638587952492,0.778452583863829,1.4306972646879008,0.14306972646879007,1.3852377266102767
Dataset_0136,single_output,Hardness (HV),ridge,42,4,0.9460536813144339,1.3523503262409118,0.061470469374586896,1.157840437429206,0.8910130287950896,1.3784931804529053,0.09377504628931327,1.1880341704400823
Dataset_0136,single_output,Hardness (HV),ridge,123,0,0.9544262273983902,1.2092279225729814,0.054964905571499155,1.02425127646904,0.8518683107777116,1.9706122748326371,0.11591836910780218,1.6777694498960383
Dataset_0136,single_output,Hardness (HV),ridge,123,1,0.9511545669174868,1.2512259617330512,0.05687390735150233,1.0207144948131168,0.8014285774815464,1.927346217890984,0.16061218482424866,1.7983303357555553
Dataset_0136,single_output,Hardness (HV),ridge,123,2,0.9378015368696512,1.3782617339382874,0.06264826063355852,1.1854460114091454,0.9597550255327986,1.1285741103472418,0.07053588189670261,0.939012600459766
Dataset_0136,single_output,Hardness (HV),ridge,123,3,0.9346627642025461,1.3508423264766585,0.06432582507031707,1.153923437306715,0.9604797119909789,1.2970436395857043,0.06826545471503707,1.04245252825999
Dataset_0136,single_output,Hardness (HV),ridge,123,4,0.9457584897474074,1.2934154880882336,0.06807449937306492,1.0993323366544867,0.9098430186534353,1.5516312028417847,0.09697695017761154,1.4692270519373136
Dataset_0136,single_output,Hardness (HV),ridge,7,0,0.9338847599150903,1.36722201664246,0.0719590535074979,1.1525012462575137,0.9544659613378376,1.2924788526873168,0.07101532157622618,1.071993097654552
Dataset_0136,single_output,Hardness (HV),ridge,7,1,0.9315074903474398,1.397155047237167,0.06653119272557938,1.2091893047161408,0.9679140990446317,1.120088396606811,0.05895202087404268,0.9698207472077038
Dataset_0136,single_output,Hardness (HV),ridge,7,2,0.9353612467031909,1.4026669335829767,0.0637575878901353,1.192231346753578,0.9592988051050091,1.050183837490362,0.0700122558326908,0.9075732408972438
Dataset_0136,single_output,Hardness (HV),ridge,7,3,0.9523632092004224,1.206686784703287,0.05484939930469486,1.045665450930656,0.9032892942263573,1.7311975725047848,0.10492106500028998,1.5227570536751764
Dataset_0136,single_output,Hardness (HV),ridge,7,4,0.957620095929733,1.227343173531692,0.05578832606962236,1.0217813031766148,0.7045184562151054,1.8060578293022072,0.17970724669673707,1.7580920161619429
Dataset_0136,single_output,Hardness (HV),ridge,2024,0,0.9502836127274233,1.1855139928605587,0.05388699967547994,1.034932273021727,0.8523954256696117,1.8957752546154574,0.13074312100796256,1.5844062688278822
Dataset_0136,single_output,Hardness (HV),ridge,2024,1,0.9455877606150074,1.3818855124906058,0.06281297784048208,1.2001954368433905,0.9050504190791834,1.101569627471654,0.08742616091044866,0.9220656668295492
Dataset_0136,single_output,Hardness (HV),ridge,2024,2,0.9383538955828165,1.4417023952004169,0.0655319270545644,1.2584437455173494,0.9501580698893399,0.7269292795022857,0.06923135995259863,0.6467012841680742
Dataset_0136,single_output,Hardness (HV),ridge,2024,3,0.9342979828523688,1.2452956883476243,0.07115975361986425,1.0134500622857994,0.9387732867169365,1.821740312145016,0.08280637782477346,1.6519564776142204
Dataset_0136,single_output,Hardness (HV),ridge,2024,4,0.947405926842058,1.2873523769181328,0.0585160171326424,1.056813993457162,0.8934804048834959,1.7086340651182061,0.11390893767454707,1.6439354402821291
Dataset_0136,single_output,Hardness (HV),ridge,99,0,0.9411614600064966,1.3783865762802605,0.06563745601334574,1.2082477704365486,0.9373256425604719,1.1217420559195974,0.07284039324153227,0.9027507517338904
Dataset_0136,single_output,Hardness (HV),ridge,99,1,0.9479360224203832,1.2313011037297794,0.05596823198771725,1.0530035595791893,0.8992290553626789,1.7255593856905873,0.10457935670852045,1.458986245959691
Dataset_0136,single_output,Hardness (HV),ridge,99,2,0.9276009380512682,1.3944651007058508,0.07339290003715004,1.1918916567754385,0.9662924083797257,1.110750486970563,0.05289288033193157,0.948845543340523
Dataset_0136,single_output,Hardness (HV),ridge,99,3,0.9545743677978927,1.2783398686139271,0.058106357664269415,1.0670434786040262,0.66244384151451,1.7207620275712552,0.18018450550484352,1.667524911638184
Dataset_0136,single_output,Hardness (HV),ridge,99,4,0.9434776734025959,1.2666032320914589,0.057572874185975405,1.0448086682418831,0.9124981767499343,1.832776579936949,0.12057740657479926,1.6627835402225972
Dataset_0136,single_output,Hardness (HV),elasticnet,42,0,0.9393064802905814,1.3060306601100908,0.05936503000500413,1.1093392027280002,0.9106480223576736,1.7942513182958835,0.11575814956747635,1.3432191922102188
Dataset_0136,single_output,Hardness (HV),elasticnet,42,1,0.9469311382622116,1.2959474997222287,0.05890670453282858,1.0950601011201737,0.8857887716090975,1.622555193662172,0.12018927360460534,1.4986476646460045
Dataset_0136,single_output,Hardness (HV),elasticnet,42,2,0.9246559309909059,1.409393305866455,0.07618342193872729,1.1714613834484433,0.9382112553878477,1.4776374641390841,0.09235234150869276,1.2818911554125176
Dataset_0136,single_output,Hardness (HV),elasticnet,42,3,0.944548752684572,1.3298884754455902,0.0633280226402662,1.114706835788847,0.8033796764355972,1.34780978630153,0.13478097863015298,1.2852523670075056
Dataset_0136,single_output,Hardness (HV),elasticnet,42,4,0.9436628949941814,1.3819921188766846,0.06281782358530384,1.17745378382303,0.8869354816757922,1.404043290985467,0.09551314904663039,1.2315386131715595
Dataset_0136,single_output,Hardness (HV),elasticnet,123,0,0.9522185727655991,1.238169881311864,0.05628044915053927,1.0379681981397175,0.8477894454609736,1.9975588370093347,0.11750346100054909,1.707213934917478
Dataset_0136,single_output,Hardness (HV),elasticnet,123,1,0.948743195970818,1.2817387860042848,0.058260853909285676,1.0195063954311812,0.7916073623948718,1.974433668915271,0.1645361390762726,1.8488969689319714
Dataset_0136,single_output,Hardness (HV),elasticnet,123,2,0.9348789050823174,1.4102714651569532,0.06410324841622515,1.2262237014619193,0.9623229177248853,1.0919754810448823,0.06824846756530514,0.8833113688412847
Dataset_0136,single_output,Hardness (HV),elasticnet,123,3,0.9316256270159674,1.3818820003532357,0.06580390477872551,1.178744006218443,0.9649248695095439,1.221923973760005,0.06431178809263184,1.032764923022242
Dataset_0136,single_output,Hardness (HV),elasticnet,123,4,0.9429633799353483,1.326322268754467,0.06980643519760352,1.1232476584608317,0.9076394809392867,1.5704785387363616,0.0981549086710226,1.5172343285385719
Dataset_0136,single_output,Hardness (HV),elasticnet,7,0,0.9311233278337636,1.3954822970978606,0.07344643668936109,1.1477035675101064,0.9506245423725166,1.3458942165145378,0.07395023167662294,1.1696093889094676
Dataset_0136,single_output,Hardness (HV),elasticnet,7,1,0.9285354841147877,1.427145630629044,0.06795931574424019,1.249206724241098,0.9635311255552446,1.194143059501065,0.06284963471058236,0.9603591185758477
Dataset_0136,single_output,Hardness (HV),elasticnet,7,2,0.9327928305386906,1.4302629072622064,0.0650119503301003,1.2054343409187023,0.9539237434468716,1.1173785867567378,0.07449190578378252,0.9557597737281347
Dataset_0136,single_output,Hardness (HV),elasticnet,7,3,0.949517465694519,1.242206744580788,0.05646394293549037,1.0881352146677126,0.9057137402176056,1.709360099148968,0.10359758176660412,1.445755992931666
Dataset_0136,single_output,Hardness (HV),elasticnet,7,4,0.9554605902600399,1.2582248415845885,0.05719203825384493,1.0504532895519276,0.7017434070385542,1.8145189106698159,0.18054914534028024,1.7664475266256079
Dataset_0136,single_output,Hardness (HV),elasticnet,2024,0,0.9475753943406996,1.217375309945643,0.05533524136116559,1.058607695065895,0.8391483669018722,1.9790177028845315,0.13648397950927804,1.6158457076633823
Dataset_0136,single_output,Hardness (HV),elasticnet,2024,1,0.9433085546836392,1.4105306525774164,0.06411502966260983,1.2342882935047543,0.9114928465277704,1.0635419227163052,0.0844080891044686,0.907606513668128
Dataset_0136,single_output,Hardness (HV),elasticnet,2024,2,0.9361528592276368,1.4672142213014614,0.06669155551370279,1.2825206721164262,0.9461825617719406,0.7553639366054072,0.0719394225338483,0.6743171053482412
Dataset_0136,single_output,Hardness (HV),elasticnet,2024,3,0.9301297744914174,1.2841897680023235,0.07338227245727563,1.0464226422656984,0.9369439208416717,1.8487554900886882,0.08403434045857673,1.7098326005902769
Dataset_0136,single_output,Hardness (HV),elasticnet,2024,4,0.9448877978209593,1.3178103635934773,0.05990047107243079,1.0667974424147428,0.8876928607708393,1.7544378554018776,0.11696252369345851,1.6858638540443078
Dataset_0136,single_output,Hardness (HV),elasticnet,99,0,0.9386248467036347,1.4077851705137425,0.06703738907208298,1.2382649653923197,0.9441678006387149,1.0587426918527476,0.06874952544498358,0.8558741883478795
Dataset_0136,single_output,Hardness (HV),elasticnet,99,1,0.9449175673006498,1.266491131134186,0.05756777868791754,1.086972070508317,0.9003780621290869,1.7156936273707108,0.10398143196186127,1.3542377527695473
Dataset_0136,single_output,Hardness (HV),elasticnet,99,2,0.9246919006651521,1.4222044180358773,0.07485286410715143,1.2082747405780534,0.9620852753500878,1.1780306868566155,0.05609669937412455,1.0343796902662652
Dataset_0136,single_output,Hardness (HV),elasticnet,99,3,0.9524091047570358,1.3084519565858164,0.05947508893571893,1.0881516781742293,0.6577268878420834,1.7327431385963072,0.18143907210432542,1.687191291239125
Dataset_0136,single_output,Hardness (HV),elasticnet,99,4,0.9406338487628394,1.2980757116544066,0.059003441438836665,1.0567788361502246,0.9025161449858532,1.9344937144749466,0.12726932332072013,1.766734757831878
Dataset_0136,single_output,Hardness (HV),svr_rbf,42,0,0.6408616435612349,3.1769699432636647,0.14440772469380295,2.288512278139354,0.5386186845176486,4.077192257669313,0.26304466178511693,3.775674701326494
Dataset_0136,single_output,Hardness (HV),svr_rbf,42,1,0.6524643462213651,3.3164022767150105,0.15074555803250048,2.388796797923692,0.5281941452369178,3.2978184284212375,0.2442828465497213,3.05526637776526
Dataset_0136,single_output,Hardness (HV),svr_rbf,42,2,0.7411748039979584,2.6122271849365815,0.14120146945603143,1.9937443510439676,0.24326932608991714,5.171111201538772,0.32319445009617326,3.9292575189599837
Dataset_0136,single_output,Hardness (HV),svr_rbf,42,3,0.7039251128775553,3.0729843530038297,0.1463325882382776,2.291031322218395,-0.15946170649617586,3.2729743897949146,0.3272974389794915,2.503087420433362
Dataset_0136,single_output,Hardness (HV),svr_rbf,42,4,0.6949524745258628,3.215822403799761,0.14617374562726185,2.4117336862594247,0.6176437660700365,2.5819713434273637,0.17564430907669137,2.0455481732822767
Dataset_0136,single_output,Hardness (HV),svr_rbf,123,0,0.6725854982436406,3.2411537427328674,0.14732517012422125,2.366090448617349,0.5109971356470875,3.5804111217473786,0.21061241892631638,2.8928093702726247
Dataset_0136,single_output,Hardness (HV),svr_rbf,123,1,0.7015506986011825,3.092851355587078,0.14058415252668535,2.382593127809942,0.5191495503630998,2.999206548661503,0.24993387905512524,2.413098355011109
Dataset_0136,single_output,Hardness (HV),svr_rbf,123,2,0.6723970727178823,3.163120658270219,0.1437782117395554,2.3034436949749417,0.7004703667875556,3.078889854266421,0.1924306158916513,2.748527478887181
Dataset_0136,single_output,Hardness (HV),svr_rbf,123,3,0.6640900023008449,3.062920655311654,0.1458533645386502,2.261249454171755,0.5805050187201752,4.225790112456776,0.2224100059187777,3.650277390415803
Dataset_0136,single_output,Hardness (HV),svr_rbf,123,4,0.7271128358522234,2.901106850913885,0.15268983425862553,2.204711572405984,0.4291013710781626,3.904526039188169,0.24403287744926055,2.695284839728243
Dataset_0136,single_output,Hardness (HV),svr_rbf,7,0,0.6858376919736028,2.98033644136663,0.15685981270350682,2.261290038007856,0.4824242635911449,4.357549350800817,0.2394257885055394,3.403792865615701
Dataset_0136,single_output,Hardness (HV),svr_rbf,7,1,0.6526824631071522,3.1462006786216143,0.14981907993436258,2.2957920749070357,0.5332887871250682,4.271882478080084,0.22483591989895177,3.6039903866497736
Dataset_0136,single_output,Hardness (HV),svr_rbf,7,2,0.680315096996715,3.1193861315751636,0.141790278707962,2.288069530487666,0.515335114924665,3.6239527630374933,0.2415968508691662,3.1940569356379416
Dataset_0136,single_output,Hardness (HV),svr_rbf,7,3,0.6581734101940027,3.232408421365738,0.14692765551662446,2.3680027283954455,0.6271655079677039,3.3991270672643314,0.20600770104632313,2.869512023624318
Dataset_0136,single_output,Hardness (HV),svr_rbf,7,4,0.7360501389695608,3.0629982282092265,0.13922719219132848,2.306323345803614,0.5993177857228495,2.1031318722699366,0.2092668529621828,1.7115935066834769
Dataset_0136,single_output,Hardness (HV),svr_rbf,2024,0,0.6393849596299175,3.1928522453696386,0.14512964751680177,2.254220087448732,0.21324462608319605,4.376800998461046,0.30184834472145144,4.18134268163292
Dataset_0136,single_output,Hardness (HV),svr_rbf,2024,1,0.727925446272598,3.090065793409652,0.14045753606407507,2.396823501319703,0.7595571654101643,1.7529573372042189,0.13912359819081094,1.4943135071022624
Dataset_0136,single_output,Hardness (HV),svr_rbf,2024,2,0.6640395433323787,3.365633971613055,0.15298336234604795,2.4475975777165946,0.08593232037388332,3.1130343474303284,0.29647946166003125,2.415758758203832
Dataset_0136,single_output,Hardness (HV),svr_rbf,2024,3,0.725024635174106,2.5475928788962867,0.14557673593693066,2.0118021265255717,0.4017537020198396,5.694505349207172,0.25884115223668963,4.393471832306064
Dataset_0136,single_output,Hardness (HV),svr_rbf,2024,4,0.6821642394920091,3.1646844692548646,0.1438492940570393,2.2667942727213073,0.5288284198190162,3.593551313734643,0.23957008758230952,3.2554185553145487
Dataset_0136,single_output,Hardness (HV),svr_rbf,99,0,0.6576741304079174,3.324757322275904,0.15832177725123353,2.5232803276067446,0.5267375975912723,3.0824714265277025,0.20016048224205854,2.4640804650583537
Dataset_0136,single_output,Hardness (HV),svr_rbf,99,1,0.6779449321812445,3.062391180997637,0.13919959913625624,2.2038327911271263,0.557598259884083,3.6155190877191927,0.21912236895267834,3.0621056377588167
Dataset_0136,single_output,Hardness (HV),svr_rbf,99,2,0.685708100838775,2.9054123193711727,0.15291643786164066,2.144158097414039,0.2865024184124513,5.11032950049385,0.24334902383304047,4.215180935546054
Dataset_0136,single_output,Hardness (HV),svr_rbf,99,3,0.71813548422726,3.184315174748408,0.14474159885220036,2.347407572564447,0.33253538458471543,2.419702200941748,0.2533719582137957,2.096099608613297
Dataset_0136,single_output,Hardness (HV),svr_rbf,99,4,0.6775046327612214,3.025466280193246,0.13752119455423847,2.220059180233596,0.5200538436328231,4.2923708257290265,0.28239281748217276,3.6839514375866123
Dataset_0136,single_output,Hardness (HV),gpr,42,0,0.9723182018070814,0.8820218822553982,0.04009190373888174,0.7688400314634671,0.9304068640331133,1.5834866008146178,0.1021604258590076,1.0699024734034115
Dataset_0136,single_output,Hardness (HV),gpr,42,1,0.9632367863121312,1.0786343735365695,0.04902883516075316,0.8495255143505573,0.8849173344235928,1.628733518052475,0.12064692726314628,1.5974681032094225
Dataset_0136,single_output,Hardness (HV),gpr,42,2,0.9511386111009701,1.1349861784884614,0.06135060424261953,0.9376781921249704,0.9531589348249213,1.2865497630757945,0.08040936019223716,1.0003631322449016
Dataset_0136,single_output,Hardness (HV),gpr,42,3,0.9634522724382323,1.0796668130621292,0.05141270538391091,0.8628541780258319,0.7869463260851167,1.403004021888837,0.1403004021888837,1.3375585393585172
Dataset_0136,single_output,Hardness (HV),gpr,42,4,0.9662948365213073,1.0689478602505254,0.04858853910229661,0.8344240629496095,0.8890409925639106,1.3909086621294398,0.0946196368795537,1.2034896403187787
Dataset_0136,single_output,Hardness (HV),gpr,123,0,0.9676245095382647,1.0191986850727581,0.046327212957852644,0.8441532889237244,0.8875010292911405,1.717320959684023,0.10101887998141312,1.453713048817633
Dataset_0136,single_output,Hardness (HV),gpr,123,1,0.9626751160063006,1.0937624210376784,0.04971647368353083,0.831372976509573,0.8340125553271627,1.7621342074309085,0.14684451728590905,1.62876420717137
Dataset_0136,single_output,Hardness (HV),gpr,123,2,0.9687789939133942,0.9764844204990917,0.04438565547723144,0.8244024298625526,0.9425116841816792,1.3488512167269222,0.08430320104543264,1.199692488843888
Dataset_0136,single_output,Hardness (HV),gpr,123,3,0.9535988299307135,1.1383839070063435,0.05420875747649255,0.9208869528793938,0.9779653511748779,0.9684954942671122,0.05097344706669012,0.8253136034199855
Dataset_0136,single_output,Hardness (HV),gpr,123,4,0.9702239597095382,0.9583091664146397,0.05043732454813893,0.7826858339383846,0.9003603001601288,1.631191796931608,0.1019494873082255,1.3899947565131978
Dataset_0136,single_output,Hardness (HV),gpr,7,0,0.9433581277493105,1.2654851513864576,0.06660448165191882,1.0574440302369321,0.9716593458613545,1.0196715332903636,0.05602590842254744,0.7979368148451016
Dataset_0136,single_output,Hardness (HV),gpr,7,1,0.9546865619369274,1.1364139898942518,0.054114951899726274,0.9440364665095434,0.9699012287314942,1.084849672644493,0.057097351191815415,0.86028339913503
Dataset_0136,single_output,Hardness (HV),gpr,7,2,0.9605162138801309,1.0962698462576679,0.04983044755716672,0.8845430759915656,0.9591824240731699,1.0516842139975244,0.07011228093316829,0.8236885458409599
Dataset_0136,single_output,Hardness (HV),gpr,7,3,0.9747343725385305,0.8787965686479673,0.039945298574907605,0.7028591414941372,0.9067197974217807,1.7002159983728486,0.10304339384077871,1.5802638786750225
Dataset_0136,single_output,Hardness (HV),gpr,7,4,0.96844577548822,1.0590458979297113,0.04813844990589597,0.844129832127923,0.7569502348169604,1.6380006711392796,0.16298514140689355,1.5643881022943447
Dataset_0136,single_output,Hardness (HV),gpr,2024,0,0.9665865883923154,0.9718904474895445,0.04417683852225202,0.8058128127738381,0.8755402309947207,1.740810257819153,0.12005587984959677,1.3483817563111575
Dataset_0136,single_output,Hardness (HV),gpr,2024,1,0.9729871310170274,0.9736640157405535,0.04425745526093425,0.7745216551554774,0.8729808376502438,1.2740898299687846,0.101118240473713,1.0871109328945647
Dataset_0136,single_output,Hardness (HV),gpr,2024,2,0.9601088019611088,1.1597418813273381,0.05271554006033355,0.9822918600916608,0.9654150547587618,0.6055336498313084,0.05766987141250556,0.459064727210905
Dataset_0136,single_output,Hardness (HV),gpr,2024,3,0.9399784453982137,1.190246060437684,0.0680140605964391,0.9678824662328612,0.9485519551559742,1.6699383289708531,0.07590628768049333,1.4874376737921824
Dataset_0136,single_output,Hardness (HV),gpr,2024,4,0.9654062292127308,1.0440660834548365,0.047457549247947116,0.8123865298599032,0.9087966498169189,1.581028515527359,0.10540190103515726,1.5552226398805442
Dataset_0136,single_output,Hardness (HV),gpr,99,0,0.9714765790457747,0.9597119374147818,0.045700568448322945,0.7732315137923891,0.9340298709396002,1.1508579559960972,0.07473103610364265,0.864044816412262
Dataset_0136,single_output,Hardness (HV),gpr,99,1,0.9736174083115708,0.8765048523893316,0.03984112965406053,0.7229393395597598,0.9033482490258171,1.689923746199393,0.1024196209817814,1.4599566014882848
Dataset_0136,single_output,Hardness (HV),gpr,99,2,0.9576313568302739,1.0667519812538429,0.056144841118623307,0.8710863588134136,0.9540419303041405,1.2969807796754067,0.0617609895083527,1.0025274886861695
Dataset_0136,single_output,Hardness (HV),gpr,99,3,0.9740452179710639,0.9662834399086857,0.04392197454130389,0.7300735315929834,0.6225805909087709,1.8195328931452435,0.1905270045178266,1.739176698838128
Dataset_0136,single_output,Hardness (HV),gpr,99,4,0.9530974774822417,1.1537950652098794,0.0524452302368127,0.9281360888104963,0.9337649070636291,1.594575365502032,0.1049062740461863,1.370243315489958
Dataset_0136,single_output,Hardness (HV),random_forest,42,0,0.9204560868082946,1.495153173191442,0.06796150787233828,1.2623437521473164,0.861893618983254,2.2306840495487767,0.14391509997088883,1.8311831213924883
Dataset_0136,single_output,Hardness (HV),random_forest,42,1,0.9261508961121757,1.5287629070037634,0.0694892230456256,1.2437431523776188,0.8092817718064157,2.096723579850012,0.15531285776666756,1.7337607039785385
Dataset_0136,single_output,Hardness (HV),random_forest,42,2,0.9151982818686234,1.4952368604000528,0.08082361407567853,1.2418045566502425,0.6500464908463274,3.5165628542875185,0.2197851783929699,3.1123605253212157
Dataset_0136,single_output,Hardness (HV),random_forest,42,3,0.9354763794937457,1.434560692585012,0.06831241393261962,1.126946402862773,0.25707674231961564,2.6199100413002,0.26199100413002,2.2024787071393956
Dataset_0136,single_output,Hardness (HV),random_forest,42,4,0.9371269231468556,1.459959002442141,0.06636177283827914,1.2316722929209996,0.6755532031512597,2.3784228886255305,0.16179747541670272,1.9313988378684772
Dataset_0136,single_output,Hardness (HV),random_forest,123,0,0.9237578854209609,1.5640410341051363,0.0710927742775062,1.3483504505084782,0.7800932842236626,2.4010236743562694,0.14123668672683937,2.1022942385161176
Dataset_0136,single_output,Hardness (HV),random_forest,123,1,0.9362792495841814,1.4291052200272147,0.06495932818305522,1.192536918445534,0.8139842297731483,1.8654183511783862,0.15545152926486552,1.628885062358281
Dataset_0136,single_output,Hardness (HV),random_forest,123,2,0.9392652468144438,1.361947940026309,0.06190672454665041,1.107181709542043,0.8068806296227673,2.472220330672771,0.1545137706670482,2.1160879913076127
Dataset_0136,single_output,Hardness (HV),random_forest,123,3,0.918241532703369,1.5110911158849443,0.07195671980404497,1.262000196132083,0.8453589237217886,2.5657064721710094,0.13503718274584262,2.208537736205575
Dataset_0136,single_output,Hardness (HV),random_forest,123,4,0.928887084108353,1.4809705210258828,0.0779458168960991,1.2277924443532207,0.7831255478112531,2.4065396475614547,0.15040872797259092,1.9318917517006915
Dataset_0136,single_output,Hardness (HV),random_forest,7,0,0.9152945956004365,1.5475468789742564,0.08144983573548718,1.2996163046279048,0.7401429104530786,3.0876114655299034,0.16964898162252215,2.799757109788345
Dataset_0136,single_output,Hardness (HV),random_forest,7,1,0.9238176288836479,1.473500565930727,0.0701666936157489,1.2264611704068726,0.8090651285480677,2.732359286692058,0.1438083835101083,2.289273318216197
Dataset_0136,single_output,Hardness (HV),random_forest,7,2,0.9357885916254788,1.3980225322955975,0.06354647874070897,1.1904974128521706,0.8893944933332838,1.7312114876394156,0.11541409917596104,1.4683840453858343
Dataset_0136,single_output,Hardness (HV),random_forest,7,3,0.9190714528039132,1.5728024625228776,0.07149102102376716,1.2991012669641964,0.7798077329102105,2.6122238456754063,0.15831659670760037,2.457582941595437
Dataset_0136,single_output,Hardness (HV),random_forest,7,4,0.9460267212767526,1.3850818146339525,0.06295826430154329,1.1513380890182516,0.7555467716726,1.642723087702777,0.1634550336022664,1.5072854359925572
Dataset_0136,single_output,Hardness (HV),random_forest,2024,0,0.9213564985845907,1.491036667818113,0.0677743939917324,1.2542748962842698,0.6988036575656187,2.7080818637775033,0.186764266467414,2.318738245550726
Dataset_0136,single_output,Hardness (HV),random_forest,2024,1,0.937423096860201,1.4819406023487594,0.06736093647039815,1.2690160285117087,0.7555585968375935,1.7674730924162774,0.14027564225526,1.5118365285508344
Dataset_0136,single_output,Hardness (HV),random_forest,2024,2,0.9288145052382963,1.5492394776665575,0.0704199762575708,1.2350339148877878,0.42822172704230854,2.4621162823445477,0.234487264985195,1.9254520691609949
Dataset_0136,single_output,Hardness (HV),random_forest,2024,3,0.9030323392836561,1.512852516926029,0.08644871525291593,1.2729828761595912,0.8001581378626973,3.2912375497541584,0.1496017068070072,2.7694394165358136
Dataset_0136,single_output,Hardness (HV),random_forest,2024,4,0.9372171061793888,1.4065322709989991,0.06393328504540906,1.1315890999485845,0.7919096959911109,2.3881424560254736,0.1592094970683649,2.286040706383584
Dataset_0136,single_output,Hardness (HV),random_forest,99,0,0.9235669740434778,1.5710160352754394,0.07481028739406854,1.265751899092977,0.5993471672688031,2.8361693957061433,0.18416684387702223,2.2248517361111144
Dataset_0136,single_output,Hardness (HV),random_forest,99,1,0.9249376814321603,1.4784498044096746,0.06720226383680339,1.2603029533844172,0.874983272010939,1.9219686944066563,0.11648295117616099,1.8039741024187532
Dataset_0136,single_output,Hardness (HV),random_forest,99,2,0.9210171971307626,1.4564898108798068,0.07665735846735826,1.1469493376993414,0.7125270430068871,3.2437781837622626,0.15446562779820297,3.0171092846307266
Dataset_0136,single_output,Hardness (HV),random_forest,99,3,0.9439018548148108,1.4205943882529877,0.06457247219331762,1.2021146771491609,0.8583060796329315,1.1148678820030393,0.11674009235633923,0.9325051776266255
Dataset_0136,single_output,Hardness (HV),random_forest,99,4,0.925136049122627,1.4576959537377971,0.06625890698808169,1.112036502545984,0.7030602249410132,3.3762543987140323,0.22212199991539683,2.8811538222359547
Dataset_0136,single_output,Hardness (HV),extra_trees,42,0,0.9395349212711249,1.3035704947394708,0.05925320430633958,1.0256345238095221,0.8527322279324042,2.3034831922560435,0.14861181885522862,1.9437277777777702
Dataset_0136,single_output,Hardness (HV),extra_trees,42,1,0.9426745700595862,1.3469180785505823,0.06122354902502647,1.0812875478927193,0.7637054762549096,2.3338444440847588,0.17287736622850064,2.0029321995465232
Dataset_0136,single_output,Hardness (HV),extra_trees,42,2,0.917284910188926,1.4767264095120203,0.07982304916281191,1.2490810344827894,0.5971397879537859,3.773031199419947,0.23581444996374668,3.325021995464819
Dataset_0136,single_output,Hardness (HV),extra_trees,42,3,0.9543609156701227,1.206501938315505,0.05745247325311928,1.0044700875752515,0.3791915610854888,2.3949321170695175,0.23949321170695176,2.085565759637118
Dataset_0136,single_output,Hardness (HV),extra_trees,42,4,0.9561425327417824,1.2193547579160278,0.05542521626891035,1.0201230158730161,0.6905675296236552,2.3227382535965924,0.15800940500657087,2.0222412698412313
Dataset_0136,single_output,Hardness (HV),extra_trees,123,0,0.9301442420590185,1.4971033462881274,0.06805015210400579,1.2513753968254109,0.6740161897846206,2.923312285917171,0.1719595462304218,2.5496793650793226
Dataset_0136,single_output,Hardness (HV),extra_trees,123,1,0.9466766933473661,1.3073211915354483,0.05942369052433856,1.1069403119868513,0.6944026516380539,2.3909811554600737,0.1992484296216728,1.9201843537414902
Dataset_0136,single_output,Hardness (HV),extra_trees,123,2,0.9592607453852657,1.1154456418806258,0.05070207463093754,0.9293159003831777,0.7034668808108995,3.063450435320789,0.19146565220754933,2.710755555555569
Dataset_0136,single_output,Hardness (HV),extra_trees,123,3,0.9435828636313831,1.2552487593564199,0.059773750445543804,1.021029611384772,0.8043219662247225,2.886127917775876,0.15190146935662505,2.3929494331065393
Dataset_0136,single_output,Hardness (HV),extra_trees,123,4,0.9401840132948492,1.3582534165031581,0.07148702192121885,1.0949130815544732,0.8355877420288489,2.0953468348391473,0.1309591771774467,1.6420836734693722
Dataset_0136,single_output,Hardness (HV),extra_trees,7,0,0.9189144007397596,1.514119382542938,0.07969049381804937,1.2306384920634994,0.70392887003017,3.2957433966120466,0.1810848020116509,3.0762958333333774
Dataset_0136,single_output,Hardness (HV),extra_trees,7,1,0.9279710166026319,1.4327707500165676,0.06822717857221751,1.1499298850574662,0.7102942924681674,3.3656868401824522,0.1771414126411817,2.7427309523809424
Dataset_0136,single_output,Hardness (HV),extra_trees,7,2,0.9455598940100408,1.2872637940948823,0.05851199064067647,1.043281007115499,0.8812363311391201,1.7939219886499165,0.11959479924332776,1.3874419501134636
Dataset_0136,single_output,Hardness (HV),extra_trees,7,3,0.9408207926658914,1.3449553916945267,0.06113433598611485,1.090573672687464,0.7857201820694839,2.5769144004199305,0.15617663032848064,2.2597156462585133
Dataset_0136,single_output,Hardness (HV),extra_trees,7,4,0.9582504646969817,1.218181079040085,0.055371867229094776,0.9623480569239086,0.6551256869185873,1.951178027528719,0.194147067415793,1.5830741496597815
Dataset_0136,single_output,Hardness (HV),extra_trees,2024,0,0.9540060645191895,1.140268662763482,0.05183039376197645,0.9652694444444369,0.6355451802615149,2.9789196608908166,0.20544273523384943,2.5248875000000357
Dataset_0136,single_output,Hardness (HV),extra_trees,2024,1,0.9630996655464878,1.1379912295531958,0.05172687407059981,0.95214989053093,0.7444799807057987,1.8070821360911897,0.1434192171500943,1.372181065759662
Dataset_0136,single_output,Hardness (HV),extra_trees,2024,2,0.9438321122047375,1.3761533998826214,0.06255242726739188,1.1474766283525164,0.33111423817205476,2.6629972114817435,0.25361878204588034,2.0953746031745237
Dataset_0136,single_output,Hardness (HV),extra_trees,2024,3,0.9072727575269361,1.4794040567012803,0.08453737466864458,1.2740419540229644,0.7908618370391702,3.3669187779974608,0.15304176263624822,2.753319841269796
Dataset_0136,single_output,Hardness (HV),extra_trees,2024,4,0.9520234658744975,1.229542292086605,0.05588828600393659,1.0494876299945388,0.7775298318565431,2.469279203102195,0.1646186135401463,2.059377551020416
Dataset_0136,single_output,Hardness (HV),extra_trees,99,0,0.9321844796478341,1.4798055110346737,0.07046692909688923,1.1876628968253773,0.5783849796928696,2.9094178216317985,0.18892323517089593,2.360444742063464
Dataset_0136,single_output,Hardness (HV),extra_trees,99,1,0.9412022834578186,1.3085063265295336,0.05947756029679698,1.1497284893267765,0.8662108334036838,1.9882579133236447,0.1205004795953724,1.4717027210884441
Dataset_0136,single_output,Hardness (HV),extra_trees,99,2,0.9131127384142681,1.5276337158161983,0.08040177451664202,1.2371798713738533,0.7103680007699943,3.2559364639886517,0.15504459352326913,3.009245351473853
Dataset_0136,single_output,Hardness (HV),extra_trees,99,3,0.9570824022430633,1.2425490631049825,0.0564795028684083,1.0691302681992312,-0.09049070912073565,3.092849452474174,0.32385858141090834,2.7895952380951434
Dataset_0136,single_output,Hardness (HV),extra_trees,99,4,0.9182346738235028,1.523404252660707,0.06924564784821395,1.27832367268748,0.6449337892506979,3.6919486173593725,0.24289135640522183,3.1887123582766583
Dataset_0136,single_output,Hardness (HV),gradient_boosting,42,0,0.986407924527035,0.6180521184330438,0.0280932781105929,0.5054280120019088,0.9318778028221273,1.566662733400347,0.1010750150580869,1.2619635527184805
Dataset_0136,single_output,Hardness (HV),gradient_boosting,42,1,0.9956477902025598,0.37112689910719493,0.016869404504872496,0.2929235650220231,0.9412238366833653,1.1639804723986067,0.08622077573323013,1.026169038662644
Dataset_0136,single_output,Hardness (HV),gradient_boosting,42,2,0.9839139916323997,0.6512261241801807,0.0352014121178476,0.4391797426546187,0.9564222192395473,1.2409256534055852,0.07755785333784908,1.0949613005231547
Dataset_0136,single_output,Hardness (HV),gradient_boosting,42,3,0.9901983817337048,0.559124412665916,0.026624972031710284,0.34554541129832594,0.6816710648983186,1.7149539403260812,0.1714953940326081,1.2646969697012562
Dataset_0136,single_output,Hardness (HV),gradient_boosting,42,4,0.990609803637108,0.5642163152740055,0.025646196148818433,0.4632447321873015,0.9366246108007988,1.0511813568886759,0.07150893584276705,0.8131639951309312
Dataset_0136,single_output,Hardness (HV),gradient_boosting,123,0,0.9885704182866871,0.6055720816960767,0.027526003713458033,0.42552589325555296,0.9191072228510639,1.4562370246900431,0.08566100145235547,1.3108561533449183
Dataset_0136,single_output,Hardness (HV),gradient_boosting,123,1,0.9861477842216613,0.6663208279473988,0.0302873103612454,0.3738429086477825,0.8707641966355132,1.554865351451157,0.12957211262092974,1.0309050740507826
Dataset_0136,single_output,Hardness (HV),gradient_boosting,123,2,0.9931638355376884,0.45692836919288365,0.020769471326949257,0.35917502250697847,0.9525569255763218,1.2253514455733254,0.07658446534833284,1.0536732930421908
Dataset_0136,single_output,Hardness (HV),gradient_boosting,123,3,0.9785681389666497,0.7736672691052131,0.03684129852881967,0.5137377531715088,0.9544237595045206,1.3928802708695256,0.07330948794050135,1.0540288455555742
Dataset_0136,single_output,Hardness (HV),gradient_boosting,123,4,0.9845941166649705,0.6893114188958194,0.03627954836293786,0.4552871002443839,0.9835709405235552,0.662361642463311,0.041397602653956936,0.4859000985122687
Dataset_0136,single_output,Hardness (HV),gradient_boosting,7,0,0.9531189693192199,1.151295558354183,0.060594503071272794,0.7117877438212342,0.9327574926661238,1.5706423721664013,0.08629903143771435,1.2346408435520129
Dataset_0136,single_output,Hardness (HV),gradient_boosting,7,1,0.9904341541307952,0.5221373415858085,0.024863682932657546,0.3828102204897874,0.952617201949351,1.3611485677666098,0.07163939830350578,1.1805294468231133
Dataset_0136,single_output,Hardness (HV),gradient_boosting,7,2,0.9775765315665775,0.8261510669981847,0.03755232122719022,0.5064758154592887,0.9550555956501168,1.1035691846449764,0.07357127897633177,0.9553904215208381
Dataset_0136,single_output,Hardness (HV),gradient_boosting,7,3,0.9831919224973543,0.7167741417114407,0.032580642805065486,0.4996253708792418,0.9350627846755658,1.4185876957069987,0.08597501186103022,0.9906110929661784
Dataset_0136,single_output,Hardness (HV),gradient_boosting,7,4,0.9805037296115539,0.8324569747783077,0.03783895339901399,0.5594578453265636,0.8966895866540049,1.0679195130858739,0.10626064806824619,0.820228091611278
Dataset_0136,single_output,Hardness (HV),gradient_boosting,2024,0,0.9770058304174855,0.8062426495185554,0.03664739315993434,0.5400310084563742,0.796315128393694,2.226980060926198,0.15358483178801366,1.6992798494250163
Dataset_0136,single_output,Hardness (HV),gradient_boosting,2024,1,0.9896668859305863,0.6021980925778992,0.027372640571722694,0.42369485359719466,0.9899597644561544,0.35820972941887863,0.028429343604672887,0.29549823504063355
Dataset_0136,single_output,Hardness (HV),gradient_boosting,2024,2,0.989434494715875,0.5968537639054416,0.027129716541156437,0.4036148147203165,0.8682740201296413,1.1817631806568312,0.11254887434826963,0.5978498241711553
Dataset_0136,single_output,Hardness (HV),gradient_boosting,2024,3,0.9850257877989329,0.5945044700893276,0.03397168400510443,0.4483390332392738,0.9497762784845063,1.6499486964513341,0.07499766802051519,1.221797474304712
Dataset_0136,single_output,Hardness (HV),gradient_boosting,2024,4,0.9841153404208903,0.7074862310699915,0.03215846504863598,0.5390860313190268,0.9316859180909132,1.3683255148212927,0.09122170098808619,1.0797390836995626
Dataset_0136,single_output,Hardness (HV),gradient_boosting,99,0,0.9856029735949711,0.6818306056733611,0.03246812407968386,0.5252431383694781,0.973027327266859,0.7358851669106931,0.047784751098096934,0.5614223605978896
Dataset_0136,single_output,Hardness (HV),gradient_boosting,99,1,0.9817746087453338,0.7285074993607983,0.03311397724367265,0.5377916958290501,0.9207137413818512,1.5305982335695192,0.09276352930724359,1.0657833828375638
Dataset_0136,single_output,Hardness (HV),gradient_boosting,99,2,0.9853097803390974,0.6281383724869499,0.03305991434141842,0.5099924344218622,0.9445895844614565,1.4241257989346954,0.0678155142349855,1.2287642351188595
Dataset_0136,single_output,Hardness (HV),gradient_boosting,99,3,0.9865323157693626,0.6960529946598606,0.03163877248453912,0.44163560523652295,0.8645732881192397,1.0899334040145248,0.11412915225282985,0.7951564554874803
Dataset_0136,single_output,Hardness (HV),gradient_boosting,99,4,0.9899782364447545,0.5333381534042132,0.024242643336555146,0.4104035700864551,0.9130643179932493,1.8268378796181457,0.12018670260645693,1.452560039695263
Dataset_0136,single_output,Hardness (HV),xgboost,42,0,0.993060398257214,0.44162076362566705,0.020073671073893958,0.35023901803152924,0.9565348091979233,1.2514168103245058,0.08073656840803263,0.9358352661132798
Dataset_0136,single_output,Hardness (HV),xgboost,42,1,0.9957559939308605,0.3664844228153355,0.016658382855242522,0.29439544677734375,0.9547454197079396,1.0213541275557403,0.0756558613004252,0.9698431832449776
Dataset_0136,single_output,Hardness (HV),xgboost,42,2,0.9916758816449107,0.4684646147545883,0.025322411608356122,0.3664117747339705,0.9664097560042262,1.0894813171327318,0.06809258232079574,0.8592289515904018
Dataset_0136,single_output,Hardness (HV),xgboost,42,3,0.9970303566271808,0.30775967278473526,0.014655222513558821,0.2379206164129852,0.7574529861115273,1.4969674883149047,0.14969674883149048,1.0744267054966505
Dataset_0136,single_output,Hardness (HV),xgboost,42,4,0.9948520028214569,0.4177605761370189,0.01898911709713722,0.31844203554350786,0.9694112639422757,0.7302946115537285,0.04967990554787268,0.473001316615513
Dataset_0136,single_output,Hardness (HV),xgboost,123,0,0.9949548437159338,0.4023351612379051,0.01828796187445023,0.3273780277797153,0.9256210728174944,1.3963752769500344,0.08213972217353144,1.220856094360352
Dataset_0136,single_output,Hardness (HV),xgboost,123,1,0.995971649291195,0.3593249727762765,0.016332953308012568,0.2680903993803882,0.931259230078034,1.1339882602177376,0.09449902168481146,0.6589351109095978
Dataset_0136,single_output,Hardness (HV),xgboost,123,2,0.9945156619837165,0.40926440899547734,0.018602927681612605,0.3103997592268321,0.9715019291371242,0.9496902649888312,0.05935564156180195,0.8004006522042418
Dataset_0136,single_output,Hardness (HV),xgboost,123,3,0.9902669193966991,0.5213740860939285,0.024827337433044216,0.43384588833512894,0.9734095829574224,1.0639154417492325,0.05599554956574908,0.8439383370535722
Dataset_0136,single_output,Hardness (HV),xgboost,123,4,0.9939469967454243,0.43207349339611184,0.02274071017874273,0.3356096991177263,0.9823168264362993,0.6871774955347691,0.04294859347092307,0.4903564453125
Dataset_0136,single_output,Hardness (HV),xgboost,7,0,0.9916640351225867,0.48547424129231925,0.025551275857490487,0.3845905303955079,0.9894236368967514,0.622907465939761,0.034225684941745105,0.5015613555908214
Dataset_0136,single_output,Hardness (HV),xgboost,7,1,0.9934598283201188,0.43173537872505247,0.02055882755833583,0.3230180937668371,0.9718557032109003,1.0490359702403098,0.0552124194863321,0.8473007202148446
Dataset_0136,single_output,Hardness (HV),xgboost,7,2,0.9937648306385415,0.4356444649620407,0.019802021134638213,0.3321885733768858,0.9703608308997088,0.8961789995740831,0.059745266638272204,0.6482129778180804
Dataset_0136,single_output,Hardness (HV),xgboost,7,3,0.9945214216656045,0.4092203723871275,0.018600926017596706,0.28278719145676184,0.9660675366232641,1.0254560522287244,0.06214885165022572,0.7542964390345982
Dataset_0136,single_output,Hardness (HV),xgboost,7,4,0.9971524063447348,0.3181449508062603,0.014461134127557286,0.2657090811893857,0.8515000820152673,1.2803525752993776,0.1273982661989431,0.7873825073242183
Dataset_0136,single_output,Hardness (HV),xgboost,2024,0,0.9916653292985668,0.4854015134587351,0.022063705157215233,0.3656564440046033,0.9389785010675636,1.2189289099541252,0.08406406275545691,0.7697568893432614
Dataset_0136,single_output,Hardness (HV),xgboost,2024,1,0.9943544379121066,0.4451202556349758,0.0202327388924989,0.35912428231074894,0.973131287723034,0.5859881764162356,0.046506998128272636,0.5032063075474339
Dataset_0136,single_output,Hardness (HV),xgboost,2024,2,0.9934165344182302,0.47114011749605333,0.021415459886184242,0.35177880648908927,0.8583428515190809,1.2255018849920762,0.1167144652373406,0.9061061314174107
Dataset_0136,single_output,Hardness (HV),xgboost,2024,3,0.9939218293442533,0.37876477029035793,0.021643701159449025,0.3015539761247304,0.9590945459093998,1.4890408230628323,0.06768367377558328,1.2763421194893974
Dataset_0136,single_output,Hardness (HV),xgboost,2024,4,0.994634915807317,0.41116610604913484,0.018689368456778856,0.3288983575228986,0.9535534789781603,1.12826444381874,0.07521762958791599,0.9098179408482139
Dataset_0136,single_output,Hardness (HV),xgboost,99,0,0.9935654060251103,0.4558276496416212,0.021706078554362913,0.35550362723214285,0.9819435904413413,0.6020932466470598,0.03909696406799088,0.4300867080688491
Dataset_0136,single_output,Hardness (HV),xgboost,99,1,0.9933377051673679,0.44046106105707394,0.02002095732077609,0.3249736391264818,0.9861702032598889,0.6392491276394556,0.03874237137208822,0.4215639386858255
Dataset_0136,single_output,Hardness (HV),xgboost,99,2,0.9926784797762105,0.4434470939821292,0.023339320735901538,0.35638143605199335,0.9555037171602746,1.2761875883562104,0.06077083754077192,1.127992902483259
Dataset_0136,single_output,Hardness (HV),xgboost,99,3,0.9969842127439303,0.3293792183128114,0.014971782650582337,0.24862991859172934,0.8004151445275041,1.3231576371407099,0.1385505379204932,0.8645553588867188
Dataset_0136,single_output,Hardness (HV),xgboost,99,4,0.9942979271423179,0.40229715186280685,0.01828623417558213,0.3203076592807111,0.9535499314999397,1.3353470606837008,0.0878517803081382,1.0440582275390622
Dataset_0136,single_output,Hardness (HV),ann,42,0,0.9675886403335066,0.9544008902368359,0.04338185864712891,0.7468950911339485,0.844515649553239,2.3668706876732926,0.15270133468859953,1.9980090066438123
Dataset_0136,single_output,Hardness (HV),ann,42,1,0.9540905818748934,1.2053645537906055,0.05478929789957298,0.9402530666388663,0.8702234463371291,1.7295901210934146,0.12811778674766033,1.5182692937101356
Dataset_0136,single_output,Hardness (HV),ann,42,2,0.9396993671033139,1.2608650427848107,0.06815486717755734,1.0578964876999204,0.9517824079663063,1.3053169183275977,0.08158230739547485,0.9940938970920306
Dataset_0136,single_output,Hardness (HV),ann,42,3,0.9393996171104158,1.3902639029674546,0.06620304299845022,1.0559102132725169,0.7258353643711544,1.5915493864035406,0.15915493864035407,1.3161409531969537
Dataset_0136,single_output,Hardness (HV),ann,42,4,0.9412509072035776,1.4112660224842308,0.06414845556746504,1.1757140844806226,0.8419702345118131,1.6599185488203663,0.11291962917145347,1.36966875495913
Dataset_0136,single_output,Hardness (HV),ann,123,0,0.9601229082432391,1.1311297248636765,0.05141498749380347,0.9617227865653898,0.8571148536793104,1.9354000054133706,0.11384705914196298,1.558105479950532
Dataset_0136,single_output,Hardness (HV),ann,123,1,0.9527079911364832,1.2311689267058716,0.05596222394117598,0.9436731425840116,0.8397186451619922,1.7315812114395435,0.1442984342866286,1.5532703179882341
Dataset_0136,single_output,Hardness (HV),ann,123,2,0.9590442396687614,1.1184056905005249,0.050836622295478404,0.9447209263021863,0.9190259124330253,1.600837638106629,0.10005235238166431,1.2901429373475963
Dataset_0136,single_output,Hardness (HV),ann,123,3,0.9342863153087696,1.3547282631521236,0.06451086967391065,1.10795066509033,0.9816863182649384,0.8829423928315466,0.04647065225429193,0.7287904082033337
Dataset_0136,single_output,Hardness (HV),ann,123,4,0.9317320093971255,1.4510444972674599,0.07637076301407683,1.1522025420942745,0.8482287487849667,2.013184512640643,0.1258240320400402,1.6859438292130347
Dataset_0136,single_output,Hardness (HV),ann,7,0,0.9433700545676897,1.2653519106797764,0.06659746898314613,1.0331459760054926,0.9797668306830476,0.8615635516808207,0.04733865668575937,0.7135836157882274
Dataset_0136,single_output,Hardness (HV),ann,7,1,0.926595130513955,1.4463902966181599,0.06887572841038857,1.1354087078391624,0.9422727540161351,1.5024000813341198,0.07907368849126946,1.377282919038517
Dataset_0136,single_output,Hardness (HV),ann,7,2,0.9448650608241252,1.295452588770754,0.05888420858048882,1.0173794632676996,0.9293831330982278,1.3832987134242425,0.09221991422828284,1.132247943962221
Dataset_0136,single_output,Hardness (HV),ann,7,3,0.962776167312754,1.0666792628617594,0.04848542103917088,0.8416734855670573,0.87233147033557,1.9890755841593133,0.12055003540359474,1.681813547390807
Dataset_0136,single_output,Hardness (HV),ann,7,4,0.958428860172175,1.2155756531620205,0.05525343878009184,0.9901098272262963,0.5340869494618727,2.2678739379887936,0.2256590983073427,1.988122782229295
Dataset_0136,single_output,Hardness (HV),ann,2024,0,0.9691290820153111,0.9341823877179865,0.042462835805363024,0.7075660271790761,0.7206461582121377,2.608040108241135,0.17986483505111275,2.20816027964619
Dataset_0136,single_output,Hardness (HV),ann,2024,1,0.9513973666535284,1.3060315367454103,0.059365069852064106,1.1058619841466786,0.8478732396145358,1.3943385520476135,0.11066178984504861,1.00270661284318
Dataset_0136,single_output,Hardness (HV),ann,2024,2,0.94926482076017,1.307908615854298,0.05945039162974082,1.0344635964057578,0.8238354373871946,1.366639631801769,0.1301561554096923,1.166461348043305
Dataset_0136,single_output,Hardness (HV),ann,2024,3,0.9365816935469081,1.2234619097704695,0.06991210912974112,0.9921069932501262,0.9802073921170311,1.0357799638009695,0.047080907445498615,0.9160532202181376
Dataset_0136,single_output,Hardness (HV),ann,2024,4,0.9574343155944113,1.1581340930118238,0.05264245877326472,0.8652238294295661,0.8651856525982864,1.9222167796919871,0.12814778531279913,1.7692998703756555
Dataset_0136,single_output,Hardness (HV),ann,99,0,0.9415511692933387,1.3738142120078245,0.06541972438132497,1.1027536726602025,0.8605670868330244,1.6731339362224487,0.10864506079366545,1.4043993246621618
Dataset_0136,single_output,Hardness (HV),ann,99,1,0.9656051847841781,1.0007879945870262,0.04549036339031937,0.7903187039995753,0.8613565655820719,2.0240064838549303,0.12266705962757153,1.5847881955542777
Dataset_0136,single_output,Hardness (HV),ann,99,2,0.9407882519708721,1.2610872104024538,0.06637301107381335,0.9517811901585972,0.9391692568956829,1.492155937558702,0.07105504464565247,1.399882658516209
Dataset_0136,single_output,Hardness (HV),ann,99,3,0.9473065470612696,1.3768105109616025,0.06258229595280011,1.1140438484731086,0.5572001062750335,1.9708408250180507,0.206370767017597,1.678813736264457
Dataset_0136,single_output,Hardness (HV),ann,99,4,0.949547520011312,1.1966629258546768,0.05439376935703077,0.9378188575091007,0.8992397615667486,1.9667337415763124,0.1293903777352837,1.7023996752729655
Dataset_0136,single_output,Hardness (HV),lightgbm,42,0,0.9890908069617791,0.5537051003998469,0.025168413654538493,0.44882724136112423,0.9647760787087754,1.1265488806017798,0.07268057294205031,0.8576378653712506
Dataset_0136,single_output,Hardness (HV),lightgbm,42,1,0.9962011074087145,0.346733680156404,0.01576062182529109,0.29016204085231406,0.9276313391431932,1.2915771282899442,0.0956723798733292,1.089013922570197
Dataset_0136,single_output,Hardness (HV),lightgbm,42,2,0.9895858231345785,0.5239865549764283,0.028323597566293424,0.40931456379634656,0.9698695965284992,1.0318478927108927,0.0644904932944308,0.9395871268132409
Dataset_0136,single_output,Hardness (HV),lightgbm,42,3,0.9945934143561853,0.41526096243983485,0.01977433154475404,0.3080856514875597,0.8338056730521181,1.2391460582010956,0.12391460582010956,1.0735936080126092
Dataset_0136,single_output,Hardness (HV),lightgbm,42,4,0.9947881311035204,0.4203441857739157,0.01910655389881435,0.33493109128454635,0.9630474409288957,0.8026747291095987,0.05460372306868017,0.7384295051144514
Dataset_0136,single_output,Hardness (HV),lightgbm,123,0,0.9931498283857796,0.4688148960343626,0.021309768001561938,0.33855069653861036,0.9287896920370924,1.366308052679265,0.08037106192230971,1.132340973837632
Dataset_0136,single_output,Hardness (HV),lightgbm,123,1,0.9980007957202948,0.25313508952030667,0.011506140432741212,0.2029430399581135,0.9114426616379254,1.2871040000176637,0.10725866666813864,1.010257222160947
Dataset_0136,single_output,Hardness (HV),lightgbm,123,2,0.9937683174404139,0.436259133930653,0.0198299606332115,0.3364338886480233,0.9615102794518573,1.103688796692088,0.0689805497932555,0.9192348968039609
Dataset_0136,single_output,Hardness (HV),lightgbm,123,3,0.9904944087587157,0.5152450747678372,0.024535479750849392,0.3814788367540945,0.9887497425313648,0.692031349465769,0.03642270260346153,0.4784373290879265
Dataset_0136,single_output,Hardness (HV),lightgbm,123,4,0.992653377672339,0.476009946610682,0.025053155084772738,0.3943454258482119,0.9668624704068599,0.9406951128605211,0.05879344455378257,0.6974327900238961
Dataset_0136,single_output,Hardness (HV),lightgbm,7,0,0.9904701085152212,0.5190775323236773,0.027319870122298803,0.40103621659557426,0.9755780671091449,0.9465539600177005,0.05200845934163189,0.8097637920665974
Dataset_0136,single_output,Hardness (HV),lightgbm,7,1,0.9932313774489328,0.4392110040591015,0.020914809717100073,0.30706549959841983,0.9788625910287868,0.9091196694143363,0.04784840365338612,0.7768868334664794
Dataset_0136,single_output,Hardness (HV),lightgbm,7,2,0.9919453220682479,0.49514473241838153,0.02250657874629007,0.39957922734956586,0.9731152166210668,0.853522592496702,0.056901506166446805,0.6437620692967171
Dataset_0136,single_output,Hardness (HV),lightgbm,7,3,0.993880053024027,0.4325109808547512,0.01965959003885233,0.3231805891259555,0.9680403219457983,0.9952004323333251,0.060315177717171216,0.7852662644200551
Dataset_0136,single_output,Hardness (HV),lightgbm,7,4,0.9965481698167669,0.3502762872209068,0.015921649419132128,0.29480487355038393,0.8614939178136861,1.2365192873035473,0.12303674500532813,1.0768526246064616
Dataset_0136,single_output,Hardness (HV),lightgbm,2024,0,0.9936788347303309,0.42272260853091154,0.01921466402413234,0.3217732690633908,0.9201468759080961,1.3943856275012683,0.09616452603457022,1.0968049138250624
Dataset_0136,single_output,Hardness (HV),lightgbm,2024,1,0.9959642286691608,0.376345770092096,0.017106625913277093,0.2912226752635449,0.8871315667721413,1.201023970057232,0.09531936270295487,1.081091968511424
Dataset_0136,single_output,Hardness (HV),lightgbm,2024,2,0.9922450838797683,0.5113418678874553,0.023242812176702512,0.36246143699383504,0.9549686933362364,0.6909585742008985,0.06580557849532366,0.4954836295977673
Dataset_0136,single_output,Hardness (HV),lightgbm,2024,3,0.9910276027015192,0.4601902157596235,0.02629658375769277,0.37181948470664455,0.9849020182429867,0.9046392848232114,0.04111996749196416,0.7532958919280576
Dataset_0136,single_output,Hardness (HV),lightgbm,2024,4,0.9925003763104617,0.4861259135107819,0.022096632432308267,0.3891300610583582,0.9415533633419971,1.2656512996212481,0.08437675330808321,1.137721048961808
Dataset_0136,single_output,Hardness (HV),lightgbm,99,0,0.9926081786074361,0.48855765608471863,0.023264650289748508,0.3693713396564995,0.9647236214587689,0.8415696301703028,0.05464737858248718,0.6223760497286097
Dataset_0136,single_output,Hardness (HV),lightgbm,99,1,0.9926073354960694,0.4639766184315691,0.02108984629234405,0.3735079830173304,0.9718533675546552,0.9119593206071224,0.05527026185497711,0.7819523540670222
Dataset_0136,single_output,Hardness (HV),lightgbm,99,2,0.9914407760259759,0.4794666179157523,0.025235085153460648,0.377058353337856,0.9598997857919337,1.211507192379426,0.05769081868473457,1.0047977561243815
Dataset_0136,single_output,Hardness (HV),lightgbm,99,3,0.9962732092240388,0.3661536347474325,0.016643347033974205,0.27733371627184156,0.9010671703663014,0.9315753992215478,0.09754716222215162,0.8118808336982803
Dataset_0136,single_output,Hardness (HV),lightgbm,99,4,0.9941424748405968,0.4077440742633835,0.018533821557426524,0.3264693890377504,0.972686638859322,1.023973102724521,0.06736665149503426,0.7918345054057454
Dataset_0136,single_output,wear rate,linear_regression,42,0,0.9166898285705078,0.28095028864999816,0.06802670427360731,0.2256196716725079,0.941007749194849,0.22247172594960196,0.09006952467595218,0.1937159751967379
Dataset_0136,single_output,wear rate,linear_regression,42,1,0.9383286329514063,0.2511124895899016,0.060802055590775214,0.200995987419453,0.7877329885018418,0.34028461835805396,0.17631327376064976,0.2630960290321509
Dataset_0136,single_output,wear rate,linear_regression,42,2,0.9105608684040932,0.2619630515268461,0.07060998693445987,0.2147619798609155,0.901016166992163,0.3307472578827818,0.1060087365008916,0.26474656407461455
Dataset_0136,single_output,wear rate,linear_regression,42,3,0.9293443217697681,0.26362183413418355,0.06607063512134925,0.20278124702215197,0.7005089921327226,0.29744463511857944,0.15991647049385987,0.24525098275237106
Dataset_0136,single_output,wear rate,linear_regression,42,4,0.9436345998541802,0.22742034058231947,0.0550654577681161,0.16896289882930118,0.8289325872091068,0.41836480568535184,0.12563507678238794,0.3734118593389555
Dataset_0136,single_output,wear rate,linear_regression,123,0,0.9380588075414249,0.2528810116527188,0.06123026916530722,0.1942159480133189,0.8150902373244662,0.33541312261731976,0.1465966445005768,0.26235014062742446
Dataset_0136,single_output,wear rate,linear_regression,123,1,0.9274264808406139,0.2688887928675358,0.0651062452463767,0.20504791023073626,0.8687161785496258,0.2695402213739253,0.12896661309757193,0.24484291321345847
Dataset_0136,single_output,wear rate,linear_regression,123,2,0.9382006433727973,0.2369457159057872,0.05737184404498479,0.19530610380276098,0.8724721013984194,0.366127025303268,0.10768441920684352,0.29073803947774274
Dataset_0136,single_output,wear rate,linear_regression,123,3,0.913306122502099,0.2757183783620121,0.06910235046666968,0.2202896794943693,0.9459479235326955,0.252575665601252,0.08363432635803045,0.20466700861146236
Dataset_0136,single_output,wear rate,linear_regression,123,4,0.9194535204942303,0.26398105669483546,0.07115392363742196,0.21853424128735296,0.9229686428957634,0.2893645235986873,0.09274503961496387,0.22477887830172325
Dataset_0136,single_output,wear rate,linear_regression,7,0,0.9193427513513482,0.24896828679097802,0.06710735493018276,0.19952750039965994,0.9184679298741806,0.3435896554951007,0.09162390813202685,0.2762418398299906
Dataset_0136,single_output,wear rate,linear_regression,7,1,0.9228814695301012,0.2635516641627288,0.06605304866233803,0.21009357567571613,0.9235567034606886,0.2882540654165126,0.09614878766394683,0.2024720968812971
Dataset_0136,single_output,wear rate,linear_regression,7,2,0.924381991990618,0.2691773642820091,0.06517611725956637,0.21063044182357196,0.872526231345638,0.28131873701221166,0.12845604429781357,0.2504268794888045
Dataset_0136,single_output,wear rate,linear_regression,7,3,0.9423624902885134,0.2309988952081646,0.055931935885754146,0.18210693323175955,0.841026926475467,0.3962822441764709,0.13209408139215698,0.3501583326034505
Dataset_0136,single_output,wear rate,linear_regression,7,4,0.9276640251648,0.28403881504654827,0.06877453148826834,0.22733371216077505,0.8676409090678364,0.1639568883814543,0.13222329708181807,0.1289475662053437
Dataset_0136,single_output,wear rate,linear_regression,2024,0,0.9302316082475781,0.2584549014252847,0.06257987927972995,0.20601027759771226,0.8531357003799598,0.29569482799555824,0.1325985775764835,0.24430532053708431
Dataset_0136,single_output,wear rate,linear_regression,2024,1,0.9281221726698448,0.2739588764363197,0.0663338683865181,0.21641249970342671,0.8801312844278345,0.23399450081108117,0.10399755591603607,0.17571903084079135
Dataset_0136,single_output,wear rate,linear_regression,2024,2,0.9282600660045841,0.26048015907905325,0.06307025643560611,0.21173396324023774,0.8568399178631809,0.2866945312697358,0.12464979620423297,0.20885233208918536
Dataset_0136,single_output,wear rate,linear_regression,2024,3,0.9077939490908995,0.2480019446791194,0.06946833184289058,0.20110891098250222,0.9181589908195041,0.39343901492779837,0.09526368400188823,0.36932592360015015
Dataset_0136,single_output,wear rate,linear_regression,2024,4,0.9360028518706102,0.2571110174548211,0.06225448364523514,0.19817584879460942,0.7999184800204049,0.31879312429058343,0.14556763666236688,0.2517863270278281
Dataset_0136,single_output,wear rate,linear_regression,99,0,0.9191120599732133,0.2840365354673882,0.07118710162089929,0.2279968745239002,0.9354472955069879,0.2000193714937467,0.07813256698974481,0.14272574894633083
Dataset_0136,single_output,wear rate,linear_regression,99,1,0.9384507338923045,0.23231483943292708,0.056250566448650625,0.1835091408057073,0.8688032550433347,0.37621072946200296,0.11065021454764792,0.3487012588861524
Dataset_0136,single_output,wear rate,linear_regression,99,2,0.9210913534624678,0.2509127795051101,0.06763147695555528,0.19583241568574922,0.914457024111601,0.3246111302353719,0.08135617299132128,0.2817291169043136
Dataset_0136,single_output,wear rate,linear_regression,99,3,0.9280077942174229,0.27940535527759325,0.06765262839651169,0.22607460682077518,0.8679877938558852,0.20560016820040408,0.11384283953510746,0.15239937592830646
Dataset_0136,single_output,wear rate,linear_regression,99,4,0.9229388689604417,0.26482628276127695,0.06412258662500653,0.20919121619218023,0.9315749622228272,0.2681070709351332,0.10155570868755043,0.21246452439597924
Dataset_0136,single_output,wear rate,ridge,42,0,0.9155868173431267,0.28280403787435543,0.06847555396473497,0.22755368722591812,0.9465871659644955,0.21168990679248176,0.08570441570545818,0.17859838427846775
Dataset_0136,single_output,wear rate,ridge,42,1,0.9372844257148715,0.2532294593695492,0.061314639072530076,0.20141412358405356,0.8138615924024779,0.31865377131579,0.1651055809926373,0.25189504888524833
Dataset_0136,single_output,wear rate,ridge,42,2,0.9094570873068907,0.26357455653637096,0.07104435486155551,0.21257496113537203,0.8790135218236307,0.36566427821203334,0.1172000891705235,0.2901488402722748
Dataset_0136,single_output,wear rate,ridge,42,3,0.9283489596765265,0.26547222678848287,0.06653439267881776,0.20637733848689302,0.7367965626962611,0.2788431786484238,0.1499156874453891,0.23364202535340858
Dataset_0136,single_output,wear rate,ridge,42,4,0.9426266890349924,0.229444665540058,0.05555560908960242,0.1703260132223901,0.8155175536062127,0.4344592258148084,0.13046823598042293,0.3878572076077136
Dataset_0136,single_output,wear rate,ridge,123,0,0.9371581414825096,0.2547129053422426,0.06167382695938078,0.19533914126097415,0.8150848821223291,0.33541797955953906,0.1465987672900083,0.266318526303167
Dataset_0136,single_output,wear rate,ridge,123,1,0.9265032644473347,0.27059367121457284,0.06551904872023556,0.2023233305034233,0.8598164903111459,0.27852644772843616,0.1332662429322661,0.24810159798110196
Dataset_0136,single_output,wear rate,ridge,123,2,0.9370257262630948,0.23918749349047086,0.05791464733425445,0.1986074293963698,0.8779340711514666,0.35820068781771214,0.10535314347579768,0.2859044357883178
Dataset_0136,single_output,wear rate,ridge,123,3,0.9121076941154961,0.27761755873636934,0.06957833552289958,0.22240859814567884,0.9612680138154374,0.21380615284040863,0.07079673935112868,0.1752891609217077
Dataset_0136,single_output,wear rate,ridge,123,4,0.918344504188079,0.2657921752655398,0.0716420957589056,0.21842531130171425,0.9106522707582966,0.3116400535029075,0.09988463253298317,0.23725021917657685
Dataset_0136,single_output,wear rate,ridge,7,0,0.9181821335363364,0.25075315398528036,0.06758845120897045,0.2010144457076629,0.9079871046446174,0.36500615987847423,0.09733497596759313,0.291382103530647
Dataset_0136,single_output,wear rate,ridge,7,1,0.9217073151363824,0.2655504143635586,0.06655398856229539,0.21000298873637915,0.9342734851706255,0.26728589407492287,0.08915473451465071,0.2010083449586229
Dataset_0136,single_output,wear rate,ridge,7,2,0.9234014064006552,0.2709170374739446,0.06559734563533767,0.20935549007791676,0.8794550543907015,0.27356639590685905,0.12491616251454754,0.2353898374135602
Dataset_0136,single_output,wear rate,ridge,7,3,0.9412191282680464,0.2332788199976353,0.05648397578635238,0.18537461745346356,0.8463714384719954,0.3895639945894473,0.1298546648631491,0.34618594554204674
Dataset_0136,single_output,wear rate,ridge,7,4,0.9268102875968274,0.285710067110433,0.06917919300494746,0.22784633277946717,0.8604858729976411,0.16833013536343067,0.13575010916405705,0.13729027230335067
Dataset_0136,single_output,wear rate,ridge,2024,0,0.9290816660389757,0.2605761594575294,0.06309350107930493,0.20382700917138014,0.861914078728211,0.2867215329721638,0.1285746784628537,0.2444644970417963
Dataset_0136,single_output,wear rate,ridge,2024,1,0.9271914610405552,0.27572685294413063,0.06676194986540693,0.21851250354384552,0.882492715548339,0.2316781732290952,0.10296807699070898,0.16464769948634395
Dataset_0136,single_output,wear rate,ridge,2024,2,0.9273980034337059,0.2620405148626574,0.06344806655270155,0.21280419844632445,0.8446343340017946,0.2986661233426666,0.12985483623594202,0.2190354188323013
Dataset_0136,single_output,wear rate,ridge,2024,3,0.9062056281356595,0.25012883765130367,0.070064100182438,0.20325573425950114,0.9109057042762501,0.4105035201188873,0.0993955254525151,0.37496400961665455
Dataset_0136,single_output,wear rate,ridge,2024,4,0.935077170453991,0.2589638220187506,0.06270310460502436,0.2010786708727439,0.8019949586241628,0.3171345663868738,0.14481030428624378,0.25230946867245
Dataset_0136,single_output,wear rate,ridge,99,0,0.9180498288152268,0.2858954552079517,0.07165299629271972,0.2313914046945493,0.948655715557834,0.1783860504309842,0.06968205094960322,0.13880372546994701
Dataset_0136,single_output,wear rate,ridge,99,1,0.9372224061550583,0.23462152070760994,0.05680908491709684,0.18523218800439784,0.8743332254521109,0.3681966912624995,0.10829314448897043,0.34106512482240475
Dataset_0136,single_output,wear rate,ridge,99,2,0.9200490940071067,0.25256442561766207,0.06807666458697091,0.19573931068509634,0.9087472692114156,0.33526959084858204,0.08402746637809073,0.28008948576039916
Dataset_0136,single_output,wear rate,ridge,99,3,0.9271214981961053,0.28111997387064824,0.06806779028344993,0.22623247763483068,0.8563363486373723,0.21448151631642837,0.11876052952183187,0.15917833252086414
Dataset_0136,single_output,wear rate,ridge,99,4,0.92186322074118,0.26666815004172695,0.06456855933213727,0.20911744294823276,0.9278249513331158,0.27535583743751596,0.10430145357481663,0.22148843180981587
Dataset_0136,single_output,wear rate,elasticnet,42,0,0.9001753009110333,0.3075384869989899,0.07446452469709199,0.23987000398889244,0.9344399469932425,0.234529235990791,0.09495110768857933,0.17400387184297872
Dataset_0136,single_output,wear rate,elasticnet,42,1,0.9226459022973063,0.2812342360482445,0.06809545667027712,0.21952202513736946,0.8757113790096005,0.2603854725640121,0.1349147526238405,0.2207150645176029
Dataset_0136,single_output,wear rate,elasticnet,42,2,0.8892251726457442,0.29153909061144984,0.07858196512438001,0.22010545765410666,0.767909961585986,0.5064567559838529,0.16232588332815798,0.4015347899524855
Dataset_0136,single_output,wear rate,elasticnet,42,3,0.913421546721586,0.2918184550892545,0.07313745741585326,0.23005836421918352,0.7829704223579776,0.25320583472836045,0.13613216920879592,0.2040121257885377
Dataset_0136,single_output,wear rate,elasticnet,42,4,0.9271891326796916,0.2584765275152502,0.06258511562112595,0.1829904829321342,0.7798754964692082,0.4745759154476861,0.14251528992423007,0.4106208440197077
Dataset_0136,single_output,wear rate,elasticnet,123,0,0.9240018694081548,0.28010953597508903,0.06782313219735812,0.20240403094755927,0.8192665404347272,0.3316037324038662,0.14493170122546598,0.2776045303835659
Dataset_0136,single_output,wear rate,elasticnet,123,1,0.9127765525173235,0.29478150649181556,0.07137566743143234,0.2065424199188573,0.8138952557862548,0.3209199368015109,0.15355020899593821,0.2654272832852675
Dataset_0136,single_output,wear rate,elasticnet,123,2,0.919458291610015,0.2705000206462517,0.06549637303783334,0.2110737180475189,0.8810687283316582,0.353571472035811,0.10399160942229735,0.27749280866622505
Dataset_0136,single_output,wear rate,elasticnet,123,3,0.8943100153927641,0.304430680846188,0.07629841625217744,0.24180537788035059,0.9817945310105483,0.14658389264076,0.048537712794953634,0.13015421388481524
Dataset_0136,single_output,wear rate,elasticnet,123,4,0.9008073626210158,0.29294709803324726,0.07896148194966233,0.22771746624460606,0.8583660555925117,0.39236944985563116,0.12575943905629203,0.2636664781240441
Dataset_0136,single_output,wear rate,elasticnet,7,0,0.899622690954571,0.27774106949572963,0.07486282196650394,0.21474860476851415,0.8594663066566672,0.4510929870225154,0.1202914632060041,0.35050827143356855
Dataset_0136,single_output,wear rate,elasticnet,7,1,0.9038957751057598,0.294210135742159,0.07373687612585438,0.2230645457499918,0.9443641184138358,0.24591398329456868,0.08202601177270469,0.2090444509701748
Dataset_0136,single_output,wear rate,elasticnet,7,2,0.9085700638475491,0.2959852902617443,0.0716671404992117,0.22057585425026044,0.8695682299163106,0.28456398907668784,0.12993789455556526,0.20670176062581533
Dataset_0136,single_output,wear rate,elasticnet,7,3,0.9242663106051104,0.26479016832498714,0.06411384220943998,0.20000872384572993,0.8555814868497866,0.3777063298579303,0.12590210995264342,0.3267809939072463
Dataset_0136,single_output,wear rate,elasticnet,7,4,0.9145999353237264,0.308623948080535,0.07472734820351937,0.23760506950095245,0.8481104262972825,0.1756373036695225,0.14164298683026014,0.14511928909277053
Dataset_0136,single_output,wear rate,elasticnet,2024,0,0.9136549994326072,0.2875239426261547,0.06961838804507378,0.20639548441741695,0.8631125776562927,0.2854745400306807,0.1280154888029958,0.24631601051913632
Dataset_0136,single_output,wear rate,elasticnet,2024,1,0.913626031255626,0.30031660342939315,0.07271588460760124,0.22974604981043834,0.8856580946298891,0.22853642930671766,0.10157174635854119,0.15231700959767736
Dataset_0136,single_output,wear rate,elasticnet,2024,2,0.9132794062740288,0.2863883078116161,0.06934341593501601,0.21805742353738816,0.8000248287460736,0.338841408266718,0.1473223514203122,0.2510523699770803
Dataset_0136,single_output,wear rate,elasticnet,2024,3,0.8798472459464755,0.2831015454686335,0.0793001527923343,0.21799406073874364,0.8515199326593049,0.529939161139803,0.12831456686193776,0.43189568771964293
Dataset_0136,single_output,wear rate,elasticnet,2024,4,0.9209750324338538,0.2857080910844699,0.0691787145482978,0.21574193200572248,0.7973720174868077,0.3208153702754361,0.14649103665545032,0.2540774780087868
Dataset_0136,single_output,wear rate,elasticnet,99,0,0.9027537164901916,0.31143600904199625,0.07805413760451034,0.24629922424580505,0.970647670902836,0.13487644833008458,0.0526861126289393,0.1148529539594485
Dataset_0136,single_output,wear rate,elasticnet,99,1,0.9192208589088494,0.2661430489865796,0.0644414162195108,0.19680860075495685,0.8719434114549762,0.3716812142716099,0.1093180041975323,0.32511201716285043
Dataset_0136,single_output,wear rate,elasticnet,99,2,0.9017029698815348,0.2800468438558221,0.07548432448943992,0.2128199881500529,0.8645204585623355,0.4085150759983477,0.10238473082665354,0.29902096464252953
Dataset_0136,single_output,wear rate,elasticnet,99,3,0.9146434802514826,0.30423581288558255,0.07366484573500788,0.23154241664164515,0.8287509197468846,0.23416961666021083,0.1296620247287989,0.17525164948263594
Dataset_0136,single_output,wear rate,elasticnet,99,4,0.9054196683561857,0.2933889895440998,0.07103849625765128,0.21501199002251034,0.9007809487928696,0.32284813351621894,0.12229095966523441,0.28106657491346027
Dataset_0136,single_output,wear rate,svr_rbf,42,0,0.9768987947933548,0.14794414678005305,0.0358218273075189,0.11488492184238634,0.9451838196847058,0.21445280234120542,0.08682299689927343,0.18436482023916012
Dataset_0136,single_output,wear rate,svr_rbf,42,1,0.9719941739104334,0.1692196217188425,0.04097327402393281,0.12724214929905028,0.8887415290916593,0.2463585328830554,0.1276469082295624,0.20451628026605043
Dataset_0136,single_output,wear rate,svr_rbf,42,2,0.9629366760429956,0.1686352794586925,0.04545425322336725,0.12687525302384073,0.5628126184346753,0.6951010234003795,0.2227887895514037,0.4686881527659063
Dataset_0136,single_output,wear rate,svr_rbf,42,3,0.9785664703499627,0.1451960128262392,0.036389978151939645,0.11519918587255527,0.6820677420163519,0.3064654663358119,0.16476637975043648,0.2623569787071422
Dataset_0136,single_output,wear rate,svr_rbf,42,4,0.9585826141127198,0.1949460098726492,0.047202423697978016,0.13971300025312658,0.8802893980324471,0.34997563222661204,0.10509778745543905,0.2957250787931036
Dataset_0136,single_output,wear rate,svr_rbf,123,0,0.9670167981109888,0.18453249164022942,0.04468099071191996,0.12535240299633596,0.8693017832841413,0.28199081337896076,0.12324773312017515,0.2484312312653396
Dataset_0136,single_output,wear rate,svr_rbf,123,1,0.9740498016522601,0.16078811760438952,0.038931747603968406,0.1298008868171486,0.7918988597436037,0.339355744942502,0.16237116982894834,0.28786073475654145
Dataset_0136,single_output,wear rate,svr_rbf,123,2,0.9581426974904492,0.19500354312170978,0.04721635426675782,0.13135729496459791,0.9099810942538711,0.30760688375692974,0.0904726128696852,0.22611576547191398
Dataset_0136,single_output,wear rate,svr_rbf,123,3,0.9737627448667208,0.15168083153161876,0.03801524599789944,0.11550324823746012,0.930624917505469,0.2861455992952986,0.09475019844215184,0.23204826128819445
Dataset_0136,single_output,wear rate,svr_rbf,123,4,0.9600106540825976,0.18600372072856766,0.05013577378128509,0.13992170484428307,0.8063661532794563,0.4587775387007356,0.14704408291690244,0.30452563697783674
Dataset_0136,single_output,wear rate,svr_rbf,7,0,0.9512441948507304,0.1935688614031105,0.0521748952569031,0.1385265033476271,0.8185401999328248,0.5125851962196293,0.1366893856585678,0.3490603250387143
Dataset_0136,single_output,wear rate,svr_rbf,7,1,0.9612114906309752,0.18691232309087297,0.04684519375711102,0.12967781260005665,0.9157207615946503,0.30266767363076275,0.10095652889618503,0.2589427789950819
Dataset_0136,single_output,wear rate,svr_rbf,7,2,0.9781746323002828,0.14461278985530981,0.03501520335479657,0.11939246754970324,0.9137914268895948,0.23134678824986896,0.10563780285382146,0.17875250814737434
Dataset_0136,single_output,wear rate,svr_rbf,7,3,0.9658008900742105,0.17793635922764203,0.04308386421976805,0.1177626464415439,0.8864744319707167,0.33488035406115496,0.11162678468705166,0.2926921536792401
Dataset_0136,single_output,wear rate,svr_rbf,7,4,0.9745885613411434,0.16835078642491602,0.04076290228206199,0.13784458140830938,0.8307778901598352,0.18538787758991385,0.1495063528950919,0.147919899400666
Dataset_0136,single_output,wear rate,svr_rbf,2024,0,0.9723735181133154,0.16263657061295747,0.03937931491839164,0.12769968545229152,0.9067178366999767,0.23565947926465572,0.10567689653123573,0.18728266000435367
Dataset_0136,single_output,wear rate,svr_rbf,2024,1,0.9784085720878758,0.1501511241984526,0.03635620440640499,0.12355763176229184,0.9275023846550783,0.18197619749743935,0.08087830999886193,0.14378526836451222
Dataset_0136,single_output,wear rate,svr_rbf,2024,2,0.9595328904175764,0.19563441443664376,0.04736910761177815,0.13451300093190938,0.852520242063207,0.29098771045247185,0.12651639584890081,0.22649435674604668
Dataset_0136,single_output,wear rate,svr_rbf,2024,3,0.9599840026248408,0.1633774819567818,0.045764000548118154,0.11950280200613833,0.7343370046225322,0.7088551003647334,0.17163561752172724,0.5311146743713847
Dataset_0136,single_output,wear rate,svr_rbf,2024,4,0.9713275652068355,0.1720967477746852,0.04166991471542015,0.13255334016343015,0.8795838500067898,0.24731350121843437,0.11292853936914814,0.1921005368253653
Dataset_0136,single_output,wear rate,svr_rbf,99,0,0.9792663387077364,0.1438037855688058,0.03604104901473829,0.11345092487367651,0.8880424970262706,0.2634155683917516,0.10289670640302799,0.20229665194170432
Dataset_0136,single_output,wear rate,svr_rbf,99,1,0.9617615165838476,0.18311159350659845,0.04433694758029018,0.12412051183493042,0.9047648400963507,0.3205297206018788,0.09427344723584669,0.2447809467721552
Dataset_0136,single_output,wear rate,svr_rbf,99,2,0.9689534925711647,0.1573862761821185,0.04242217686849555,0.124298874813711,0.8449815848941625,0.43698132352617053,0.10951912870330088,0.2894155248219238
Dataset_0136,single_output,wear rate,svr_rbf,99,3,0.9774058791209106,0.1565271614960038,0.03790003910314862,0.13086610933216847,0.8247833565780522,0.23686674899033808,0.13115545348302218,0.19123066263516897
Dataset_0136,single_output,wear rate,svr_rbf,99,4,0.9437143994445897,0.22632996030688987,0.054801443173581085,0.1492100806727143,0.8998008833572286,0.32443872909365673,0.12289345799002147,0.31583001923560455
Dataset_0136,single_output,wear rate,gpr,42,0,0.9602022048429208,0.19418244930712245,0.04701754220511439,0.17384991272123412,0.9395459267013807,0.22521127272438174,0.09117865292485089,0.18839610729740897
Dataset_0136,single_output,wear rate,gpr,42,1,0.9651202328643814,0.18884840209908202,0.04572600535086732,0.1612427945055219,0.8251025172591752,0.30888217383629885,0.1600425771172533,0.25515679168257194
Dataset_0136,single_output,wear rate,gpr,42,2,0.9476998257179552,0.20032161917326574,0.053995045599263006,0.17121834479364803,0.922141610950781,0.2933369860709241,0.09401826476632183,0.23168777698317009
Dataset_0136,single_output,wear rate,gpr,42,3,0.9667689556917267,0.18079226147015381,0.045311343726855594,0.15538146766545494,0.7575339791839075,0.2676330164997533,0.14388871854825444,0.23704538627296426
Dataset_0136,single_output,wear rate,gpr,42,4,0.9589629909899615,0.19404875387486678,0.046985170429749826,0.14729340862248103,0.8643311383290622,0.37257318114310223,0.11188383818111178,0.3459348734017108
Dataset_0136,single_output,wear rate,gpr,123,0,0.9652242842269699,0.18948048081735797,0.045879051045365125,0.152219504894187,0.8756005677594172,0.27511186965056444,0.12024120177035158,0.23743557316860942
Dataset_0136,single_output,wear rate,gpr,123,1,0.9696645297157994,0.1738437077337004,0.04209290744157394,0.1491510469663864,0.8096260792118058,0.32457996045316057,0.15530141648476584,0.3046630471858637
Dataset_0136,single_output,wear rate,gpr,123,2,0.9541106761404362,0.20417977144199145,0.04943820131767348,0.1738491208998342,0.9176385018686681,0.2942329487422746,0.08653910257125723,0.24407539453542246
Dataset_0136,single_output,wear rate,gpr,123,3,0.9988023547696998,0.03240675876382278,0.008121994677649819,0.02436752642569922,0.881273025823716,0.37433463761959884,0.12395186676145654,0.3173797378073357
Dataset_0136,single_output,wear rate,gpr,123,4,0.9498355917804501,0.2083278481743744,0.05615305880710901,0.17642987382892047,0.9461987977561694,0.2418285104202323,0.07750913795520266,0.21943033468802373
Dataset_0136,single_output,wear rate,gpr,7,0,0.9412622873694798,0.21246179396511922,0.05726732990973564,0.17860228638142403,0.9547083903973861,0.2560853432970046,0.06828942487920123,0.19753544737952344
Dataset_0136,single_output,wear rate,gpr,7,1,0.9569503184632717,0.19691162752529912,0.04935128509405993,0.16771254987127812,0.9417102383333166,0.25171081583228233,0.0839595783296472,0.21330367268058112
Dataset_0136,single_output,wear rate,gpr,7,2,0.9570175645360448,0.20294176347104875,0.04913844151841374,0.17724238085080035,0.9125032602664683,0.23306882226301703,0.10642411975480233,0.19442600076108846
Dataset_0136,single_output,wear rate,gpr,7,3,0.9673659682989306,0.1738171657802571,0.04208648081846419,0.14613872585863147,0.872467579250635,0.3549385166850612,0.11831283889502041,0.32460604396990284
Dataset_0136,single_output,wear rate,gpr,7,4,0.963374901529274,0.20211098721387252,0.04893728503967858,0.17476508856710854,0.8215478540112674,0.1903766442141959,0.15352955178564193,0.15665575586829686
Dataset_0136,single_output,wear rate,gpr,2024,0,0.9624274273119213,0.1896666106057269,0.04592411879073291,0.15859707867149073,0.8409005698188431,0.30776549053701935,0.13801143073408936,0.2697582673794149
Dataset_0136,single_output,wear rate,gpr,2024,1,0.9607784129120231,0.20237202970171023,0.049000491453198604,0.17390584994538788,0.9152780772932908,0.1967209562207058,0.08743153609809146,0.1575444795568282
Dataset_0136,single_output,wear rate,gpr,2024,2,0.9579195166717325,0.19949615134782744,0.04830415286872335,0.17086027829420805,0.8982301555603591,0.2417230106349815,0.10509696114564414,0.20775983182496446
Dataset_0136,single_output,wear rate,gpr,2024,3,0.9408112131209112,0.1986987315709904,0.05565790800307854,0.1705283837083225,0.9486301245288707,0.31170673957428924,0.0754737868218618,0.27266688930688127
Dataset_0136,single_output,wear rate,gpr,2024,4,0.96474418039744,0.1908340134299541,0.04620678291282181,0.155703934162248,0.8370316311199197,0.2877114305390578,0.13137508243792595,0.23281660562408366
Dataset_0136,single_output,wear rate,gpr,99,0,0.9952020717584793,0.0691765968710501,0.017337492950137867,0.049039145732482546,0.9029136564985193,0.2452979448629428,0.09581950971208704,0.22272521954219693
Dataset_0136,single_output,wear rate,gpr,99,1,0.9545650992131475,0.19959989312689408,0.04832927194355789,0.16410383303148793,0.9061673401859915,0.3181607933371177,0.09357670392268168,0.30256333594411206
Dataset_0136,single_output,wear rate,gpr,99,2,0.9538140567746095,0.19196205606320926,0.0517417940871184,0.16400143359608002,0.9386585139368724,0.27488331273254524,0.06889306083522437,0.24340727819870775
Dataset_0136,single_output,wear rate,gpr,99,3,0.9747477259595524,0.16547875036237017,0.0400674940344722,0.13948814114288985,0.7305237887806619,0.29374916277407526,0.1626518066301635,0.27359868339070914
Dataset_0136,single_output,wear rate,gpr,99,4,0.9510191550686545,0.21113320064850796,0.05112184035072832,0.17937305310827398,0.9487265315553228,0.23208501132344672,0.08791098913766919,0.18209757750585862
Dataset_0136,single_output,wear rate,random_forest,42,0,0.9252644064141377,0.2660995944632916,0.06443089454316989,0.20283946773431535,0.9125680318065819,0.27083978991688995,0.10965173680845744,0.24189346180555538
Dataset_0136,single_output,wear rate,random_forest,42,1,0.9236612594853576,0.2793823855192998,0.06764706671169486,0.21196767406412162,0.8994595669415918,0.23419166887669515,0.12134283361486797,0.1907079364735774
Dataset_0136,single_output,wear rate,random_forest,42,2,0.9163282246579341,0.25337615756254805,0.06829546025944691,0.17518985822510874,0.6175922066814424,0.6500959880605004,0.20836409873733985,0.5302081502267576
Dataset_0136,single_output,wear rate,random_forest,42,3,0.9295297700509357,0.26327564584227026,0.0659838711384136,0.20248179055746254,0.6455439880770493,0.3235902442901157,0.17397324961834174,0.2600231546072958
Dataset_0136,single_output,wear rate,random_forest,42,4,0.9268079152458166,0.25915229970591813,0.0627487408488906,0.1844441433381432,0.8059023688155512,0.445637384885298,0.1338250405060955,0.33084591644334654
Dataset_0136,single_output,wear rate,random_forest,123,0,0.9246296243076426,0.27895026563799424,0.06754243720048286,0.21193008735312244,0.7488617117925678,0.39089183064478755,0.170844331575519,0.34380055916306096
Dataset_0136,single_output,wear rate,random_forest,123,1,0.9261744973268019,0.27119820852049237,0.06566542579188678,0.20806367309797452,0.8514239827004667,0.28674267478148074,0.13719745204855538,0.2588052054043834
Dataset_0136,single_output,wear rate,random_forest,123,2,0.9346343588070856,0.24368659899566303,0.059004019127279185,0.17009967355409603,0.8348631076638388,0.41663067190697917,0.12253843291381739,0.2755703236961477
Dataset_0136,single_output,wear rate,random_forest,123,3,0.9250930879343964,0.2562904648323779,0.06423319920610975,0.19801569516020412,0.8476246924284478,0.42407494313653454,0.14042216660150147,0.38084245149427404
Dataset_0136,single_output,wear rate,random_forest,123,4,0.9316948216216075,0.2430951511124952,0.0655242994912386,0.1809754947089941,0.7090147702365079,0.5624021639126706,0.18025710381816365,0.4366767781557054
Dataset_0136,single_output,wear rate,random_forest,7,0,0.9130032475824339,0.25856744825283473,0.06969472998728699,0.19788958290816505,0.7684638634453689,0.5790088961522306,0.1544023723072615,0.41285394031084777
Dataset_0136,single_output,wear rate,random_forest,7,1,0.9237890397367379,0.26199626923496244,0.06566322537217104,0.19127223125342124,0.8363600967196113,0.42174539041303866,0.140675580524696,0.3980843503401347
Dataset_0136,single_output,wear rate,random_forest,7,2,0.9306645353244853,0.257752944485736,0.062409913919064405,0.1975201622422929,0.9003848067467461,0.24868582829668748,0.11355517273821349,0.21257921258503362
Dataset_0136,single_output,wear rate,random_forest,7,3,0.9229841024548499,0.2670222734103437,0.06465430348918734,0.1881841864272365,0.7725109052576951,0.4740488743061967,0.1580162914353989,0.3816389856096264
Dataset_0136,single_output,wear rate,random_forest,7,4,0.9355843306795467,0.2680379481767249,0.06490022958274211,0.1982609293675683,0.6288322560894684,0.2745603964577507,0.2214196745627023,0.22440040599876504
Dataset_0136,single_output,wear rate,random_forest,2024,0,0.9390077173855103,0.24165337229788283,0.05851171242079488,0.18908665485638637,0.7030857923290654,0.4204371648753728,0.18853684523559314,0.37820333167989506
Dataset_0136,single_output,wear rate,random_forest,2024,1,0.932353662977586,0.26577250410946707,0.06435169591028259,0.20673460661624543,0.7323355130244005,0.34966173011541896,0.15540521338463065,0.30396482058682317
Dataset_0136,single_output,wear rate,random_forest,2024,2,0.9249662142830919,0.2663928667030269,0.0645019047707087,0.1861754659452946,0.7076558908274744,0.4096902352606604,0.17812618924376541,0.3220074267980716
Dataset_0136,single_output,wear rate,random_forest,2024,3,0.9085610909150748,0.24696811861120563,0.06917874470902118,0.18623775807334472,0.7977907387508357,0.6184327173634248,0.14974157805409802,0.470223546485265
Dataset_0136,single_output,wear rate,random_forest,2024,4,0.9260381849295882,0.2764038936871079,0.0669258822486944,0.21218339627805125,0.8260380598263912,0.2972573339226915,0.13573394243045275,0.2064301814058918
Dataset_0136,single_output,wear rate,random_forest,99,0,0.9270251734434963,0.2697856556390282,0.06761545254110982,0.208794782076721,0.6596583527451338,0.4592745554590297,0.1794041232261835,0.40379502298280623
Dataset_0136,single_output,wear rate,random_forest,99,1,0.9226396721366963,0.26045018078737053,0.06306299776933912,0.19088090781791728,0.8128720154663469,0.44930268853770844,0.13214784956991424,0.32028259958427935
Dataset_0136,single_output,wear rate,random_forest,99,2,0.9129387032088879,0.26355608647231943,0.07103937640763328,0.189109845970123,0.7390732670001169,0.5669314083470428,0.14208807226742926,0.42698491051805326
Dataset_0136,single_output,wear rate,random_forest,99,3,0.9362458386611261,0.2629337008934391,0.06366433435676491,0.19629381833938628,0.8960915962146335,0.1824071080117677,0.10100061351703638,0.13826101415515613
Dataset_0136,single_output,wear rate,random_forest,99,4,0.9165385765594083,0.27560449013650146,0.06673232206694951,0.19922387136554412,0.8615836329801286,0.3813242881602388,0.14444101824251465,0.3137871533360818
Dataset_0136,single_output,wear rate,extra_trees,42,0,0.9482967316095944,0.22132958381211934,0.05359069825959306,0.19680941269841262,0.8055590008810454,0.4038975908992932,0.163521291862062,0.30178233333334326
Dataset_0136,single_output,wear rate,extra_trees,42,1,0.9387188328156894,0.25031682423792834,0.06060940054187127,0.19526018171866374,0.8141009809591875,0.31844879855022595,0.16499937748716373,0.27737239909295547
Dataset_0136,single_output,wear rate,extra_trees,42,2,0.9234743796396346,0.24231465644307376,0.06531392356956166,0.19868654844006467,0.6950511401430772,0.5805339540137051,0.18606857500439267,0.5154284716553391
Dataset_0136,single_output,wear rate,extra_trees,42,3,0.928759093626143,0.26471134859811596,0.06634369639050525,0.21440427476737806,0.6344157028935082,0.32863061011973804,0.17668312372028924,0.27784138321994806
Dataset_0136,single_output,wear rate,extra_trees,42,4,0.9350498251971818,0.24412551388089193,0.05911029391789151,0.19206540229885202,0.8312482629335817,0.41552353349292315,0.12478184188976671,0.34835698412699145
Dataset_0136,single_output,wear rate,extra_trees,123,0,0.9302249453411426,0.26839630459235386,0.06498699869064259,0.2156670068027177,0.6340157595208774,0.4718797293217011,0.2062411404378064,0.3886313492063521
Dataset_0136,single_output,wear rate,extra_trees,123,1,0.922281969275833,0.27825597823646253,0.06737432887081417,0.22437952873562977,0.6572706744170013,0.43550546481350266,0.20837582048492953,0.4291603809523866
Dataset_0136,single_output,wear rate,extra_trees,123,2,0.9363089411810416,0.24054488053190626,0.05824331247745915,0.19181029885057707,0.8581494458161398,0.38613992133475755,0.11357056509845809,0.2632445714285768
Dataset_0136,single_output,wear rate,extra_trees,123,3,0.9606195074081229,0.1858283940744563,0.046573532349487794,0.15597529611385136,0.6410955470888615,0.6508407520177797,0.21551018278734424,0.5099129160997746
Dataset_0136,single_output,wear rate,extra_trees,123,4,0.9383604959711481,0.23092930534771988,0.062245095781056574,0.1891584400656822,0.7530425526376894,0.5181107153152763,0.1660611267036142,0.4372220181405884
Dataset_0136,single_output,wear rate,extra_trees,7,0,0.920858381015925,0.24661801297002822,0.06647385794340384,0.19775217006803247,0.7940217901531326,0.5461179923642511,0.14563146463046694,0.46520519246032055
Dataset_0136,single_output,wear rate,extra_trees,7,1,0.9404531437650707,0.23158787042480966,0.05804207278817285,0.190927218390807,0.6351815510657186,0.6297151381881674,0.21004507611346476,0.5382505238095281
Dataset_0136,single_output,wear rate,extra_trees,7,2,0.940143859086989,0.23948608070066205,0.05798694447957919,0.21187056486042694,0.8578639059993542,0.2970574402945661,0.13564266680117176,0.23511075963717218
Dataset_0136,single_output,wear rate,extra_trees,7,3,0.9353895734624109,0.24457305175835012,0.059218656600084775,0.19066270388614973,0.8141714422215979,0.428448924049699,0.14281630801656633,0.3821063673469404
Dataset_0136,single_output,wear rate,extra_trees,7,4,0.9303352781581921,0.2787449298052796,0.0674927190811815,0.20425975478927108,0.396107179999987,0.3502133625487126,0.2824301310876716,0.3219870022675746
Dataset_0136,single_output,wear rate,extra_trees,2024,0,0.9441038426378577,0.23133768916896003,0.05601396832178209,0.19729766269841315,0.40963382610188115,0.5928520719227507,0.2658529470505608,0.4875610972222191
Dataset_0136,single_output,wear rate,extra_trees,2024,1,0.9393467089767947,0.25166052084513385,0.06093475080995977,0.20261627093595705,0.7473082022029776,0.3397412636283453,0.15099611716815345,0.3034545736961511
Dataset_0136,single_output,wear rate,extra_trees,2024,2,0.940993747625492,0.23623442136175132,0.05719961776313592,0.195374107279696,0.8088767817682619,0.3312570761314233,0.1440248157093145,0.2715674126984216
Dataset_0136,single_output,wear rate,extra_trees,2024,3,0.9011123928037513,0.2568303297953944,0.07194126885025053,0.2115629501915751,0.8046346349738409,0.6078770155742829,0.1471857180567271,0.553997460317461
Dataset_0136,single_output,wear rate,extra_trees,2024,4,0.9259568282089747,0.27655587166262163,0.06696268078998102,0.22930686590038152,0.6842355158210123,0.4004857773941346,0.18287021798818937,0.36713012698411546
Dataset_0136,single_output,wear rate,extra_trees,99,0,0.9245789861396051,0.2742701235210223,0.06873937932857702,0.19982553571428988,0.76399259962368,0.3824526265068412,0.14939555722923487,0.3136710277777788
Dataset_0136,single_output,wear rate,extra_trees,99,1,0.9355444944714186,0.23773631235414605,0.05756327175645183,0.18358983908046345,0.8698187531899598,0.3747519148805561,0.11022115143545766,0.2879737142857171
Dataset_0136,single_output,wear rate,extra_trees,99,2,0.9025206742841008,0.2788795971705319,0.07516970274138327,0.22589105309250324,0.6977116381231103,0.6102136849277708,0.1529357606335265,0.4960311247165527
Dataset_0136,single_output,wear rate,extra_trees,99,3,0.9384563050893995,0.2583353089174756,0.06255092225604736,0.20197065736179443,0.8854720336768678,0.1915015068758676,0.10603627180280598,0.12934853287981532
Dataset_0136,single_output,wear rate,extra_trees,99,4,0.9069992561783629,0.2909287266702224,0.07044279096131294,0.23391727969348705,0.7981966167662362,0.46043143502600425,0.17440584660075914,0.40724490476190106
Dataset_0136,single_output,wear rate,gradient_boosting,42,0,0.9824327782419374,0.12901256514753326,0.031237909236690863,0.07754834392216162,0.9486818480296288,0.20749748875981433,0.08400708046956043,0.18218655010841778
Dataset_0136,single_output,wear rate,gradient_boosting,42,1,0.983953636067866,0.1280898877220942,0.031014500659102714,0.0784504567693231,0.9305993823883512,0.1945730709145582,0.10081506265003017,0.13245985398476798
Dataset_0136,single_output,wear rate,gradient_boosting,42,2,0.9749964214898814,0.13850879101123428,0.03733390593294725,0.09262732007053304,0.9351342212847419,0.2677453498024814,0.08581581724438506,0.2048044441452554
Dataset_0136,single_output,wear rate,gradient_boosting,42,3,0.987698005683135,0.11000073917867627,0.02756910756357801,0.0666290907068841,0.8848358619364529,0.18444754418828943,0.09916534633779,0.13457822688905985
Dataset_0136,single_output,wear rate,gradient_boosting,42,4,0.9844295448757697,0.11952910343248764,0.028941671533289987,0.08998105413886105,0.9084259920722348,0.3060959691738927,0.09192071146363144,0.19932562804186318
Dataset_0136,single_output,wear rate,gradient_boosting,123,0,0.968246789007088,0.18105906106334066,0.04383996635916239,0.10446735689748568,0.9545502209068236,0.1662899556849771,0.07267917643574173,0.0982262303201954
Dataset_0136,single_output,wear rate,gradient_boosting,123,1,0.9772489343267043,0.15055129031120162,0.036453096927651724,0.08560873256208473,0.9527019508710053,0.16178549791227856,0.07740932914463089,0.14679571951999218
Dataset_0136,single_output,wear rate,gradient_boosting,123,2,0.9883080339935802,0.10306249595553481,0.02495459950497211,0.07666523611844325,0.9364091152019705,0.2585393301329208,0.07604097945085905,0.21551721864619872
Dataset_0136,single_output,wear rate,gradient_boosting,123,3,0.993082241204062,0.07788506904754884,0.01952006743046337,0.05515040584012746,0.9391151755727024,0.26806483335934095,0.08876318985408639,0.20304081249036696
Dataset_0136,single_output,wear rate,gradient_boosting,123,4,0.9677734838216117,0.16697681039788181,0.04500722652234011,0.07577690925908419,0.9191682005092618,0.29641667689855705,0.09500534515979392,0.22847834010404064
Dataset_0136,single_output,wear rate,gradient_boosting,7,0,0.9814664817168566,0.11934418541135268,0.032168244046186706,0.08313916168041269,0.9475935748692355,0.27546607001214046,0.07345761866990412,0.19807629056043718
Dataset_0136,single_output,wear rate,gradient_boosting,7,1,0.9944821490751852,0.07049711942895522,0.017668450984700556,0.04345344017588122,0.9503295501016794,0.23235647767755446,0.0775038284448147,0.1965667985364114
Dataset_0136,single_output,wear rate,gradient_boosting,7,2,0.9893271449994775,0.1011267906184474,0.024485905718752397,0.08420445180597927,0.928347020826398,0.21091398254658894,0.09630775458748356,0.18606816709222254
Dataset_0136,single_output,wear rate,gradient_boosting,7,3,0.9918324945983406,0.08695649253588912,0.021054840807721336,0.06969697286900622,0.9443810703666853,0.2343981295370608,0.07813270984568693,0.166536285949866
Dataset_0136,single_output,wear rate,gradient_boosting,7,4,0.9805752918436617,0.14718981998552524,0.03563918159455817,0.1124375839510548,0.9136456590822714,0.13243258816107864,0.10680047432345058,0.104325242558981
Dataset_0136,single_output,wear rate,gradient_boosting,2024,0,0.9666912838999634,0.17858063508842,0.04323986321753511,0.10196984115091696,0.8004266118863743,0.3446965401335327,0.1545724395217635,0.26997082587109245
Dataset_0136,single_output,wear rate,gradient_boosting,2024,1,0.9803690055604449,0.14317231783886725,0.03466642078422936,0.11073303274504939,0.9687678393197239,0.11944108512019488,0.05308492672008661,0.08955801885971557
Dataset_0136,single_output,wear rate,gradient_boosting,2024,2,0.989077307196455,0.10163868131858637,0.024609850198204934,0.06914836809302052,0.932130779368326,0.19739896460797654,0.08582563678607677,0.14538907288848144
Dataset_0136,single_output,wear rate,gradient_boosting,2024,3,0.9665258021280083,0.14942747737809803,0.04185643624036359,0.06433358700730063,0.9429867559289972,0.32838235464713467,0.07951146601625537,0.23100463629051685
Dataset_0136,single_output,wear rate,gradient_boosting,2024,4,0.9736679278806664,0.16492363349070688,0.03993308316966268,0.12891104702346023,0.9479260358001629,0.1626356602364451,0.0742628585554544,0.1531082140798214
Dataset_0136,single_output,wear rate,gradient_boosting,99,0,0.8376127486654131,0.4024466201136629,0.10086381456482779,0.32462315260305896,0.49975388188909786,0.5568095826348054,0.2175037432167209,0.4830881496839292
Dataset_0136,single_output,wear rate,gradient_boosting,99,1,0.986301512682934,0.10959779543254622,0.026536996472771482,0.0772661047290682,0.9030628740254092,0.3233811618503,0.09511210642655882,0.25530715885353356
Dataset_0136,single_output,wear rate,gradient_boosting,99,2,0.9567686551191007,0.18572050560880385,0.05005943547407112,0.09348592413309013,0.9260637761533458,0.3017865376879862,0.07563572373132485,0.1523345015088271
Dataset_0136,single_output,wear rate,gradient_boosting,99,3,0.9867774313453008,0.11974293561070849,0.028993446879106172,0.08369699158113875,0.9664875413925427,0.1035904134562756,0.057359032921525804,0.07884336034575526
Dataset_0136,single_output,wear rate,gradient_boosting,99,4,0.9821057707107284,0.12761446204975344,0.0308993854842018,0.09105464851919548,0.9963460188052836,0.06195607531794157,0.023468210347705135,0.04893195901814984
Dataset_0136,single_output,wear rate,xgboost,42,0,0.9934035002721302,0.07905643805429576,0.019141994686270158,0.06478098705836717,0.9525559931410192,0.19951153995029566,0.08077390281388486,0.17945470571517952
Dataset_0136,single_output,wear rate,xgboost,42,1,0.9932253349542041,0.08322818807109135,0.020152103649174663,0.07379639092807115,0.9666930462083988,0.13479336739039258,0.06984112300020341,0.11631802804129496
Dataset_0136,single_output,wear rate,xgboost,42,2,0.9860262007499329,0.10354604221812197,0.027909984425369804,0.07966793073456864,0.9491017893854277,0.23717307039074606,0.07601700974062374,0.15615328761509492
Dataset_0136,single_output,wear rate,xgboost,42,3,0.9930073306928754,0.08293337465137506,0.020785306930169185,0.06686356406376279,0.8734074229206272,0.19338303281941632,0.10396937248355714,0.16417583193097787
Dataset_0136,single_output,wear rate,xgboost,42,4,0.9897835454488827,0.09682179102542549,0.023443532935938375,0.07374379190905346,0.9533586706798186,0.21845246986003497,0.0656013423003108,0.1481691000802176
Dataset_0136,single_output,wear rate,xgboost,123,0,0.9895008783490991,0.10411251153053151,0.025208840564293344,0.08576163291931158,0.990613053013825,0.07557224290304024,0.033029826443636466,0.060511447429657084
Dataset_0136,single_output,wear rate,xgboost,123,1,0.9922777206115055,0.08771146503697143,0.021237642866094777,0.06935755473169797,0.9447734328075191,0.1748203559936855,0.08364610334626102,0.1449857766287669
Dataset_0136,single_output,wear rate,xgboost,123,2,0.992072084936096,0.08486651691779915,0.02054879344256638,0.06523703068700333,0.9444298847267414,0.24168507630074482,0.07108384597080729,0.1809578841073174
Dataset_0136,single_output,wear rate,xgboost,123,3,0.9948083372577341,0.06747217930577752,0.016910320628014414,0.058917643316860856,0.968100836183479,0.19403271668186414,0.06424924393439209,0.16624995640345994
Dataset_0136,single_output,wear rate,xgboost,123,4,0.989448612399152,0.09554418712201163,0.02575315016765812,0.07386916167160573,0.952169278437761,0.22801581837323046,0.07308199306834309,0.16260826928274966
Dataset_0136,single_output,wear rate,xgboost,7,0,0.9868526936150361,0.1005172783773757,0.027093606031637657,0.07465843718392508,0.973612721228458,0.19546686516328535,0.05212449737687609,0.12264938831329353
Dataset_0136,single_output,wear rate,xgboost,7,1,0.9958692507108788,0.06099592315487516,0.015287198785682998,0.052783743891222784,0.9569566476592898,0.21630112662837253,0.07214847452580804,0.1925973799569265
Dataset_0136,single_output,wear rate,xgboost,7,2,0.9915842878440089,0.08979897022429419,0.02174309206399375,0.07452037745508659,0.9505286559594222,0.17525285469696836,0.08002413456482575,0.15350365447998066
Dataset_0136,single_output,wear rate,xgboost,7,3,0.9935658480361252,0.07717967680546053,0.018687573076382698,0.059379543041360845,0.9451730781563336,0.23272324307827433,0.07757441435942478,0.17618273707798554
Dataset_0136,single_output,wear rate,xgboost,7,4,0.9924459696955765,0.09178884060343072,0.022224900872501386,0.07502654884601463,0.8419482166486282,0.17916471372456044,0.14448767235851656,0.15537930079868875
Dataset_0136,single_output,wear rate,xgboost,2024,0,0.9965768418302055,0.05724913114875585,0.013861775096551053,0.047216837065560534,0.9206268776184088,0.21738138004294805,0.0974804394811426,0.15370200157165514
Dataset_0136,single_output,wear rate,xgboost,2024,1,0.991410491403192,0.09470481612362325,0.022930948213952362,0.0769840692980537,0.9146781880825323,0.19741618723320947,0.0877405276592042,0.17809198325020933
Dataset_0136,single_output,wear rate,xgboost,2024,2,0.9907504901194626,0.09353055736315136,0.02264662405887442,0.07490657924783645,0.9130943001243416,0.22337397366628872,0.09711911898534294,0.1384118979317801
Dataset_0136,single_output,wear rate,xgboost,2024,3,0.9845215774479109,0.10161053184479145,0.028462333850081636,0.08347105841801081,0.9560620132976871,0.2882783399856632,0.06980105084398625,0.23441326795305528
Dataset_0136,single_output,wear rate,xgboost,2024,4,0.9911819805370399,0.09543900499344744,0.02310871791608897,0.08188640489249394,0.9798103497928699,0.10126744536776551,0.046240842633682895,0.09151544134957477
Dataset_0136,single_output,wear rate,xgboost,99,0,0.99155237150896,0.09179091987870633,0.023005243077370004,0.06945418003627234,0.9655533910066185,0.1461127366028259,0.057075287735478875,0.11074009656906125
Dataset_0136,single_output,wear rate,xgboost,99,1,0.992175561557246,0.08283084683718193,0.020055895117961728,0.05974345950422625,0.9491558373738537,0.23420178290075483,0.06888287732375141,0.17910961968558173
Dataset_0136,single_output,wear rate,xgboost,99,2,0.988264125137742,0.09676498179882594,0.026082205336610764,0.08026507226352037,0.9559530511881642,0.23293199395200878,0.05837894585263378,0.2038940119062152
Dataset_0136,single_output,wear rate,xgboost,99,3,0.9917830112385038,0.09439485685998232,0.022855897544789908,0.07972219796016307,0.9291904447931052,0.1505782877307366,0.08337668202144882,0.1433012330191476
Dataset_0136,single_output,wear rate,xgboost,99,4,0.9900479284180667,0.09517001563635372,0.023043587321151023,0.08215515610267385,0.9979294295329972,0.04663862657495713,0.017666146429908002,0.04320514025006946
Dataset_0136,single_output,wear rate,ann,42,0,0.9182863030878883,0.27824533915409055,0.0673717528218137,0.21483169949956352,0.8907417914855196,0.30276410041497953,0.12257655887246131,0.22679455062650677
Dataset_0136,single_output,wear rate,ann,42,1,0.9595115009548669,0.20346624243252776,0.049265434003033355,0.1662728299238756,0.8101661284990512,0.3218013918128686,0.16673647244190085,0.2790426061657242
Dataset_0136,single_output,wear rate,ann,42,2,0.9448344640745516,0.20573594448495588,0.05545443247572935,0.15015206909673878,0.8229686784225152,0.4423226454773402,0.14177007867863467,0.3346452938341552
Dataset_0136,single_output,wear rate,ann,42,3,0.9619178410150921,0.193539058215066,0.04850602962783609,0.1568480111398202,0.5911183084688494,0.34754662765288363,0.1868530256198299,0.27870196999347413
Dataset_0136,single_output,wear rate,ann,42,4,0.9532980936431612,0.20700951730979034,0.05012336980866594,0.16199482796853815,0.8634540525029784,0.37377556540700374,0.11224491453663776,0.3355551666857596
Dataset_0136,single_output,wear rate,ann,123,0,0.9506800153618319,0.2256513341519437,0.05463712691330356,0.17150282068695827,0.7837496540950676,0.3627258730088202,0.15853403540595287,0.2885768148535609
Dataset_0136,single_output,wear rate,ann,123,1,0.9772857336498351,0.15042948441969572,0.03642360397571325,0.12519851609465268,0.7535509607902169,0.3693018987011144,0.17669947306273417,0.3273438946790022
Dataset_0136,single_output,wear rate,ann,123,2,0.9337043310299977,0.24541407263333187,0.059422293615818855,0.1908102823254933,0.9356043652041204,0.26017010948265656,0.07652062043607545,0.21002707363997594
Dataset_0136,single_output,wear rate,ann,123,3,0.9519937326262703,0.20517312414560124,0.051421835625463964,0.17058748540412572,0.951251147423672,0.23986534880984184,0.07942561218868933,0.19823827351741588
Dataset_0136,single_output,wear rate,ann,123,4,0.9483163611752147,0.21145892635396066,0.05699701518974681,0.1689324828846862,0.8783292328788639,0.36366761939877323,0.11656013442268373,0.31254032990581126
Dataset_0136,single_output,wear rate,ann,7,0,0.905409372179128,0.2696164481461034,0.0726728970744214,0.1952990791825882,0.8522521189321891,0.462526346241898,0.12334035899783946,0.32886534345951046
Dataset_0136,single_output,wear rate,ann,7,1,0.931160052791998,0.24900418969751853,0.062407065087097376,0.2085138286087421,0.9531842307356074,0.22558063740293707,0.07524370827316113,0.19713290661143976
Dataset_0136,single_output,wear rate,ann,7,2,0.7970585338505294,0.4409723071011041,0.10677295571455304,0.35566711308857546,0.5578784109156874,0.523912918565519,0.23922964318060236,0.38136132015905005
Dataset_0136,single_output,wear rate,ann,7,3,0.8900406148419382,0.31906080016015415,0.07725443103151432,0.2417217574669872,0.7953161749322056,0.44966034622763035,0.14988678207587677,0.3793502314993661
Dataset_0136,single_output,wear rate,ann,7,4,0.944095740421482,0.24970254733233443,0.060460665213640304,0.20355751447713194,0.808903851233125,0.19700567967043986,0.15887554812132254,0.15798146462951376
Dataset_0136,single_output,wear rate,ann,2024,0,0.9030574578511801,0.30465802244745044,0.0737670756531357,0.22265643690363324,0.7014283587925918,0.4216090132749075,0.1890623377914383,0.40156096238563976
Dataset_0136,single_output,wear rate,ann,2024,1,0.9034990228681926,0.3174342335893987,0.07686058924682777,0.24887639607954928,0.729416842632316,0.3515629541996277,0.15625020186650118,0.26234286323348144
Dataset_0136,single_output,wear rate,ann,2024,2,0.9334382011970861,0.2509034812232977,0.06075144823808661,0.20166797298653433,0.7763099945997538,0.35837006821771306,0.1558130731381361,0.2851378709349843
Dataset_0136,single_output,wear rate,ann,2024,3,0.9303922695103369,0.21547858370587447,0.060358146696323375,0.17970232989785612,0.9434908392341694,0.3269274332482706,0.07915918480587666,0.27340962355276915
Dataset_0136,single_output,wear rate,ann,2024,4,0.9292254043917467,0.2703828084194826,0.06546799235338562,0.20048854387106768,0.736081858095151,0.3661340161687786,0.16718448226884872,0.2999216877175159
Dataset_0136,single_output,wear rate,ann,99,0,0.8566526963604755,0.37811776585665857,0.09476635735755853,0.2840024639235409,0.904712797937545,0.24301446482307418,0.09492752532151337,0.23215704619334954
Dataset_0136,single_output,wear rate,ann,99,1,0.9284616265512029,0.2504580777791281,0.06064360236782763,0.1909417926516463,0.8407542768821045,0.4144799586434094,0.12190587018923806,0.34773889525564605
Dataset_0136,single_output,wear rate,ann,99,2,0.9398592696886949,0.21905079466441443,0.05904334087989607,0.18123911495703188,0.9071771894925591,0.3381415869229784,0.08474726489297704,0.28956212270434556
Dataset_0136,single_output,wear rate,ann,99,3,0.9588093215521589,0.2113447472499847,0.05117306228813189,0.17353929603624774,0.6830403325021861,0.3185799373088196,0.1764008512230452,0.266149608462284
Dataset_0136,single_output,wear rate,ann,99,4,0.9357430319022814,0.24182628829199956,0.058553580700242025,0.18143442207355193,0.8907752912361449,0.338735873626006,0.12830904304015375,0.26664123867515777
Dataset_0136,single_output,wear rate,lightgbm,42,0,0.9940803325929862,0.07489091245640934,0.018133392846588218,0.0591506919110686,0.9333744484749303,0.23642736899038386,0.09571958258719991,0.16122553227559455
Dataset_0136,single_output,wear rate,lightgbm,42,1,0.9883392265623376,0.10919184511810376,0.02643870341842706,0.0727688915705717,0.9804456344466272,0.10328159364837328,0.053513779092421394,0.08758970573628501
Dataset_0136,single_output,wear rate,lightgbm,42,2,0.9800662144551207,0.12367193179790677,0.033334752506174334,0.08208463939818184,0.9162536619954211,0.3042264932693617,0.09750849143248772,0.18218444965929045
Dataset_0136,single_output,wear rate,lightgbm,42,3,0.9886958071691127,0.1054453957508747,0.026427417481422227,0.06652983590909631,0.9270697873905029,0.14678037276099618,0.07891417890376137,0.09981194491017435
Dataset_0136,single_output,wear rate,lightgbm,42,4,0.9859420148071112,0.11357547168298725,0.02750011420895575,0.08027843414417991,0.9419160017050807,0.24378094230397798,0.07320749018137476,0.15343779834040458
Dataset_0136,single_output,wear rate,lightgbm,123,0,0.9869712823137939,0.11597844353769632,0.02808194758781993,0.07486585016753018,0.9908102294341424,0.07477431851993957,0.03268108326920435,0.070541239060676
Dataset_0136,single_output,wear rate,lightgbm,123,1,0.984533532533875,0.12413069190738628,0.030055857604694015,0.08968597817279088,0.9553740317865403,0.1571490651022765,0.07519094024032369,0.14906300440571854
Dataset_0136,single_output,wear rate,lightgbm,123,2,0.9853106513516282,0.1155202588486907,0.027971006985155134,0.07193051792849993,0.927875561967311,0.2753406963973559,0.08098255776392821,0.1711920810233273
Dataset_0136,single_output,wear rate,lightgbm,123,3,0.9950072906928159,0.06616672541285444,0.01658313920121665,0.054515975330741234,0.9346973544628558,0.2776199698815651,0.09192714234488909,0.20684459882659492
Dataset_0136,single_output,wear rate,lightgbm,123,4,0.9848754700722723,0.11439062271166292,0.030833051943844454,0.0854909705243922,0.9472796167519523,0.23938712548856275,0.07672664278479575,0.1325933073081663
Dataset_0136,single_output,wear rate,lightgbm,7,0,0.9789758887795037,0.12711041943805576,0.03426156858168619,0.07882012388363381,0.9492830399742892,0.27098949294802516,0.07226386478614004,0.16839976575030857
Dataset_0136,single_output,wear rate,lightgbm,7,1,0.995720423775272,0.062085012553954946,0.015560153522294472,0.04625305464037833,0.9245937115976354,0.28629220262251287,0.09549439713893024,0.22721373844298576
Dataset_0136,single_output,wear rate,lightgbm,7,2,0.9857979996461989,0.11665428054665572,0.02824558851008613,0.07882121982494104,0.9807964348172765,0.10918907280637323,0.049858024112499205,0.10281122433193561
Dataset_0136,single_output,wear rate,lightgbm,7,3,0.9877743434144111,0.1063881837782399,0.02575985079376269,0.07375381228707431,0.9341778919259215,0.2549932721646102,0.08499775738820341,0.17861978169956302
Dataset_0136,single_output,wear rate,lightgbm,7,4,0.9854849822488195,0.12723579523577758,0.0308076986043045,0.09143980051694309,0.9546131181225782,0.09601032800180834,0.07742768387242611,0.06135464039199855
Dataset_0136,single_output,wear rate,lightgbm,2024,0,0.9947729549881025,0.07074301036553926,0.01712905819988844,0.058859278828456,0.8586664194661149,0.290073656744505,0.13007787297959864,0.21592135661329181
Dataset_0136,single_output,wear rate,lightgbm,2024,1,0.983709894691958,0.13042169849577434,0.03157910375200347,0.09127905013951447,0.9620621086539967,0.1316404382119805,0.05850686142754688,0.09824324885316241
Dataset_0136,single_output,wear rate,lightgbm,2024,2,0.9859471298055561,0.11528602877383774,0.027914292681316646,0.07359391985021707,0.8913996845371697,0.24970312801375014,0.10856657739728268,0.1397930905210891
Dataset_0136,single_output,wear rate,lightgbm,2024,3,0.9805646812955795,0.11386000764433422,0.031893559564239275,0.07888829299582954,0.9555984130876274,0.2897951961750995,0.0701683283716948,0.21865361748313714
Dataset_0136,single_output,wear rate,lightgbm,2024,4,0.9868726468146297,0.1164471761496118,0.028195442166976222,0.07975711652201718,0.9944438291539281,0.05312430392868186,0.024257673026795375,0.048120877017038106
Dataset_0136,single_output,wear rate,lightgbm,99,0,0.9874894189410499,0.111704600473316,0.027996140469502755,0.07166852364198295,0.9577405112810442,0.1618366784724226,0.0632174525282901,0.11493872053197884
Dataset_0136,single_output,wear rate,lightgbm,99,1,0.9883409317655127,0.10111077387911434,0.024482027573635434,0.06304948356418354,0.897792381226032,0.3320559620898298,0.09766351826171464,0.2612514163258429
Dataset_0136,single_output,wear rate,lightgbm,99,2,0.9889506117988609,0.09389221839011155,0.025307875576849475,0.06987194473519029,0.9511862147985852,0.24521242508855032,0.061456748142493814,0.1923993198024754
Dataset_0136,single_output,wear rate,lightgbm,99,3,0.9861989375901967,0.12233430123322242,0.02962089618237831,0.08789615111350231,0.8882149921310021,0.18919436712427956,0.10475878578310054,0.16506588971369926
Dataset_0136,single_output,wear rate,lightgbm,99,4,0.9854295523876481,0.115154215763924,0.027882376698286682,0.07372517261236933,0.993531099459193,0.08243582375371428,0.031225690815800854,0.0666464030230126
Dataset_0136,single_output,Ultimate Compression Strength (MPa),linear_regression,42,0,0.7485697629441721,7.939145590662341,0.12805073533326355,6.173680460319779,0.6834099278761155,8.931934924485828,0.19004116860608145,7.970203648113557
Dataset_0136,single_output,Ultimate Compression Strength (MPa),linear_regression,42,1,0.6887661436471098,8.248109910469537,0.16172764530332426,6.834825577726976,0.8191221220175816,8.331111516453399,0.13437276639440968,6.865780374855518
Dataset_0136,single_output,Ultimate Compression Strength (MPa),linear_regression,42,2,0.8358003971172272,7.024877229411338,0.11330447144211836,5.649605272868407,-2.0714050715564976,12.968137523650446,0.6175303582690689,8.156327430892034
Dataset_0136,single_output,Ultimate Compression Strength (MPa),linear_regression,42,3,0.7090438948902356,8.734080296484787,0.14087226284652882,7.3036634391884645,0.8502088799015093,5.036636477987069,0.11713108088342021,3.551715076133056
Dataset_0136,single_output,Ultimate Compression Strength (MPa),linear_regression,42,4,0.7289769110583952,7.896660285762405,0.12736548848003879,5.962349097789213,0.7645346706572029,9.042788018137758,0.18454669424770934,8.42988081154995
Dataset_0136,single_output,Ultimate Compression Strength (MPa),linear_regression,123,0,0.7125508785624337,8.60973693508397,0.13886672475941886,6.711329049567448,0.8157960689193501,6.39638465114261,0.13053846226821653,5.834691840916754
Dataset_0136,single_output,Ultimate Compression Strength (MPa),linear_regression,123,1,0.7195250613596766,8.28037660367238,0.14786386792272108,6.661444078446691,0.7691112599725309,7.870532473881468,0.15135639372848977,6.915289041088412
Dataset_0136,single_output,Ultimate Compression Strength (MPa),linear_regression,123,2,0.7870693423423353,7.578599221603126,0.12223547131617944,5.9855931689319,0.4033557200118598,10.194096538482139,0.23707201252284044,8.519853051640752
Dataset_0136,single_output,Ultimate Compression Strength (MPa),linear_regression,123,3,0.6819110763848317,8.572429772438053,0.1452954198718314,6.972047812684908,0.8587262281602399,6.1718734521310985,0.11429395281724257,4.936080654768801
Dataset_0136,single_output,Ultimate Compression Strength (MPa),linear_regression,123,4,0.8168534012831216,6.8381335600303705,0.1102924767746834,5.611914927550129,0.20686027469942336,12.93068423622141,0.32902504417866185,9.378553868466469
Dataset_0136,single_output,Ultimate Compression Strength (MPa),linear_regression,7,0,0.7823031856556464,7.255608301602182,0.1229764118915624,6.049007462437294,0.5352237057541919,11.233288204605849,0.2160247731654971,6.760948827227573
Dataset_0136,single_output,Ultimate Compression Strength (MPa),linear_regression,7,1,0.7104636212244296,8.316021175236873,0.1341293737941431,6.666070998972343,0.8004011749378462,7.512592933736244,0.15984240284545198,6.85694678262201
Dataset_0136,single_output,Ultimate Compression Strength (MPa),linear_regression,7,2,0.7220272374713295,8.031608149184779,0.12954206692233514,6.448516595646239,0.6408963334689153,8.958367084655647,0.20131161987990218,7.673893573682601
Dataset_0136,single_output,Ultimate Compression Strength (MPa),linear_regression,7,3,0.7467624827696864,8.162463424062746,0.1457582754296919,6.3883394128082385,0.6061783353573853,8.264425715938982,0.18243765377348747,6.597245689577485
Dataset_0136,single_output,Ultimate Compression Strength (MPa),linear_regression,7,4,0.7616264193568624,8.149068978816949,0.13143659643253144,6.4831384327567285,0.41783587402577904,8.657501043610832,0.2473571726745952,8.01640100276933
Dataset_0136,single_output,Ultimate Compression Strength (MPa),linear_regression,2024,0,0.7093271807931502,8.483512143444692,0.15149128827579808,6.52896920139312,0.8135157094587034,6.661201534308186,0.12810002950592667,6.157825770956972
Dataset_0136,single_output,Ultimate Compression Strength (MPa),linear_regression,2024,1,0.7260342498570277,8.0521463095703,0.12987332757371453,6.390997495387534,0.7642135722194853,8.669695063290252,0.18446159709128196,7.7666010707782585
Dataset_0136,single_output,Ultimate Compression Strength (MPa),linear_regression,2024,2,0.743973820369515,8.157089620111025,0.13156596161469394,6.309247785052472,0.6152697251697673,8.001665783103048,0.23957083182943253,6.638671115641022
Dataset_0136,single_output,Ultimate Compression Strength (MPa),linear_regression,2024,3,0.7730275377348071,7.194783934690931,0.12194549041849036,6.06620237289248,0.2665012213441157,11.733385350489892,0.27936631786880695,6.635635412178727
Dataset_0136,single_output,Ultimate Compression Strength (MPa),linear_regression,2024,4,0.7563905808012549,8.263718900268852,0.13328578871401375,6.949738686603178,0.5340226545527913,8.08783895577426,0.21283786725721734,6.067614266409801
Dataset_0136,single_output,Ultimate Compression Strength (MPa),linear_regression,99,0,0.7305598298923752,8.705527944096191,0.14041174103380955,7.146499037270635,0.7832680913780088,5.788677304411014,0.13462040242816312,4.812185163421578
Dataset_0136,single_output,Ultimate Compression Strength (MPa),linear_regression,99,1,0.7446823571699455,8.186160191305984,0.1320348417952578,6.357778006637116,0.6852292980214989,8.192822888301887,0.18206273085115304,6.233730524653985
Dataset_0136,single_output,Ultimate Compression Strength (MPa),linear_regression,99,2,0.8413920490163089,6.5468026324594595,0.10559359084612031,4.923265280168131,-0.2282813124202363,14.345426604879977,0.3586356651219994,10.736229356948487
Dataset_0136,single_output,Ultimate Compression Strength (MPa),linear_regression,99,3,0.6977836541742954,7.873258208185425,0.14580107792935973,6.304155694895337,0.7592906971072012,9.875180934923545,0.1673759480495516,8.768366536660332
Dataset_0136,single_output,Ultimate Compression Strength (MPa),linear_regression,99,4,0.7246975968311864,8.203957382740935,0.1390501251312023,6.6125891528911325,0.7504461418520989,8.451835224427091,0.16903670448854183,7.841004280140846
Dataset_0136,single_output,Ultimate Compression Strength (MPa),ridge,42,0,0.7476236491437811,7.954068780500672,0.12829143194355921,6.255845817138543,0.6863094462503155,8.89093888131028,0.18916891236830383,7.955006706939248
Dataset_0136,single_output,Ultimate Compression Strength (MPa),ridge,42,1,0.6879020104370412,8.259552311570888,0.16195200610923308,6.830959090566554,0.8083024091580517,8.576666994162858,0.13833333861552996,7.204222992402346
Dataset_0136,single_output,Ultimate Compression Strength (MPa),ridge,42,2,0.835097532126513,7.039896351293783,0.11354671534344811,5.762326803142343,-1.9308328356314646,12.667898739055955,0.6032332732883788,7.936883017781385
Dataset_0136,single_output,Ultimate Compression Strength (MPa),ridge,42,3,0.7082955108081332,8.745305785072407,0.1410533191140711,7.403876545124354,0.8471882190029507,5.087166956895323,0.11830620829989123,3.4644111418189447
Dataset_0136,single_output,Ultimate Compression Strength (MPa),ridge,42,4,0.7279340559876726,7.911838264943427,0.12761029459586173,6.005570753777865,0.760924190219759,9.111852549982872,0.18595617448944637,8.631250735074909
Dataset_0136,single_output,Ultimate Compression Strength (MPa),ridge,123,0,0.7118983100587192,8.61950432971137,0.13902426338244145,6.7275694282726946,0.8044533948993045,6.590377101351243,0.1344974918643111,6.057491724759712
Dataset_0136,single_output,Ultimate Compression Strength (MPa),ridge,123,1,0.7187117947249315,8.292372826070718,0.14807808617983426,6.734750915259442,0.7653817011009975,7.933844405801633,0.15257393088080062,6.9121759537066
Dataset_0136,single_output,Ultimate Compression Strength (MPa),ridge,123,2,0.786205725785009,7.593952531604015,0.12248310534845185,6.081045474026982,0.41928836048969365,10.057065226365065,0.2338852378224434,8.497087495723905
Dataset_0136,single_output,Ultimate Compression Strength (MPa),ridge,123,3,0.6809252803145668,8.585702995224201,0.14552038974956275,7.060777732878423,0.8577238634094063,6.193730069693297,0.11469870499432032,4.955260265875206
Dataset_0136,single_output,Ultimate Compression Strength (MPa),ridge,123,4,0.8158903694119948,6.85608831986679,0.1105820696752708,5.684704523742055,0.22491938762938246,12.782626286973812,0.3252576663352115,9.363010949979309
Dataset_0136,single_output,Ultimate Compression Strength (MPa),ridge,7,0,0.7813455066482002,7.271550010795996,0.1232466103524745,6.080883344798941,0.543008891344336,11.138809900524057,0.21420788270238572,6.9441968301825785
Dataset_0136,single_output,Ultimate Compression Strength (MPa),ridge,7,1,0.7096916554827241,8.327099938664338,0.13430806352684416,6.74246831871211,0.7936174672310218,7.63919042781152,0.16253596654918126,6.902534733711822
Dataset_0136,single_output,Ultimate Compression Strength (MPa),ridge,7,2,0.7212585021513355,8.042706211479492,0.1297210679270886,6.45166937251952,0.6269672457805099,9.130454953325417,0.2051787629960768,7.946027434770059
Dataset_0136,single_output,Ultimate Compression Strength (MPa),ridge,7,3,0.745891501780862,8.17648829700779,0.14600871958942482,6.502534606601442,0.6191933486611624,8.12671709170585,0.17939772829372738,6.5108240715745564
Dataset_0136,single_output,Ultimate Compression Strength (MPa),ridge,7,4,0.7607636890638128,8.16380236269496,0.13167423165637032,6.548288520908407,0.4311451202406088,8.5579663909052,0.2445133254544343,7.892541649900475
Dataset_0136,single_output,Ultimate Compression Strength (MPa),ridge,2024,0,0.7082783639337201,8.49880362963147,0.15176435052913337,6.654680567593537,0.8142897339441496,6.647363118535342,0.12783390612567966,6.106682786187619
Dataset_0136,single_output,Ultimate Compression Strength (MPa),ridge,2024,1,0.725155406831054,8.06505103680387,0.1300814683355463,6.408174006915171,0.7543004894329303,8.850067165649786,0.18829930139680398,7.971025356500127
Dataset_0136,single_output,Ultimate Compression Strength (MPa),ridge,2024,2,0.7432070304366354,8.169295594517289,0.1317628321696337,6.37952784390863,0.6194151967981727,7.958440023529242,0.23827664741105511,6.719600328972372
Dataset_0136,single_output,Ultimate Compression Strength (MPa),ridge,2024,3,0.7719965462577804,7.21110608315118,0.12222213700256238,6.1395461397756375,0.28287029907303085,11.601722982211967,0.2762314995764754,6.583626184260402
Dataset_0136,single_output,Ultimate Compression Strength (MPa),ridge,2024,4,0.7557717417432722,8.27420837240742,0.1334549737485068,6.989297599636523,0.5363200798063948,8.067876434870403,0.21231253775974746,6.172092177126838
Dataset_0136,single_output,Ultimate Compression Strength (MPa),ridge,99,0,0.7298688634070827,8.71668325278531,0.140591665367505,7.219350855578619,0.7732072819048731,5.9215099762846615,0.13770953433220143,4.849744381274402
Dataset_0136,single_output,Ultimate Compression Strength (MPa),ridge,99,1,0.743658157803093,8.202563030746074,0.13229940372171087,6.472464501805966,0.7072205551132924,7.90144836955306,0.17558774154562357,6.146169654957051
Dataset_0136,single_output,Ultimate Compression Strength (MPa),ridge,99,2,0.8406327897953312,6.562453757447352,0.10584602834592502,5.01722133814387,-0.17814237999750837,14.049583021897506,0.3512395755474377,10.6025700931316
Dataset_0136,single_output,Ultimate Compression Strength (MPa),ridge,99,3,0.6968545827033836,7.885350880401213,0.14602501630372616,6.3308358097761674,0.7423794460509857,10.216188061330238,0.17315572985305488,9.001703745227053
Dataset_0136,single_output,Ultimate Compression Strength (MPa),ridge,99,4,0.7238824478631463,8.216094044789477,0.13925583126761826,6.618000860329166,0.7481573413449627,8.490505057326136,0.1698101011465227,7.987977372748792
Dataset_0136,single_output,Ultimate Compression Strength (MPa),elasticnet,42,0,0.7463065160836512,7.974797611408503,0.1286257679259436,6.308116145616466,0.6867521588669532,8.88466275899926,0.1890353778510481,7.946569452671408
Dataset_0136,single_output,Ultimate Compression Strength (MPa),elasticnet,42,1,0.6865008198830779,8.278072530249778,0.16231514765195643,6.827125069466023,0.8011798465220952,8.734547741962448,0.14087980228971692,7.4065278856999885
Dataset_0136,single_output,Ultimate Compression Strength (MPa),elasticnet,42,2,0.8340388300045146,7.0624588663336505,0.1139106268763492,5.824499499306141,-1.8628914788703206,12.520206787551857,0.5962003232167551,7.82502909494548
Dataset_0136,single_output,Ultimate Compression Strength (MPa),elasticnet,42,3,0.7071092271658466,8.76307014504909,0.14133984104917888,7.463107641649253,0.8441387452973119,5.137675334610726,0.11948082173513315,3.4047641840682497
Dataset_0136,single_output,Ultimate Compression Strength (MPa),elasticnet,42,4,0.7263010974080552,7.935546443386056,0.12799268457074284,6.029347743748783,0.7576410879399524,9.17420336008493,0.18722864000173325,8.754044846626376
Dataset_0136,single_output,Ultimate Compression Strength (MPa),elasticnet,123,0,0.710949627346517,8.633684139286315,0.13925296998848893,6.750226833388618,0.7968725838653364,6.716907961873642,0.1370797543239519,6.187956037776543
Dataset_0136,single_output,Ultimate Compression Strength (MPa),elasticnet,123,1,0.7174168527052331,8.311438346091478,0.1484185418944907,6.778292138220347,0.7623594698579083,7.984780731242651,0.15355347560082022,6.90682803437082
Dataset_0136,single_output,Ultimate Compression Strength (MPa),elasticnet,123,2,0.7848701370883905,7.617635594232429,0.12286509022955532,6.136243802841598,0.4281535049544254,9.980004408782365,0.2320931257856364,8.47598367991638
Dataset_0136,single_output,Ultimate Compression Strength (MPa),elasticnet,123,3,0.6793745618222206,8.606541172137641,0.14587357918877358,7.112781288091993,0.855396178379829,6.244190265057493,0.11563315305662024,4.965084196598945
Dataset_0136,single_output,Ultimate Compression Strength (MPa),elasticnet,123,4,0.8144289290688472,6.883245939595535,0.11102009579992798,5.724180644327198,0.23189082080754264,12.725010013765752,0.3237916034037087,9.371567995901785
Dataset_0136,single_output,Ultimate Compression Strength (MPa),elasticnet,7,0,0.780013179274614,7.293670232681329,0.12362152936748015,6.112473111933,0.5457273199808976,11.105630672104411,0.21356982061739252,7.044819755822445
Dataset_0136,single_output,Ultimate Compression Strength (MPa),elasticnet,7,1,0.7084403878819672,8.345026097877048,0.13459719512704915,6.788095878605098,0.7888415971771012,7.727073644324999,0.16440582221968084,6.92545208724013
Dataset_0136,single_output,Ultimate Compression Strength (MPa),elasticnet,7,2,0.7200217556634869,8.060528781734826,0.13000852873765847,6.46565548641728,0.6173470487574424,9.247438854018377,0.20780761469704218,8.107002406620781
Dataset_0136,single_output,Ultimate Compression Strength (MPa),elasticnet,7,3,0.7445416342187076,8.198176979924604,0.14639601749865364,6.567504458219988,0.6251724804476291,8.062664956588742,0.17798377387613118,6.463667746901058
Dataset_0136,single_output,Ultimate Compression Strength (MPa),elasticnet,7,4,0.7594393294867762,8.186367683412366,0.13203818844213494,6.586547514431677,0.4370450829069763,8.513470608358398,0.2432420173816685,7.829367902556862
Dataset_0136,single_output,Ultimate Compression Strength (MPa),elasticnet,2024,0,0.7068274691288907,8.519912067337986,0.15214128691674975,6.721553038567969,0.8132843256062631,6.665332758089411,0.12817947611710406,6.078325949907626
Dataset_0136,single_output,Ultimate Compression Strength (MPa),elasticnet,2024,1,0.7237599109489563,8.085499857215858,0.1304112880196106,6.42092852811091,0.7473318296188053,8.974694804541011,0.19095095328810663,8.093192149664716
Dataset_0136,single_output,Ultimate Compression Strength (MPa),elasticnet,2024,2,0.7419895285497136,8.188638747835043,0.13207481851346844,6.418867877668425,0.6202236919641329,7.949982274985968,0.23802342140676547,6.7734287306683045
Dataset_0136,single_output,Ultimate Compression Strength (MPa),elasticnet,2024,3,0.7704142375162433,7.236084802003594,0.12264550511870499,6.182975428031764,0.28855054308682326,11.5556841462114,0.27513533681455715,6.577619688145262
Dataset_0136,single_output,Ultimate Compression Strength (MPa),elasticnet,2024,4,0.7547811958113885,8.290970744526664,0.13372533458913974,7.013240023835074,0.5378782387145549,8.054309304014998,0.21195550800039467,6.226921188442865
Dataset_0136,single_output,Ultimate Compression Strength (MPa),elasticnet,99,0,0.7288848623705729,8.732544861036308,0.14084749775865013,7.256798999229837,0.7669635808924045,6.002467418525768,0.13959226554711088,4.866638640222057
Dataset_0136,single_output,Ultimate Compression Strength (MPa),elasticnet,99,1,0.7420990968421757,8.227469051004446,0.13270111372587817,6.538491667729496,0.7183455175813883,7.74987591100728,0.17221946468905067,6.092312945492343
Dataset_0136,single_output,Ultimate Compression Strength (MPa),elasticnet,99,2,0.839458011725343,6.586596965240773,0.10623543492323827,5.091041445487981,-0.15131194335958575,13.888682522935241,0.347217063073381,10.519150963196328
Dataset_0136,single_output,Ultimate Compression Strength (MPa),elasticnet,99,3,0.6953443243164259,7.904968728828748,0.14638830979312495,6.344076883816815,0.7310516129576355,10.438379834965298,0.1769216921180559,9.15187402836105
Dataset_0136,single_output,Ultimate Compression Strength (MPa),elasticnet,99,4,0.7225896050762763,8.235306356889634,0.1395814636760955,6.621298989786498,0.7458685643045373,8.52899917216953,0.17057998344339062,8.079412184204442
Dataset_0136,single_output,Ultimate Compression Strength (MPa),svr_rbf,42,0,0.2666277040354148,13.558987607340221,0.21869334850548744,10.882526019169195,0.17760492663833194,14.395844747925876,0.3062945691048059,13.0661399235211
Dataset_0136,single_output,Ultimate Compression Strength (MPa),svr_rbf,42,1,0.27604182873345495,12.579626876814267,0.24665935052576993,10.489873730148092,0.19185201281217046,17.60985047568238,0.28402984638197387,14.845717825117376
Dataset_0136,single_output,Ultimate Compression Strength (MPa),svr_rbf,42,2,0.312259367399099,14.376892630170381,0.2318853650027481,12.084089249389898,0.06414870627219516,7.1583426240196255,0.34087345828664883,6.359436600095543
Dataset_0136,single_output,Ultimate Compression Strength (MPa),svr_rbf,42,3,0.21960024620730756,14.304148328228436,0.23071206981013606,11.333519286811493,-0.19671821040158477,14.236181695504811,0.33107399291871653,12.551705562843278
Dataset_0136,single_output,Ultimate Compression Strength (MPa),svr_rbf,42,4,0.24113528068905798,13.213640620255813,0.21312323581057763,10.70694079859258,0.21036339213790967,16.559701445851058,0.33795309073165425,14.749518674862133
Dataset_0136,single_output,Ultimate Compression Strength (MPa),svr_rbf,123,0,0.2712999294071067,13.708306150869651,0.22110171211080082,11.139412672537365,0.15700176484221107,13.683539748187098,0.2792559132283081,11.978390222185006
Dataset_0136,single_output,Ultimate Compression Strength (MPa),svr_rbf,123,1,0.22580664976411724,13.757127968743701,0.2456629994418518,10.951686889199898,0.07592483671766048,15.74549749348438,0.3027980287208535,13.602665214951248
Dataset_0136,single_output,Ultimate Compression Strength (MPa),svr_rbf,123,2,0.2737941989705218,13.995863560409292,0.22573973484531115,11.60888941618328,0.1513195795510539,12.15802669971783,0.2827448069701821,9.963504167980814
Dataset_0136,single_output,Ultimate Compression Strength (MPa),svr_rbf,123,3,0.2444182768345634,13.212055360591355,0.22393314170493822,10.714740075473582,-0.1448856878261009,17.569819733291983,0.32536703209799966,14.707429137686189
Dataset_0136,single_output,Ultimate Compression Strength (MPa),svr_rbf,123,4,0.2849530395706802,13.511558087374633,0.21792835624797796,10.964903863463299,0.07430505358787942,13.969491624243853,0.3554578021436095,12.205662433259969
Dataset_0136,single_output,Ultimate Compression Strength (MPa),svr_rbf,7,0,0.2762717766515139,13.229259841750396,0.22422474308051518,10.898981564844686,0.09664294287176822,15.660825042452743,0.30116971235486045,12.746866544692214
Dataset_0136,single_output,Ultimate Compression Strength (MPa),svr_rbf,7,1,0.2642947902218502,13.256104927355995,0.21380814398961281,10.676348402188397,0.12629621768439958,15.717844036962939,0.334422213552403,14.375326275927735
Dataset_0136,single_output,Ultimate Compression Strength (MPa),svr_rbf,7,2,0.2490935747218821,13.200619116848625,0.2129132115620746,10.58019769915872,-0.4279710026186576,17.863996664238115,0.4014381272862498,15.286993805394104
Dataset_0136,single_output,Ultimate Compression Strength (MPa),svr_rbf,7,3,0.2662170178962213,13.894439830409572,0.2481149969715995,11.755933904325216,0.05995601946408957,12.768414274351919,0.28186344976494304,9.505960947187917
Dataset_0136,single_output,Ultimate Compression Strength (MPa),svr_rbf,7,4,0.2901549416903355,14.06244107091153,0.2268135656598634,11.753336719106853,0.08246072636962665,10.868814180850999,0.31053754802431427,8.649070422743074
Dataset_0136,single_output,Ultimate Compression Strength (MPa),svr_rbf,2024,0,0.2609032869360012,13.52770455981861,0.24156615285390373,11.352182458498325,0.07839465606763218,14.808256869797598,0.2847741705730307,11.63252990048807
Dataset_0136,single_output,Ultimate Compression Strength (MPa),svr_rbf,2024,1,0.25954489698702754,13.237710720705083,0.21351146323717876,10.806155245926039,0.19844976796612257,15.984895192472155,0.34010415303132246,13.764970401880769
Dataset_0136,single_output,Ultimate Compression Strength (MPa),svr_rbf,2024,2,0.26450832756624343,13.825534358441937,0.2229924896522893,11.381548472383757,0.002727574595210336,12.88276639491284,0.3857115687099652,11.023958307701701
Dataset_0136,single_output,Ultimate Compression Strength (MPa),svr_rbf,2024,3,0.2674071567351948,12.925951069197982,0.21908391642708444,10.44007765019981,-0.8546222470660538,18.657410591456614,0.4442240617013479,15.885087449512678
Dataset_0136,single_output,Ultimate Compression Strength (MPa),svr_rbf,2024,4,0.30383508768869427,13.969619039728158,0.22531643612464772,11.623028895160873,0.20070805550215587,10.592605826809915,0.27875278491605043,8.89781937488213
Dataset_0136,single_output,Ultimate Compression Strength (MPa),svr_rbf,99,0,0.2710306618085111,14.319193986286123,0.2309547417142923,12.095149705224701,0.20119654946108512,11.113167965781182,0.258445766646074,8.415844184987666
Dataset_0136,single_output,Ultimate Compression Strength (MPa),svr_rbf,99,1,0.2295403380811064,14.2204971186882,0.2293628567530355,11.651733562364472,0.2213402485393441,12.885767129007254,0.28635038064460566,10.680710683775057
Dataset_0136,single_output,Ultimate Compression Strength (MPa),svr_rbf,99,2,0.2763092098358496,13.984382489796822,0.22555455628704552,10.923734787577493,-0.12570234412599302,13.733345019998378,0.34333362549995944,12.78267843414022
Dataset_0136,single_output,Ultimate Compression Strength (MPa),svr_rbf,99,3,0.2577094024081392,12.339072025955574,0.2285013338139921,10.10483882543787,0.12584032509530707,18.81889019823634,0.31896424064807355,16.87781283986829
Dataset_0136,single_output,Ultimate Compression Strength (MPa),svr_rbf,99,4,0.2725939901577249,13.33542425285684,0.22602413987892947,10.835833198786057,0.21424968446011172,14.99723370802468,0.2999446741604936,13.284680821138375
Dataset_0136,single_output,Ultimate Compression Strength (MPa),gpr,42,0,0.9997748150118263,0.23759359640339253,0.0038321547806998797,0.18252606454517561,0.96101015336186,3.1345317112326105,0.06669216406877895,2.424989841644326
Dataset_0136,single_output,Ultimate Compression Strength (MPa),gpr,42,1,0.9853330337490721,1.7905282146607981,0.035108396365898,1.4859907928648475,0.9634443572971086,3.745307088433451,0.06040817884570083,3.209185855993419
Dataset_0136,single_output,Ultimate Compression Strength (MPa),gpr,42,2,0.9926286324227165,1.4884241964850997,0.024006841878791933,1.1939971951086128,0.39679976209886014,5.746981657267069,0.2736657932031938,4.7724039153630144
Dataset_0136,single_output,Ultimate Compression Strength (MPa),gpr,42,3,0.995538812132282,1.0815054176265269,0.017443635768169787,0.7910251473898033,0.8857214127088711,4.39926378827247,0.10230846019238302,4.264217297919542
Dataset_0136,single_output,Ultimate Compression Strength (MPa),gpr,42,4,0.9829968438621968,1.9779034187889701,0.031901668044983386,1.5891446820633994,0.9595611159800218,3.7474724308245744,0.07647902920050152,2.940711517705696
Dataset_0136,single_output,Ultimate Compression Strength (MPa),gpr,123,0,0.9999980781039643,0.022262520621282984,0.00035907291324649974,0.017673801478682298,0.9069737798261615,4.545564377526689,0.09276661994952426,3.6693104247807025
Dataset_0136,single_output,Ultimate Compression Strength (MPa),gpr,123,1,0.9971194030937007,0.8391590907273792,0.014984983762988914,0.6552924953873267,0.939862515648057,4.016755219782599,0.07724529268812691,3.4363962317471612
Dataset_0136,single_output,Ultimate Compression Strength (MPa),gpr,123,2,0.9852464494933582,1.9948861588515547,0.03217558320728314,1.6356860608709212,0.9631398670698266,2.533783186174805,0.05892519037615826,2.112434077811792
Dataset_0136,single_output,Ultimate Compression Strength (MPa),gpr,123,3,0.9911544126791627,1.4295290976671629,0.024229306740121404,1.1257005023266315,0.9519031486024346,3.6011778137460815,0.06668847803233484,3.0945140861944345
Dataset_0136,single_output,Ultimate Compression Strength (MPa),gpr,123,4,0.993098865731144,1.327389533168378,0.02140950859948997,1.0742250756643472,0.852684325525195,5.57277019606501,0.1418007683477102,4.448567357725723
Dataset_0136,single_output,Ultimate Compression Strength (MPa),gpr,7,0,0.9896318809501823,1.5834260288533013,0.026837729302598326,1.3214123443818886,0.9064786101382999,5.038953993385094,0.09690296141125182,4.23550906097981
Dataset_0136,single_output,Ultimate Compression Strength (MPa),gpr,7,1,0.9909006731305329,1.4742415609806234,0.023778089693235863,1.1670639918487078,0.8906821798467867,5.559763892795556,0.11829284878288417,4.7559154333738025
Dataset_0136,single_output,Ultimate Compression Strength (MPa),gpr,7,2,0.9967238881138837,0.8719282580851119,0.014063359001372773,0.7178999467893095,0.8307344104172149,6.150398757151042,0.13821120802586612,4.995720004307507
Dataset_0136,single_output,Ultimate Compression Strength (MPa),gpr,7,3,0.9995045217085882,0.3610518215288331,0.006447353955872019,0.26512201689435194,0.9242394609321135,3.624802984238875,0.08001772592138798,2.8096342128140526
Dataset_0136,single_output,Ultimate Compression Strength (MPa),gpr,7,4,0.9941690337669886,1.2745274606796093,0.02055689452709047,1.0150942931450995,0.9386465505878503,2.8105371158518615,0.08030106045291033,2.0931188615299754
Dataset_0136,single_output,Ultimate Compression Strength (MPa),gpr,2024,0,0.9992934910261664,0.4182465002940154,0.007468687505250275,0.31258433005570907,0.9044176117092187,4.76892383184485,0.09171007368932403,3.2000359572802672
Dataset_0136,single_output,Ultimate Compression Strength (MPa),gpr,2024,1,0.9999999999821537,6.498871140125108e-05,1.048205022600824e-06,5.217159958570799e-05,0.9540953645426379,3.8253633480696054,0.08139070953339586,2.81833743529805
Dataset_0136,single_output,Ultimate Compression Strength (MPa),gpr,2024,2,0.9930029606376757,1.3484976826239883,0.021749962622967554,1.0536966935910446,0.9080792011606061,3.9111918674693693,0.11710155291824458,3.077171779001627
Dataset_0136,single_output,Ultimate Compression Strength (MPa),gpr,2024,3,0.9876705864587411,1.6768815310195706,0.028421720864738483,1.3952245388416207,0.7893479688930447,6.287912101103197,0.14971219288340945,4.1704523707764025
Dataset_0136,single_output,Ultimate Compression Strength (MPa),gpr,2024,4,0.9930935016377211,1.3914174773452126,0.02244221737653569,1.134770360467551,0.8874293388718474,3.9752340334042677,0.10461142193169126,3.2501454863457155
Dataset_0136,single_output,Ultimate Compression Strength (MPa),gpr,99,0,0.9946230412727897,1.2297937834013644,0.01983538360324781,0.9918533533252086,0.8933733831822152,4.060230853604534,0.09442397333964034,3.122824380105804
Dataset_0136,single_output,Ultimate Compression Strength (MPa),gpr,99,1,0.9999146871770197,0.149639752850736,0.0024135444008183226,0.12047283431422098,0.9127989852677404,4.312183013597822,0.0958262891910627,3.0610203026469907
Dataset_0136,single_output,Ultimate Compression Strength (MPa),gpr,99,2,0.9943672366108536,1.2337510217511776,0.0198992100282448,1.066938834933036,0.7609847057745825,6.3281591294116435,0.1582039782352911,5.380766915879026
Dataset_0136,single_output,Ultimate Compression Strength (MPa),gpr,99,3,0.9999999999858937,5.3790027425982605e-05,9.96111618999678e-07,4.227735888466198e-05,0.9702519214533041,3.4715872429044086,0.058840461744142515,2.587436544202266
Dataset_0136,single_output,Ultimate Compression Strength (MPa),gpr,99,4,0.9823327932271387,2.0782717793759367,0.03522494541315147,1.7757181884985036,0.9200694337854057,4.783274691037127,0.09566549382074253,3.7632214904165022
Dataset_0136,single_output,Ultimate Compression Strength (MPa),random_forest,42,0,0.8984790663333743,5.044786781358362,0.0813675287315865,4.190686065158389,0.9641296866131946,3.006522718201758,0.06396856847237783,2.524353048340563
Dataset_0136,single_output,Ultimate Compression Strength (MPa),random_forest,42,1,0.9004508223895582,4.664765977252759,0.09146599955397566,3.8179080691339378,0.8078513183145206,8.586752104304958,0.13849600168233803,8.044542861107123
Dataset_0136,single_output,Ultimate Compression Strength (MPa),random_forest,42,2,0.939727013040626,4.256121767947445,0.0686471252894749,3.2333614867890734,-0.6315512464693669,9.451688902343472,0.4500804239211177,7.078995643509923
Dataset_0136,single_output,Ultimate Compression Strength (MPa),random_forest,42,3,0.8894334872868304,5.384126426135665,0.08684074880863975,4.4972027126768594,0.5854038793935235,8.379347268273186,0.19486854112263224,6.905526183604822
Dataset_0136,single_output,Ultimate Compression Strength (MPa),random_forest,42,4,0.9081868679282201,4.596134308389267,0.07413119852240753,3.461515202932467,0.8457719540027478,7.318474158800747,0.14935661548572954,6.5113508314436235
Dataset_0136,single_output,Ultimate Compression Strength (MPa),random_forest,123,0,0.902824191575968,5.005972625747337,0.08074149396366673,3.8304473136982082,0.8385192273905007,5.988878945503153,0.12222201929598271,5.465525915404022
Dataset_0136,single_output,Ultimate Compression Strength (MPa),random_forest,123,1,0.8949782190101919,5.066904842105822,0.09048044360903253,4.030758768721715,0.8143001401194294,7.058436732106483,0.1357391679251247,6.535200094482221
Dataset_0136,single_output,Ultimate Compression Strength (MPa),random_forest,123,2,0.9139004301022098,4.819148778208112,0.07772820610013084,3.832801093032133,0.7703261915866468,6.324799130316496,0.14708835186782548,5.6930019033876125
Dataset_0136,single_output,Ultimate Compression Strength (MPa),random_forest,123,3,0.8732918292421908,5.410432376640169,0.09170224367186727,4.480082627589535,0.8878188762329076,5.499790361887507,0.10184796966458345,4.871731239263385
Dataset_0136,single_output,Ultimate Compression Strength (MPa),random_forest,123,4,0.9376324815067069,3.9904087349209876,0.06436143120840303,3.2004291660446915,0.5370621033707291,9.87888710199815,0.25137117307883333,8.158504390847273
Dataset_0136,single_output,Ultimate Compression Strength (MPa),random_forest,7,0,0.9160025471973959,4.506930389073002,0.07638865066225427,3.6778761256270145,0.6901318541075048,9.172197207311477,0.176388407832913,6.479869199434805
Dataset_0136,single_output,Ultimate Compression Strength (MPa),random_forest,7,1,0.8985449434373662,4.9226716202385505,0.0793979293586863,3.9404919312169286,0.7757081947560283,7.963749125684405,0.16944147075924265,6.863106783824648
Dataset_0136,single_output,Ultimate Compression Strength (MPa),random_forest,7,2,0.8768815690549022,5.345187279023404,0.08621269804876458,4.418961014081712,0.8436468305255042,5.911154074843604,0.13283492303019334,4.888273838727372
Dataset_0136,single_output,Ultimate Compression Strength (MPa),random_forest,7,3,0.9209948796826782,4.559160109599302,0.08141357338570183,3.629383760428583,0.5407010852071569,8.925048571068954,0.19702093975869658,8.111781859410415
Dataset_0136,single_output,Ultimate Compression Strength (MPa),random_forest,7,4,0.9230472407800112,4.630107049508993,0.07467914595982247,3.6323501185914933,0.7912954982042923,5.1836508452911065,0.1481043098654602,4.317096079846075
Dataset_0136,single_output,Ultimate Compression Strength (MPa),random_forest,2024,0,0.898630017116462,5.009889661412271,0.08946231538236198,4.12493330026457,0.727206821728996,8.056533178412225,0.15493333035408124,7.151441749338614
Dataset_0136,single_output,Ultimate Compression Strength (MPa),random_forest,2024,1,0.8996508237563294,4.873269474498924,0.07860112055643426,3.7954729366738293,0.8816082047388991,6.143349509885206,0.13070956404011075,5.375567762660596
Dataset_0136,single_output,Ultimate Compression Strength (MPa),random_forest,2024,2,0.9049366641194492,4.97049419563807,0.08016926121996887,3.728507092683819,0.7042052611477809,7.016127115955058,0.21006368610643883,6.467651379440649
Dataset_0136,single_output,Ultimate Compression Strength (MPa),random_forest,2024,3,0.9142097018823758,4.423339363685363,0.07497185362178581,3.588951321507367,0.4013752033668031,10.599880955384391,0.25237811798534265,8.25578257747547
Dataset_0136,single_output,Ultimate Compression Strength (MPa),random_forest,2024,4,0.9153983351198787,4.869876553022811,0.07854639601649696,3.9360154629215005,0.8111801816406101,5.148418963530132,0.1354847095665824,4.243235959939499
Dataset_0136,single_output,Ultimate Compression Strength (MPa),random_forest,99,0,0.9043323495584439,5.187361278780623,0.08366711739968746,4.221202849927857,0.574238905449388,8.113362849508581,0.18868285696531584,6.867661354617585
Dataset_0136,single_output,Ultimate Compression Strength (MPa),random_forest,99,1,0.9152664729689689,4.715931279429516,0.07606340773273414,3.473010828316001,0.7043217355866742,7.940468281438255,0.1764548506986279,6.48716707208134
Dataset_0136,single_output,Ultimate Compression Strength (MPa),random_forest,99,2,0.9267273477840368,4.449771672464047,0.0717705108461943,3.426020810734607,0.567584104416509,8.511681626382485,0.21279204065956212,5.926135571703414
Dataset_0136,single_output,Ultimate Compression Strength (MPa),random_forest,99,3,0.8902919343762093,4.743673596573907,0.08784580734396125,3.977096779370069,0.8089658130538926,8.797396602567739,0.14910841699267355,7.959470141895126
Dataset_0136,single_output,Ultimate Compression Strength (MPa),random_forest,99,4,0.9015547794462484,4.905866349915781,0.08315027711721663,3.8712678492644246,0.8850958371548471,5.735044059874015,0.1147008811974803,5.062520445956212
Dataset_0136,single_output,Ultimate Compression Strength (MPa),extra_trees,42,0,0.8949160500019526,5.132550230865245,0.08278306823976202,4.258859126984178,0.8750612082579079,5.611068300854301,0.11938443193307023,4.322902777777781
Dataset_0136,single_output,Ultimate Compression Strength (MPa),extra_trees,42,1,0.913571808543888,4.34649050485702,0.08522530401680432,3.5284118773946505,0.7914744792659976,8.945195318046341,0.14427734383945712,8.210055555555494
Dataset_0136,single_output,Ultimate Compression Strength (MPa),extra_trees,42,2,0.9546401721863661,3.6922269344075125,0.05955204732915343,2.905612260536439,-0.836575515694459,10.027979882418796,0.4775228515437522,8.035712698412727
Dataset_0136,single_output,Ultimate Compression Strength (MPa),extra_trees,42,3,0.9108907366149279,4.833535024368907,0.07796024232853076,4.031902681992367,0.7010278452359058,7.115623211573469,0.16547960957147603,5.532347619047676
Dataset_0136,single_output,Ultimate Compression Strength (MPa),extra_trees,42,4,0.9143254364937443,4.43982916696977,0.07161014785435113,3.6019398467433397,0.8078797085011605,8.168183467940406,0.16669762179470216,7.576747619047619
Dataset_0136,single_output,Ultimate Compression Strength (MPa),extra_trees,123,0,0.9077042638168827,4.878656132938865,0.07868800214417523,4.023556235827671,0.7161085374409704,7.940745761908842,0.16205603595732332,6.05484265873014
Dataset_0136,single_output,Ultimate Compression Strength (MPa),extra_trees,123,1,0.9179280314994246,4.479200302376822,0.0799857196853004,3.393030651341032,0.8463424002499409,6.420661298731218,0.12347425574483112,5.50062857142857
Dataset_0136,single_output,Ultimate Compression Strength (MPa),extra_trees,123,2,0.9076186146546158,4.991856341656737,0.08051381196220543,3.9957222222222213,0.7421979434455976,6.700916251183752,0.1558352616554361,6.220309523809478
Dataset_0136,single_output,Ultimate Compression Strength (MPa),extra_trees,123,3,0.9001060891837299,4.803957655643527,0.08142301111260214,3.8812590038314463,0.8895118327559306,5.458133166742153,0.10107654012485467,4.970723809523792
Dataset_0136,single_output,Ultimate Compression Strength (MPa),extra_trees,123,4,0.9415606065091752,3.862700183393762,0.062301615861189714,3.0560095785441126,0.5163893803190538,10.097051461449745,0.2569224290445228,8.777555555555486
Dataset_0136,single_output,Ultimate Compression Strength (MPa),extra_trees,7,0,0.9357355920733342,3.942149111917403,0.06681608664266785,3.0676690476190744,0.7471099264810624,8.286112174016928,0.15934831103878708,5.390394444444446
Dataset_0136,single_output,Ultimate Compression Strength (MPa),extra_trees,7,1,0.8997320188812105,4.89378801033502,0.0789320646828229,3.903203448275853,0.6863989839172576,9.41671871248391,0.2003557172868917,8.235960770974984
Dataset_0136,single_output,Ultimate Compression Strength (MPa),extra_trees,7,2,0.8882129348032104,5.093275490463721,0.08214960468489874,4.297747126436803,0.8299726990723373,6.164221914598445,0.13852184077749316,5.466892063492052
Dataset_0136,single_output,Ultimate Compression Strength (MPa),extra_trees,7,3,0.93536357325108,4.1237838601245205,0.07363899750222358,3.3636804597701357,0.45194449684553606,9.7493385137795,0.21521718573464682,9.04961269841283
Dataset_0136,single_output,Ultimate Compression Strength (MPa),extra_trees,7,4,0.9146264085162308,4.876864730242592,0.07865910855229988,3.94031570881232,0.7386664186507982,5.800526866715325,0.16572933904900927,5.31110714285721
Dataset_0136,single_output,Ultimate Compression Strength (MPa),extra_trees,2024,0,0.9418867199844898,3.793247398615808,0.067736560689568,3.0416567460317974,0.8291377103200075,6.376091753631941,0.12261714910830655,5.07941666666669
Dataset_0136,single_output,Ultimate Compression Strength (MPa),extra_trees,2024,1,0.9030973391892633,4.7888515252207435,0.07723954072936683,4.010375478927227,0.8403768449849262,7.133330831138604,0.15177299640720435,6.646436507936485
Dataset_0136,single_output,Ultimate Compression Strength (MPa),extra_trees,2024,2,0.9163432123133741,4.662766182657916,0.07520590617190187,3.645078544061324,0.6384620433828065,7.7567389522737225,0.23223769318184795,7.399666666666631
Dataset_0136,single_output,Ultimate Compression Strength (MPa),extra_trees,2024,3,0.9289797804465836,4.0245949415889894,0.06821347358625406,3.3680938697318457,0.4831634606322195,9.84918378714301,0.23450437588435738,8.0631507936509
Dataset_0136,single_output,Ultimate Compression Strength (MPa),extra_trees,2024,4,0.9258796109318537,4.55824162531232,0.07352002621471483,3.5617352490422105,0.7732461368091809,5.641926719157056,0.14847175576729096,5.106847619047609
Dataset_0136,single_output,Ultimate Compression Strength (MPa),extra_trees,99,0,0.9128032237590666,4.952382227125152,0.07987713269556697,4.2000912698412805,0.5532788633828116,8.310672399491699,0.19327145115096975,7.278395833333288
Dataset_0136,single_output,Ultimate Compression Strength (MPa),extra_trees,99,1,0.9224340165322978,4.512066351291967,0.0727752637305156,3.5989091954023182,0.6292645074020162,8.891366207993022,0.19758591573317827,6.7955063492064465
Dataset_0136,single_output,Ultimate Compression Strength (MPa),extra_trees,99,2,0.9344784494094053,4.207836479356753,0.0678683303122057,3.189877394636047,0.38285673210839355,10.168515233536978,0.2542128808384244,7.633523809523813
Dataset_0136,single_output,Ultimate Compression Strength (MPa),extra_trees,99,3,0.8986023994962102,4.560467430836293,0.08445310057104247,3.763854022988561,0.8053319656027964,8.880674368624986,0.15051990455296585,8.039165079365137
Dataset_0136,single_output,Ultimate Compression Strength (MPa),extra_trees,99,4,0.9158652234758677,4.535301537541965,0.07686951758545704,3.231585440613043,0.7949975360420939,7.660346557239566,0.15320693114479134,7.177536507936574
Dataset_0136,single_output,Ultimate Compression Strength (MPa),gradient_boosting,42,0,0.9907488408753615,1.5228709049424902,0.024562433950685327,1.1043753758035773,0.9460528167194419,3.6870692230436837,0.07844828134135497,2.7412090315225672
Dataset_0136,single_output,Ultimate Compression Strength (MPa),gradient_boosting,42,1,0.9406216425921413,3.6026752193600866,0.07064069057568798,2.5754640675882445,0.8894236372087304,6.51390425643384,0.10506297187796515,5.863320169745982
Dataset_0136,single_output,Ultimate Compression Strength (MPa),gradient_boosting,42,2,0.9745266830282655,2.7669125760418654,0.044627622194223636,2.036718119363379,0.2553071632447149,6.385540255380184,0.3040733454942945,4.09854047058112
Dataset_0136,single_output,Ultimate Compression Strength (MPa),gradient_boosting,42,3,0.9462463300987763,3.754114402040951,0.06055023229098308,2.8981875817814884,0.8098613624910939,5.674567431478909,0.1319666844529979,4.555570746399318
Dataset_0136,single_output,Ultimate Compression Strength (MPa),gradient_boosting,42,4,0.9682624591270358,2.702258840226631,0.043584820003655336,2.142921340965174,0.9443306418055173,4.3969038908113385,0.08973273246553752,3.8384134053675996
Dataset_0136,single_output,Ultimate Compression Strength (MPa),gradient_boosting,123,0,0.98554853566719,1.9304800458176035,0.03113677493254199,1.5491397950157508,0.8860952553879281,5.029861569576414,0.10265023611380436,4.321916916298212
Dataset_0136,single_output,Ultimate Compression Strength (MPa),gradient_boosting,123,1,0.9431913573392423,3.726578423394833,0.06654604327490773,2.846513877089517,0.9239339682092289,4.517499556190995,0.08687499146521145,3.7257789366108107
Dataset_0136,single_output,Ultimate Compression Strength (MPa),gradient_boosting,123,2,0.9814637563184533,2.2360458694167438,0.036065255958334576,1.7717535248114948,0.9704994894129911,2.266761186726458,0.05271537643549903,2.0495095698728067
Dataset_0136,single_output,Ultimate Compression Strength (MPa),gradient_boosting,123,3,0.9768736739298323,2.311441918509773,0.03917698166965717,1.8528954622517395,0.9274492526813574,4.422900686325675,0.08190556826529027,3.4995518317198298
Dataset_0136,single_output,Ultimate Compression Strength (MPa),gradient_boosting,123,4,0.9712860880324056,2.707598921898816,0.04367095035320671,1.3753178181410002,0.6671267658735021,8.376953273880215,0.2131540273251963,5.170404804921039
Dataset_0136,single_output,Ultimate Compression Strength (MPa),gradient_boosting,7,0,0.9483102708318035,3.535492501151072,0.05992360171442495,2.75587929471624,0.7929720194660597,7.497205927208135,0.1441770370616949,4.766629847585897
Dataset_0136,single_output,Ultimate Compression Strength (MPa),gradient_boosting,7,1,0.9535911589006978,3.329387763920475,0.05369980264387863,2.4927691678035866,0.9044804641389906,5.197050883477374,0.11057555071228455,4.7128737031218355
Dataset_0136,single_output,Ultimate Compression Strength (MPa),gradient_boosting,7,2,0.9733568091206694,2.4865346081387028,0.04010539690546295,1.8662526347882298,0.9285464082792321,3.9960504892988915,0.08979888739997509,3.447564775124517
Dataset_0136,single_output,Ultimate Compression Strength (MPa),gradient_boosting,7,3,0.9797984516455274,2.3054173296907465,0.041168166601620475,1.7291010986538526,0.8609312469723395,4.911087352279703,0.10841252433288529,4.261503654293587
Dataset_0136,single_output,Ultimate Compression Strength (MPa),gradient_boosting,7,4,0.9892534454742099,1.7302687221758712,0.027907560035094696,1.369423589662188,0.86455001831622,4.175988633892485,0.11931396096835672,3.2568208852040255
Dataset_0136,single_output,Ultimate Compression Strength (MPa),gradient_boosting,2024,0,0.9632650541909868,3.015873881687461,0.053854890744418946,2.2744643524056594,0.8535652112092871,5.902738987782729,0.11351421130351401,4.602530946679741
Dataset_0136,single_output,Ultimate Compression Strength (MPa),gradient_boosting,2024,1,0.9728394504614493,2.535320088141515,0.040892259486153465,1.8675462204173747,0.9428175143650893,4.269489361918662,0.09084019918975877,3.8763980709583694
Dataset_0136,single_output,Ultimate Compression Strength (MPa),gradient_boosting,2024,2,0.9739066297526774,2.604102858380868,0.04200165900614303,1.8357973167564905,0.9078496942458469,3.916071535510614,0.11724765076379082,3.109665842668053
Dataset_0136,single_output,Ultimate Compression Strength (MPa),gradient_boosting,2024,3,0.9342899498869317,3.871213030417615,0.06561378017656974,2.932324092716418,0.4783468263557966,9.894971861460151,0.2355945681300036,6.9625438362977565
Dataset_0136,single_output,Ultimate Compression Strength (MPa),gradient_boosting,2024,4,0.9709878475877272,2.8517961129431844,0.04599671149908362,2.2897163806033856,0.8795581431304993,4.111864689842577,0.10820696552217307,3.484878812629599
Dataset_0136,single_output,Ultimate Compression Strength (MPa),gradient_boosting,99,0,0.9224809655206931,4.669475696182592,0.07531412413197729,3.8366575542531214,0.878672473037655,4.331093754924246,0.10072311057963362,3.7422923096734504
Dataset_0136,single_output,Ultimate Compression Strength (MPa),gradient_boosting,99,1,0.9765539775384421,2.480700956725274,0.04001130575363345,1.803989636227854,0.8642941887427631,5.37942228711675,0.11954271749148333,4.468158393495851
Dataset_0136,single_output,Ultimate Compression Strength (MPa),gradient_boosting,99,2,0.9676330288849861,2.9574526571945805,0.04770084930959001,1.9959510579564308,0.5382654787654765,8.79550375580222,0.21988759389505552,4.7853259966953
Dataset_0136,single_output,Ultimate Compression Strength (MPa),gradient_boosting,99,3,0.9531381825965042,3.100309730108803,0.05741314315016302,2.3463734064393984,0.9011432489599388,6.328514661583154,0.10726296036581616,5.178164796117711
Dataset_0136,single_output,Ultimate Compression Strength (MPa),gradient_boosting,99,4,0.9754652073445128,2.44911732487624,0.041510463133495594,1.8484994479535106,0.9029261626899877,5.271327219525541,0.10542654439051083,4.377512630216722
Dataset_0136,single_output,Ultimate Compression Strength (MPa),xgboost,42,0,0.9918156072334443,1.432379989574745,0.02310290305765718,1.145000784737723,0.9387944309978622,3.9272845968028354,0.08355924674048586,2.843966484069824
Dataset_0136,single_output,Ultimate Compression Strength (MPa),xgboost,42,1,0.9854761919641878,1.7817684830906892,0.03493663692334685,1.4147021589608024,0.9682615145437502,3.4898223518629647,0.05628745728811233,2.5522890363420743
Dataset_0136,single_output,Ultimate Compression Strength (MPa),xgboost,42,2,0.9938285202253034,1.3619066562587832,0.021966236391270696,1.057424190126616,0.47299274002092573,5.371769362733018,0.2557985410825247,3.9724086216517867
Dataset_0136,single_output,Ultimate Compression Strength (MPa),xgboost,42,3,0.9868425879878212,1.8573283179360436,0.029956908353807155,1.3789114064183727,0.9667796320089176,2.3719186606967786,0.0551608990859716,2.188084847586495
Dataset_0136,single_output,Ultimate Compression Strength (MPa),xgboost,42,4,0.9857828229050657,1.8086186142936136,0.029171267972477637,1.3185622642780166,0.9649201472647279,3.4903400958468715,0.07123143052748718,3.2518718174525674
Dataset_0136,single_output,Ultimate Compression Strength (MPa),xgboost,123,0,0.989099240522432,1.6766320658304288,0.027042452674684334,1.3251170567103796,0.9369263529195027,3.7429075248863346,0.07638586785482315,2.8474241256713846
Dataset_0136,single_output,Ultimate Compression Strength (MPa),xgboost,123,1,0.9830985448116208,2.0326617175189403,0.03629753066998108,1.5785979698444232,0.98546932640003,1.974447597802157,0.03797014611157994,1.9367941720145094
Dataset_0136,single_output,Ultimate Compression Strength (MPa),xgboost,123,2,0.9864404794762154,1.912458454903739,0.030846104111350626,1.395224367339035,0.9598675068375495,2.6438637577009065,0.06148520366746294,2.339062282017299
Dataset_0136,single_output,Ultimate Compression Strength (MPa),xgboost,123,3,0.9910993351074524,1.4339727149539885,0.024304622287355738,1.179932219406654,0.93237684447866,4.270059815926554,0.07907518177641766,3.173555646623884
Dataset_0136,single_output,Ultimate Compression Strength (MPa),xgboost,123,4,0.9936645878997368,1.2718198093208324,0.02051322273098117,0.9709266399515085,0.8213284248626495,6.137258107057148,0.15616432842384603,4.3982539585658476
Dataset_0136,single_output,Ultimate Compression Strength (MPa),xgboost,7,0,0.9914578513414575,1.437246814272859,0.02436011549615015,1.1674120766775948,0.9201986207742264,4.654683067599504,0.08951313591537507,3.2569360733032227
Dataset_0136,single_output,Ultimate Compression Strength (MPa),xgboost,7,1,0.9894584173242115,1.5867807635970554,0.02559323812253315,1.2210307680327313,0.9545329687740187,3.5855779307233067,0.07628889214304908,2.417644827706474
Dataset_0136,single_output,Ultimate Compression Strength (MPa),xgboost,7,2,0.9850212474191238,1.8644005127227143,0.030070976011656682,1.453013347757273,0.9566681013284344,3.1118796616566398,0.06992988003722786,2.9529898507254466
Dataset_0136,single_output,Ultimate Compression Strength (MPa),xgboost,7,3,0.990685658814986,1.5654287145205128,0.0279540841878663,1.1240891555259964,0.8672224075474658,4.798718490539588,0.10593197550860017,3.940938677106583
Dataset_0136,single_output,Ultimate Compression Strength (MPa),xgboost,7,4,0.9900282291650518,1.6667293323548498,0.026882731167013705,1.2274862355199347,0.9185378756404226,3.23852831346877,0.092529380384822,2.7330054146902905
Dataset_0136,single_output,Ultimate Compression Strength (MPa),xgboost,2024,0,0.9910168386235261,1.4913791774484593,0.026631771025865343,1.110072326660156,0.8794542238849128,5.355591527028884,0.10299214475055546,4.01236629486084
Dataset_0136,single_output,Ultimate Compression Strength (MPa),xgboost,2024,1,0.9876632426628023,1.7086929684919432,0.027559564007934568,1.382272707182785,0.955584324541149,3.7628123136005596,0.08005983645958638,3.3788990565708708
Dataset_0136,single_output,Ultimate Compression Strength (MPa),xgboost,2024,2,0.9849458888530452,1.9779741202914423,0.03190280839179745,1.4608026438745956,0.9701480163056388,2.2288909668111723,0.0667332624793764,1.743321228027343
Dataset_0136,single_output,Ultimate Compression Strength (MPa),xgboost,2024,3,0.9903985983097582,1.4797845595578731,0.02508109422979446,1.130145526754445,0.8456636557330675,5.382174088528823,0.12814700210782912,3.0090894426618298
Dataset_0136,single_output,Ultimate Compression Strength (MPa),xgboost,2024,4,0.9899093497299553,1.6818531568371757,0.027126663819954447,1.35975683804216,0.8984154581324648,3.7762775500552577,0.09937572500145415,2.7338566371372752
Dataset_0136,single_output,Ultimate Compression Strength (MPa),xgboost,99,0,0.9877227697664597,1.8582927905420419,0.029972464363581322,1.435863930838448,0.9485908093346925,2.819280553265144,0.06556466402942195,2.584402084350586
Dataset_0136,single_output,Ultimate Compression Strength (MPa),xgboost,99,1,0.9895062826854846,1.6596041271231567,0.026767808501986397,1.179024952855603,0.9435323577129417,3.4700540747052635,0.07711231277122808,3.267153058733259
Dataset_0136,single_output,Ultimate Compression Strength (MPa),xgboost,99,2,0.9887684174528145,1.7421568293858058,0.028099303699771063,1.3698538944639007,0.7701529576298923,6.205603244639572,0.1551400811159893,4.669914463588169
Dataset_0136,single_output,Ultimate Compression Strength (MPa),xgboost,99,3,0.9819810903690396,1.9224708931785246,0.035601312836639344,1.4454330970501075,0.9651800579166008,3.755888112775155,0.06365912055551111,3.301703316824777
Dataset_0136,single_output,Ultimate Compression Strength (MPa),xgboost,99,4,0.9873179176794956,1.760814793908086,0.029844318540815016,1.359256454993938,0.9180992218583917,4.841867396152278,0.09683734792304556,4.111845833914621
Dataset_0136,single_output,Ultimate Compression Strength (MPa),ann,42,0,0.7787388062377328,7.447622227676822,0.12012293915607777,6.355734430936387,0.7706603359372098,7.602150977569465,0.16174789313977586,6.390479845374507
Dataset_0136,single_output,Ultimate Compression Strength (MPa),ann,42,1,0.7168897459926662,7.866631780273198,0.15424768196614114,6.687832675910847,0.6470956306917297,11.636938478172247,0.18769255609955238,10.38212946406887
Dataset_0136,single_output,Ultimate Compression Strength (MPa),ann,42,2,0.8333089909030926,7.077970941186287,0.11416082163203688,5.9720730047145665,-0.6580890846328076,9.528246610983746,0.45372602909446413,6.49529144384038
Dataset_0136,single_output,Ultimate Compression Strength (MPa),ann,42,3,0.9570307698063253,3.356465825569164,0.054136545573696196,2.6394419259442667,0.9451742073512029,3.0471233278096927,0.07086333320487657,2.5313571454075707
Dataset_0136,single_output,Ultimate Compression Strength (MPa),ann,42,4,0.8517931886970966,5.839482905321605,0.09418520815034846,4.968862391692752,0.8075650398677579,8.174869954635263,0.16683408070684208,6.526762523951397
Dataset_0136,single_output,Ultimate Compression Strength (MPa),ann,123,0,0.8814678605199588,5.528756347260096,0.08917348947193703,4.715714474085781,0.678182464233316,8.454539896237284,0.17254163053545477,7.5631653901265015
Dataset_0136,single_output,Ultimate Compression Strength (MPa),ann,123,1,0.7471026068535354,7.862763900837632,0.14040649822924342,6.80961998349485,0.7426827448274819,8.308778726829324,0.1597842062851793,6.895079836881791
Dataset_0136,single_output,Ultimate Compression Strength (MPa),ann,123,2,0.8604532009988983,6.1352149441500545,0.09895507974435572,5.09378430518604,0.6037242272718404,8.30787133809721,0.1932063101883072,7.041675575034467
Dataset_0136,single_output,Ultimate Compression Strength (MPa),ann,123,3,0.8056377150479522,6.700938941885014,0.11357523630313583,5.622766335081893,0.8429308301472047,6.507762824622089,0.12051412638189055,5.6160231290022296
Dataset_0136,single_output,Ultimate Compression Strength (MPa),ann,123,4,0.656897764840831,9.359441278736824,0.15095873030220683,8.135196299197471,0.5388778099918083,9.859494886071692,0.25087773247001766,8.31365480870648
Dataset_0136,single_output,Ultimate Compression Strength (MPa),ann,7,0,0.8007418796766894,6.941539617805157,0.11765321386110436,5.871422112664347,0.6397296446188592,9.890065797858966,0.19019357303574935,8.197907577876363
Dataset_0136,single_output,Ultimate Compression Strength (MPa),ann,7,1,0.6909982719646881,8.591014882733438,0.13856475617311997,7.490606864153145,0.7613624638910261,8.214483193033463,0.17477623814964813,7.383394348333569
Dataset_0136,single_output,Ultimate Compression Strength (MPa),ann,7,2,0.7177430699480155,8.093263809053969,0.13053651304925756,6.982720315299394,0.48627049983716897,10.714852262671625,0.2407831969139691,9.294003583351264
Dataset_0136,single_output,Ultimate Compression Strength (MPa),ann,7,3,0.8955832432605952,5.24133989963706,0.09359535535066178,4.1853509600156045,0.6518196803194791,7.770786704949313,0.17154054536311952,6.411383067541768
Dataset_0136,single_output,Ultimate Compression Strength (MPa),ann,7,4,0.9184843773373874,4.765399984155615,0.07686129006702605,3.861441666917177,0.8962560346853117,3.654695970891438,0.10441988488261252,2.6370249755656983
Dataset_0136,single_output,Ultimate Compression Strength (MPa),ann,2024,0,0.9053586800419201,4.840763538975146,0.08644220605312761,4.065315546155732,0.8383620525285833,6.201590854488888,0.11926136258632478,5.191574275713361
Dataset_0136,single_output,Ultimate Compression Strength (MPa),ann,2024,1,0.9010927360869396,4.838130908150338,0.07803436948629577,4.096507564165135,0.8654150905002346,6.550019673243031,0.13936212070729853,5.349591868086904
Dataset_0136,single_output,Ultimate Compression Strength (MPa),ann,2024,2,0.8654542164666554,5.913275210242064,0.09537540661680749,4.702443324454673,0.8134278470763918,5.57218642344706,0.16683192884572032,4.736367876954276
Dataset_0136,single_output,Ultimate Compression Strength (MPa),ann,2024,3,0.9640123556166734,2.864889540692981,0.048557449842253915,2.347196782797908,0.6754611414958773,7.804713920067804,0.18582652190637627,3.9135136906425623
Dataset_0136,single_output,Ultimate Compression Strength (MPa),ann,2024,4,0.9078296906877894,5.083045766881961,0.08198460914325743,4.1970877047037,0.7564135256988627,5.847586815960128,0.1538838635778981,5.111826846837291
Dataset_0136,single_output,Ultimate Compression Strength (MPa),ann,99,0,0.8677128195864925,6.099901495949694,0.0983855079991886,4.930843196397798,0.854290761876608,4.746368531623288,0.11038066352612298,4.154284321979299
Dataset_0136,single_output,Ultimate Compression Strength (MPa),ann,99,1,0.8774203263469201,5.672167617954993,0.09148657448314505,4.628470612712833,0.8709630382958425,5.245579572795814,0.11656843495101808,3.3846131772708565
Dataset_0136,single_output,Ultimate Compression Strength (MPa),ann,99,2,0.8662448675511714,6.0120419036478205,0.0969684178007713,4.9406292599258,0.3925965201470184,10.087956096873414,0.25219890242183535,8.225953520254027
Dataset_0136,single_output,Ultimate Compression Strength (MPa),ann,99,3,0.7138235583629726,7.661476242453555,0.14187918967506585,6.705403252489232,0.6233695185303401,12.352542498673285,0.20936512709615737,11.167845427252482
Dataset_0136,single_output,Ultimate Compression Strength (MPa),ann,99,4,0.9503507902177357,3.4839712679946215,0.059050360474485114,2.456496476616213,0.7182979930519436,8.979741768767276,0.1795948353753455,8.244752044689472
Dataset_0136,single_output,Ultimate Compression Strength (MPa),lightgbm,42,0,0.9872539363451512,1.7875288314300846,0.028831110184356204,1.3244831897232439,0.9025060413420027,4.95662150522302,0.10546003202602171,3.565417801955526
Dataset_0136,single_output,Ultimate Compression Strength (MPa),lightgbm,42,1,0.9790725492147807,2.1387951332357504,0.041937159475210796,1.523063598888537,0.9566971905363244,4.07631988654117,0.06574709494421242,3.248003615445295
Dataset_0136,single_output,Ultimate Compression Strength (MPa),lightgbm,42,2,0.9930344676108191,1.4468711112732786,0.023336630826988364,1.1079122056922464,0.1550047349689304,6.801993249682757,0.32390444046108363,4.5796874417852536
Dataset_0136,single_output,Ultimate Compression Strength (MPa),lightgbm,42,3,0.979485688468901,2.319166431779393,0.03740591018999021,1.602808973986106,0.9732052023832993,2.130211931846948,0.04953981236853368,1.6533636280980812
Dataset_0136,single_output,Ultimate Compression Strength (MPa),lightgbm,42,4,0.9740732511452772,2.442386214894441,0.03939332604668453,1.7294637255336949,0.9515647196583942,4.1012833453718045,0.08369966010962866,3.4969699348462506
Dataset_0136,single_output,Ultimate Compression Strength (MPa),lightgbm,123,0,0.9805840245593737,2.2376337109928457,0.03609086630633622,1.3906947647095989,0.9230158390956797,4.135098085884369,0.08438975685478305,3.256951110618086
Dataset_0136,single_output,Ultimate Compression Strength (MPa),lightgbm,123,1,0.9773709548246894,2.3519938047773112,0.04199988937102341,1.687119810200362,0.9760308717877281,2.5358809284047403,0.04876694093086039,1.8677870931750757
Dataset_0136,single_output,Ultimate Compression Strength (MPa),lightgbm,123,2,0.9800234644054289,2.3212928297557327,0.037440206931544075,1.8093570706858408,0.9531400678275272,2.856878884684206,0.06643904382986525,2.2215052427978685
Dataset_0136,single_output,Ultimate Compression Strength (MPa),lightgbm,123,3,0.9895224134687021,1.5558233702636077,0.026369887631586573,1.37595823449436,0.8810941227507665,5.662235172375227,0.10485620689583754,4.753165276900114
Dataset_0136,single_output,Ultimate Compression Strength (MPa),lightgbm,123,4,0.9909120911952222,1.5232462947273917,0.02456848862463535,1.2154863092451564,0.7668241781801489,7.011136351002944,0.17840041605605456,5.401251755095211
Dataset_0136,single_output,Ultimate Compression Strength (MPa),lightgbm,7,0,0.9892836200593124,1.609799705078078,0.02728474076403522,1.3776854196189565,0.8939271004618569,5.3664506169912585,0.10320097340367805,3.6215660094986877
Dataset_0136,single_output,Ultimate Compression Strength (MPa),lightgbm,7,1,0.9892478424146036,1.6025508827740471,0.025847594883452372,1.2402882397817365,0.9118052844267014,4.993811546560849,0.10625130950129466,3.8948403720085127
Dataset_0136,single_output,Ultimate Compression Strength (MPa),lightgbm,7,2,0.9778870598988428,2.265294313932847,0.03653700506343302,1.77674167591288,0.9624368479038771,2.897343248312621,0.06510883704073306,2.013318013909514
Dataset_0136,single_output,Ultimate Compression Strength (MPa),lightgbm,7,3,0.9798947966547726,2.2999132734891883,0.041069879883735505,1.5670722557463799,0.9302371462120539,3.478363759642569,0.07678507195678962,2.674037739551352
Dataset_0136,single_output,Ultimate Compression Strength (MPa),lightgbm,7,4,0.9834833922941906,2.1450595867403166,0.034597735270005106,1.3951725615527428,0.8046839913022406,5.01462836662172,0.14327509618919199,4.230015603536393
Dataset_0136,single_output,Ultimate Compression Strength (MPa),lightgbm,2024,0,0.9907231109112807,1.5155653117902421,0.02706366628196861,1.198140175234914,0.8298098230278789,6.363538735114612,0.12237574490605023,5.451690776685599
Dataset_0136,single_output,Ultimate Compression Strength (MPa),lightgbm,2024,1,0.9781183479387097,2.2756400847753175,0.03670387233508577,1.7159950556804262,0.9517377902459059,3.92236515765241,0.0834545778223917,3.12385064036377
Dataset_0136,single_output,Ultimate Compression Strength (MPa),lightgbm,2024,2,0.9763840509050354,2.477397801907891,0.039958029063030504,1.8566013970513426,0.9376630669163213,3.220882947289402,0.09643362117632939,2.9244944373479007
Dataset_0136,single_output,Ultimate Compression Strength (MPa),lightgbm,2024,3,0.9893915022608656,1.555457380003146,0.026363684406832982,1.1663613786008153,0.7546680567515256,6.785794228310489,0.16156652924548784,4.061786304216221
Dataset_0136,single_output,Ultimate Compression Strength (MPa),lightgbm,2024,4,0.983480337110889,2.1519346962274484,0.03470862413270078,1.5809962084082474,0.9206426899949343,3.3376712863246474,0.08783345490328019,2.9332594865525743
Dataset_0136,single_output,Ultimate Compression Strength (MPa),lightgbm,99,0,0.9870536414432292,1.9082609245737843,0.030778402009254587,1.4407313000665058,0.8663869851069336,4.5450879776394535,0.10569972041021986,3.582238313175912
Dataset_0136,single_output,Ultimate Compression Strength (MPa),lightgbm,99,1,0.9769350933703206,2.4604564147402077,0.03968478088290658,1.941166626155548,0.9831663475545039,1.894635163262395,0.04210300362805322,1.5864823154598409
Dataset_0136,single_output,Ultimate Compression Strength (MPa),lightgbm,99,2,0.9923362905527882,1.4390844703469963,0.02321103984430639,1.253521935872063,0.8061288015065584,5.699295737773699,0.1424823934443425,3.786126185117421
Dataset_0136,single_output,Ultimate Compression Strength (MPa),lightgbm,99,3,0.9742046968982138,2.30020126113943,0.042596319650730186,1.533182726404188,0.9400032278994246,4.93017762927623,0.08356233269959712,3.708980304533067
Dataset_0136,single_output,Ultimate Compression Strength (MPa),lightgbm,99,4,0.9797979576559384,2.2223682966084906,0.03766725926455069,1.592066506850026,0.9762511343812545,2.607295843529108,0.05214591687058216,2.168968865335468
Dataset_0136,single_output,Elongation (%),linear_regression,42,0,0.3094352797085195,2.4962705554024445,0.22288129958950398,1.8221595953618812,-1.259286567129208,2.485718356445933,0.42857213042171255,2.0842821754832914
Dataset_0136,single_output,Elongation (%),linear_regression,42,1,0.14254013171763347,2.243419839596225,0.23614945679960261,1.779742559704011,0.015872311593784993,3.498820526153314,0.3364250505916649,3.0092644756442843
Dataset_0136,single_output,Elongation (%),linear_regression,42,2,0.32923406508856135,2.2789774551923827,0.21298854721424137,1.6882474474149147,-0.28276419619917803,3.0840614011730434,0.32463804222874143,2.0960927395750657
Dataset_0136,single_output,Elongation (%),linear_regression,42,3,0.1582193558000573,2.6251382533301575,0.2343873440473355,2.0565926655338385,0.5895972027580844,1.4756286742346583,0.21385922814995045,1.3303169055215474
Dataset_0136,single_output,Elongation (%),linear_regression,42,4,0.28254621497631605,2.314782832899804,0.20667703865176823,1.6966614724864924,-0.06754201356760303,2.9925160707693466,0.40439406361747926,2.048084532270883
Dataset_0136,single_output,Elongation (%),linear_regression,123,0,0.23417446368104033,2.4902447026771015,0.22234327702474121,1.883961155421748,-0.1937881476101997,2.634744404748459,0.36092389106143274,2.158921441904651
Dataset_0136,single_output,Elongation (%),linear_regression,123,1,0.164456989109536,2.5146255820452073,0.22452014125403638,1.9884993857029372,0.404220886374011,2.1807742610426013,0.24503081584748332,1.7103982749930806
Dataset_0136,single_output,Elongation (%),linear_regression,123,2,0.32539939643116,2.32776603676494,0.20783625328258393,1.7081403853951405,-0.4528369774309797,2.939073590695773,0.3971721068507801,2.0220126838120827
Dataset_0136,single_output,Elongation (%),linear_regression,123,3,0.2501455549767876,2.5012455131176488,0.22332549224264722,1.8996668008168454,-0.5267868597673873,2.333924079455879,0.44883155374151523,1.9233999158721822
Dataset_0136,single_output,Elongation (%),linear_regression,123,4,0.26804001703337543,2.1404020642946415,0.2058078907975617,1.5381393567602202,0.02474684113664538,3.59554944021332,0.32103120001904645,2.9823472198877448
Dataset_0136,single_output,Elongation (%),linear_regression,7,0,0.2952136706620233,2.346928571384376,0.21933911882096974,1.6340195655940215,-0.35948848937882194,3.0407250234625365,0.3577323557014749,2.0544673122769606
Dataset_0136,single_output,Elongation (%),linear_regression,7,1,0.2998703344525646,2.119931173587182,0.19448909849423693,1.6851581571161696,-0.23959808458905374,3.8198605146808498,0.41976489172317033,3.313293640274069
Dataset_0136,single_output,Elongation (%),linear_regression,7,2,0.20888520096773855,2.601979339587859,0.23231958389177315,2.101831186976503,0.10689428401558332,1.877507278560778,0.3237081514759962,1.5996774824507896
Dataset_0136,single_output,Elongation (%),linear_regression,7,3,0.28558108646497693,2.2227846715828545,0.19846291710561204,1.6261859518753243,0.052386560734065335,3.2026622086654095,0.30794828929475093,2.521524136981342
Dataset_0136,single_output,Elongation (%),linear_regression,7,4,0.19293682111987953,2.6378635431991495,0.23552353064278123,2.0425271166250156,0.5101283901159153,1.3575223770695442,0.24682225037628075,1.257792804035676
Dataset_0136,single_output,Elongation (%),linear_regression,2024,0,0.24310687725866842,2.443639716331222,0.2181821175295734,1.8427499758947463,-0.0031281321786489347,2.5737239052860317,0.30639570301024194,2.2706002480442953
Dataset_0136,single_output,Elongation (%),linear_regression,2024,1,0.1645824345069824,2.6437671363457693,0.23605063717372943,2.0281084455071747,0.6032622123205704,1.3255118374242307,0.22853652369383284,1.2221775106128108
Dataset_0136,single_output,Elongation (%),linear_regression,2024,2,0.30891827183459,2.1075067573161754,0.19334924379047483,1.548714875631245,-0.21574042093957502,3.5184108356820305,0.32882344258710566,2.8425341187534956
Dataset_0136,single_output,Elongation (%),linear_regression,2024,3,0.22555310416804797,2.2795352221498786,0.21304067496727838,1.7495284118392307,0.022150095727617614,3.038108762291349,0.3198009223464578,2.183214557318435
Dataset_0136,single_output,Elongation (%),linear_regression,2024,4,0.22433984419561026,2.5957455713868374,0.23176299744525336,1.9512567491483048,-0.4466401456174707,1.753440377789132,0.35068807555782644,1.584438847960645
Dataset_0136,single_output,Elongation (%),linear_regression,99,0,0.19428011015061175,2.680177702016546,0.2393015805371916,2.1075209609389822,0.5012291878833168,1.2903254759796674,0.2389491622184569,1.2132581524287023
Dataset_0136,single_output,Elongation (%),linear_regression,99,1,0.26315520747806476,2.2916638637854834,0.20461284498084675,1.7088778681416346,-0.6257784644144586,3.1006436719794808,0.3875804589974351,2.4066131286311685
Dataset_0136,single_output,Elongation (%),linear_regression,99,2,0.4467249433953224,2.1248128675978077,0.19858064183157084,1.4681527082723131,-1.6615515955897822,3.8189286974545587,0.5091904929939411,2.7995240402293384
Dataset_0136,single_output,Elongation (%),linear_regression,99,3,0.13346020124804536,2.2937856121839975,0.24145111707199973,1.7881668161355428,-0.14939422761158028,3.3542402264244044,0.3726933584916005,2.5993505764274007
Dataset_0136,single_output,Elongation (%),linear_regression,99,4,0.2032120829603432,2.4847797699254004,0.2218553366004822,1.9795759462168234,0.1209345869210392,2.50013865421611,0.2873722591053,1.9651677447804397
Dataset_0136,single_output,Elongation (%),ridge,42,0,0.3090489811289041,2.4969686586520465,0.2229436302367899,1.8438276658755695,-1.1786418562435506,2.4409516717944406,0.42085373651628283,2.062776835778932
Dataset_0136,single_output,Elongation (%),ridge,42,1,0.14237732469416775,2.243632810012836,0.2361718747381933,1.782664599887395,0.00802273817251431,3.512746412677312,0.3377640781420493,3.0193824448049784
Dataset_0136,single_output,Elongation (%),ridge,42,2,0.32895402768788595,2.2794531295619205,0.21303300276279633,1.7073254939390528,-0.26817827835553576,3.0664773147885436,0.3227870857672151,2.0838403814310253
Dataset_0136,single_output,Elongation (%),ridge,42,3,0.15805509893657543,2.625394362772581,0.2344102109618376,2.0646689913006644,0.5763949497416655,1.499175562319625,0.2172718206260326,1.3487870239156112
Dataset_0136,single_output,Elongation (%),ridge,42,4,0.28214239284896325,2.315434184283615,0.20673519502532275,1.70887227326181,-0.05430396094122392,2.973903845752455,0.4018788980746561,2.080020884776254
Dataset_0136,single_output,Elongation (%),ridge,123,0,0.23389500837821176,2.4906990154286617,0.22238384066327338,1.8983765700276598,-0.17162273446412568,2.6101697647679725,0.3575575020230099,2.1314957862010226
Dataset_0136,single_output,Elongation (%),ridge,123,1,0.16428152273445806,2.514889607395931,0.2245437149460653,1.9978671885977752,0.39484924995618254,2.1978591827472713,0.24695046997160355,1.7198274447023307
Dataset_0136,single_output,Elongation (%),ridge,123,2,0.32503689541672753,2.3283913728660064,0.20789208686303629,1.7285191056022626,-0.4264097439653243,2.9122199079013056,0.3935432307974737,2.0204876044759756
Dataset_0136,single_output,Elongation (%),ridge,123,3,0.2497911169692031,2.50183658232162,0.2233782662787161,1.9158437589767943,-0.4811042963134573,2.2987425714566014,0.44206587912626955,1.9219880204297901
Dataset_0136,single_output,Elongation (%),ridge,123,4,0.2677054893164902,2.140891122467242,0.2058549156218502,1.552543075168661,0.027754572319611648,3.5900007285618547,0.3205357793358799,2.994104678923524
Dataset_0136,single_output,Elongation (%),ridge,7,0,0.2948494018729655,2.3475349980106044,0.21939579420659855,1.6574348974605009,-0.33278365547734645,3.0107119738309627,0.3542014086859956,2.045709453245828
Dataset_0136,single_output,Elongation (%),ridge,7,1,0.29951898788497433,2.120463030153719,0.19453789267465316,1.6956701184410585,-0.22848462344963694,3.8026987224523117,0.41787898048926503,3.2934954554744533
Dataset_0136,single_output,Elongation (%),ridge,7,2,0.20865229358257442,2.6023623280036,0.23235377928603573,2.1090170194190287,0.12745922576387814,1.8557653448230584,0.3199595422108721,1.5989882855337367
Dataset_0136,single_output,Elongation (%),ridge,7,3,0.28524077633423284,2.2233140151291346,0.19851017992224418,1.6421628588906692,0.057598947602664485,3.193841874897208,0.3071001802785777,2.532947606711339
Dataset_0136,single_output,Elongation (%),ridge,7,4,0.19272133577436823,2.638215673623973,0.2355549708592833,2.0551378008470738,0.5007350373970403,1.3704759107951245,0.24917743832638628,1.2670848900735407
Dataset_0136,single_output,Elongation (%),ridge,2024,0,0.24275473762269884,2.444208094026684,0.2182328655380968,1.8572586043102157,0.01195588690853211,2.554300090547168,0.30408334411275817,2.26339444078023
Dataset_0136,single_output,Elongation (%),ridge,2024,1,0.16437596279497546,2.6440938169341766,0.23607980508340864,2.0393686635777972,0.5889916245801206,1.349140447947521,0.2326104220599174,1.2413404125742702
Dataset_0136,single_output,Elongation (%),ridge,2024,2,0.3085871569948031,2.108011576910762,0.19339555751474885,1.56097403627812,-0.21285584696323534,3.514234309391277,0.32843311302722217,2.857127669548649
Dataset_0136,single_output,Elongation (%),ridge,2024,3,0.2252500867360776,2.2799811348133363,0.21308234904797538,1.7636100988727903,0.022952521942135817,3.0368619664199805,0.31966968067578744,2.210490148607113
Dataset_0136,single_output,Elongation (%),ridge,2024,4,0.224158946490144,2.5960482406936394,0.23179002149050354,1.9600060682691622,-0.4499988239574173,1.755474687399542,0.3510949374799084,1.5843754847276077
Dataset_0136,single_output,Elongation (%),ridge,99,0,0.19408789988350406,2.6804973707739603,0.2393301223905322,2.1193302126547393,0.49242784777220305,1.3016602719673895,0.24104819851247952,1.2213697102075116
Dataset_0136,single_output,Elongation (%),ridge,99,1,0.2627928531934559,2.292227274264731,0.2046631494879224,1.7207580442601527,-0.6161589644557404,3.091457028984069,0.38643212862300863,2.435353651287354
Dataset_0136,single_output,Elongation (%),ridge,99,2,0.4463170856133728,2.125595897484926,0.19865382219485292,1.4880334425772237,-1.5890369106793059,3.766545568656131,0.5022060758208174,2.7781871514122534
Dataset_0136,single_output,Elongation (%),ridge,99,3,0.133297847053497,2.294000483026799,0.24147373505545253,1.7962391948133756,-0.1632280828775614,3.3743652998700684,0.37492947776334096,2.6138657308533193
Dataset_0136,single_output,Elongation (%),ridge,99,4,0.20300185212497102,2.4851075502939772,0.2218846027048194,1.9845172571779224,0.12110391345137184,2.4998978529143088,0.2873445807947482,1.971910887145101
Dataset_0136,single_output,Elongation (%),elasticnet,42,0,0.3064318251728415,2.5016931468580257,0.22336545954089518,1.884800909977004,-1.0465492326384669,2.365796351748943,0.4078959227153349,2.0281986619228407
Dataset_0136,single_output,Elongation (%),elasticnet,42,1,0.13977655313395299,2.2470321833160893,0.23652970350695676,1.794530846539538,-0.026744027126187397,3.573773571319296,0.343632074165317,3.0639928637732976
Dataset_0136,single_output,Elongation (%),elasticnet,42,2,0.3266670332104652,2.2833341323490477,0.21339571330364934,1.740615203596393,-0.2475128216781992,3.0413899747139372,0.32014631312778286,2.067731749768162
Dataset_0136,single_output,Elongation (%),elasticnet,42,3,0.15604450406958859,2.628527261852778,0.23468993409399808,2.0848801369716523,0.5388063363903508,1.5642767688278902,0.22670677809099857,1.397318513033326
Dataset_0136,single_output,Elongation (%),elasticnet,42,4,0.278904573484305,2.32065006764326,0.20720089889671967,1.7261152204970378,-0.03843387834914136,2.951436389688964,0.3988427553633735,2.156504285182956
Dataset_0136,single_output,Elongation (%),elasticnet,123,0,0.23175009740110297,2.4941832595155464,0.22269493388531666,1.9202777681535608,-0.16780240986745976,2.605910783848764,0.3569740799792827,2.1241225436852216
Dataset_0136,single_output,Elongation (%),elasticnet,123,1,0.16208306939458839,2.518195287658935,0.22483886496954777,2.0222662999244085,0.3673866625212334,2.247176826650178,0.25249177827530095,1.7418942107428672
Dataset_0136,single_output,Elongation (%),elasticnet,123,2,0.3222555951615378,2.33318370734063,0.20831997386969914,1.7647409796677935,-0.37868235929900695,2.8630842459044725,0.38690327647357736,2.01329488838083
Dataset_0136,single_output,Elongation (%),elasticnet,123,3,0.24691709264404138,2.5066242261577636,0.22380573447837177,1.950918939489987,-0.4075585030471309,2.2409426656359,0.43095051262228856,1.9299164359796606
Dataset_0136,single_output,Elongation (%),elasticnet,123,4,0.2647042380797181,2.145273773191962,0.20627632434538098,1.5764015445452957,0.01594506835324172,3.6117381212739015,0.32247661797088406,3.0561254534811857
Dataset_0136,single_output,Elongation (%),elasticnet,7,0,0.2922598089969677,2.351841587890827,0.21979827924213338,1.6890011255107744,-0.3138481301760929,2.9892481172679206,0.3516762490903436,2.0553544718928056
Dataset_0136,single_output,Elongation (%),elasticnet,7,1,0.2965319165639333,2.124979381089613,0.19495223679721221,1.721487965188601,-0.2316676918129532,3.8076220317155456,0.4184200034852248,3.292515306184111
Dataset_0136,single_output,Elongation (%),elasticnet,7,2,0.20649521217846145,2.6059067163763703,0.2326702425336045,2.1321405257058377,0.14290426411853285,1.8392673525822765,0.31711506079004764,1.6182553379634481
Dataset_0136,single_output,Elongation (%),elasticnet,7,3,0.2822612709752824,2.227943187201398,0.1989234988572677,1.6703544263126509,0.0647503818674815,3.181700522295268,0.3059327425283912,2.5543307323045568
Dataset_0136,single_output,Elongation (%),elasticnet,7,4,0.1905151579749652,2.6418181481897713,0.23587662037408674,2.0834387454103998,0.47212716008212585,1.4091931397171011,0.2562169344940184,1.2933962461072663
Dataset_0136,single_output,Elongation (%),elasticnet,2024,0,0.23991394967449975,2.44878849707079,0.21864183009560625,1.8879858299427539,0.035970764363029484,2.523067408594049,0.3003651676897678,2.2536837297259074
Dataset_0136,single_output,Elongation (%),elasticnet,2024,1,0.1621049047818336,2.647684436457538,0.2364003961122802,2.0609296507167194,0.5463466421224559,1.4174047760509283,0.24438013380188417,1.2925235245071747
Dataset_0136,single_output,Elongation (%),elasticnet,2024,2,0.30551615676471844,2.11268789408738,0.1938245774392092,1.589619138943335,-0.20901343087044588,3.508663217734013,0.32791245025551524,2.891127262123761
Dataset_0136,single_output,Elongation (%),elasticnet,2024,3,0.2223236100694087,2.2842831827962473,0.21348440960712592,1.7914137463058308,0.01744079036066315,3.045415710513856,0.3205700747909322,2.26330129918378
Dataset_0136,single_output,Elongation (%),elasticnet,2024,4,0.22230218552808356,2.5991528459955875,0.2320672183924632,1.9793934824659856,-0.4599303704414839,1.7614763565397331,0.35229527130794663,1.5855971579074442
Dataset_0136,single_output,Elongation (%),elasticnet,99,0,0.19218759056935353,2.6836557641795524,0.23961212180174576,2.1458981007733016,0.46778649269221195,1.3328819994626986,0.24682999990049972,1.2397067900599787
Dataset_0136,single_output,Elongation (%),elasticnet,99,1,0.2596605174049713,2.297091860070235,0.205097487506271,1.7428296935688903,-0.6035677096050032,3.0793909400954194,0.3849238675119274,2.4938580993036745
Dataset_0136,single_output,Elongation (%),elasticnet,99,2,0.44363085420978665,2.13074589726526,0.19913513058553833,1.5227140146478724,-1.4810033623665189,3.6871243227391863,0.4916165763652248,2.739192653680262
Dataset_0136,single_output,Elongation (%),elasticnet,99,3,0.13071369434604108,2.297417825050551,0.24183345526847902,1.8166491012354498,-0.22028782799115643,3.4561357854846673,0.38401508727607414,2.6743864291499118
Dataset_0136,single_output,Elongation (%),elasticnet,99,4,0.20073510514869475,2.488638995402039,0.2221999103037535,1.9994993166232717,0.10684513466155265,2.52009482402265,0.2896660717267414,2.0030455413424244
Dataset_0136,single_output,Elongation (%),svr_rbf,42,0,0.5894334887482204,1.9247805506272961,0.1718554063060086,1.2509096358239946,0.10827902693830849,1.561639372557469,0.26924816768232224,1.2761631819994987
Dataset_0136,single_output,Elongation (%),svr_rbf,42,1,0.4584469422292974,1.782888406579255,0.1876724638504479,1.154726542902217,-0.11160686179716217,3.7185322274499377,0.3575511757163402,2.739333028328969
Dataset_0136,single_output,Elongation (%),svr_rbf,42,2,0.6053684306631798,1.7480362792723716,0.16336787656751137,1.1540740058822,0.1953856780353186,2.4425500998676837,0.25711053682817725,1.757228455830002
Dataset_0136,single_output,Elongation (%),svr_rbf,42,3,0.4608215520729787,2.1009657614073523,0.18758622869708502,1.4216047722110277,0.6583482490097256,1.3463679199863607,0.19512578550526966,0.9004968846334057
Dataset_0136,single_output,Elongation (%),svr_rbf,42,4,0.47574092485978425,1.9787287586137718,0.17667221059051536,1.2122780414788976,0.26496801431714845,2.483116653358294,0.33555630450787755,2.15307062881597
Dataset_0136,single_output,Elongation (%),svr_rbf,123,0,0.5211102433530638,1.969222897189447,0.1758234729633435,1.2077622485919608,-0.041250465124961444,2.460664839977532,0.3370773753393879,1.8403300872557764
Dataset_0136,single_output,Elongation (%),svr_rbf,123,1,0.5108271740345705,1.9240665340395464,0.1717916548249595,1.3066274193072662,0.30052061230674365,2.3629554639344255,0.2655006139252164,1.5020964998784694
Dataset_0136,single_output,Elongation (%),svr_rbf,123,2,0.5094487056446214,1.9849893344934482,0.17723119057977216,1.2998466771308828,0.28741592422337203,2.0583540315304383,0.278155950206816,1.4274408928116842
Dataset_0136,single_output,Elongation (%),svr_rbf,123,3,0.5356439277851877,1.9683095606387873,0.1757419250570346,1.3823543973409371,0.6051648067841855,1.1868762677975295,0.22824543611490955,0.9845688565262544
Dataset_0136,single_output,Elongation (%),svr_rbf,123,4,0.5267752622155767,1.7210179960207865,0.16548249961738334,1.0277529420941824,0.17928620144759488,3.2983933760047295,0.29449940857185086,2.8488442472286897
Dataset_0136,single_output,Elongation (%),svr_rbf,7,0,0.5703257446893766,1.8324865798576053,0.17126042802407526,1.1590934611875692,0.057218496163037535,2.532181943178879,0.2979037580210446,1.8561430957751388
Dataset_0136,single_output,Elongation (%),svr_rbf,7,1,0.5717908359078079,1.657908278064422,0.15210167688664425,1.0892294530168551,0.06743074465038112,3.3131996222301465,0.3640878705747414,2.4977687767548464
Dataset_0136,single_output,Elongation (%),svr_rbf,7,2,0.49069115644924655,2.0877317601570633,0.18640462144259495,1.4758348743136083,0.7132995618028237,1.063761757385648,0.1834071995492496,0.8934291090531968
Dataset_0136,single_output,Elongation (%),svr_rbf,7,3,0.5285671557369025,1.805638638257737,0.16121773555872654,1.1612877423298167,0.2807522179123002,2.790196535626464,0.26828812842562155,2.138859824929919
Dataset_0136,single_output,Elongation (%),svr_rbf,7,4,0.4881965966473111,2.1006328058052657,0.1875565005183273,1.3319412140906304,0.3062019181808332,1.6155574599407243,0.2937377199892226,1.2731972062023924
Dataset_0136,single_output,Elongation (%),svr_rbf,2024,0,0.5544709513692753,1.8748127925121254,0.16739399933143978,1.237076261690639,0.4169470330084887,1.962175081691612,0.23359227162995383,1.5019064924614314
Dataset_0136,single_output,Elongation (%),svr_rbf,2024,1,0.46875572753024297,2.108232620673274,0.18823505541725663,1.3943146193467442,0.5775052707445909,1.3678625978885914,0.23583837894630885,1.1791743317006755
Dataset_0136,single_output,Elongation (%),svr_rbf,2024,2,0.5037942246825403,1.7858097009540481,0.16383575238110534,1.0936222888834128,0.09150772000361473,3.0414924444121594,0.28425163031889344,2.6113430727183222
Dataset_0136,single_output,Elongation (%),svr_rbf,2024,3,0.5013467860908458,1.8291520016760294,0.17094878520336726,1.2673099758925321,0.3106310743677506,2.550897863071954,0.26851556453388986,1.8794879807553269
Dataset_0136,single_output,Elongation (%),svr_rbf,2024,4,0.41429757596693595,2.2556145682561137,0.20139415788001017,1.4303690128365827,-0.49250048698346616,1.7810166823317644,0.3562033364663529,1.4014217562102762
Dataset_0136,single_output,Elongation (%),svr_rbf,99,0,0.5312948643134666,2.0441906779969403,0.1825170248211554,1.3031843917179222,0.4881766429557718,1.3070999772907121,0.24205555135013188,1.0919413077612383
Dataset_0136,single_output,Elongation (%),svr_rbf,99,1,0.5178453698491408,1.8537709755800273,0.16551526567678818,1.230844348413994,0.020815787810735564,2.406319983658514,0.30078999795731426,1.8397233072852661
Dataset_0136,single_output,Elongation (%),svr_rbf,99,2,0.6205956224635529,1.7595487780301662,0.16444381103085667,1.15503070246685,-0.10786857713711906,2.4638724827911527,0.32851633103882033,1.884800350417945
Dataset_0136,single_output,Elongation (%),svr_rbf,99,3,0.466170971893208,1.8003612639660658,0.18951171199642797,1.1478916587711612,-0.5006373289089243,3.832635605220726,0.42584840058008067,2.7968004662318213
Dataset_0136,single_output,Elongation (%),svr_rbf,99,4,0.4766337503275011,2.013814155111319,0.17980483527779634,1.2962181080211792,0.05051224628541229,2.5983531799860473,0.29866128505586753,1.9032819932220608
Dataset_0136,single_output,Elongation (%),gpr,42,0,0.9999999999974489,4.797889647726243e-06,4.283830042612717e-07,3.4143784621536762e-06,0.4120475818005711,1.2680528365214498,0.21862979940024996,1.0463396184791662
Dataset_0136,single_output,Elongation (%),gpr,42,1,0.9999999999978156,3.5806787947433843e-06,3.7691355734140885e-07,3.026461633794252e-06,0.6110956365445033,2.199466482680884,0.21148716179623886,1.8241948725649995
Dataset_0136,single_output,Elongation (%),gpr,42,2,0.9954408255923969,0.18788738961054952,0.017559569122481265,0.12794446680451738,0.5417085402563032,1.8434038204175927,0.19404250741237816,1.3576654607821987
Dataset_0136,single_output,Elongation (%),gpr,42,3,0.9999999999979003,4.145953218960399e-06,3.7017439455003566e-07,3.163329546873977e-06,0.8453888731517,0.9057165475188189,0.13126326775635055,0.7300288755987587
Dataset_0136,single_output,Elongation (%),gpr,42,4,0.9707086892551013,0.4677164992038627,0.0417604017146306,0.32922445116039906,0.468300488554669,2.111918400482294,0.28539437844355325,1.6762980165887689
Dataset_0136,single_output,Elongation (%),gpr,123,0,0.9999827512265015,0.011818332727211693,0.0010552082792153299,0.008412813395737073,0.35831727814835634,1.9316793283480849,0.2646136066230253,1.4102133601688813
Dataset_0136,single_output,Elongation (%),gpr,123,1,0.9517956039779746,0.603993474992143,0.0539279888385842,0.43781757027566914,0.6649413814854956,1.6354168665708921,0.18375470410908903,1.2539912756876512
Dataset_0136,single_output,Elongation (%),gpr,123,2,0.9999999999976479,4.346591760070029e-06,3.880885500062526e-07,2.9232641155546003e-06,0.7007295966021319,1.3339326492646404,0.18026116881954599,1.0723977961851532
Dataset_0136,single_output,Elongation (%),gpr,123,3,0.9999999999971101,4.910311378144889e-06,4.3842065876293653e-07,3.869032833945547e-06,0.6203309554017102,1.1638583122324255,0.2238189061985434,0.9181601733676885
Dataset_0136,single_output,Elongation (%),gpr,123,4,0.9999999999966263,4.595229655177164e-06,4.418490053054966e-07,3.320386928472164e-06,0.30550981122781906,3.034168109323079,0.27090786690384633,2.5424153424405533
Dataset_0136,single_output,Elongation (%),gpr,7,0,0.9999999999970179,4.8275777413005415e-06,4.5117548984117216e-07,3.328364354031927e-06,0.479095772752527,1.882211062628569,0.22143659560336107,1.2902147651379627
Dataset_0136,single_output,Elongation (%),gpr,7,1,0.9999999999952536,5.519689053672015e-06,5.063934911625702e-07,4.738564897646201e-06,0.14480938280947453,3.172769485452641,0.34865598741237813,2.6025748221114573
Dataset_0136,single_output,Elongation (%),gpr,7,2,0.9999999999978513,4.288229839173841e-06,3.8287766421195014e-07,3.251030339616926e-06,0.8116460651438443,0.8622189101403912,0.14865843278282606,0.5420171504462731
Dataset_0136,single_output,Elongation (%),gpr,7,3,0.9999999999980168,3.7033855441019002e-06,3.3065942358052684e-07,2.9733857922946462e-06,0.5542122521683008,2.1966435699418483,0.2112157278790239,1.7950338055654622
Dataset_0136,single_output,Elongation (%),gpr,7,4,0.9999999999977536,4.400968458611997e-06,3.929436123760712e-07,3.1170560709417497e-06,0.28193726128789476,1.6435656543047257,0.2988301189644956,1.3771838408105839
Dataset_0136,single_output,Elongation (%),gpr,2024,0,0.9999999999977947,4.171179373734476e-06,3.724267297977211e-07,3.055362154423337e-06,0.7257066362362263,1.345833708039118,0.16021829857608552,1.186483655514451
Dataset_0136,single_output,Elongation (%),gpr,2024,1,0.9999999999978589,4.232409754993644e-06,3.7789372812443256e-07,2.92806817746916e-06,0.7342531627908285,1.0848404723726708,0.18704146075390873,0.8517996295386067
Dataset_0136,single_output,Elongation (%),gpr,2024,2,0.9999999999977527,3.8004697260902335e-06,3.486669473477279e-07,2.5288419711381296e-06,0.762380604666428,1.5554894308691265,0.14537284400646042,1.3429233584178086
Dataset_0136,single_output,Elongation (%),gpr,2024,3,0.999999999997627,3.990258952080909e-06,3.7292139739073923e-07,3.066736062827392e-06,0.6473274856085981,1.8245384731281273,0.19205668138190815,1.201682220013043
Dataset_0136,single_output,Elongation (%),gpr,2024,4,0.9999999999978687,4.302813775590412e-06,3.841798013920011e-07,3.4610639037975847e-06,0.21128642304519807,1.2947037475657028,0.25894074951314056,1.1343192354426204
Dataset_0136,single_output,Elongation (%),gpr,99,0,0.9999999999974517,4.766447390252594e-06,4.255756598439816e-07,3.6495451935434986e-06,0.7987455549411623,0.8196368908914927,0.1517846094243505,0.678408128872023
Dataset_0136,single_output,Elongation (%),gpr,99,1,0.9999999999981434,3.6376866188595257e-06,3.2479344811245765e-07,2.851728948370131e-06,0.5820921351939499,1.572032240583085,0.19650403007288564,1.1910182240054326
Dataset_0136,single_output,Elongation (%),gpr,99,2,0.9999999999963741,5.439481787371296e-06,5.083627838664763e-07,3.7542083972127707e-06,0.24809848790364797,2.0298062438842885,0.27064083251790516,1.5219180223967885
Dataset_0136,single_output,Elongation (%),gpr,99,3,0.9517044532391581,0.5415170196793551,0.05700179154519527,0.3919536745405322,0.29775475782758,2.6218271707683507,0.2913141300853723,1.8843755407619898
Dataset_0136,single_output,Elongation (%),gpr,99,4,0.9999999999971922,4.664398735789255e-06,4.1646417283832635e-07,3.80078937242774e-06,0.3395804823639752,2.167022636908143,0.24908306171357966,1.910380801680739
Dataset_0136,single_output,Elongation (%),random_forest,42,0,0.791284599256432,1.3723557568983966,0.12253176400878542,0.9454968803683111,0.1412044309612399,1.5325376649574871,0.26423063188922186,1.1731468073593088
Dataset_0136,single_output,Elongation (%),random_forest,42,1,0.6900260949633177,1.348857968929876,0.1419850493610396,0.956997927136721,0.4664667497544277,2.576182853701922,0.24770988977903097,1.891089184360615
Dataset_0136,single_output,Elongation (%),random_forest,42,2,0.7838346118259278,1.2937417939954536,0.12091044803695829,0.8638030788177344,0.45396509050449807,2.012147464330915,0.2118049962453595,1.366631424792139
Dataset_0136,single_output,Elongation (%),random_forest,42,3,0.8341246374990702,1.1653158547726639,0.10404605846184499,0.8835042019123927,0.6964063100471373,1.269165622696903,0.1839370467676671,0.8907694487390915
Dataset_0136,single_output,Elongation (%),random_forest,42,4,0.8167705332781887,1.1697981928193997,0.10444626721601784,0.7762759122422916,0.3782303707164022,2.283803614009278,0.3086221100012538,1.8727092970521524
Dataset_0136,single_output,Elongation (%),random_forest,123,0,0.7512628999686848,1.4192123652478028,0.1267153897542681,1.0135474702380947,0.32458075240017126,1.9818079939270112,0.2714805471132892,1.6757444113756625
Dataset_0136,single_output,Elongation (%),random_forest,123,1,0.8436101992927347,1.0879104217805136,0.09713485908754586,0.8045583907631305,0.7151326700622941,1.5079585296619702,0.16943354265864835,1.3408246761835962
Dataset_0136,single_output,Elongation (%),random_forest,123,2,0.7865923740436116,1.3092450237719566,0.11689687712249613,0.9271254105090324,0.21452253195669113,2.1610702447749794,0.2920365195641864,1.3862906840514004
Dataset_0136,single_output,Elongation (%),random_forest,123,3,0.7461084528481707,1.4554321312065743,0.12994929742915842,1.0310817118226636,0.39746781759251526,1.4661811852319246,0.28195792023690863,1.2304655045351456
Dataset_0136,single_output,Elongation (%),random_forest,123,4,0.766806005607008,1.2081208311056983,0.1161654645293941,0.7769983670862987,0.47669126590407185,2.6338168613147173,0.23516221976024262,2.0389930461073305
Dataset_0136,single_output,Elongation (%),random_forest,7,0,0.7930329553379037,1.271808535862431,0.11886061082826457,0.8800258243575223,0.35265929576284016,2.0982432694299167,0.24685214934469607,1.4656196841931242
Dataset_0136,single_output,Elongation (%),random_forest,7,1,0.7605391596740352,1.2397946913832194,0.11374263223699262,0.9368970252608189,-0.39525999331976025,4.052608278141454,0.44534156902653343,3.142809291898577
Dataset_0136,single_output,Elongation (%),random_forest,7,2,0.8326260198933269,1.196817859384491,0.10685873744504384,0.8530399265644968,0.5642206541272061,1.3114855690368092,0.22611820155807053,1.0088536942554838
Dataset_0136,single_output,Elongation (%),random_forest,7,3,0.7284045947997068,1.3705097534587685,0.12236694227310434,0.9954683366920443,0.5162653598203726,2.28822709402855,0.22002183596428368,1.4741257532811107
Dataset_0136,single_output,Elongation (%),random_forest,7,4,0.8705086726396969,1.0566201784023896,0.09434108735735622,0.7340737974988,0.5767184091988911,1.2618872490814441,0.2294340452875353,1.0477334278155717
Dataset_0136,single_output,Elongation (%),random_forest,2024,0,0.7423392141157539,1.4257522283612467,0.12729930610368276,1.0499108323885111,0.7323300329608573,1.3294854050014806,0.1582720720239858,1.0309424272486778
Dataset_0136,single_output,Elongation (%),random_forest,2024,1,0.8456585923034046,1.1363513362478284,0.10145994073641325,0.8079876331044418,0.750427182835922,1.0513092063902594,0.18126020799832057,0.9569827569916833
Dataset_0136,single_output,Elongation (%),random_forest,2024,2,0.7869509542079923,1.1701568173924122,0.10735383645801948,0.7636486726874667,0.3859311549061941,2.500544877646582,0.23369578295762453,2.1687409674981124
Dataset_0136,single_output,Elongation (%),random_forest,2024,3,0.7448940029841631,1.3083104775840078,0.12227200725084185,0.9024349307939815,0.532261735926929,2.101206174009453,0.22117959726415296,1.6918527185116417
Dataset_0136,single_output,Elongation (%),random_forest,2024,4,0.8160637025825057,1.2640379129957118,0.1128605279460457,0.9044682268083144,-0.06734866179761223,1.5061350024835725,0.30122700049671447,1.0535877250395185
Dataset_0136,single_output,Elongation (%),random_forest,99,0,0.8381923492149809,1.2010776171034208,0.10723907295566257,0.9001637609084047,0.7900396387774131,0.8371772388386689,0.1550328220071609,0.5941949404761897
Dataset_0136,single_output,Elongation (%),random_forest,99,1,0.774916893763845,1.2665850491766433,0.11308795081934316,0.9060422853328033,0.22276447234746222,2.143865317562875,0.2679831646953594,1.452322089947089
Dataset_0136,single_output,Elongation (%),random_forest,99,2,0.7631691824042528,1.3901742799282195,0.12992282989983361,0.8064239787192382,-0.9254194364445196,3.2481552651053653,0.4330873686807154,2.479286418541773
Dataset_0136,single_output,Elongation (%),random_forest,99,3,0.7424027593969771,1.2506309453864566,0.1316453626722586,0.8802365780133028,0.22892906831240833,2.747304659355986,0.30525607326177623,2.2571292139077856
Dataset_0136,single_output,Elongation (%),random_forest,99,4,0.7554330679328336,1.3766242023369568,0.12291287520865686,1.0035775041050885,0.602013652768788,1.6822385662932788,0.19336075474635392,1.2847348124098141
Dataset_0136,single_output,Elongation (%),extra_trees,42,0,0.9250521483633675,0.8223734003703845,0.07342619646164147,0.6057539257369537,0.3743266467793879,1.308097419765414,0.2255340378905886,1.0597827380952332
Dataset_0136,single_output,Elongation (%),extra_trees,42,1,0.7147680039199125,1.2939061448346911,0.13620064682470434,0.9815663656267081,0.17965342000803164,3.1944391971710058,0.30715761511259676,2.45367074829933
Dataset_0136,single_output,Elongation (%),extra_trees,42,2,0.9238129393225386,0.7680599840197886,0.07178130691773725,0.5759761357416531,0.7964673471876111,1.228475918904306,0.1293132546215059,0.8665816326530725
Dataset_0136,single_output,Elongation (%),extra_trees,42,3,0.9117413310512398,0.8500244141177723,0.0758950369748011,0.6862522988505755,0.8623500186161049,0.8545943322166591,0.12385425104589262,0.6220446712018374
Dataset_0136,single_output,Elongation (%),extra_trees,42,4,0.920748346627953,0.769338476263524,0.0686909353806718,0.5315622605363892,0.6508450414840156,1.7114062373239236,0.23127111315188156,1.4764095238095147
Dataset_0136,single_output,Elongation (%),extra_trees,123,0,0.8228511235074729,1.1976951867108003,0.10693707024203575,0.92346116780045,0.3449349111054638,1.9517180872046374,0.267358642082827,1.786986706349218
Dataset_0136,single_output,Elongation (%),extra_trees,123,1,0.9251159181342782,0.7528070520109974,0.06721491535812477,0.6016521072796899,0.8312312964503207,1.160684093729717,0.13041394311569854,0.9418357142856905
Dataset_0136,single_output,Elongation (%),extra_trees,123,2,0.8928056534385994,0.9279015608000797,0.08284835364286426,0.6281976737821553,0.6288393738566931,1.485535269576229,0.2007480094021931,1.0491467120181373
Dataset_0136,single_output,Elongation (%),extra_trees,123,3,0.9054577226663035,0.8881388484779533,0.07929811147124584,0.6754850985221679,0.8458235820055893,0.7416627952876806,0.1426274606322463,0.5957938775510208
Dataset_0136,single_output,Elongation (%),extra_trees,123,4,0.9079977220909652,0.7588413397431533,0.07296551343684167,0.5928397372742213,0.6860363029207243,2.040075777000763,0.18214962294649673,1.7428609977324387
Dataset_0136,single_output,Elongation (%),extra_trees,7,0,0.9175953867793772,0.8025034330487998,0.07500032084568223,0.6108246031746061,0.7197931633885741,1.380475630058437,0.16240889765393376,1.0560027777778036
Dataset_0136,single_output,Elongation (%),extra_trees,7,1,0.8276668357004755,1.0517607328265024,0.09649181035105528,0.8589156677613595,-0.7853020801803421,4.584193191886565,0.5037574936139083,3.521871315192731
Dataset_0136,single_output,Elongation (%),extra_trees,7,2,0.9190145512750184,0.8325064095963077,0.07433092942824177,0.6587339080459703,0.684375011969214,1.1161328342892947,0.19243669556711976,0.8024698412698393
Dataset_0136,single_output,Elongation (%),extra_trees,7,3,0.8789631010313238,0.9149130359274106,0.08168866392209023,0.6833379310344748,0.7205648226997936,1.7391461037337592,0.16722558689747688,1.1770984126984227
Dataset_0136,single_output,Elongation (%),extra_trees,7,4,0.9270609823755026,0.7930097258519991,0.07080443980821421,0.6198642583470169,0.456331076751351,1.4301220938818384,0.26002219888760697,1.2629427437641618
Dataset_0136,single_output,Elongation (%),extra_trees,2024,0,0.8846991329988774,0.9537535818541844,0.08515656980840933,0.7381407596371854,0.8505310492928143,0.9934802643005016,0.11827146003577402,0.7043531746031768
Dataset_0136,single_output,Elongation (%),extra_trees,2024,1,0.9328922232658516,0.7493036083092001,0.06690210788475001,0.5601304871373829,0.6623145334267759,1.2228917405518744,0.2108434035434266,1.0544486394557648
Dataset_0136,single_output,Elongation (%),extra_trees,2024,2,0.8907214372622638,0.8380535260542397,0.07688564459213208,0.5353456759715448,0.6248970405847907,1.954345605654045,0.18264912202374253,1.7331094104308515
Dataset_0136,single_output,Elongation (%),extra_trees,2024,3,0.8854823055596831,0.8765703637011735,0.08192246389730594,0.6113016146688545,0.7287448922222315,1.6001333646546751,0.1684350910162816,1.266410204081626
Dataset_0136,single_output,Elongation (%),extra_trees,2024,4,0.8910075249401741,0.9730264313103755,0.0868773599384264,0.7743825396825325,0.27790822412040206,1.2388163997328119,0.2477632799465624,0.9687005668934275
Dataset_0136,single_output,Elongation (%),extra_trees,99,0,0.9180911956563811,0.8545487447500422,0.07629899506696805,0.6566092403628122,0.6743150959898736,1.0426716636277407,0.19308734511624825,0.6272744047619143
Dataset_0136,single_output,Elongation (%),extra_trees,99,1,0.9012546918883052,0.8389211469715069,0.0749036738367417,0.6619001915708848,0.7766056338796299,1.1493631912714815,0.14367039890893518,0.8959888888889032
Dataset_0136,single_output,Elongation (%),extra_trees,99,2,0.7545256805184778,1.4153152116703656,0.1322724496888192,0.790319074986324,-0.8379231076768805,3.1734946758065146,0.4231326234408686,2.3907287981859398
Dataset_0136,single_output,Elongation (%),extra_trees,99,3,0.8370307776869832,0.9947440814978898,0.10470990331556736,0.7135747126436806,0.07999271068981006,3.000926034779793,0.3334362260866437,2.1825119047619075
Dataset_0136,single_output,Elongation (%),extra_trees,99,4,0.7785730300582742,1.309880845058232,0.1169536468801993,1.0397077449370582,0.49344506596404825,1.8978713646265692,0.2181461338651229,1.6239961451246958
Dataset_0136,single_output,Elongation (%),gradient_boosting,42,0,0.4851312744358278,2.1554488272441534,0.19245078814679942,1.7061160648641773,0.10096616816047133,1.5680296732029297,0.2703499436556775,1.1365429557127895
Dataset_0136,single_output,Elongation (%),gradient_boosting,42,1,0.722876957849913,1.2753810908058647,0.13425064113745944,0.9157915637008255,0.6642784598006968,2.04355129656174,0.1964953169770904,1.6389136942265734
Dataset_0136,single_output,Elongation (%),gradient_boosting,42,2,0.7612167772359087,1.3597417556577285,0.12707866875305873,0.7955664827086086,0.5608301126272308,1.8045373613093902,0.18995130119046214,1.3102695972770124
Dataset_0136,single_output,Elongation (%),gradient_boosting,42,3,0.3189363805823804,2.361274917413696,0.21082811762622286,1.8314426601903517,0.48855643533148785,1.6472927570405824,0.2387380807305192,1.518471402470888
Dataset_0136,single_output,Elongation (%),gradient_boosting,42,4,0.9576520222421461,0.5623796866749722,0.05021247202455109,0.4545197716002466,0.6374294929563844,1.743974941399311,0.23567228937828527,1.413900534101794
Dataset_0136,single_output,Elongation (%),gradient_boosting,123,0,0.8830606012313149,0.9731001317982417,0.08688394033912873,0.6675676232511752,0.7085824954182806,1.3017652588476536,0.1783240080613224,1.1166523447831347
Dataset_0136,single_output,Elongation (%),gradient_boosting,123,1,0.9440935129854258,0.6504591477322283,0.058076709618948966,0.5239807925537876,0.7224024986595918,1.4885925874167127,0.1672575940917655,1.1897303884462433
Dataset_0136,single_output,Elongation (%),gradient_boosting,123,2,0.9066746813167038,0.8657962599570088,0.07730323749616151,0.6877466901501268,0.5457376387690094,1.643445834408121,0.22208727492001634,1.1678595276135142
Dataset_0136,single_output,Elongation (%),gradient_boosting,123,3,0.6679310559454201,1.6644929806765867,0.14861544470326668,1.3003881297643063,-0.05827358766857915,1.9431060166032144,0.37367423396215665,1.6416110581700978
Dataset_0136,single_output,Elongation (%),gradient_boosting,123,4,0.7571180236906416,1.2329609898507328,0.11855394133180125,0.6660320268875499,0.15936769627814895,3.3381789906921044,0.2980516955975093,2.5939441254015825
Dataset_0136,single_output,Elongation (%),gradient_boosting,7,0,0.5380139836998946,1.9001397856769475,0.17758315753990164,1.3965697196570777,0.4524726476647235,1.9297110804266777,0.22702483299137385,1.5228194865581175
Dataset_0136,single_output,Elongation (%),gradient_boosting,7,1,0.8271935087234715,1.0532041153829155,0.09662423076907482,0.791568268044557,0.4156599616907086,2.6226472344266156,0.2882029927941336,2.1894496777685766
Dataset_0136,single_output,Elongation (%),gradient_boosting,7,2,0.956720342167069,0.6085916630293723,0.05433854134190824,0.5088153836325207,0.06834788342728126,1.9175958552799957,0.33061997504827506,1.4456415435560577
Dataset_0136,single_output,Elongation (%),gradient_boosting,7,3,0.8697541062931337,0.9490802619957237,0.08473930910676106,0.782119747154357,0.8053861135062882,1.451384371645159,0.1395561895812653,1.0800352733956113
Dataset_0136,single_output,Elongation (%),gradient_boosting,7,4,0.9244573271469055,0.8070393901305599,0.07205708840451429,0.6003306289411796,0.2747190136503368,1.6518058801472664,0.30032834184495755,1.4212368401957074
Dataset_0136,single_output,Elongation (%),gradient_boosting,2024,0,0.8857243831897283,0.9495037461663458,0.08477712019342373,0.6620076998157328,0.81206812129782,1.113996891458147,0.13261867755454135,0.9197602580983772
Dataset_0136,single_output,Elongation (%),gradient_boosting,2024,1,0.9614205057472825,0.5681325388982312,0.050726119544484936,0.45142002240143847,0.6447887030677298,1.2542243023877562,0.21624556937719933,0.9231343264180631
Dataset_0136,single_output,Elongation (%),gradient_boosting,2024,2,0.9511589007488573,0.5602695057846538,0.05140087209033522,0.4429454578081495,0.7931835226505747,1.4511713299088547,0.1356234887765285,1.2426892547639208
Dataset_0136,single_output,Elongation (%),gradient_boosting,2024,3,0.4398330471812377,1.9386938265544789,0.18118633893032515,1.3814157721791491,-0.029949556990986226,3.1179934321364993,0.3282098349617368,2.3747690834464743
Dataset_0136,single_output,Elongation (%),gradient_boosting,2024,4,0.505131216464916,2.0733442173088723,0.18512001940257788,1.6591337529720653,-0.020148425209112197,1.4724563470281933,0.29449126940563863,1.0695263233471153
Dataset_0136,single_output,Elongation (%),gradient_boosting,99,0,0.6261895479484858,1.8255648604487715,0.1629968625400689,1.4303704292477761,-0.048727197114021736,1.8710268594972406,0.34648645546245194,1.3247909684294343
Dataset_0136,single_output,Elongation (%),gradient_boosting,99,1,0.6770354811052939,1.5171911957888826,0.1354634996240074,1.1217889314519531,-0.24869660060446708,2.717375410624814,0.3396719263281017,1.7392301899701323
Dataset_0136,single_output,Elongation (%),gradient_boosting,99,2,0.5600917191334833,1.89465966977989,0.17707099717569066,1.2549682136171785,-1.4304364692225295,3.649356085181887,0.4865808113575849,2.4756754460680432
Dataset_0136,single_output,Elongation (%),gradient_boosting,99,3,0.8794083272610795,0.8556915178094803,0.09007279134836635,0.6836872204469695,0.751303394301675,1.5602514184968133,0.17336126872186813,1.3382888409521723
Dataset_0136,single_output,Elongation (%),gradient_boosting,99,4,0.9138635770698469,0.816977223449601,0.07294439495085724,0.5958884059288464,0.7372817541070875,1.3667800028549788,0.15710114975344586,1.1044559642252216
Dataset_0136,single_output,Elongation (%),xgboost,42,0,0.9759025572738264,0.4663102252894978,0.04163484154370516,0.39261003221784324,0.3744066408372615,1.3080137951672073,0.22551961985641503,0.9652705430984496
Dataset_0136,single_output,Elongation (%),xgboost,42,1,0.926595279869876,0.6563955806002585,0.06909427164213247,0.5467806585903826,0.8439063008205016,1.3934411341585473,0.13398472443832188,1.0612312589372905
Dataset_0136,single_output,Elongation (%),xgboost,42,2,0.9635420764468092,0.5313130640406938,0.049655426545859235,0.43929036896804274,0.7898488577809515,1.2482899629357103,0.13139894346691686,1.1207552773611889
Dataset_0136,single_output,Elongation (%),xgboost,42,3,0.9501560035713835,0.6387915181246717,0.05703495697541712,0.48263347231108555,0.8153241328696332,0.989867358013315,0.14345903739323407,0.8614507130214145
Dataset_0136,single_output,Elongation (%),xgboost,42,4,0.9626355395165856,0.528253818634903,0.04716551952097348,0.4313518195316709,0.6390629307365645,1.7400420646454389,0.23514081954668092,1.3028247560773578
Dataset_0136,single_output,Elongation (%),xgboost,123,0,0.95004662871039,0.6360034988341418,0.056786026681619806,0.49765517711639395,0.7880448076788132,1.1101889223675856,0.1520806742969295,0.9549953460693359
Dataset_0136,single_output,Elongation (%),xgboost,123,1,0.9713829420310548,0.46537324954593756,0.041551182995173,0.3812889296433021,0.6824630045420834,1.5920812998637044,0.1788855393105286,1.2732337951660158
Dataset_0136,single_output,Elongation (%),xgboost,123,2,0.9696646130372379,0.4936177115173105,0.04407300995690273,0.4043853562453696,0.7170114040694818,1.2971389044810544,0.17528904114608843,0.9380718231201174
Dataset_0136,single_output,Elongation (%),xgboost,123,3,0.9558361796827499,0.6070174201188593,0.05419798393918387,0.4800675984086661,0.3567803030196044,1.514876349949049,0.29132237499020175,1.1836940492902486
Dataset_0136,single_output,Elongation (%),xgboost,123,4,0.9555450947329095,0.5274867275436738,0.050719877648430174,0.41544978043128705,0.7420167745224866,1.8492784814336922,0.16511415012800826,1.4556358609880717
Dataset_0136,single_output,Elongation (%),xgboost,7,0,0.9615926269653382,0.5478711579401427,0.05120291195702269,0.43676402228219163,0.7730886755742236,1.2422742009541894,0.14614990599461053,1.0344640493392947
Dataset_0136,single_output,Elongation (%),xgboost,7,1,0.9390291106119457,0.625595745299997,0.05739410507339422,0.4851309348796976,0.6091871981703463,2.1448229451654792,0.23569482913906367,1.6503273010253905
Dataset_0136,single_output,Elongation (%),xgboost,7,2,0.9758921500749361,0.45421694199072093,0.04055508410631437,0.398527191425192,0.22526400351082976,1.7486667908228384,0.3014942742797997,1.232311711992536
Dataset_0136,single_output,Elongation (%),xgboost,7,3,0.9430597766020773,0.6275242376780362,0.05602894979268181,0.5097410004714439,0.8547885205087965,1.2537068668596787,0.12054873719804604,0.8650944301060266
Dataset_0136,single_output,Elongation (%),xgboost,7,4,0.9560747177361217,0.6153976583081295,0.05494621949179728,0.46382672540072734,0.38904937403433504,1.5160339210395217,0.27564253109809483,1.3772628239222937
Dataset_0136,single_output,Elongation (%),xgboost,2024,0,0.9554524898662974,0.592831966014764,0.0529314255370325,0.47715843064444413,0.8644521980540565,0.946084638695927,0.11262912365427703,0.7787881135940555
Dataset_0136,single_output,Elongation (%),xgboost,2024,1,0.9703827755788628,0.49778702980721856,0.04444527051850166,0.4176445336177431,0.7037622668573937,1.1453863806856242,0.19748041046303863,0.8921554565429689
Dataset_0136,single_output,Elongation (%),xgboost,2024,2,0.9556107037685201,0.534125608096463,0.04900234936664799,0.41064668195001,0.774831137586758,1.5141897018919295,0.1415130562515822,1.278246661594936
Dataset_0136,single_output,Elongation (%),xgboost,2024,3,0.9416354575371471,0.6257848258077604,0.05848456315960378,0.45407721420814257,0.8869259429386329,1.0331150919944019,0.10874895705204231,0.9699698039463586
Dataset_0136,single_output,Elongation (%),xgboost,2024,4,0.9456634171451055,0.6870250012453958,0.061341517968338914,0.5656779486557532,0.6399003922013515,0.8748267835097094,0.17496535670194188,0.8107552664620535
Dataset_0136,single_output,Elongation (%),xgboost,99,0,0.972044091075741,0.4992388289949543,0.04457489544597806,0.3854875223977226,0.5644176750255294,1.2058238816762736,0.22330071882893954,1.0294056177139284
Dataset_0136,single_output,Elongation (%),xgboost,99,1,0.9523873662091484,0.5825376645253434,0.05201229147547709,0.4667793865861563,0.7499705110397563,1.215953012662271,0.15199412658278388,0.819647489275251
Dataset_0136,single_output,Elongation (%),xgboost,99,2,0.936242441759277,0.7213000797870487,0.06741122241000455,0.5294129864922884,-0.26268763783446714,2.630401656139906,0.3507202208186541,2.108485630580357
Dataset_0136,single_output,Elongation (%),xgboost,99,3,0.934697817800832,0.6296836466143455,0.06628248911729953,0.5445333283523034,0.8195672990406876,1.3289764412472849,0.1476640490274761,1.046467890058245
Dataset_0136,single_output,Elongation (%),xgboost,99,4,0.950021132868938,0.6223142369613387,0.05556377115726239,0.48073666342373567,0.7333600645274516,1.3769434230025228,0.15826935896580724,1.1593355178833007
Dataset_0136,single_output,Elongation (%),ann,42,0,0.2388263682056616,2.620784599633638,0.2339986249672891,2.1138701505672914,-0.208339094490398,1.8178610014100982,0.31342431058794795,1.6859466297530266
Dataset_0136,single_output,Elongation (%),ann,42,1,0.05812200795369937,2.351261752930602,0.24750123715058966,1.9274761925793749,-0.17858520466047634,3.8289212365371488,0.36816550351318744,3.0249219266245473
Dataset_0136,single_output,Elongation (%),ann,42,2,0.20907074973324136,2.4747045002236097,0.23128079441342148,2.0746356877378513,-0.018189385776162803,2.7476656459216517,0.2892279627285949,1.9312775376458506
Dataset_0136,single_output,Elongation (%),ann,42,3,0.08661422195850199,2.734512011493874,0.2441528581690959,2.1980920572294913,0.150794474571189,2.1226497327103098,0.3076303960449724,1.9011498699883176
Dataset_0136,single_output,Elongation (%),ann,42,4,0.2843268164249403,2.311908594671735,0.20642041023854776,1.831090854395876,0.072917727562411,2.7887086370764935,0.37685251852385043,2.410835786310433
Dataset_0136,single_output,Elongation (%),ann,123,0,0.104273775810379,2.6931760747308293,0.24046214952953834,2.1420946212993535,-0.21803916863306227,2.6613714069256207,0.3645714256062494,2.1294184575517083
Dataset_0136,single_output,Elongation (%),ann,123,1,0.26738382344840406,2.3546544141634747,0.21023700126459596,1.9295148221144316,0.19709726518302295,2.531625982693982,0.28445235760606546,1.8507543255270982
Dataset_0136,single_output,Elongation (%),ann,123,2,0.6156436574142166,1.757045429860295,0.15687905623752635,1.2656376007105061,0.10878882556533764,2.3019311482805866,0.31107177679467385,1.5760643952077253
Dataset_0136,single_output,Elongation (%),ann,123,3,-0.004549204794432438,2.8950325068249447,0.2584850452522272,2.4297881481272174,-0.37412670506441104,2.2141697231341793,0.42580186983349605,1.7012148519800558
Dataset_0136,single_output,Elongation (%),ann,123,4,0.0056495130055410625,2.494717866529355,0.23987671793551493,1.9398766113411718,0.0960329059428664,3.4616479091798755,0.3090757061767746,3.046389457274473
Dataset_0136,single_output,Elongation (%),ann,7,0,0.05102184879607974,2.723323559096542,0.25451622047631234,2.2536091736005526,-0.08290376158762647,2.7138404530821436,0.31927534742142866,2.0552257711838697
Dataset_0136,single_output,Elongation (%),ann,7,1,0.6016616360978962,1.5990372797661574,0.14670066786845481,1.224005678569285,-0.0727289828938249,3.5534651750188067,0.39049067857349523,2.6939727331465955
Dataset_0136,single_output,Elongation (%),ann,7,2,0.49291638280037275,2.083166002789684,0.18599696453479322,1.6380879626326943,0.09664607980409967,1.8882485576931736,0.3255600961539954,1.4816372748894266
Dataset_0136,single_output,Elongation (%),ann,7,3,0.7908384753876814,1.2027124893377996,0.10738504369087497,0.909626318605249,0.5101264088065518,2.302700966421562,0.22141355446361177,1.7877481840832645
Dataset_0136,single_output,Elongation (%),ann,7,4,0.06511601109488963,2.83907862430688,0.2534891628845429,2.294644243587727,0.05468827769570184,1.8857902383565552,0.3428709524284646,1.5341311998988378
Dataset_0136,single_output,Elongation (%),ann,2024,0,0.7881901363410218,1.2926858228041547,0.11541837703608525,0.9472581934012112,0.27054525377591776,2.194739239965209,0.2612784809482392,1.801198144892657
Dataset_0136,single_output,Elongation (%),ann,2024,1,0.1494240470132494,2.6676444708371907,0.2381825420390349,2.1789418244678784,-0.04160142608905071,2.1477444716579357,0.3703007709755061,1.7674310556787363
Dataset_0136,single_output,Elongation (%),ann,2024,2,0.2557222725604703,2.1871158198019405,0.2006528275047652,1.7432068623095323,-0.04940804291791023,3.268875013790668,0.3055023377374456,2.7504122746382618
Dataset_0136,single_output,Elongation (%),ann,2024,3,0.5660800960955328,1.7062995303336106,0.1594672458255711,1.295215541360958,0.37384888444581,2.431122248481913,0.25590760510335925,1.6740704841704408
Dataset_0136,single_output,Elongation (%),ann,2024,4,0.10505894095999146,2.7881979075978336,0.2489462417498066,2.279136416896863,-0.32320313803760525,1.6769650355672372,0.33539300711344744,1.2774512880740911
Dataset_0136,single_output,Elongation (%),ann,99,0,0.8268706138011205,1.2423871247994982,0.11092742185709806,0.9628286551056261,0.570840641001367,1.1969005059819513,0.22164824184850948,1.0071262286395886
Dataset_0136,single_output,Elongation (%),ann,99,1,0.2674378566046607,2.2849944168361325,0.20401735864608328,1.8362396988807843,-0.6597480254412917,3.132869154598394,0.39160864432479925,2.9276075151325824
Dataset_0136,single_output,Elongation (%),ann,99,2,0.0609485942016722,2.7681831813601425,0.2587087085383311,2.2506821467398863,0.12917629552491383,2.1844355019722483,0.29125806692963313,1.7499484289499867
Dataset_0136,single_output,Elongation (%),ann,99,3,0.08720958577112836,2.3542040507855027,0.24781095271426343,1.9265872081470596,-0.4635949091512892,3.7850367647779732,0.4205596405308859,2.9828576491874363
Dataset_0136,single_output,Elongation (%),ann,99,4,0.6944300983548792,1.5387633009569495,0.13738958044258479,1.1383119668829422,-0.06047221735855279,2.746016521094477,0.3156340828844227,2.1077341857706076
Dataset_0136,single_output,Elongation (%),lightgbm,42,0,0.9825632910827367,0.39666302474441123,0.03541634149503672,0.2840442549585366,0.4567851843458216,1.2188550543437198,0.2101474231627103,0.8254217255610115
Dataset_0136,single_output,Elongation (%),lightgbm,42,1,0.9393809729771211,0.596496823738049,0.06278913934084726,0.41654026711924114,0.949540760716471,0.7922573732514954,0.07617859358187457,0.6971090205130032
Dataset_0136,single_output,Elongation (%),lightgbm,42,2,0.9661562576332723,0.5119101253333312,0.0478420677881618,0.34994959571344714,0.7960630057821305,1.2296955689644344,0.12944163883836152,0.9550907796614508
Dataset_0136,single_output,Elongation (%),lightgbm,42,3,0.9544171030614396,0.6108768595892161,0.054542576749037154,0.43489906177165294,0.9642411997297727,0.435575455499674,0.06312687760864841,0.4088869420916649
Dataset_0136,single_output,Elongation (%),lightgbm,42,4,0.9591952437906663,0.5520376278800574,0.04928907391786227,0.3484720950585489,0.8145174613433839,1.2473706443049657,0.1685636005817521,0.9015649601655397
Dataset_0136,single_output,Elongation (%),lightgbm,123,0,0.9514600741300131,0.6269409785680226,0.05597687308643059,0.45343216269643244,0.836513930133409,0.9750238439516373,0.13356491013036126,0.8399627877931295
Dataset_0136,single_output,Elongation (%),lightgbm,123,1,0.9680727449692589,0.49155227985171146,0.04388859641533138,0.35454192657203565,0.852337166109097,1.0856845940309168,0.12198703303718168,0.6712622845046017
Dataset_0136,single_output,Elongation (%),lightgbm,123,2,0.9744611597546033,0.45291483951890743,0.04043882495704531,0.33535465252955515,0.6963233011876724,1.3437168177733771,0.18158335375315907,1.0381530027632588
Dataset_0136,single_output,Elongation (%),lightgbm,123,3,0.9623624513696021,0.5603746779571055,0.05003345338902728,0.4064285444440058,0.7980617774229319,0.8488027591239253,0.16323129983152412,0.7160024962486633
Dataset_0136,single_output,Elongation (%),lightgbm,123,4,0.9490813570669706,0.5645339987601279,0.05428211526539692,0.3670288279286201,0.8024618829224002,1.6181994040818353,0.14448208965016388,1.1541433295588235
Dataset_0136,single_output,Elongation (%),lightgbm,7,0,0.9794287428951179,0.40096046445842787,0.037472940603591395,0.3150764471973379,0.7875983522181818,1.2018999622342226,0.14139999555696736,0.9324978971165183
Dataset_0136,single_output,Elongation (%),lightgbm,7,1,0.9377006637783709,0.6323743281899287,0.05801599341192007,0.47689131805326246,0.8154765546292495,1.473780594676054,0.1619539115028631,1.0992839465579978
Dataset_0136,single_output,Elongation (%),lightgbm,7,2,0.9887888556241802,0.30974839318161174,0.027656106534072477,0.2514284448855401,0.1946433790713109,1.78288902494163,0.3073946594726948,1.2556066037836688
Dataset_0136,single_output,Elongation (%),lightgbm,7,3,0.9399008277199769,0.6446962837290231,0.05756216819009135,0.49784387938227087,0.9323085009295378,0.8559779855670014,0.08230557553528861,0.5719055614367371
Dataset_0136,single_output,Elongation (%),lightgbm,7,4,0.9618166332307341,0.5737671348717911,0.051229208470695634,0.374150150403325,0.7971786440201309,0.8734995841797683,0.15881810621450332,0.7082742843886015
Dataset_0136,single_output,Elongation (%),lightgbm,2024,0,0.9553769272213426,0.5933345414820659,0.05297629834661303,0.4174831467763241,0.9275077349817823,0.6918781031020814,0.0823664408454859,0.5371393095531043
Dataset_0136,single_output,Elongation (%),lightgbm,2024,1,0.9873140607169986,0.32578622150029335,0.029088055491097622,0.23287026442710868,0.5839147533140268,1.357447323222377,0.23404264193489255,0.9536954491002412
Dataset_0136,single_output,Elongation (%),lightgbm,2024,2,0.9641684822648474,0.4798846656243226,0.044026116112323176,0.33052399609240507,0.819018770531803,1.3575095341557342,0.12687004992109666,1.1095410871077334
Dataset_0136,single_output,Elongation (%),lightgbm,2024,3,0.9312381121864692,0.6792417639202838,0.06348053868413868,0.44941080635503516,0.9000178385633735,0.9714679541141775,0.10225978464359764,0.7482725302217769
Dataset_0136,single_output,Elongation (%),lightgbm,2024,4,0.9578803285584526,0.604879502080057,0.054007098400005095,0.41275891188584185,0.8954313043678519,0.47142389528269385,0.09428477905653877,0.38798996452869616
Dataset_0136,single_output,Elongation (%),lightgbm,99,0,0.9876331946433449,0.33204757287146264,0.02964710472066631,0.26271957561473763,0.388519062407077,1.4286972803320694,0.2645735704318647,1.0030127968648248
Dataset_0136,single_output,Elongation (%),lightgbm,99,1,0.9391453226240005,0.6585820497955513,0.05880196873174566,0.5037026793098691,0.8148181679022696,1.0464545356958106,0.13080681696197632,0.9323821851330251
Dataset_0136,single_output,Elongation (%),lightgbm,99,2,0.98891371186716,0.30077603017360904,0.028109909362019538,0.20694425059515476,0.2591348512122079,2.0148544913761937,0.26864726551682583,1.3951138324271266
Dataset_0136,single_output,Elongation (%),lightgbm,99,3,0.9434576364323436,0.5859297463240449,0.061676815402531046,0.36430762079706214,0.8404487115625876,1.249711640095512,0.13885684889950134,1.00138885100894
Dataset_0136,single_output,Elongation (%),lightgbm,99,4,0.9521353208859366,0.6090095579773179,0.05437585339083196,0.4018244460961486,0.9757209117530156,0.41549871502083546,0.04775847299090063,0.3224855739841535
Dataset_0136,single_output,Temperature (°C),linear_regression,42,0,0.9533004643804573,6.480431080066722,0.057860991786310025,5.9914065160429555,0.9298265713194005,8.291641591988538,0.07273369817533806,7.9123103634379675
Dataset_0136,single_output,Temperature (°C),linear_regression,42,1,0.9466519266120843,6.810898493374381,0.05974472362609106,6.251928222161267,0.9468362383399151,7.75514791019596,0.07385855152567582,6.982612130548302
Dataset_0136,single_output,Temperature (°C),linear_regression,42,2,0.9485545280504815,7.14767147177206,0.059563928931433835,6.601225001197561,0.9310996062773997,5.875654486648709,0.0816063123145654,5.646911072778997
Dataset_0136,single_output,Temperature (°C),linear_regression,42,3,0.94571394497356,6.799133981380306,0.05665944984483588,6.034819591462004,0.9071275419694989,7.978323478045601,0.11562787649341451,7.791730273532933
Dataset_0136,single_output,Temperature (°C),linear_regression,42,4,0.9535380749209449,6.658964093597704,0.05549136744664753,6.119805300059394,0.9041983835703167,8.250453392137535,0.11149261340726399,7.69032478161135
Dataset_0136,single_output,Temperature (°C),linear_regression,123,0,0.9550576834733641,6.8276510666507,0.05689709222208917,6.284434453572213,0.9013827454588395,7.094923880131036,0.1266950692880542,6.8469324570368215
Dataset_0136,single_output,Temperature (°C),linear_regression,123,1,0.9531644740964416,7.0154398846864865,0.05846199903905405,6.478154589844561,0.8825988518761082,6.658416256022078,0.10915436485282096,6.120920492955138
Dataset_0136,single_output,Temperature (°C),linear_regression,123,2,0.9501739997488746,6.595807345603115,0.05496506121335929,6.140552760418185,0.9393508145095549,8.208532593673795,0.07743898673277165,7.465550498647693
Dataset_0136,single_output,Temperature (°C),linear_regression,123,3,0.9358700520850959,6.819644914347693,0.06433627277686503,6.177446881450658,0.9608025662641478,7.865007954283212,0.0655417329523601,7.3171476475824795
Dataset_0136,single_output,Temperature (°C),linear_regression,123,4,0.9490794245624375,6.787273063843885,0.05656060886536571,6.258118444016863,0.9295378080765444,7.5716801408399705,0.08507505776224686,7.038168176474236
Dataset_0136,single_output,Temperature (°C),linear_regression,7,0,0.9474380761552128,6.782087555425291,0.05949199610022185,6.203994928101289,0.9353172485696583,8.251955317880256,0.07712107773719866,7.2158902916660494
Dataset_0136,single_output,Temperature (°C),linear_regression,7,1,0.9387467267509645,7.081299254769804,0.06322588620330181,6.4755623411534184,0.969628652028974,6.381993191741103,0.06318805140337726,6.0484648089250515
Dataset_0136,single_output,Temperature (°C),linear_regression,7,2,0.9493435687261162,6.931724144674852,0.05776436787229043,6.498009637464716,0.9326949045287118,6.706436211233511,0.08709657417186377,5.998388682609378
Dataset_0136,single_output,Temperature (°C),linear_regression,7,3,0.9461861038103042,6.967001546959088,0.058058346224659066,6.4270402574620045,0.9526650909343121,6.827180615116109,0.0726295810118735,6.323458248363514
Dataset_0136,single_output,Temperature (°C),linear_regression,7,4,0.9655659170746577,6.006393655180791,0.05005328045983992,5.526852814920546,0.7118196871982144,10.478111373077057,0.1775951080182552,10.24731214178712
Dataset_0136,single_output,Temperature (°C),linear_regression,2024,0,0.9430685599680076,7.171243699013003,0.06402896159833038,6.686894388877001,0.9655438084608047,5.791640740188108,0.060329591043626125,5.413292589348309
Dataset_0136,single_output,Temperature (°C),linear_regression,2024,1,0.9560011395471533,6.322208688195251,0.05268507240162709,5.9147924147394555,0.9185904733186465,8.882050191873896,0.10209253094107926,8.452518030301405
Dataset_0136,single_output,Temperature (°C),linear_regression,2024,2,0.9480525662791148,7.024344412398607,0.05853620343665506,6.55374726623722,0.9180824233283797,6.761659449161734,0.08781375908002252,5.887849717563459
Dataset_0136,single_output,Temperature (°C),linear_regression,2024,3,0.9355043079251159,6.858860744021867,0.06016544512299884,6.222952195641173,0.9627225333409379,7.513743599088056,0.07022190279521548,7.089481672992682
Dataset_0136,single_output,Temperature (°C),linear_regression,2024,4,0.9585866978319514,6.717795735685044,0.055981631130708705,6.200284632463997,0.708242576545419,7.847967094386623,0.17060798031275268,7.235400135577346
Dataset_0136,single_output,Temperature (°C),linear_regression,99,0,0.9523420723530953,6.72708211839701,0.05605901765330842,6.1685510203175085,0.9238711063442278,7.893085190949051,0.0974454961845562,7.296564102248766
Dataset_0136,single_output,Temperature (°C),linear_regression,99,1,0.9444890440229577,6.678079781252694,0.05565066484377245,6.188714814648243,0.9515718841404488,7.756260686974341,0.0731722706318334,7.275667259735948
Dataset_0136,single_output,Temperature (°C),linear_regression,99,2,0.9464976658030863,7.057726274451623,0.06301541316474664,6.385819256651176,0.9363314626470456,6.736762791690828,0.0792560328434215,6.596455673830072
Dataset_0136,single_output,Temperature (°C),linear_regression,99,3,0.9538444642534079,6.7151095407750585,0.05595924617312549,6.105557298986745,0.8967702273109055,8.076942669067174,0.12055138312040559,7.582093114107067
Dataset_0136,single_output,Temperature (°C),linear_regression,99,4,0.9494403310409059,6.831192554997832,0.0599227417105073,6.400044564163188,0.9396436270783837,7.243321129437071,0.08048134588263411,6.3893619088863876
Dataset_0136,single_output,Temperature (°C),ridge,42,0,0.9521520759501279,6.559627309094355,0.05856810097405674,6.056751902570219,0.9336334709970258,8.063595340395523,0.07073329245960985,7.597269119582961
Dataset_0136,single_output,Temperature (°C),ridge,42,1,0.9455746546321201,6.879321948136849,0.060344929369621485,6.087405248590996,0.9377820624706461,8.38957651764688,0.0799007287394941,7.587544385127972
Dataset_0136,single_output,Temperature (°C),ridge,42,2,0.9476543457237971,7.209934531753969,0.06008278776461641,6.668437491351473,0.9393259434258155,5.513748006739521,0.07657983342693779,5.275839415266181
Dataset_0136,single_output,Temperature (°C),ridge,42,3,0.9447307480368833,6.860428641229693,0.057170238676914106,5.858655680771921,0.8903248677768978,8.670063013895081,0.12565308715789972,8.435242862369794
Dataset_0136,single_output,Temperature (°C),ridge,42,4,0.9522352957226891,6.751676411887289,0.05626397009906074,6.2946808953966364,0.9212846494868026,7.4786139219252314,0.1010623502962869,6.861957229243744
Dataset_0136,single_output,Temperature (°C),ridge,123,0,0.9541056996017401,6.899584977274671,0.05749654147728892,6.260118497889238,0.9019318435556533,7.075144140232143,0.12634185964700256,6.849485191160468
Dataset_0136,single_output,Temperature (°C),ridge,123,1,0.9522161734765292,7.086106405678123,0.05905088671398436,6.518148180082492,0.8929710980941759,6.357484422389559,0.10422105610474687,5.865723636176434
Dataset_0136,single_output,Temperature (°C),ridge,123,2,0.9490796896531964,6.667844605804582,0.055565371715038184,6.10500391431774,0.9351420585854336,8.488571686692987,0.08008086496880176,7.518901070872256
Dataset_0136,single_output,Temperature (°C),ridge,123,3,0.9346375390361805,6.884866388426467,0.06495156970213647,6.171891215338641,0.954831134870935,8.44286681495741,0.07035722345797842,7.518788559275322
Dataset_0136,single_output,Temperature (°C),ridge,123,4,0.9478904788001828,6.866053955507431,0.05721711629589526,6.246873805662051,0.9300103118676688,7.546250435947402,0.08478933074098205,6.985537814490605
Dataset_0136,single_output,Temperature (°C),ridge,7,0,0.9462853985133812,6.856049504996611,0.06014078513154922,6.313140709032303,0.9399587272870936,7.950374195502513,0.07430256257478984,6.745135577030496
Dataset_0136,single_output,Temperature (°C),ridge,7,1,0.9376085060296622,7.146789484975186,0.06381062040156417,6.3433353914194734,0.9642949115517593,6.9197333499864095,0.06851221138600405,6.501140232839418
Dataset_0136,single_output,Temperature (°C),ridge,7,2,0.9484529990045834,6.992390553172761,0.05826992127643968,6.491581230147376,0.9272307267485771,6.973356120151978,0.09056306649548024,5.937928869519827
Dataset_0136,single_output,Temperature (°C),ridge,7,3,0.9450471378805013,7.04034346855461,0.05866952890462175,6.346352330731047,0.9508809995011349,6.9546516133202525,0.07398565546085376,6.5611549697780935
Dataset_0136,single_output,Temperature (°C),ridge,7,4,0.9645280288669519,6.096241918009077,0.05080201598340897,5.59969086205526,0.7284476044275813,10.171328370840634,0.17239539611594296,9.934645709780998
Dataset_0136,single_output,Temperature (°C),ridge,2024,0,0.9418738526457886,7.246097377272332,0.06469729801136011,6.661425009933544,0.9653630041757518,5.806816290783238,0.060487669695658726,5.4183236522941485
Dataset_0136,single_output,Temperature (°C),ridge,2024,1,0.9548403582027211,6.405062282789913,0.05337551902324928,5.951385997770329,0.9180323222294718,8.912446251669238,0.10244191093872687,8.203662707941216
Dataset_0136,single_output,Temperature (°C),ridge,2024,2,0.9470209006670496,7.093752534141651,0.05911460445118043,6.611267374880968,0.9342484798975197,6.057837850564106,0.07867321883849489,5.551819239691595
Dataset_0136,single_output,Temperature (°C),ridge,2024,3,0.9342048031356888,6.9276147322369415,0.060768550282780186,6.148117885092902,0.9541678070296945,8.331409759343803,0.07786364261068975,7.500136252556607
Dataset_0136,single_output,Temperature (°C),ridge,2024,4,0.9577586703203035,6.78462196480042,0.05653851637333683,6.183107052337628,0.7036044288904482,7.910101766105606,0.17195873404577403,7.219324396491004
Dataset_0136,single_output,Temperature (°C),ridge,99,0,0.9512784016796277,6.801738263196117,0.05668115219330097,6.20508299150511,0.9302389160985776,7.555768459984111,0.09328109209856927,7.081395759342897
Dataset_0136,single_output,Temperature (°C),ridge,99,1,0.943239776778871,6.7528063747225735,0.056273386456021444,6.0859881022236255,0.9460080118979918,8.189705229762103,0.07726137009209531,7.603350145160513
Dataset_0136,single_output,Temperature (°C),ridge,99,2,0.9455619628939053,7.1191750952922765,0.0635640633508239,6.529883524087274,0.9496935298951454,5.988261285286782,0.07045013276807979,5.904827427646735
Dataset_0136,single_output,Temperature (°C),ridge,99,3,0.9527437304588783,6.794709924534028,0.05662258270445023,6.0233698029783165,0.889918977238806,8.340666237304113,0.1244875557806584,7.831870527059583
Dataset_0136,single_output,Temperature (°C),ridge,99,4,0.9484271588664581,6.899298655069261,0.06052016364095843,6.333682776947473,0.9328799999540713,7.638395602930169,0.08487106225477965,6.573730304084636
Dataset_0136,single_output,Temperature (°C),elasticnet,42,0,0.9508736601054644,6.64668075190233,0.0593453638562708,6.086817518394079,0.9344071147792141,8.016458345568411,0.07031981004884572,7.454539455416132
Dataset_0136,single_output,Temperature (°C),elasticnet,42,1,0.9442132035459035,6.964833668928158,0.06109503218358033,6.065513983019438,0.9324883522810982,8.739198179670396,0.08323045885400376,7.905712121146515
Dataset_0136,single_output,Temperature (°C),elasticnet,42,2,0.9465291278608058,7.287014586311875,0.06072512155259895,6.700033146414286,0.9419037786042457,5.3953464977503485,0.07493536802431039,5.10025578377017
Dataset_0136,single_output,Temperature (°C),elasticnet,42,3,0.9434760859338669,6.937860636589645,0.05781550530491371,5.772063586472143,0.8810982857725573,9.027390486299533,0.1308317461782541,8.751929474796432
Dataset_0136,single_output,Temperature (°C),elasticnet,42,4,0.9506145500498607,6.86526934386623,0.05721057786555192,6.383788945340473,0.9281744442237976,7.143826434096449,0.09653819505535742,6.442588855683247
Dataset_0136,single_output,Temperature (°C),elasticnet,123,0,0.9530546328981961,6.978144537153803,0.058151204476281686,6.249392987982899,0.9012773950729657,7.098712534850462,0.12676272383661538,6.851439495546423
Dataset_0136,single_output,Temperature (°C),elasticnet,123,1,0.9510280875810928,7.1736591710602955,0.05978049309216913,6.541805649577449,0.8977853845552624,6.212855737261979,0.10185009405347506,5.724985864843161
Dataset_0136,single_output,Temperature (°C),elasticnet,123,2,0.9476974291879382,6.757739822750356,0.05631449852291963,6.0901747310919125,0.9324707532413746,8.661617343252919,0.08171337116276339,7.534709137205904
Dataset_0136,single_output,Temperature (°C),elasticnet,123,3,0.9330637071990721,6.967262070580507,0.06572888745830667,6.197234108443234,0.9506898923762945,8.821416428361678,0.07351180356968065,7.6320238556318145
Dataset_0136,single_output,Temperature (°C),elasticnet,123,4,0.9464048617772802,6.963240065239194,0.05802700054365995,6.23759074199102,0.9287455685087505,7.614127142134849,0.08555199036106571,6.975761644076662
Dataset_0136,single_output,Temperature (°C),elasticnet,7,0,0.9450065249223002,6.937186140531607,0.06085251000466322,6.355102779627795,0.9405813631108116,7.9090435569095865,0.07391629492438866,6.630817329332807
Dataset_0136,single_output,Temperature (°C),elasticnet,7,1,0.9361671866470053,7.228867927521649,0.06454346363858615,6.297951522426732,0.9609768342308908,7.234117393973502,0.07162492469280696,6.718698498305295
Dataset_0136,single_output,Temperature (°C),elasticnet,7,2,0.9473256716845275,7.068438423736409,0.05890365353113674,6.488575744352688,0.9237162972921704,7.139761559880155,0.09272417610233967,5.908763918607933
Dataset_0136,single_output,Temperature (°C),elasticnet,7,3,0.9436223598772212,7.131027892794913,0.059425232439957607,6.303737410817392,0.9488150608407301,7.099401116499518,0.07552554379254807,6.690905821041156
Dataset_0136,single_output,Temperature (°C),elasticnet,7,4,0.9632269728275857,6.207035410530818,0.05172529508775681,5.636645415825558,0.7367604283427226,10.014434810076224,0.16973618322163092,9.75637217887033
Dataset_0136,single_output,Temperature (°C),elasticnet,2024,0,0.9405439612750087,7.328521768214962,0.06543323007334788,6.654668324957009,0.9645063642229375,5.878184620184232,0.06123108979358575,5.405608148511668
Dataset_0136,single_output,Temperature (°C),elasticnet,2024,1,0.9533802923222349,6.507780345512788,0.05423150287927323,5.971251697471661,0.9168326836303063,8.977428442418551,0.1031888326714776,8.074109244475737
Dataset_0136,single_output,Temperature (°C),elasticnet,2024,2,0.9457210841105377,7.180246121535669,0.059835384346130574,6.6391531841159335,0.9405569739374352,5.759903408981471,0.07480394037638274,5.3888864452647125
Dataset_0136,single_output,Temperature (°C),elasticnet,2024,3,0.9325728448278149,7.013003410618156,0.061517573777352244,6.122688748956612,0.9486856545879581,8.815614131231474,0.08238891711431284,7.714891211367038
Dataset_0136,single_output,Temperature (°C),elasticnet,2024,4,0.9567265350558208,6.86701030674488,0.057225085889540665,6.17155764348947,0.7010931365619815,7.943541331532978,0.17268568112028213,7.225664845122107
Dataset_0136,single_output,Temperature (°C),elasticnet,99,0,0.9500956904214858,6.883798957192391,0.05736499130993659,6.223566321766877,0.9323124354135401,7.4426307882527265,0.09188433071916946,6.978567485232112
Dataset_0136,single_output,Temperature (°C),elasticnet,99,1,0.9416640006381839,6.84590031521182,0.05704916929343183,6.041120549842885,0.9421165404212559,8.47970709033758,0.07999723670129792,7.7724428756929616
Dataset_0136,single_output,Temperature (°C),elasticnet,99,2,0.9443840210975639,7.195785993079466,0.0642480892239238,6.5974158826671845,0.9548339484928762,5.674072516209183,0.06675379430834333,5.57918339517436
Dataset_0136,single_output,Temperature (°C),elasticnet,99,3,0.951361977952815,6.8933313693940494,0.057444428078283746,6.018306006556088,0.885751841675984,8.497068486874898,0.12682191771455073,7.947768623988582
Dataset_0136,single_output,Temperature (°C),elasticnet,99,4,0.9471521854493773,6.984059530626136,0.061263680093211724,6.302306631738618,0.928849520670711,7.8643908343198055,0.08738212038133117,6.6601753933640895
Dataset_0136,single_output,Temperature (°C),svr_rbf,42,0,0.10771060059431858,28.326993440836137,0.2529195842931798,22.53211346402897,0.12568320247225095,29.26769928056954,0.2567342042155223,21.820421885069557
Dataset_0136,single_output,Temperature (°C),svr_rbf,42,1,0.14785816702563592,27.220806028442276,0.23877900024949364,22.176719924450676,0.10007299307545348,31.906992979225674,0.3038761236116731,23.31063055570635
Dataset_0136,single_output,Temperature (°C),svr_rbf,42,2,0.11914631428816047,29.576235314592548,0.24646862762160457,23.20867590555963,0.09613840488719738,21.281212315479607,0.29557239327055007,18.51707708759525
Dataset_0136,single_output,Temperature (°C),svr_rbf,42,3,0.13633458644586693,27.1195339625792,0.22599611635482666,20.389943765100984,-1.04947529569418,37.479131153922516,0.543175813824964,31.029623681400533
Dataset_0136,single_output,Temperature (°C),svr_rbf,42,4,0.08749404573467601,29.510456419598896,0.24592047016332413,22.54600187296072,0.16755559064869552,24.320305011167623,0.32865277042118407,22.136899530111503
Dataset_0136,single_output,Temperature (°C),svr_rbf,123,0,0.09647745956748954,30.613507186030827,0.2551125598835902,23.526418640854917,-0.0608077213674898,23.269637755571488,0.41552924563520516,18.618270425911156
Dataset_0136,single_output,Temperature (°C),svr_rbf,123,1,0.0822596288579488,31.054684774854067,0.25878903979045054,23.327082310217207,-0.093836870774622,20.324087175733336,0.333181756979235,18.89126701652454
Dataset_0136,single_output,Temperature (°C),svr_rbf,123,2,0.1417859977103857,27.37396748740514,0.22811639572837616,21.838013286005182,0.143713108341617,30.843431413994402,0.29097576805655095,24.274033720614025
Dataset_0136,single_output,Temperature (°C),svr_rbf,123,3,0.1238430671117674,25.207064327205533,0.2378024936528824,19.773597618111275,-0.1036622029880434,41.73384835628871,0.34778206963573927,33.300279576151674
Dataset_0136,single_output,Temperature (°C),svr_rbf,123,4,0.10064542719207958,28.524244088193253,0.2377020340682771,22.41826607854547,0.11098656013481967,26.894801796715143,0.3021887842327544,22.829637882418176
Dataset_0136,single_output,Temperature (°C),svr_rbf,7,0,0.11680975220987411,27.80064667735897,0.24386532173121903,22.087572101817493,0.12697936777537344,30.316208050718934,0.2833290472029807,24.017136751286145
Dataset_0136,single_output,Temperature (°C),svr_rbf,7,1,0.13047933132614153,26.68014909142979,0.238215616887766,20.412049545835636,0.09324571705089668,34.87137807720096,0.3452611690811976,30.897344076209986
Dataset_0136,single_output,Temperature (°C),svr_rbf,7,2,0.12691058295147306,28.77751824111407,0.23981265200928392,22.43801074371988,-0.3611181549418292,30.15891680016865,0.3916742441580344,21.76596915730747
Dataset_0136,single_output,Temperature (°C),svr_rbf,7,3,0.06140190985695093,29.09635063901084,0.24246958865842366,22.380781556399103,0.11810692981430027,29.46853757597297,0.3134950805954571,22.5120604944993
Dataset_0136,single_output,Temperature (°C),svr_rbf,7,4,0.09287559924813371,30.82853990637891,0.2569044992198243,23.665089241046747,0.08898794238339536,18.630002734007256,0.3157627582035128,16.429602133524952
Dataset_0136,single_output,Temperature (°C),svr_rbf,2024,0,0.0720922698928963,28.951481556922378,0.2584953710439498,21.062604974978942,-0.004167976693688846,31.265916351696877,0.3256866286635091,28.040750340136654
Dataset_0136,single_output,Temperature (°C),svr_rbf,2024,1,0.12066971796723802,28.2633819559295,0.23552818296607916,22.021519018299497,0.0916437399408524,29.669055085153772,0.34102362166843414,24.112025285922446
Dataset_0136,single_output,Temperature (°C),svr_rbf,2024,2,0.10429333073787461,29.168000083351618,0.24306666736126348,23.089761810722802,0.0494830062148246,23.03269138351186,0.29912586212353065,19.356957519807914
Dataset_0136,single_output,Temperature (°C),svr_rbf,2024,3,0.13276178632313518,25.15103345318982,0.22062310046657738,19.433275292292084,-0.17771749656533342,42.23317571557605,0.3947025767810846,35.40409827285815
Dataset_0136,single_output,Temperature (°C),svr_rbf,2024,4,0.15279101382728588,30.38450325095541,0.25320419375796177,24.985138892464185,0.06708982662872287,14.03350424865399,0.305076179318565,10.423116210397195
Dataset_0136,single_output,Temperature (°C),svr_rbf,99,0,0.11392294768551359,29.00647116050965,0.2417205930042471,22.631761862683447,0.08255116545346863,27.40078201135832,0.33828125939948545,21.587602240145195
Dataset_0136,single_output,Temperature (°C),svr_rbf,99,1,0.09936279061143904,26.89906551579484,0.22415887929829034,20.328820079720682,-0.17669141811360722,38.232694263208614,0.36068579493593034,31.601159402765063
Dataset_0136,single_output,Temperature (°C),svr_rbf,99,2,0.1178209017196834,28.65872252974233,0.25588145115841365,22.849856165351092,0.06812278776507996,25.77318938747945,0.3032139927938759,20.288951958248397
Dataset_0136,single_output,Temperature (°C),svr_rbf,99,3,0.09951882481252161,29.660503728755284,0.24717086440629404,22.53211953773322,0.13061873726001938,23.439570668042705,0.3498443383289956,21.778625920689226
Dataset_0136,single_output,Temperature (°C),svr_rbf,99,4,0.15688358859677165,27.895759352359008,0.2446996434417457,22.452232904255812,-0.03119097210675359,29.939581427252502,0.33266201585836114,21.59425824459118
Dataset_0136,single_output,Temperature (°C),gpr,42,0,0.9979410413698667,1.3607283261155239,0.012149360054602891,1.0021886931696247,0.995662194039924,2.061527979719502,0.018083578769469314,1.3430552630333352
Dataset_0136,single_output,Temperature (°C),gpr,42,1,0.9988905280637222,0.9822073925644345,0.008615854320740654,0.7844467784623405,0.9954345368361702,2.2726086516645676,0.02164389192061493,2.079739265175184
Dataset_0136,single_output,Temperature (°C),gpr,42,2,0.9987650368159922,1.1074344015900643,0.009228620013250536,0.7826061374636585,0.9828503512734446,2.9313860186774647,0.04071369470385368,2.333112688959789
Dataset_0136,single_output,Temperature (°C),gpr,42,3,0.9980699772506879,1.282007813426013,0.010683398445216775,1.0901617571398832,0.9992739722179331,0.7054151626471421,0.010223408154306408,0.5308972492410687
Dataset_0136,single_output,Temperature (°C),gpr,42,4,0.9984175095409278,1.2289341796298416,0.010241118163582013,0.8567642483711113,0.992682259775071,2.280236488232738,0.030814006597739706,1.8782349330766692
Dataset_0136,single_output,Temperature (°C),gpr,123,0,0.9982075012775937,1.3635561243560121,0.011362967702966768,1.020518365051357,0.9921664501953252,1.999634361182978,0.03570775644969604,1.5175177921763066
Dataset_0136,single_output,Temperature (°C),gpr,123,1,0.9983192127396412,1.3289957152218557,0.011074964293515463,1.0279966303827626,0.9963471334172564,1.1744963596879092,0.01925403868340835,1.0545889658162975
Dataset_0136,single_output,Temperature (°C),gpr,123,2,0.9988592147682054,0.9980260892029554,0.008316884076691296,0.7895096076852846,0.9953318615453497,2.2773244290141723,0.021484192726548796,1.9792931681051544
Dataset_0136,single_output,Temperature (°C),gpr,123,3,0.9977793734693097,1.2690217946047877,0.011971903722686677,0.8979747069069562,0.9949564961493921,2.82121722810553,0.023510143567546084,1.8251106574704425
Dataset_0136,single_output,Temperature (°C),gpr,123,4,0.9990833778685236,0.910633955204612,0.007588616293371766,0.7107778430660099,0.9908653610483507,2.72621358755819,0.03063161334335045,2.2568642944252213
Dataset_0136,single_output,Temperature (°C),gpr,7,0,0.9992443180721411,0.8131998388325538,0.007133331919583805,0.5784911222263938,0.9848173530502231,3.9979409170693936,0.03736393380438686,2.998478221693297
Dataset_0136,single_output,Temperature (°C),gpr,7,1,0.9997971323101468,0.4075254532664758,0.003638620118450677,0.3235331886581262,0.9871477280469426,4.151588077211291,0.04110483244763655,3.5505683667421812
Dataset_0136,single_output,Temperature (°C),gpr,7,2,0.9989186525281344,1.0127601640689714,0.008439668033908094,0.7722873922758846,0.9868788392633913,2.961105995661276,0.03845592202157501,2.2750221946792197
Dataset_0136,single_output,Temperature (°C),gpr,7,3,0.9986831822247704,1.0898369514923438,0.009081974595769532,0.9053477455678455,0.9974165281085122,1.5949698913688364,0.016967764801796133,1.4944238581835765
Dataset_0136,single_output,Temperature (°C),gpr,7,4,0.9987508694101027,1.1439932280355125,0.009533276900295937,0.7799670532705112,0.9733382074465534,3.1870988131289195,0.05401862395133762,2.8132844951704215
Dataset_0136,single_output,Temperature (°C),gpr,2024,0,0.9976222531187858,1.465551914452706,0.01308528495047059,1.1485787787195574,0.9974623050965326,1.5717652459974882,0.01637255464580717,0.8497449626146505
Dataset_0136,single_output,Temperature (°C),gpr,2024,1,0.9984973001621014,1.1683803187612114,0.009736502656343429,0.862205351982758,0.9929995601700654,2.6045834203502856,0.029937740463796384,2.368359186849164
Dataset_0136,single_output,Temperature (°C),gpr,2024,2,0.9987278936692258,1.099222110683556,0.009160184255696301,0.8395766250154876,0.9919414847168196,2.1207636089362056,0.027542384531639034,1.6242725919667496
Dataset_0136,single_output,Temperature (°C),gpr,2024,3,0.997894753175825,1.2391906908036299,0.01087009377897921,0.8927544971821738,0.9960121798688996,2.4575420436910993,0.022967682651318686,1.7353482243672147
Dataset_0136,single_output,Temperature (°C),gpr,2024,4,0.9988206020559126,1.1336710253174236,0.009447258544311863,0.9232160897399122,0.979871421835896,2.0613548770586054,0.04481206254475229,1.627934898320429
Dataset_0136,single_output,Temperature (°C),gpr,99,0,0.9985081323584352,1.1902119312802295,0.00991843276066858,0.7880799450564869,0.9849597103144205,3.508327531304587,0.04331268557166157,2.249845782966595
Dataset_0136,single_output,Temperature (°C),gpr,99,1,0.9972101276465639,1.4971124310545398,0.0124759369254545,1.165927567621307,0.9985054737372939,1.3625592187911097,0.012854332252746318,0.9593010030442477
Dataset_0136,single_output,Temperature (°C),gpr,99,2,0.9991197738969098,0.905264662033028,0.008082720196723464,0.6775997427592062,0.9822968846736009,3.5523329848300493,0.04179215276270646,3.073608764555331
Dataset_0136,single_output,Temperature (°C),gpr,99,3,0.9993291244185962,0.8095845203937789,0.006746537669948158,0.6488067223002056,0.991368692093391,2.335515852803195,0.03485844556422679,2.0650537311006962
Dataset_0136,single_output,Temperature (°C),gpr,99,4,0.9983500961440441,1.2340243663822998,0.010824775143704385,0.8720629655615442,0.9948833506957774,2.108963186913477,0.02343292429903863,1.51605783022496
Dataset_0136,single_output,Temperature (°C),random_forest,42,0,0.9477692152737858,6.8534759112892045,0.06119174920793933,5.548754487906227,0.8773778784992782,10.960707439288933,0.09614655648499064,8.366946263227476
Dataset_0136,single_output,Temperature (°C),random_forest,42,1,0.9504529393702541,6.5637795336547216,0.05757701345311159,5.293059262257545,0.9101449829185395,10.082155692375329,0.09602053040357456,7.988682288610936
Dataset_0136,single_output,Temperature (°C),random_forest,42,2,0.9558533382366364,6.621249292518211,0.05517707743765176,5.158266511585513,0.919166566726563,6.3641573720094735,0.08839107461124268,5.130228269085462
Dataset_0136,single_output,Temperature (°C),random_forest,42,3,0.938548956790679,7.233926436741768,0.060282720306181405,5.626401958832977,0.8011957262263487,11.672960845750078,0.16917334559058084,10.580212396069564
Dataset_0136,single_output,Temperature (°C),random_forest,42,4,0.9525734367869865,6.727735365910572,0.0560644613825881,5.505297822228866,0.6510667685757026,15.7457214047657,0.21278001898332027,14.373873479694899
Dataset_0136,single_output,Temperature (°C),random_forest,123,0,0.9535823926075895,6.938809531230912,0.0578234127602576,5.2784866865937845,0.7407526043447022,11.503460023827659,0.20541892899692246,10.724034436628138
Dataset_0136,single_output,Temperature (°C),random_forest,123,1,0.9509801790830507,7.1771672556580866,0.059809727130484054,5.453975050811264,0.5452454968424894,13.104585057105382,0.21482926323123577,11.956118536225672
Dataset_0136,single_output,Temperature (°C),random_forest,123,2,0.9462125507384755,6.85299513943611,0.05710829282863425,5.203556505116866,0.9019236366922623,10.438430824432462,0.09847576249464587,9.798417463488915
Dataset_0136,single_output,Temperature (°C),random_forest,123,3,0.9253545344188334,7.357546818998951,0.06941081904715991,5.832082150927022,0.8882070500555345,13.282430648981869,0.11068692207484891,10.757964626643213
Dataset_0136,single_output,Temperature (°C),random_forest,123,4,0.9498732190396905,6.734162291388304,0.056118019094902535,5.447283935413197,0.9455584008590973,6.655483659803272,0.07478071527868844,5.942275888132981
Dataset_0136,single_output,Temperature (°C),random_forest,7,0,0.944440925550903,6.9727688263299745,0.06116463882745592,5.491661534563351,0.8792845682287058,11.273117173046233,0.10535623526211432,9.210216976310683
Dataset_0136,single_output,Temperature (°C),random_forest,7,1,0.9386750345972751,7.085442095685947,0.0632628758543388,5.775366696521894,0.9636502382932132,6.981923513217244,0.06912795557640836,5.455062358276613
Dataset_0136,single_output,Temperature (°C),random_forest,7,2,0.9499576980863812,6.889577902893216,0.0574131491907768,5.398737688875636,0.7078227116727028,13.973044844423338,0.18146811486264075,11.4430713942142
Dataset_0136,single_output,Temperature (°C),random_forest,7,3,0.9480775479440217,6.843468706101136,0.05702890588417613,5.315023413687194,0.9442970311934438,7.406103722284163,0.07878833747110811,6.400127251055819
Dataset_0136,single_output,Temperature (°C),random_forest,7,4,0.9560567744807775,6.7852444360153426,0.05654370363346119,5.315115717934686,0.7647263485945661,9.467547712178712,0.16046691037591038,8.759566893424092
Dataset_0136,single_output,Temperature (°C),random_forest,2024,0,0.9462365926230926,6.968860794606483,0.06222197138041503,5.632371466826852,0.8053175615665066,13.766748120562308,0.14340362625585737,11.894734623015921
Dataset_0136,single_output,Temperature (°C),random_forest,2024,1,0.9513828095235021,6.645735339608273,0.055381127830068946,5.281234176742812,0.8570771284261283,11.768645331344382,0.13527178541775153,10.314621710300296
Dataset_0136,single_output,Temperature (°C),random_forest,2024,2,0.9449361845719285,7.231974714174951,0.06026645595145793,5.929387383689084,0.9175138714448756,6.785083645470513,0.08811796942169497,5.411493197278909
Dataset_0136,single_output,Temperature (°C),random_forest,2024,3,0.9281498774220739,7.239363577715922,0.06350318927820985,5.713717752235,0.8864818397604668,13.111906624675115,0.12254118340817864,10.517394179894227
Dataset_0136,single_output,Temperature (°C),random_forest,2024,4,0.9556411855837599,6.952593352660424,0.057938277938836866,5.783363209268418,0.65086730467029,8.585023267283935,0.186630940593129,6.631954459561614
Dataset_0136,single_output,Temperature (°C),random_forest,99,0,0.9482574952491323,7.009432800495391,0.05841194000412826,5.699314810520183,0.939080791288764,7.060722736832372,0.08716941650410336,5.434398959836464
Dataset_0136,single_output,Temperature (°C),random_forest,99,1,0.9401797746742159,6.932442437276623,0.05777035364397186,5.322215882138253,0.89484691851515,11.429167904062012,0.10782233871756615,10.06281311413451
Dataset_0136,single_output,Temperature (°C),random_forest,99,2,0.946584528368635,7.051994737225468,0.0629642387252274,5.654152637911245,0.8778981484304316,9.329319015791334,0.10975669430342747,5.9077272370486344
Dataset_0136,single_output,Temperature (°C),random_forest,99,3,0.9551854508143472,6.6168413120158975,0.055140344266799146,5.358483123517598,0.7186133351009106,13.33509981388323,0.19903134050571986,12.649728200370996
Dataset_0136,single_output,Temperature (°C),random_forest,99,4,0.9507757868652366,6.740371096621733,0.05912606225106784,5.272426481564467,0.8237858677321173,12.376462807641884,0.13751625341824317,9.22104383975815
Dataset_0136,single_output,Temperature (°C),extra_trees,42,0,0.9686990626003591,5.305499613475461,0.04737053226317376,4.453269274376386,0.908310294221442,9.477951075252994,0.08313992171274556,8.108365079364873
Dataset_0136,single_output,Temperature (°C),extra_trees,42,1,0.9598513526966546,5.908544307343613,0.05182933602932994,5.073892720306503,0.9206972026893367,9.471668452601897,0.09020636621525616,8.51019047619054
Dataset_0136,single_output,Temperature (°C),extra_trees,42,2,0.9582706380048885,6.437420480432333,0.05364517067026944,5.77225287356315,0.8559327030288943,8.496266016861597,0.1180036946786333,7.893936507936538
Dataset_0136,single_output,Temperature (°C),extra_trees,42,3,0.9574921268225596,6.016503118206839,0.05013752598505699,4.680101258894383,0.839432168516042,10.490530280323906,0.15203667072933197,8.562081632652962
Dataset_0136,single_output,Temperature (°C),extra_trees,42,4,0.9550908715474975,6.546744415630765,0.054556203463589706,5.670701149425278,0.6793779689450301,15.093434600007066,0.20396533243252793,12.284507936507923
Dataset_0136,single_output,Temperature (°C),extra_trees,123,0,0.9645054353252992,6.0677058370185835,0.050564215308488196,4.6953367346938775,0.6604016444485438,13.166006821044732,0.23510726466151308,11.96792658730201
Dataset_0136,single_output,Temperature (°C),extra_trees,123,1,0.9597367043115086,6.504619056799047,0.05420515880665873,5.133022988505684,0.6692528065356749,11.175908918763035,0.18321162161906615,9.974142857142535
Dataset_0136,single_output,Temperature (°C),extra_trees,123,2,0.9583054768083575,6.033640843507123,0.05028034036255936,5.245593869731785,0.9444926436105355,7.852868275063793,0.07408366297229993,6.231666666666675
Dataset_0136,single_output,Temperature (°C),extra_trees,123,3,0.9412698536673992,6.526222260205325,0.06156813453023891,5.447667214012085,0.9307127048707592,10.456760295260157,0.08713966912716797,8.559687074829892
Dataset_0136,single_output,Temperature (°C),extra_trees,123,4,0.9566318626838373,6.263744800408807,0.05219787333674006,5.435540229885086,0.8618640772431748,10.601504483595527,0.11911802790556772,9.677301587301583
Dataset_0136,single_output,Temperature (°C),extra_trees,7,0,0.9510725589605938,6.543408245574574,0.05739831794363662,5.498666666666758,0.9123517827998961,9.605813898749512,0.08977396167055618,9.062694444444524
Dataset_0136,single_output,Temperature (°C),extra_trees,7,1,0.9647418054953674,5.372523599973231,0.04796896071404671,4.668739463601574,0.9473816117013222,8.400266676868329,0.08317095719671612,6.724936507936507
Dataset_0136,single_output,Temperature (°C),extra_trees,7,2,0.961875354027236,6.013494049987001,0.05011245041655834,4.749180076628369,0.7785881873731333,12.163770555867883,0.15797104618010238,10.208507936507706
Dataset_0136,single_output,Temperature (°C),extra_trees,7,3,0.9638285374617178,5.711914832044588,0.047599290267038234,4.682528735632218,0.9165350616799081,9.065727425527866,0.09644390878221135,8.17019047619045
Dataset_0136,single_output,Temperature (°C),extra_trees,7,4,0.962723333995089,6.249396256237544,0.052078302135312865,5.441195402298875,0.8214858391526905,8.246832854901644,0.1397768280491804,6.680682539682631
Dataset_0136,single_output,Temperature (°C),extra_trees,2024,0,0.9655848505159057,5.575620765852192,0.04978232826653743,4.625849206349157,0.8713495323907552,11.191122830958468,0.11657419615581738,9.632722222222569
Dataset_0136,single_output,Temperature (°C),extra_trees,2024,1,0.9589918912862192,6.103556695034615,0.05086297245862179,5.244720306513469,0.9007353706665078,9.807828671548036,0.11273366289135674,8.711222222222148
Dataset_0136,single_output,Temperature (°C),extra_trees,2024,2,0.9517758275645519,6.767934397474163,0.05639945331228469,6.128659003831401,0.9224146822229083,6.580433691073125,0.08546017780614448,5.0522222222222855
Dataset_0136,single_output,Temperature (°C),extra_trees,2024,3,0.9373328313551629,6.76093356491693,0.05930643477997307,5.5448888888889165,0.9029870661383023,12.121266369717512,0.11328286326838796,10.4559682539683
Dataset_0136,single_output,Temperature (°C),extra_trees,2024,4,0.9675116051608759,5.950055148887093,0.04958379290739244,5.16147126436778,0.5332703444031504,9.926106125062143,0.2157849157622205,8.50839682539676
Dataset_0136,single_output,Temperature (°C),extra_trees,99,0,0.961871886390328,6.017024944630234,0.050141874538585283,5.067809523809552,0.904882188316688,8.822729335105032,0.10892258438401274,7.350111111110991
Dataset_0136,single_output,Temperature (°C),extra_trees,99,1,0.9528101839666804,6.157244394164104,0.051310369951367535,5.130188834154363,0.9417840852099996,8.504023937401906,0.0802266409188859,7.498458049886608
Dataset_0136,single_output,Temperature (°C),extra_trees,99,2,0.9531808757405037,6.602221475057046,0.05894840602729506,5.672789272030696,0.8117411654622476,11.584212138602046,0.13628484868943583,10.406206349206245
Dataset_0136,single_output,Temperature (°C),extra_trees,99,3,0.9652838833000557,5.8238043052442405,0.048531702543702,4.927620689655206,0.7869673816508667,11.602927199105409,0.17317801789709567,10.106753968253868
Dataset_0136,single_output,Temperature (°C),extra_trees,99,4,0.9627227481142838,5.865652906328123,0.05145309566954494,5.213129720853936,0.8960904925683214,9.503942854764594,0.10559936505293993,8.189065759637101
Dataset_0136,single_output,Temperature (°C),gradient_boosting,42,0,0.9946730536644782,2.188702712111376,0.019541988500994426,1.3703363175910883,0.9858502744361902,3.723301294776011,0.03266053767347378,3.159387273082011
Dataset_0136,single_output,Temperature (°C),gradient_boosting,42,1,0.9890718755277694,3.0826048284847776,0.027040393232322612,1.5183045696440758,0.9827350557908209,4.41941539074842,0.04208967038808019,2.902922883550486
Dataset_0136,single_output,Temperature (°C),gradient_boosting,42,2,0.9963884132243191,1.8938258143714093,0.01578188178642841,1.4991782309037787,0.9840078034933987,2.8307365762075243,0.039315785780660056,2.44604617239576
Dataset_0136,single_output,Temperature (°C),gradient_boosting,42,3,0.9888355270908843,3.0833907849813547,0.025694923208177955,2.2481681046960627,0.9483715613174298,5.948571230814181,0.08621117725817654,5.256629083135579
Dataset_0136,single_output,Temperature (°C),gradient_boosting,42,4,0.9977683426504177,1.459391558162872,0.012161596318023934,1.0198909994366134,0.9879527730569041,2.925734700161851,0.03953695540759258,2.760565340270091
Dataset_0136,single_output,Temperature (°C),gradient_boosting,123,0,0.9968048153030598,1.8205037366992969,0.01517086447249414,1.5174918463214644,0.9850806064069875,2.7596046758790123,0.04927865492641093,2.183483994726977
Dataset_0136,single_output,Temperature (°C),gradient_boosting,123,1,0.99427075144723,2.453669354666696,0.020447244622222468,1.5504742606977402,0.973463535190705,3.1656019346721234,0.051895113683149564,2.6348132318357136
Dataset_0136,single_output,Temperature (°C),gradient_boosting,123,2,0.9813712024982832,4.0330384270993145,0.033608653559160956,2.0908646953358536,0.9723936233393765,5.538061129538986,0.05224585971263194,4.106079085128848
Dataset_0136,single_output,Temperature (°C),gradient_boosting,123,3,0.9947214870212311,1.9565327219888402,0.018457855867819246,1.5033488741138792,0.9938638873478773,3.1118382229451664,0.02593198519120972,2.842254461217798
Dataset_0136,single_output,Temperature (°C),gradient_boosting,123,4,0.9955100317195115,2.0154420110814284,0.016795350092345236,1.3938863130671926,0.9882677525169054,3.089618042095365,0.034714809461745676,2.3377614600886676
Dataset_0136,single_output,Temperature (°C),gradient_boosting,7,0,0.9918495215973684,2.6706643936819336,0.023426880646332752,2.05161516809842,0.9841098467459639,4.090031642687677,0.038224594791473616,3.463602984683611
Dataset_0136,single_output,Temperature (°C),gradient_boosting,7,1,0.9904124880029274,2.801568576003562,0.025014005142888946,1.9613130715454465,0.9852488698993432,4.447714985854547,0.04403678203816383,3.9471423204283673
Dataset_0136,single_output,Temperature (°C),gradient_boosting,7,2,0.9968749706405452,1.7216744194261886,0.014347286828551572,1.3622906315632848,0.9820590216927948,3.462508804059023,0.04496764680596134,2.8006667967807255
Dataset_0136,single_output,Temperature (°C),gradient_boosting,7,3,0.9978046055549465,1.4071972221846283,0.011726643518205236,0.7749247804428298,0.9965668391175159,1.8386442020221956,0.019560044702363784,1.5493105928933752
Dataset_0136,single_output,Temperature (°C),gradient_boosting,7,4,0.9991255668689638,0.9571562371572132,0.00797630197631011,0.6425491515744048,0.9906719223706795,1.885154425462251,0.031951769923089,1.5483956884896202
Dataset_0136,single_output,Temperature (°C),gradient_boosting,2024,0,0.9900716264954549,2.9947284624554786,0.02673864698620963,1.8351672152462564,0.9882533978405056,3.3816145851157824,0.0352251519282894,2.899676818621728
Dataset_0136,single_output,Temperature (°C),gradient_boosting,2024,1,0.9973928510173703,1.5389731309473236,0.012824776091227697,1.1974027548676256,0.9926430121022072,2.6700883320204456,0.030690670482993627,2.3387907293927697
Dataset_0136,single_output,Temperature (°C),gradient_boosting,2024,2,0.9988577221343985,1.0416207654660823,0.008680173045550686,0.7868668633954775,0.9973268355982282,1.2214553051348023,0.015863055910841587,1.1735885263334223
Dataset_0136,single_output,Temperature (°C),gradient_boosting,2024,3,0.9871999223117061,3.0555749047550287,0.026803288638202007,2.1534803069288255,0.9760243937188678,6.025845257200937,0.05631631081496203,5.343956194521866
Dataset_0136,single_output,Temperature (°C),gradient_boosting,2024,4,0.9991205246525399,0.978968457278127,0.008158070477317725,0.767747580946093,0.9802185317542254,2.043503931248088,0.04442399850539321,1.7802369890632608
Dataset_0136,single_output,Temperature (°C),gradient_boosting,99,0,0.9935435087657174,2.476038739553449,0.02063365616294541,1.8917118428210142,0.9818617380096616,3.852741458494148,0.04756470936412528,3.643231250444124
Dataset_0136,single_output,Temperature (°C),gradient_boosting,99,1,0.9774555996204799,4.255803762979642,0.03546503135816369,2.267687985887139,0.9662744326026936,6.4726666861566775,0.06106289326562903,5.359654613074919
Dataset_0136,single_output,Temperature (°C),gradient_boosting,99,2,0.9878350308356776,3.3653787803905106,0.030048024824915275,1.6210259957253863,0.9218249919803275,7.46487923834566,0.08782210868641953,5.910008779705728
Dataset_0136,single_output,Temperature (°C),gradient_boosting,99,3,0.9965656651154317,1.831734494591704,0.015264454121597533,1.2512377671726147,0.969436752419631,4.394852101186131,0.06559480748039001,4.184922239912445
Dataset_0136,single_output,Temperature (°C),gradient_boosting,99,4,0.998441517097214,1.1993486137340634,0.010520601874860206,0.7484885080707441,0.9966414733970862,1.7086400017564431,0.018984888908404923,1.2780921730880956
Dataset_0136,single_output,Temperature (°C),xgboost,42,0,0.9991683959960938,0.8647694253385677,0.007721155518302254,0.710509181022644,0.9943392872810364,2.354989630965875,0.02065780343458489,1.9412193298339844
Dataset_0136,single_output,Temperature (°C),xgboost,42,1,0.9990593791007996,0.9043908616199442,0.007933252981162717,0.7640359997749329,0.995532751083374,2.2480271485206402,0.021409782185649043,2.0554330348968506
Dataset_0136,single_output,Temperature (°C),xgboost,42,2,0.9993262887001038,0.8179496158085241,0.006816247116265282,0.6548388004302979,0.9961893558502197,1.3818028961652629,0.019191706778852388,1.1614553928375244
Dataset_0136,single_output,Temperature (°C),xgboost,42,3,0.9985505938529968,1.1109754810735064,0.009258129228997703,0.9691720008850098,0.9886990785598755,2.783078396327962,0.040334469324242145,2.598475933074951
Dataset_0136,single_output,Temperature (°C),xgboost,42,4,0.9992790818214417,0.8294733694307417,0.006912278731774508,0.6847776174545288,0.9911045432090759,2.514061767881487,0.03397380720458111,2.266972064971924
Dataset_0136,single_output,Temperature (°C),xgboost,123,0,0.9992592334747314,0.8765705863049269,0.007304754799707491,0.7070410847663879,0.9884752631187439,2.425419926416456,0.043311070304000276,2.1288986206054688
Dataset_0136,single_output,Temperature (°C),xgboost,123,1,0.9993398785591125,0.8328738893137669,0.006940615953623238,0.6918387413024902,0.9943956732749939,1.4547793907373419,0.023848841968853986,1.2905622720718384
Dataset_0136,single_output,Temperature (°C),xgboost,123,2,0.9990495443344116,0.9109796556824536,0.007591497285358714,0.7945314645767212,0.992115318775177,2.9596777176033267,0.027921489928615137,2.7470529079437256
Dataset_0136,single_output,Temperature (°C),xgboost,123,3,0.9984714388847351,1.0528606275392478,0.009932647321994555,0.8365015387535095,0.9918266534805298,3.591450096262694,0.02992875124256424,2.8924953937530518
Dataset_0136,single_output,Temperature (°C),xgboost,123,4,0.9992003440856934,0.8505659309075265,0.007088049255425426,0.7058326601982117,0.9902043342590332,2.8231348514110532,0.03172061485128621,2.2834384441375732
Dataset_0136,single_output,Temperature (°C),xgboost,7,0,0.9989509582519531,0.9581334209631966,0.008404679315641032,0.7009833455085754,0.994509220123291,2.404249276031674,0.022469620218528333,2.0264511108398438
Dataset_0136,single_output,Temperature (°C),xgboost,7,1,0.9989004731178284,0.948752394661878,0.008471003752702645,0.7762903571128845,0.9867193698883057,4.2202107479027475,0.041784263774289364,3.6340115070343018
Dataset_0136,single_output,Temperature (°C),xgboost,7,2,0.9989204406738281,1.0119246343322919,0.008432704876574113,0.7580345273017883,0.985399067401886,3.123618621688987,0.04056647369738387,2.6671578884124756
Dataset_0136,single_output,Temperature (°C),xgboost,7,3,0.9993551969528198,0.7626134459729046,0.006355112575111471,0.6176378726959229,0.997982919216156,1.4093264941476933,0.014992835124468242,1.2608468532562256
Dataset_0136,single_output,Temperature (°C),xgboost,7,4,0.9995383024215698,0.6955213554539953,0.005796011143847363,0.5027844905853271,0.988933265209198,2.0533408041401158,0.03480238606003043,1.645538330078125
Dataset_0136,single_output,Temperature (°C),xgboost,2024,0,0.9990304112434387,0.9358584018711451,0.008355878209399419,0.7971616387367249,0.9905914068222046,3.0264250118003555,0.03152526133635999,2.256755828857422
Dataset_0136,single_output,Temperature (°C),xgboost,2024,1,0.99935382604599,0.7661626057157951,0.00638468843947289,0.5856796503067017,0.993739128112793,2.4631594360701095,0.028312176923821365,2.312098979949951
Dataset_0136,single_output,Temperature (°C),xgboost,2024,2,0.9993680715560913,0.7747540683621055,0.006456284260880517,0.6044248342514038,0.9915041923522949,2.1775415720075344,0.028279759826381468,1.8016880750656128
Dataset_0136,single_output,Temperature (°C),xgboost,2024,3,0.9986429810523987,0.9949111500563758,0.008727290801010968,0.8267232775688171,0.9936705827713013,3.0960991157910702,0.02893550597513847,2.664341449737549
Dataset_0136,single_output,Temperature (°C),xgboost,2024,4,0.9994091987609863,0.8023899945356956,0.006686582913242851,0.6397915482521057,0.9876662492752075,1.613593784752272,0.03507812460382709,1.4748927354812622
Dataset_0136,single_output,Temperature (°C),xgboost,99,0,0.9991013407707214,0.9237538926864598,0.007697949580111484,0.7466561198234558,0.9942905902862549,2.1615667721919976,0.026686009843410484,1.6790733337402344
Dataset_0136,single_output,Temperature (°C),xgboost,99,1,0.9985862374305725,1.06573040124929,0.008881086590442566,0.8069710731506348,0.9976112842559814,1.7226026185006391,0.016250967817444496,1.2473362684249878
Dataset_0136,single_output,Temperature (°C),xgboost,99,2,0.9984353184700012,1.2069522868873361,0.010776359675842659,0.934846043586731,0.9815775156021118,3.623790539201911,0.04263283079082908,3.0711758136749268
Dataset_0136,single_output,Temperature (°C),xgboost,99,3,0.9993829131126404,0.7764510967086975,0.006470426197109218,0.599853515625,0.9833484888076782,3.2439271970357115,0.04841682377085411,2.937404155731201
Dataset_0136,single_output,Temperature (°C),xgboost,99,4,0.9990273714065552,0.9474821806668843,0.008311247274946608,0.734492838382721,0.9947367310523987,2.1389672759033163,0.02376630399999088,1.8675276041030884
Dataset_0136,single_output,Temperature (°C),ann,42,0,0.9789561032801082,4.350214744846819,0.03884120307898946,2.893314254862314,0.9507291904028765,6.947827419156423,0.060945854554003705,6.18079495789587
Dataset_0136,single_output,Temperature (°C),ann,42,1,0.9738732466579052,4.766370088243043,0.04181026393195652,3.906248235830893,0.9338212383365411,8.652498891766323,0.08240475135015546,7.87156745956714
Dataset_0136,single_output,Temperature (°C),ann,42,2,0.9444848542686318,7.425004942514369,0.061875041187619745,6.643074318063678,0.8320678597576416,9.173019340491342,0.1274030463957131,8.030423803749256
Dataset_0136,single_output,Temperature (°C),ann,42,3,0.9883010926497175,3.1563278606470258,0.026302732172058547,1.987058661300335,0.9464750667186977,6.056841905123349,0.08778031746555578,5.130918545347031
Dataset_0136,single_output,Temperature (°C),ann,42,4,0.9892271972766861,3.2064348968777927,0.026720290807314938,2.3799077153332746,0.970752825888163,4.558619585808474,0.061602967375790185,4.387597272426433
Dataset_0136,single_output,Temperature (°C),ann,123,0,0.9845221191395265,4.006815458427181,0.03339012882022651,3.36106434971246,0.884288506634599,7.685277183986396,0.13723709257118563,6.533299753988878
Dataset_0136,single_output,Temperature (°C),ann,123,1,0.9828141660211197,4.249643637644446,0.035413696980370384,2.2462183964785507,0.8863250274947826,6.551899072315369,0.10740818151336672,5.9512501354707705
Dataset_0136,single_output,Temperature (°C),ann,123,2,0.9798423721393932,4.195267529200447,0.03496056274333706,3.014299374795259,0.9523221532723084,7.2779883688547615,0.06866026763070529,6.300645881455994
Dataset_0136,single_output,Temperature (°C),ann,123,3,0.9833908741405156,3.4706011537270487,0.03274152031817971,2.3902368366622797,0.9677896011257927,7.129653115963884,0.0594137759663657,6.915473651363267
Dataset_0136,single_output,Temperature (°C),ann,123,4,0.9832708289297761,3.8903249785648453,0.03241937482137371,2.506653035497591,0.9923545235570443,2.494114929629168,0.028023763254260314,2.2698149617348804
Dataset_0136,single_output,Temperature (°C),ann,7,0,0.929906727992413,7.831878341618624,0.06870068720718091,7.179257402671829,0.896294468707282,10.448731888052674,0.09765169988834274,9.261533888223369
Dataset_0136,single_output,Temperature (°C),ann,7,1,0.875771491358638,10.084605949361178,0.09004112454786765,7.839639080907125,0.8162140299420981,15.699306928966475,0.1554386824650146,12.307234420306226
Dataset_0136,single_output,Temperature (°C),ann,7,2,0.986106314322522,3.6302180393974592,0.030251816994978826,2.1267330506752193,0.9286918739060589,6.902991485240747,0.08964924006806166,5.99288652860506
Dataset_0136,single_output,Temperature (°C),ann,7,3,0.989800283794507,3.0331419300878526,0.025276182750732106,2.1176412308940744,0.9898303248941103,3.1644931368945457,0.033664820605261124,2.683350101125338
Dataset_0136,single_output,Temperature (°C),ann,7,4,0.9745522668068644,5.163498831190867,0.04302915692659056,4.203146677613604,0.5733771489497894,12.748905822121884,0.21608314952748955,11.075103796379981
Dataset_0136,single_output,Temperature (°C),ann,2024,0,0.9808979718440856,4.153920085765471,0.037088572194334556,3.3900278112880704,0.9599387866271296,6.244965269598326,0.0650517215583159,5.04313142521125
Dataset_0136,single_output,Temperature (°C),ann,2024,1,0.9895544609967104,3.080445577401629,0.02567037981168024,2.3563400247159523,0.9686081429044378,5.51549013923824,0.06339643838204874,4.837483758741444
Dataset_0136,single_output,Temperature (°C),ann,2024,2,0.9785080664186967,4.518158825507357,0.03765132354589464,3.3435449557372277,0.8573464700132793,8.922899613453698,0.11588181316173633,8.733038308609432
Dataset_0136,single_output,Temperature (°C),ann,2024,3,0.8685600773555969,9.791523694054927,0.08589055871978006,7.742637246464969,0.8165846226497545,16.666754855443926,0.1557640640695694,13.721575452021227
Dataset_0136,single_output,Temperature (°C),ann,2024,4,0.9761948495669331,5.093218746469427,0.04244348955391189,4.02613318268157,0.8223502492822131,6.123906018795233,0.13312839171293983,4.037231858295432
Dataset_0136,single_output,Temperature (°C),ann,99,0,0.9850270382216416,3.7706221151386496,0.03142185095948875,2.704931766891836,0.9419663755506341,6.891470135854015,0.08507987822041994,5.508365346632374
Dataset_0136,single_output,Temperature (°C),ann,99,1,0.9926988486930947,2.4219095752597473,0.020182579793831226,1.5568089448492965,0.9833410741563435,4.549117017044374,0.042916198274003524,3.7354820017147694
Dataset_0136,single_output,Temperature (°C),ann,99,2,0.9828505644831923,3.9957964861204402,0.03567675434036107,3.2637617364175835,0.8980526089336517,8.524656286284753,0.1002900739562912,6.740069521335499
Dataset_0136,single_output,Temperature (°C),ann,99,3,0.9582394880545407,6.387399947376654,0.05322833289480545,4.9751783288030325,0.7681270079983273,12.105133900180615,0.1806736403012032,11.196269997725867
Dataset_0136,single_output,Temperature (°C),ann,99,4,0.914525945007836,8.882016391539084,0.07791242448718495,7.370575719612043,0.741435240323451,14.992043722345288,0.16657826358161432,12.645424973298352
Dataset_0136,single_output,Temperature (°C),lightgbm,42,0,0.997935560571189,1.362538202577679,0.012165519665872135,1.0108234053778509,0.9889859042790677,3.2849487343545762,0.028815339775040142,2.940109022813168
Dataset_0136,single_output,Temperature (°C),lightgbm,42,1,0.9987884540739693,1.026396065579967,0.009003474259473395,0.6974586293551535,0.9931953330613953,2.7745060150163563,0.026423866809679585,2.311570431412503
Dataset_0136,single_output,Temperature (°C),lightgbm,42,2,0.9985264024483206,1.2097077156153484,0.010080897630127903,0.9784398999491432,0.9830272620888226,2.9162271586278936,0.040503154980942965,2.192266676756877
Dataset_0136,single_output,Temperature (°C),lightgbm,42,3,0.9992614667848275,0.7930388696674332,0.00660865724722861,0.6437305960528389,0.9873048829939924,2.949758930066189,0.04275012942124912,2.496153384553785
Dataset_0136,single_output,Temperature (°C),lightgbm,42,4,0.9992831915322669,0.8271030770864158,0.006892525642386798,0.6555408969571772,0.9934850360166751,2.1515300016093875,0.02907472975147821,1.8967693319633636
Dataset_0136,single_output,Temperature (°C),lightgbm,123,0,0.9989163335988225,1.0602087767106116,0.008835073139255098,0.7645798274261243,0.9835046949114966,2.9016930042843825,0.05181594650507826,2.2136549500730354
Dataset_0136,single_output,Temperature (°C),lightgbm,123,1,0.999352104541173,0.8251248653601307,0.006876040544667756,0.7182047662569999,0.9938596566630644,1.5227587284378998,0.024963257843244258,1.2501279176150806
Dataset_0136,single_output,Temperature (°C),lightgbm,123,2,0.9951721137309636,2.053139528860248,0.017109496073835398,1.4664027051690223,0.9855831228105455,4.002106487276481,0.037755721578080007,3.01935336737122
Dataset_0136,single_output,Temperature (°C),lightgbm,123,3,0.9964042361252125,1.614830342775609,0.015234248516751028,1.2752485155157764,0.981730545387933,5.369491265838566,0.04474576054865472,5.1196379187195555
Dataset_0136,single_output,Temperature (°C),lightgbm,123,4,0.9989097611168458,0.993137781889188,0.0082761481824099,0.8764119701622333,0.9960236984690378,1.7986797280250197,0.020209884584550784,1.6091406110063124
Dataset_0136,single_output,Temperature (°C),lightgbm,7,0,0.9974893159140051,1.4822579922143377,0.013002263089599455,1.278981066267765,0.9748760047675418,5.142886930603316,0.04806436383741417,3.9986793261974753
Dataset_0136,single_output,Temperature (°C),lightgbm,7,1,0.998432184499789,1.1329109493002048,0.010115276333037543,0.9269165831990979,0.9967883648470799,2.075331147260474,0.02054783314119281,1.8554113218105337
Dataset_0136,single_output,Temperature (°C),lightgbm,7,2,0.9990383119211332,0.9550829498851297,0.00795902458237608,0.7348564823261733,0.9901567290207938,2.564705755264003,0.03330786695148056,2.2447853325019844
Dataset_0136,single_output,Temperature (°C),lightgbm,7,3,0.9993326910207133,0.7758221470047871,0.006465184558373226,0.6681073285799298,0.994584462894712,2.3092523099972175,0.02456651393614061,2.1664390382926593
Dataset_0136,single_output,Temperature (°C),lightgbm,7,4,0.9997006107847611,0.5600639352530206,0.004667199460441838,0.41043371248618093,0.9985595628671597,0.7407949452689098,0.012555846529981521,0.6700404130882264
Dataset_0136,single_output,Temperature (°C),lightgbm,2024,0,0.9985523483607694,1.1435375500496563,0.010210156696871931,0.946977058394901,0.9961208642297031,1.9432803895434168,0.020242504057743926,1.6483684381052583
Dataset_0136,single_output,Temperature (°C),lightgbm,2024,1,0.9981200557962852,1.306834504827587,0.01089028754022989,0.9321569285867134,0.9859492727685314,3.689988473681063,0.04241366061702371,3.3951107015471638
Dataset_0136,single_output,Temperature (°C),lightgbm,2024,2,0.9990567214419851,0.9465503705334962,0.007887919754445801,0.7969111308311219,0.9946711639978177,1.7245703812105149,0.022397017937798896,1.4843638923189897
Dataset_0136,single_output,Temperature (°C),lightgbm,2024,3,0.9953042094788371,1.8507211545991917,0.016234396092975365,1.5000435582357141,0.9898112993410277,3.928190828063253,0.03671206381367526,3.3716283411618275
Dataset_0136,single_output,Temperature (°C),lightgbm,2024,4,0.9987260466340355,1.178239638037678,0.009818663650313983,0.9143487088845079,0.9704774399648272,2.4964520170729316,0.0542706960233246,2.3216136237532266
Dataset_0136,single_output,Temperature (°C),lightgbm,99,0,0.9974825277556286,1.5461139474476322,0.012884282895396936,1.260629540635648,0.9850557103737112,3.497113026253041,0.04317423489201285,3.0851533645937224
Dataset_0136,single_output,Temperature (°C),lightgbm,99,1,0.9965653681719469,1.661125116667293,0.013842709305560775,1.3656929794640604,0.9888242993838121,3.725984040703698,0.035150792836827344,3.4821038575735606
Dataset_0136,single_output,Temperature (°C),lightgbm,99,2,0.9989369176257136,0.9948598511162258,0.00888267724210916,0.7506782211273691,0.9932743353027781,2.189557855584173,0.02575950418334321,1.5696782389357022
Dataset_0136,single_output,Temperature (°C),lightgbm,99,3,0.9996087133888953,0.6182849812089733,0.005152374843408111,0.5049841037585805,0.9726635517763387,4.156382983310981,0.06203556691508927,4.021575787916926
Dataset_0136,single_output,Temperature (°C),lightgbm,99,4,0.9990495534315055,0.9366088775644098,0.008215867347056226,0.7688733996362183,0.995056674531378,2.07293543718675,0.02303261596874167,1.5438091073161542
Dataset_0136,single_output,Strain,linear_regression,42,0,0.9683388756093794,4.4120084078706014,0.04502049395786328,3.3365902845691577,0.9627142357263081,5.533832763224897,0.06667268389427587,4.810873412927555
Dataset_0136,single_output,Strain,linear_regression,42,1,0.9644246705207646,4.7766445948266165,0.048741271375781804,3.74363980651186,0.9749959708546391,4.293910213314168,0.0631457384310907,3.908949245823152
Dataset_0136,single_output,Strain,linear_regression,42,2,0.9738095952869056,4.231331337152001,0.04454032986475791,3.168373873108048,0.8630767103459973,6.886786216566874,0.1465273663099335,5.163234380243817
Dataset_0136,single_output,Strain,linear_regression,42,3,0.9644055730454636,4.700669434051021,0.05222966037834468,3.8960208006507635,0.9473996220852767,4.5519506796537,0.07112422936958906,2.8882920063888355
Dataset_0136,single_output,Strain,linear_regression,42,4,0.9719558522258754,4.496119814357404,0.04587877361589188,3.463035214293222,0.9323050702138768,5.173169688318603,0.08621949480531005,3.9491584164868567
Dataset_0136,single_output,Strain,linear_regression,123,0,0.9659347309409653,5.067602998953034,0.051710234683194224,4.104518227684328,0.9754519414292895,2.8632961269474184,0.0584346148356616,2.4834430219539607
Dataset_0136,single_output,Strain,linear_regression,123,1,0.9668712714379148,4.887833803743855,0.04987585514024342,3.7502419579202297,0.9697666232686899,3.429669746716849,0.06351240271697868,3.217933244555275
Dataset_0136,single_output,Strain,linear_regression,123,2,0.971705506637759,4.18161379704385,0.042669528541263775,3.140108411881184,0.9562565640236899,6.104270868059624,0.07016403296620258,5.5240118892197225
Dataset_0136,single_output,Strain,linear_regression,123,3,0.9628107819496202,4.399045373911261,0.04887828193234735,3.4482754289740756,0.971931972307483,5.793953707799933,0.06366982096483442,4.524064066314461
Dataset_0136,single_output,Strain,linear_regression,123,4,0.9749982540873773,4.1803347143415,0.04400352330885789,3.30318757096159,0.9030350115030038,6.545055133751855,0.10556540538309445,4.6509666996814625
Dataset_0136,single_output,Strain,linear_regression,7,0,0.97216414827372,4.227101962962456,0.044495810136446906,3.158776867198417,0.9381783101905855,6.556180321372965,0.08094049779472796,4.950369694181793
Dataset_0136,single_output,Strain,linear_regression,7,1,0.9665104819358801,4.384760751044591,0.048719563900495456,3.543379325928739,0.9662496366165793,5.9083377902929115,0.0649267889043177,4.728752668201552
Dataset_0136,single_output,Strain,linear_regression,7,2,0.9674592624657917,4.516628421491117,0.0460880451172563,3.4974254084886875,0.956744080382238,5.499278791796601,0.07431457826752164,5.057745214783408
Dataset_0136,single_output,Strain,linear_regression,7,3,0.9679906074715637,4.665754831243844,0.04760974317595759,3.6226642356531276,0.9643033415203717,4.59992905374408,0.06388790352422333,3.4891680167179024
Dataset_0136,single_output,Strain,linear_regression,7,4,0.9717319006163119,4.711371333847561,0.04807521769232205,3.7537702061960316,0.8549043836510736,4.517045594986765,0.12375467383525383,3.7078691785291307
Dataset_0136,single_output,Strain,linear_regression,2024,0,0.9648365690289596,4.849043278343919,0.04948003345248896,3.7613329432721088,0.9726962216302114,3.791018538738595,0.05575027262850875,2.7739272423003714
Dataset_0136,single_output,Strain,linear_regression,2024,1,0.9715191053544504,4.407245282527822,0.044971890638039004,3.522335148799152,0.9434532898751894,5.756586470921487,0.07333231173148391,4.970744057586716
Dataset_0136,single_output,Strain,linear_regression,2024,2,0.9693613461869023,4.64144185806175,0.047361651612875,3.5960065186170684,0.9074231016811685,4.579064988232306,0.10406965882346149,3.368821255853805
Dataset_0136,single_output,Strain,linear_regression,2024,3,0.9682844939577051,4.014012946903207,0.046138079849462145,3.1108246020933774,0.9625049258807039,6.971570735905861,0.07113847689699859,4.997350012606047
Dataset_0136,single_output,Strain,linear_regression,2024,4,0.9683348105946448,4.826769457147163,0.049252749562726156,3.8344276806005975,0.9566186220704049,3.9775523793723027,0.07102772106021969,3.4106816800443664
Dataset_0136,single_output,Strain,linear_regression,99,0,0.9644500666663164,4.743259224853057,0.05270288027614508,3.9496640801507312,0.9739342050373518,4.344636598365646,0.05022701269786874,2.788659045960623
Dataset_0136,single_output,Strain,linear_regression,99,1,0.9670055122726084,4.497601388556484,0.04589389171996412,3.373405361214932,0.9626452878465859,5.131530189242622,0.058983105623478416,4.212621578284326
Dataset_0136,single_output,Strain,linear_regression,99,2,0.9749240934262849,4.022587696460366,0.04234302838379333,3.046255793492449,0.9029669208621063,7.19803471273881,0.09997270434359458,5.093828825794793
Dataset_0136,single_output,Strain,linear_regression,99,3,0.9722676988627895,4.579778595866855,0.0467324346517026,3.676856408163493,0.887645513246064,5.264709298487737,0.11699353996639415,4.3711542223138276
Dataset_0136,single_output,Strain,linear_regression,99,4,0.9640355470460857,4.8260728494217595,0.049245641320630196,3.6854008491082038,0.9811199801163543,3.7118114500260515,0.05084673219213769,3.391500395310871
Dataset_0136,single_output,Strain,ridge,42,0,0.9671703669688935,4.492687161493241,0.0458437465458494,3.535778685862914,0.958522451751805,5.836614961744874,0.07032066218969728,4.9708380240820365
Dataset_0136,single_output,Strain,ridge,42,1,0.963336573837274,4.8491429480062145,0.04948105048985933,3.846275927374405,0.9673742562283951,4.904877568123197,0.07213055247239997,4.544072494026567
Dataset_0136,single_output,Strain,ridge,42,2,0.9726794394432435,4.3216613544243945,0.04549117215183573,3.409699704548995,0.896060122410955,6.000245773793969,0.12766480369774402,4.413860467117311
Dataset_0136,single_output,Strain,ridge,42,3,0.9633772363152887,4.768088040649814,0.05297875600722016,4.009321786186676,0.9316897462130427,5.187356132444855,0.08105243956945087,3.2839963205790923
Dataset_0136,single_output,Strain,ridge,42,4,0.9708317058741737,4.585347643977676,0.04678926167324159,3.561965809698583,0.940383963836071,4.854675452053217,0.0809112575342203,3.9896028294329824
Dataset_0136,single_output,Strain,ridge,123,0,0.9650039390394538,5.136369458276499,0.052411933247719374,4.225805859743415,0.9740226643481639,2.9454726423840456,0.06011168657926624,2.3987680432285012
Dataset_0136,single_output,Strain,ridge,123,1,0.9659175319207456,4.957692253558656,0.05058869646488424,3.9370713022447563,0.9612880718949913,3.8808903812006363,0.07186834039260438,3.662626015529621
Dataset_0136,single_output,Strain,ridge,123,2,0.9705103424481835,4.269016405233144,0.04356139189013412,3.352855122805437,0.9544610207944617,6.228292434450274,0.07158956821207212,5.720256171139121
Dataset_0136,single_output,Strain,ridge,123,3,0.9615258901509852,4.474393839843485,0.04971548710937205,3.605616543192867,0.9673101396757431,6.25281537064845,0.06871225682031264,4.824591853151107
Dataset_0136,single_output,Strain,ridge,123,4,0.9738168725726449,4.277959292462072,0.04503115044696918,3.4718653172035903,0.9193631612317309,5.96860146206645,0.0962677655172008,4.422083789637362
Dataset_0136,single_output,Strain,ridge,7,0,0.97094097282142,4.318978101174704,0.045462927380786354,3.29361473069709,0.9485289718770353,5.982213047151751,0.07385448206360186,4.669717453553208
Dataset_0136,single_output,Strain,ridge,7,1,0.9653087488585003,4.462738445206933,0.049585982724521485,3.6299190286402343,0.9607781349128317,6.369278087363391,0.0699920668941032,5.192141256132477
Dataset_0136,single_output,Strain,ridge,7,2,0.9664865382098701,4.583638013250533,0.04677181646174013,3.6374869526048283,0.9448507401358448,6.2094453142562855,0.08391142316562548,5.765870172372702
Dataset_0136,single_output,Strain,ridge,7,3,0.9668186555844783,4.750400079793116,0.04847347020197057,3.7693858369684103,0.9718178343542339,4.087187231732578,0.05676648932961914,3.072509515607147
Dataset_0136,single_output,Strain,ridge,7,4,0.9708049741398715,4.787992512043355,0.04885706644942199,3.8878151047377596,0.8525021185543411,4.554285158857541,0.1247749358591107,3.807832606710355
Dataset_0136,single_output,Strain,ridge,2024,0,0.9636271083711481,4.931730690532847,0.05032378255645762,3.904414306391407,0.9765075530053925,3.5164841238706095,0.05171300182162661,2.8593670847638126
Dataset_0136,single_output,Strain,ridge,2024,1,0.9705029753812499,4.485176244403087,0.04576710453472538,3.657692330848548,0.9348598109465646,6.1785400844690885,0.07870751699960622,5.440952308433253
Dataset_0136,single_output,Strain,ridge,2024,2,0.9684373395179419,4.710910751753942,0.04807051787504022,3.7172252573747513,0.9174617365775394,4.323676156382538,0.09826536719051222,3.4050212331934486
Dataset_0136,single_output,Strain,ridge,2024,3,0.9666448007561136,4.116467736622298,0.04731572111060113,3.3475852804076505,0.9634229177019215,6.885699406096487,0.07026223883771926,5.010629396346374
Dataset_0136,single_output,Strain,ridge,2024,4,0.9674089522899608,4.8968259942624766,0.049967612186351804,3.9562839323935246,0.9475092892915019,4.375276085424899,0.07812993009687319,3.735938631338456
Dataset_0136,single_output,Strain,ridge,99,0,0.9633727754717643,4.814591780412531,0.0534954642268059,4.126611426476468,0.966589460547566,4.918806212469289,0.05686481170484727,3.2691976927833544
Dataset_0136,single_output,Strain,ridge,99,1,0.9657243098705353,4.584092488506988,0.04677645396435702,3.5997831324751632,0.9649956433984265,4.96746986204505,0.05709735473615,3.8779980680307156
Dataset_0136,single_output,Strain,ridge,99,2,0.9738671076108725,4.106491606039423,0.043226227431993926,3.159455028447055,0.920513632279748,6.514789023527542,0.09048318088232697,5.062768557714198
Dataset_0136,single_output,Strain,ridge,99,3,0.9712934258463766,4.65953107818756,0.0475462354917098,3.7952879044181107,0.8751652844632671,5.5494107821223,0.12332023960271778,4.60878460768474
Dataset_0136,single_output,Strain,ridge,99,4,0.9629272967138449,4.89986677075212,0.04999864051787878,3.8453225884181177,0.9760713121401191,4.178728217164447,0.05724285228992393,3.8322351550750233
Dataset_0136,single_output,Strain,elasticnet,42,0,0.9658228998172714,4.583959480927327,0.046775096744156405,3.6499539019828005,0.9556612940972012,6.034565592256994,0.07270560954526499,5.141010299430151
Dataset_0136,single_output,Strain,elasticnet,42,1,0.9619277093880724,4.941433632808929,0.05042279217151968,3.9127155620940006,0.9626419116607314,5.24856141198681,0.07718472664686485,4.943888739851608
Dataset_0136,single_output,Strain,elasticnet,42,2,0.9712027271819444,4.436920120504417,0.04670442232109912,3.5439939317691556,0.9111941181712438,5.54624186559122,0.11800514607640894,4.133989089758045
Dataset_0136,single_output,Strain,elasticnet,42,3,0.962030240188811,4.854982105238391,0.0539442456137599,4.112707715095851,0.9215098711931344,5.560458919230624,0.0868821706129785,3.5046418130710486
Dataset_0136,single_output,Strain,elasticnet,42,4,0.9694048646810547,4.696160612380521,0.04792000624878083,3.6815574478508313,0.9432581160814901,4.736205399870777,0.07893675666451296,4.055468991450538
Dataset_0136,single_output,Strain,elasticnet,123,0,0.963941120104989,5.213781043939444,0.05320184738713719,4.330065647812529,0.9721681710594068,3.048797387741195,0.06222035485186112,2.494652342659892
Dataset_0136,single_output,Strain,elasticnet,123,1,0.9646865835076246,5.04642606287466,0.051494143498721015,4.038843414706651,0.956098056776566,4.1328614527940255,0.07653447134803751,3.900560778470149
Dataset_0136,single_output,Strain,elasticnet,123,2,0.9689558942006699,4.380084979679437,0.044694744690606504,3.4880689752132623,0.9526529785588901,6.350730472894993,0.07299690198729877,5.895685665623377
Dataset_0136,single_output,Strain,elasticnet,123,3,0.9598431991619253,4.571192088911588,0.05079102321012876,3.727318646096654,0.963827270732883,6.577482658988822,0.07228002921965739,4.980658295886341
Dataset_0136,single_output,Strain,elasticnet,123,4,0.9723020309789377,4.3999713698368215,0.04631548810354549,3.5916994743015636,0.9266932306854969,5.690859640123432,0.09178805871166826,4.283478242377134
Dataset_0136,single_output,Strain,elasticnet,7,0,0.9695331452458881,4.422361876823637,0.04655117765077513,3.4248797262444226,0.9525759519406334,5.74221917509307,0.07089159475423544,4.519261881995108
Dataset_0136,single_output,Strain,elasticnet,7,1,0.9637425455262059,4.562365850507257,0.05069295389452508,3.7136798690637485,0.9566899844398135,6.692991293382519,0.07354935487233538,5.470816090289806
Dataset_0136,single_output,Strain,elasticnet,7,2,0.9652059098737795,4.670392810569673,0.04765706949560891,3.722242457402003,0.9379266808242169,6.587724775739912,0.08902330778026908,6.132926270455611
Dataset_0136,single_output,Strain,elasticnet,7,3,0.9653142487472518,4.856895405700658,0.04956015720102712,3.9068759983247876,0.9743840104263771,3.8966636501727216,0.054120328474621136,3.0104407721083826
Dataset_0136,single_output,Strain,elasticnet,7,4,0.969619201372385,4.884258302896912,0.049839370437723594,4.0070152174956135,0.8503002844426368,4.588152200311658,0.12570280000853856,3.8853442591259824
Dataset_0136,single_output,Strain,elasticnet,2024,0,0.9622518460510923,5.0241002574981675,0.051266329158144566,4.00200166716958,0.9769242116070386,3.4851606916944453,0.05125236311315361,2.999099521380102
Dataset_0136,single_output,Strain,elasticnet,2024,1,0.9691888772952859,4.583995363657804,0.046775462894467386,3.7676523440492766,0.930321670689754,6.390137831608982,0.08140302970202525,5.6595347208130775
Dataset_0136,single_output,Strain,elasticnet,2024,2,0.9672379260814318,4.799585887677046,0.048975366200786186,3.8594897735260494,0.9205796411843646,4.2412260148848135,0.09639150033829122,3.4699246662623557
Dataset_0136,single_output,Strain,elasticnet,2024,3,0.9645151250858636,4.245849399380571,0.04880286665954679,3.5131538564326945,0.9625696550341489,6.965550494457467,0.07107704586181089,5.139536948353794
Dataset_0136,single_output,Strain,elasticnet,2024,4,0.9662087876580524,4.986173630447968,0.05087932275967314,4.049586165619156,0.9412477464667298,4.628886167957574,0.08265868157067095,4.0075371646316995
Dataset_0136,single_output,Strain,elasticnet,99,0,0.9621182526685434,4.896350133167098,0.054403890368523306,4.209589070646998,0.9624351900175918,5.215651525877102,0.060296549432105224,3.5007620494903264
Dataset_0136,single_output,Strain,elasticnet,99,1,0.9640739822112845,4.693154026145435,0.0478893267974024,3.75265026847643,0.9647805939909695,4.982705333750893,0.057272475100584974,3.857463827803742
Dataset_0136,single_output,Strain,elasticnet,99,2,0.9724824261758228,4.213881024727729,0.04435664236555504,3.286973665236876,0.9277903088550312,6.2094305485350985,0.08624209095187636,5.046762124266563
Dataset_0136,single_output,Strain,elasticnet,99,3,0.9700489614776817,4.759457709117262,0.04856589499099247,3.8731596546094442,0.8689096567647893,5.686755233187755,0.12637233851528346,4.73934014729582
Dataset_0136,single_output,Strain,elasticnet,99,4,0.9614888482013373,4.9940213859153815,0.05095940189709573,3.961148586963366,0.9725716187228872,4.473884545833591,0.0612860896689533,4.066880807822909
Dataset_0136,single_output,Strain,svr_rbf,42,0,0.19236175218437157,22.28340755011415,0.22738170969504234,18.04536083551152,0.1182056306062863,26.91151616827387,0.3242351345575165,24.426509950473932
Dataset_0136,single_output,Strain,svr_rbf,42,1,0.1916803760125111,22.768793833546873,0.23233463095455992,18.66513699888777,0.14675542313155798,25.083303273094057,0.3688721069572655,23.651714777416633
Dataset_0136,single_output,Strain,svr_rbf,42,2,0.192054168046643,23.501579533406883,0.24738504772007244,19.91532481504088,-0.25236449558295027,20.827795874626617,0.44314459307716203,17.194390071303854
Dataset_0136,single_output,Strain,svr_rbf,42,3,0.09597331426083167,23.689687608616588,0.26321875120685095,18.01436561275907,-2.1045165750343036,34.970360316116604,0.5464118799393219,29.55815660284795
Dataset_0136,single_output,Strain,svr_rbf,42,4,0.20705475510985116,23.907730525433603,0.24395643393299596,20.367461489612424,0.12694995532706266,18.577968517905525,0.30963280863175874,15.896888279675535
Dataset_0136,single_output,Strain,svr_rbf,123,0,0.17060301855699722,25.005059825686264,0.25515367169067615,20.74899281368258,0.19886619492003443,16.357247286499057,0.3338213731938583,14.823729351702413
Dataset_0136,single_output,Strain,svr_rbf,123,1,0.1436945937665861,24.850114222191237,0.25357259410399224,19.885646144445342,-0.2008671483557558,21.61506056408031,0.4002788993348205,18.55249097029406
Dataset_0136,single_output,Strain,svr_rbf,123,2,0.1999300799118492,22.236013571223133,0.22689809766554217,18.62526238774868,0.1833392804651638,26.37534708840928,0.30316490906217564,23.036211141176103
Dataset_0136,single_output,Strain,svr_rbf,123,3,0.18848679590631745,20.549332218704855,0.22832591354116505,17.01808259257949,0.0394927877587401,33.89373174935554,0.37245859065225867,29.956316909289008
Dataset_0136,single_output,Strain,svr_rbf,123,4,0.19650923072138826,23.698253123374585,0.24945529603552194,20.003264296479568,0.10700442207984995,19.862343498324606,0.32036037900523556,17.19156410441788
Dataset_0136,single_output,Strain,svr_rbf,7,0,0.19563286056173956,22.72310244943597,0.239190552099326,19.127836098799147,0.11957775307108076,24.741496127689043,0.3054505694776425,21.43654971296575
Dataset_0136,single_output,Strain,svr_rbf,7,1,0.1998856299990014,21.43223624994647,0.23813595833273857,18.09613812121278,0.15536739351623352,29.556976867911356,0.3248019436034215,25.66130151289801
Dataset_0136,single_output,Strain,svr_rbf,7,2,0.20507437016236096,22.32358379705635,0.22779167139853418,18.191390355434567,-0.07406960660733675,27.403067228574212,0.3703117193050569,24.29452744133859
Dataset_0136,single_output,Strain,svr_rbf,7,3,0.15894504348549843,23.916376719239913,0.2440446604004073,19.118113651899087,0.11434683059629502,22.91232663481573,0.31822675881688517,21.285947312179854
Dataset_0136,single_output,Strain,svr_rbf,7,4,0.18454173471455826,25.30462466203728,0.2582104557350743,21.645501684187966,0.19163938043651219,10.661784558959997,0.29210368654684926,9.202177024184921
Dataset_0136,single_output,Strain,svr_rbf,2024,0,0.11669210802115926,24.303369726848086,0.247993568641307,18.433759037659428,-0.43390018179822243,27.47286759591499,0.40401275876345577,25.546638315979582
Dataset_0136,single_output,Strain,svr_rbf,2024,1,0.21764920649814212,23.098893240463795,0.23570299224963057,19.835178034756368,0.16912473539241923,22.06628770498587,0.28109920643294106,17.49116393455105
Dataset_0136,single_output,Strain,svr_rbf,2024,2,0.19903829766896064,23.731432277853976,0.24215747222299977,20.11540081382864,-0.6303732864939273,19.216266788953057,0.4367333361125695,16.724395812535025
Dataset_0136,single_output,Strain,svr_rbf,2024,3,0.17739750819971667,20.44268594156882,0.2349734016272278,17.101928755995296,0.08124533868636519,34.509868765383864,0.3521415180141211,30.39398465840302
Dataset_0136,single_output,Strain,svr_rbf,2024,4,0.2077990704657433,24.142552512483462,0.2463525766579945,20.056717677887956,0.08510677540087375,18.26625187673191,0.32618306922735557,16.16942998518931
Dataset_0136,single_output,Strain,svr_rbf,99,0,0.17343731577295685,22.871537596444078,0.2541281955160453,19.032805495760368,-0.029478263007638006,27.304017868791583,0.3156533857663767,21.475472749253136
Dataset_0136,single_output,Strain,svr_rbf,99,1,0.06769733687003354,23.90775131919815,0.24395664611426685,18.345159644338437,-0.47934691410737806,32.293060499197814,0.37118460343905535,27.54316378154417
Dataset_0136,single_output,Strain,svr_rbf,99,2,0.18868270814286003,22.8808716815998,0.24085128085894525,18.887220780415344,-0.09201370937216824,24.14727207815823,0.33537877886330875,22.303654376577274
Dataset_0136,single_output,Strain,svr_rbf,99,3,0.21595094492890754,24.35135585318483,0.24848322299168196,20.83973110978868,0.07629260021668471,15.09546157542447,0.3354547016760993,13.386025480798224
Dataset_0136,single_output,Strain,svr_rbf,99,4,0.1976704581219625,22.79468187654354,0.23259879465860753,18.56080098954332,0.1443875313350177,24.987524667951394,0.3422948584650876,23.31113728339975
Dataset_0136,single_output,Strain,gpr,42,0,0.9993836695906944,0.615573566488639,0.006281362923353459,0.5178200701909133,0.9966423074001033,1.6606380026751555,0.020007686779218742,1.29141820398669
Dataset_0136,single_output,Strain,gpr,42,1,0.9994828744691522,0.5758991708777877,0.0058765221518141605,0.4545901978660193,0.9961201127367535,1.6914435725422055,0.024874170184444197,1.1615045354104458
Dataset_0136,single_output,Strain,gpr,42,2,0.9993000282842601,0.6917452336288623,0.007281528775040656,0.5161959640398152,0.9918077491363849,1.6845331450565721,0.03584113074588451,1.3900249376246347
Dataset_0136,single_output,Strain,gpr,42,3,0.9993228383336425,0.6483580256110991,0.007203978062345546,0.5422121123081145,0.9956607197691741,1.307410487944695,0.02042828887413586,1.0691596006701454
Dataset_0136,single_output,Strain,gpr,42,4,0.9995474360679337,0.5711586021815507,0.0058281490018525575,0.44035567251888597,0.9961491221307276,1.2338390913046893,0.020563984855078155,1.0920271216478565
Dataset_0136,single_output,Strain,gpr,123,0,0.9994552009235144,0.6408624918247949,0.006539413181885663,0.5409737495733634,0.9960015827521589,1.1555846025352654,0.02358335923541358,0.9102714063047568
Dataset_0136,single_output,Strain,gpr,123,1,0.9996181371187385,0.5247685131592852,0.005354780746523318,0.4085610059883506,0.9925043945556777,1.7077029696233512,0.0316241290670991,1.31321722466218
Dataset_0136,single_output,Strain,gpr,123,2,0.9997042420207277,0.42752468357660006,0.0043624967711897965,0.293466766933438,0.9955543739656254,1.9460043803809461,0.0223678664411603,1.604248660962072
Dataset_0136,single_output,Strain,gpr,123,3,0.9990786049402252,0.6924251882814483,0.007693613203127203,0.5811134016265997,0.9991897345058167,0.984425251053568,0.01081785990168756,0.7733450912818987
Dataset_0136,single_output,Strain,gpr,123,4,0.9994134088344561,0.6403149575983551,0.006740157448403738,0.48703686051515843,0.9977968509671938,0.9865696980630271,0.015912414484887533,0.938920412489732
Dataset_0136,single_output,Strain,gpr,7,0,0.9994356856741553,0.6018676545885102,0.006335448995668529,0.4732398812586001,0.996032300304913,1.6609243460907577,0.020505238840626636,1.237865365603077
Dataset_0136,single_output,Strain,gpr,7,1,0.999157022629008,0.6956638100076017,0.007729597888973352,0.5777218244789684,0.999181125493475,0.9203113233232467,0.010113311245310404,0.6690083287570597
Dataset_0136,single_output,Strain,gpr,7,2,0.9990539105321081,0.7701348403132044,0.007858518778706167,0.626128473892705,0.9919437501100619,2.373282445455697,0.032071384398049955,1.9812194313199936
Dataset_0136,single_output,Strain,gpr,7,3,0.9996557086677335,0.4838895496443054,0.004937648465758219,0.4052341373785096,0.9953848007189637,1.6539888612864715,0.02297206751786766,1.2314215861698503
Dataset_0136,single_output,Strain,gpr,7,4,0.999550956191043,0.5938043666566662,0.006059228231190472,0.4544246434347723,0.9921204332755494,1.0526366750642588,0.028839360960664626,0.9514202817770366
Dataset_0136,single_output,Strain,gpr,2024,0,0.9997812448365294,0.38246314765551354,0.0039026851801583014,0.2842407022820509,0.9945275886601421,1.6972034279757573,0.02495887394081996,1.5681482940267415
Dataset_0136,single_output,Strain,gpr,2024,1,0.9995019714916321,0.5827972712978405,0.005946910931610617,0.4417301544246727,0.9957098403167446,1.5856162570089996,0.020198933210305726,1.4697724215965005
Dataset_0136,single_output,Strain,gpr,2024,2,0.9992261224718335,0.7376565323459816,0.007527107472918179,0.6036813252394775,0.997097730253683,0.81076385979092,0.018426451358884547,0.6089701422991506
Dataset_0136,single_output,Strain,gpr,2024,3,0.999185062300363,0.6434356962597786,0.00739581260068711,0.5142436428951787,0.9973941186030193,1.8378956623059415,0.018754037370468792,1.512335365405092
Dataset_0136,single_output,Strain,gpr,2024,4,0.9993019305822534,0.7166627255949629,0.007312884955050642,0.5705829239178635,0.9950427199512678,1.3445778828608155,0.024010319336800277,1.1067804055377704
Dataset_0136,single_output,Strain,gpr,99,0,0.9993473593282908,0.6426796258483243,0.007140884731648048,0.5376774243603243,0.9972932606138226,1.4000424057201335,0.01618546133780501,1.2712073082242785
Dataset_0136,single_output,Strain,gpr,99,1,0.9995635479803004,0.5172833754224492,0.005278401790024992,0.4049729817146969,0.9967434298471026,1.5151457439463871,0.01741546832122284,1.1525641830821118
Dataset_0136,single_output,Strain,gpr,99,2,0.999011573215497,0.7986370466746998,0.008406705754470525,0.6391671233031628,0.9972752331749575,1.2061982712639883,0.016752753767555393,0.9294926311798061
Dataset_0136,single_output,Strain,gpr,99,3,0.9995493092577105,0.5838359695869285,0.005957509893744169,0.43194517358996376,0.9871637534108075,1.7795008975240634,0.039544464389423634,1.5318583490395017
Dataset_0136,single_output,Strain,gpr,99,4,0.9995090276153239,0.563878682847933,0.005753864110693193,0.4261964221061915,0.9966216793407299,1.5701282152830005,0.021508605688808226,1.1315126234677757
Dataset_0136,single_output,Strain,random_forest,42,0,0.9447485057003504,5.828344023257049,0.0594728981965005,4.547879705215416,0.9188167471787989,8.165593005219858,0.09838063861710672,6.135418287037021
Dataset_0136,single_output,Strain,random_forest,42,1,0.9432883239976589,6.030935787953901,0.061540161101570415,4.7088910728798625,0.911397213871963,8.082982714242275,0.11886739285650405,7.3838865938294305
Dataset_0136,single_output,Strain,random_forest,42,2,0.9519078719911874,5.733805103164132,0.06035584319120139,4.589897185732535,0.8115593891982211,8.079141059341042,0.17189661828385197,7.321386753590299
Dataset_0136,single_output,Strain,random_forest,42,3,0.9444474613487907,5.872468064108675,0.06524964515676306,4.518533315917794,0.5870118371740821,12.754749030615903,0.19929295360337348,10.248821674225264
Dataset_0136,single_output,Strain,random_forest,42,4,0.95579557545853,5.644813829827564,0.05760014112068943,4.670295817783748,0.951836652304508,4.363520152658619,0.07272533587764365,3.594247072768483
Dataset_0136,single_output,Strain,random_forest,123,0,0.9528934947147704,5.959188399413514,0.06080804489197463,4.617669751082246,0.6117860950379105,11.386578218177416,0.23237914730974318,9.79573905723907
Dataset_0136,single_output,Strain,random_forest,123,1,0.9548171818321364,5.708220015721996,0.05824714301757139,4.746995185816729,0.7996384591318995,8.829094315432668,0.16350174658208644,5.9183954023489616
Dataset_0136,single_output,Strain,random_forest,123,2,0.9417237662439302,6.001208246818705,0.06123681884508883,4.676479787198757,0.9368868824140089,7.3322483534828615,0.08427871670669956,5.633449443413707
Dataset_0136,single_output,Strain,random_forest,123,3,0.9192141899216439,6.483618610740598,0.07204020678600664,4.861701724329327,0.8630797312939997,12.79684601791014,0.14062468151549604,10.803105043897903
Dataset_0136,single_output,Strain,random_forest,123,4,0.9573790201824176,5.458051167851894,0.057453170187914675,4.437727203065143,0.838534606130701,8.445892751093426,0.13622407663053912,7.076609826152696
Dataset_0136,single_output,Strain,random_forest,7,0,0.9333796716019913,6.539489563757788,0.06883673225008198,5.294506487064528,0.9148500910306838,7.694360815835547,0.09499210883747589,6.794359657587785
Dataset_0136,single_output,Strain,random_forest,7,1,0.943323561797728,5.704173509864408,0.06337970566516009,4.567977376391186,0.8552099433283402,12.237577613601232,0.1344788748747388,10.634972146636429
Dataset_0136,single_output,Strain,random_forest,7,2,0.9473683996014732,5.744125964451736,0.05861353024950751,4.440162518771145,0.8357057515346125,10.71751605010366,0.14483129797437377,8.833686678004524
Dataset_0136,single_output,Strain,random_forest,7,3,0.9515899595042887,5.737872865126332,0.058549723113534,4.720721205072056,0.81976088895157,10.336222981693552,0.14355865252352157,8.488217611489032
Dataset_0136,single_output,Strain,random_forest,7,4,0.9517704091180457,6.153976300002529,0.06279567653063804,4.910447942893627,0.6961700738616664,6.536459920083728,0.17908109370092407,5.151192154538564
Dataset_0136,single_output,Strain,random_forest,2024,0,0.9499420164901764,5.785582808258643,0.059036559267945335,4.40371127516663,0.8988039367431832,7.298377821566415,0.10732908561127082,6.369571849446865
Dataset_0136,single_output,Strain,random_forest,2024,1,0.9481805776114896,5.944792382557743,0.0606611467607933,4.673354782637532,0.9480682796712242,5.516679022035598,0.07027616588580379,4.021967535903243
Dataset_0136,single_output,Strain,random_forest,2024,2,0.9487107585501869,6.005251671718691,0.06127807828284378,4.697477640941431,0.7595406954908754,7.379828808645149,0.16772338201466247,6.4465902116402
Dataset_0136,single_output,Strain,random_forest,2024,3,0.9317698828192483,5.8875011489510705,0.0676724269994376,4.598371163606514,0.8932292500451766,11.764397132034246,0.120044868694227,9.492262490551772
Dataset_0136,single_output,Strain,random_forest,2024,4,0.9542595859398125,5.8011695234735114,0.05919560738238277,4.475959674329496,0.6194738428422477,11.780303890963495,0.21036256948149099,10.515499584278123
Dataset_0136,single_output,Strain,random_forest,99,0,0.9476922111289163,5.753612983858018,0.06392903315397798,4.593910015117158,0.7668319958306613,12.994286759448482,0.15022296831732349,10.031481944444426
Dataset_0136,single_output,Strain,random_forest,99,1,0.9440724792378005,5.855622235404923,0.05975124730005024,4.43339135235772,0.9352103919826433,6.758135068544125,0.07767971343154167,5.7084106198034785
Dataset_0136,single_output,Strain,random_forest,99,2,0.9417719852804318,6.129756049782159,0.06452374789244378,5.0501412204334635,0.6395154590448207,13.873861438522907,0.1926925199794848,13.422260166156581
Dataset_0136,single_output,Strain,random_forest,99,3,0.9602522130484856,5.482870722150196,0.05594766043010404,4.48551026355509,0.9535136773193433,3.38642749740477,0.07525394438677267,2.8495985398199832
Dataset_0136,single_output,Strain,random_forest,99,4,0.948342741323202,5.783927248474119,0.059019665800756314,4.5075778918080704,0.933796578782767,6.950641675995568,0.09521426953418587,6.171422581254703
Dataset_0136,single_output,Strain,extra_trees,42,0,0.9639928465044396,4.705085929667565,0.04801108091497515,4.047783730158745,0.9170900309067467,8.25197459240401,0.09942138063137362,5.921270833333363
Dataset_0136,single_output,Strain,extra_trees,42,1,0.9639152103306384,4.8107252315365345,0.0490890329748626,3.9861455938697508,0.9095848240574038,8.165233837157821,0.12007696819349736,7.805185714285675
Dataset_0136,single_output,Strain,extra_trees,42,2,0.9623020849570401,5.0765023937015075,0.05343686730212113,4.2789134099617305,0.8717227718206432,6.665806811262949,0.1418256768353819,5.9397238095237865
Dataset_0136,single_output,Strain,extra_trees,42,3,0.9644538588318451,4.6974799944673435,0.05219422216074826,3.896344061302684,0.7905794775194369,9.082653263473526,0.14191645724177385,7.222634920634785
Dataset_0136,single_output,Strain,extra_trees,42,4,0.9705319848238574,4.608845979759231,0.04702904060978807,3.8324137931034787,0.9406747916523072,4.8428195751085195,0.080713659585142,4.240915873015851
Dataset_0136,single_output,Strain,extra_trees,123,0,0.9550096398862042,5.823799401058931,0.05942652450060134,4.521057936507949,0.5565216114285437,12.170093667578717,0.24836925852201464,10.021320833333375
Dataset_0136,single_output,Strain,extra_trees,123,1,0.9701629680876767,4.638652678566469,0.047333190597617036,3.883829118774,0.6934718155635423,10.920541688830378,0.20223225349685883,9.265484126984262
Dataset_0136,single_output,Strain,extra_trees,123,2,0.957811289501561,5.1061207959990105,0.05210327342856133,4.279706896551746,0.9555606145447892,6.152638124396068,0.07071997844133411,5.157619047619128
Dataset_0136,single_output,Strain,extra_trees,123,3,0.9413866399096142,5.522658988910219,0.061362877654557994,4.480662835249067,0.9062858901589383,10.586967136569015,0.11634029820405511,8.139238095238008
Dataset_0136,single_output,Strain,extra_trees,123,4,0.9666866300864781,4.825420574639962,0.050793900785683806,3.9921770114942916,0.8653010622166573,7.714147162333698,0.12442172842473706,6.722957142857044
Dataset_0136,single_output,Strain,extra_trees,7,0,0.9612104491535854,4.989968934134205,0.05252598878036005,4.099652380952394,0.9234913311170071,7.2934964697819265,0.09004316629360402,6.556508333333262
Dataset_0136,single_output,Strain,extra_trees,7,1,0.9511259902210918,5.297005677266931,0.058855618636299234,4.42144827586206,0.8923552461324935,10.551702177094063,0.11595277117685783,9.17081111111109
Dataset_0136,single_output,Strain,extra_trees,7,2,0.9581462321413238,5.12233464375468,0.05226872085463959,3.9838022988505872,0.8232712823959228,11.115692536450783,0.15021206130338896,8.056580952380843
Dataset_0136,single_output,Strain,extra_trees,7,3,0.9664043494983054,4.779965099158164,0.04877515407304249,3.951937164750972,0.8877529105694907,8.156895446117296,0.1132902145294069,6.8797000000000255
Dataset_0136,single_output,Strain,extra_trees,7,4,0.9674003211060238,5.059477763927637,0.05162732412171058,4.110403065134115,0.6652139420449416,6.861372701862498,0.18798281374965747,5.7397428571429305
Dataset_0136,single_output,Strain,extra_trees,2024,0,0.9727266367120815,4.270510433290922,0.04357663707439716,3.5379492063492033,0.9118574810103979,6.811413756648426,0.10016784936247684,6.120447222222241
Dataset_0136,single_output,Strain,extra_trees,2024,1,0.9656515917678887,4.83998165857065,0.049387567944598476,3.980381226053682,0.9638747989154797,4.60115112432441,0.05861339011878229,3.7558253968254767
Dataset_0136,single_output,Strain,extra_trees,2024,2,0.9587471753421506,5.385734251582778,0.054956471954926304,4.637767049808437,0.8810006365202071,5.191559232298155,0.1179899825522308,3.903899999999918
Dataset_0136,single_output,Strain,extra_trees,2024,3,0.9439880760474343,5.334370685868553,0.06131460558469601,4.259576245210771,0.8904324265935778,11.917483291779481,0.12160697236509675,10.307580952381032
Dataset_0136,single_output,Strain,extra_trees,2024,4,0.960314263578801,5.403594272690788,0.05513871706827335,4.501892720306487,0.6350051881288409,11.53739022601291,0.20602482546451625,9.937238095237955
Dataset_0136,single_output,Strain,extra_trees,99,0,0.9611341854022186,4.959539482642979,0.05510599425158866,4.309993650793691,0.8843964022440901,9.149632358562389,0.10577609663077907,7.177425000000008
Dataset_0136,single_output,Strain,extra_trees,99,1,0.9588949048283583,5.020050620378502,0.051225006330392876,4.103130268199263,0.9409056412762734,6.45427110032632,0.07418702414168184,5.65409523809521
Dataset_0136,single_output,Strain,extra_trees,99,2,0.9611947083081589,5.004061926154789,0.052674336064787254,4.055867432950167,0.8110354499211395,10.044867191921092,0.1395120443322374,9.579652380952341
Dataset_0136,single_output,Strain,extra_trees,99,3,0.9679968803987871,4.919802701154244,0.050202068379124935,4.069127586206913,0.937960366131272,3.9121346910506722,0.08693632646779272,3.3230309523810257
Dataset_0136,single_output,Strain,extra_trees,99,4,0.963769445095691,4.8438940663771275,0.049427490473236,4.031299616858237,0.9095219229535468,8.12561730535075,0.11130982610069519,7.064628571428543
Dataset_0136,single_output,Strain,gradient_boosting,42,0,0.9905244187170644,2.4136600103919554,0.02462918377950975,1.7509837260235532,0.9779926636021568,4.251461459989702,0.05122242722879159,3.423231004090013
Dataset_0136,single_output,Strain,gradient_boosting,42,1,0.9879721485466822,2.77742596566911,0.02834108128233786,1.3414181425824017,0.982662262824311,3.5755608083950214,0.052581776594044435,2.659508404106986
Dataset_0136,single_output,Strain,gradient_boosting,42,2,0.9963492173559941,1.5797883914144197,0.01662935148857284,1.1291907625202369,0.9752531350414241,2.9277772608104535,0.06229313320873305,2.509400248231941
Dataset_0136,single_output,Strain,gradient_boosting,42,3,0.9967341815121222,1.423851608466464,0.015820573427405157,1.0393419010791964,0.9532709678596812,4.290387400738653,0.06703730313654145,3.766971724231295
Dataset_0136,single_output,Strain,gradient_boosting,42,4,0.9989083803377238,0.8870588381501793,0.009051620797450808,0.715425497358718,0.995838202379506,1.2826823887848875,0.021378039813081458,1.1384314438092236
Dataset_0136,single_output,Strain,gradient_boosting,123,0,0.9895926543623278,2.8010229151593156,0.028581866481217504,1.7609362462049372,0.9733723140972924,2.9821151090104205,0.060859492020620826,2.488550401504142
Dataset_0136,single_output,Strain,gradient_boosting,123,1,0.9984877952304126,1.0442857410718434,0.010655976949712688,0.6390068973552528,0.9920298725094371,1.7609280396478983,0.032609778511998117,1.5900047335718495
Dataset_0136,single_output,Strain,gradient_boosting,123,2,0.9866942838923155,2.8675571731633824,0.029260787481259005,1.4677459554952197,0.975721516564991,4.547661462325103,0.052271970831323025,3.100601534805782
Dataset_0136,single_output,Strain,gradient_boosting,123,3,0.9959520487492284,1.451334619750913,0.016125940219454588,0.9724099350094838,0.9951601912717243,2.405931022354564,0.026438802443456744,1.7187240841627605
Dataset_0136,single_output,Strain,gradient_boosting,123,4,0.9989491992985774,0.8570103462979418,0.009021161539978334,0.6085013736419662,0.9946884789636294,1.5318466355991984,0.02470720379998707,1.343935956432696
Dataset_0136,single_output,Strain,gradient_boosting,7,0,0.9460555207631034,5.884559641634259,0.061942733069834305,2.571411927862475,0.9187383028368712,7.516633898844774,0.09279794936845401,6.333499999992513
Dataset_0136,single_output,Strain,gradient_boosting,7,1,0.9979781911726318,1.0773616119377387,0.011970684577085985,0.8303464438754028,0.9931759141344232,2.6567355771744934,0.02919489645246696,2.2585410773464716
Dataset_0136,single_output,Strain,gradient_boosting,7,2,0.9859014290387452,2.972954170164474,0.030336267042494633,1.2911345547714344,0.9657463450845165,4.893689626978459,0.0661309409051143,4.19444485650116
Dataset_0136,single_output,Strain,gradient_boosting,7,3,0.9947451188001826,1.8904476236245114,0.019290281873719502,1.345987197783555,0.9780142602251527,3.610005744613126,0.050138968675182305,3.0536484752230604
Dataset_0136,single_output,Strain,gradient_boosting,7,4,0.999353490420545,0.7125026969200895,0.007270435682858056,0.46788842933663577,0.976799096678633,1.806257967065995,0.0494865196456437,1.5008912278764757
Dataset_0136,single_output,Strain,gradient_boosting,2024,0,0.9737590986267697,4.188898266227252,0.042743859859461754,2.1100184657339125,0.9587298464559731,4.660822625415555,0.06854150919728758,4.298615262939189
Dataset_0136,single_output,Strain,gradient_boosting,2024,1,0.9986238718142106,0.9687681518810259,0.009885389304908428,0.7139799764212353,0.9910050345303913,2.2959430508164447,0.029247682176005665,1.5787798369735029
Dataset_0136,single_output,Strain,gradient_boosting,2024,2,0.9958725302137025,1.703570167438317,0.01738336905549303,1.0591909839617266,0.9810208810839879,2.0733065402239648,0.04712060318690829,1.519841636736547
Dataset_0136,single_output,Strain,gradient_boosting,2024,3,0.9934830743049221,1.8195514108462902,0.02091438403271598,1.359606284311857,0.9936142062350578,2.877073615190598,0.02935789403255712,2.234783795508611
Dataset_0136,single_output,Strain,gradient_boosting,2024,4,0.9972222629868348,1.4295885917063451,0.014587638690881073,1.0592619807745887,0.9515464292481814,4.203655623225269,0.07506527898616552,3.327727706950534
Dataset_0136,single_output,Strain,gradient_boosting,99,0,0.9761602244087118,3.884262268982306,0.04315846965535895,2.5884437866992553,0.9604634797875643,5.350781171077424,0.06185874186216675,4.1635902349348815
Dataset_0136,single_output,Strain,gradient_boosting,99,1,0.985581539876002,2.973169765318315,0.03033846699304403,1.3257461099214343,0.9519033780667274,5.822794706713201,0.06692867478980691,4.522892705962987
Dataset_0136,single_output,Strain,gradient_boosting,99,2,0.9980918812902738,1.109634355117531,0.011680361632816116,0.824202424162344,0.9812884890459372,3.160883280718941,0.04390115667665196,2.7014225421577507
Dataset_0136,single_output,Strain,gradient_boosting,99,3,0.997990109632961,1.2329279945874059,0.012580897903953121,0.8268934409017419,0.9244367768738005,4.317520644218749,0.09594490320486108,4.109372329999017
Dataset_0136,single_output,Strain,gradient_boosting,99,4,0.9950986192392935,1.7816252733157252,0.018179849727711483,1.0752428568036387,0.9852848650293029,3.276927314482909,0.044889415266889166,2.822295713378612
Dataset_0136,single_output,Strain,xgboost,42,0,0.999148557411148,0.7235205140107231,0.007382862387864522,0.6531458990914482,0.9955112638794865,1.9200677057162185,0.023133345852002635,1.7608782768249505
Dataset_0136,single_output,Strain,xgboost,42,1,0.9993492729506038,0.6460228707651435,0.006592070109848403,0.535225782723262,0.997253836566305,1.4230204810598206,0.02092677178029148,1.1927577427455358
Dataset_0136,single_output,Strain,xgboost,42,2,0.9991979559313486,0.740465869627981,0.007794377575031379,0.620650561102505,0.9918214457955766,1.6831243668964317,0.03581115674247727,1.2408342633928575
Dataset_0136,single_output,Strain,xgboost,42,3,0.9991204319521095,0.7389302242160394,0.00821033582462266,0.5859684911267508,0.9774171732603241,2.982581137097859,0.04660283026715405,2.6137183053152904
Dataset_0136,single_output,Strain,xgboost,42,4,0.9995614493584598,0.56224632810989,0.005737207429692755,0.4513227791621766,0.9957576212260368,1.295040569636096,0.021584009493934932,1.11693867274693
Dataset_0136,single_output,Strain,xgboost,123,0,0.9991897940018337,0.7815277436606529,0.007974772894496458,0.6792195456368582,0.9867686334429472,2.1021322788299686,0.042900658751632015,1.8232299804687493
Dataset_0136,single_output,Strain,xgboost,123,1,0.9994007091835921,0.6574047801397763,0.0067082120422426155,0.530305612498316,0.9914058241737965,1.8285679015074388,0.03386236854643405,1.6908057076590401
Dataset_0136,single_output,Strain,xgboost,123,2,0.9993417705767605,0.6377957263712487,0.006508119656849476,0.4812601812954604,0.9932379656841834,2.400026489720705,0.027586511376100055,2.0656416756766185
Dataset_0136,single_output,Strain,xgboost,123,3,0.998639614767883,0.841358085064969,0.009348423167388544,0.6587297636887125,0.9960293948714941,2.17920166677738,0.02394727106348769,1.8295011247907362
Dataset_0136,single_output,Strain,xgboost,123,4,0.9991679926469695,0.762587127734832,0.008027232923524547,0.6215334398993128,0.9937969560259197,1.6554202526351982,0.026700326655406423,1.3439527239118303
Dataset_0136,single_output,Strain,xgboost,7,0,0.9990697052324069,0.7727708928339613,0.008134430450883802,0.6571492876325331,0.9961955669926983,1.6263927307475974,0.02007892260182219,1.3185481071472172
Dataset_0136,single_output,Strain,xgboost,7,1,0.9992830771925192,0.6415457778342204,0.0071282864203802265,0.5357734154010643,0.998345317730165,1.3082278697717096,0.014376130437051753,1.019678715297155
Dataset_0136,single_output,Strain,xgboost,7,2,0.9977890793676313,1.1773002692641796,0.012013268053716119,0.8618556844777071,0.9797388940963727,3.7636959853760747,0.05086075655913615,2.805955069405692
Dataset_0136,single_output,Strain,xgboost,7,3,0.9993597210334668,0.6598843307450686,0.0067335135790313125,0.5188359753838904,0.995587767243054,1.617210523169049,0.02246125726623679,1.3442662920270638
Dataset_0136,single_output,Strain,xgboost,7,4,0.999499472884677,0.6269210254060988,0.006397153320470396,0.5045266776249323,0.9903598400950536,1.164312197990051,0.031898964328494546,0.946793692452567
Dataset_0136,single_output,Strain,xgboost,2024,0,0.9992263688256112,0.7192459406127157,0.007339244291966487,0.6303456715175086,0.9889862883912841,2.407749954875038,0.03540808757169173,2.1710092544555657
Dataset_0136,single_output,Strain,xgboost,2024,1,0.9994083407414314,0.6352230378424177,0.0064818677330858955,0.5485737241547678,0.9912095014737438,2.269698203935595,0.02891335291637701,1.979243469238282
Dataset_0136,single_output,Strain,xgboost,2024,2,0.9992074874188864,0.7464851239132072,0.0076171951419715025,0.5974178971915409,0.9931626711509195,1.2444250029207888,0.028282386430017927,1.0561079842703671
Dataset_0136,single_output,Strain,xgboost,2024,3,0.9984910677219623,0.8755436864877808,0.010063720534342308,0.6768832239611399,0.9965967797740566,2.1003349386492123,0.02143198916988992,1.7440834045410156
Dataset_0136,single_output,Strain,xgboost,2024,4,0.9991279384114795,0.8010121242986371,0.008173593105088134,0.6606192227067615,0.9800156945412133,2.6996580983392984,0.04820818032748747,2.3148716517857144
Dataset_0136,single_output,Strain,xgboost,99,0,0.9990955721282574,0.7565618420995781,0.008406242689995312,0.6082653318132673,0.9889308666699012,2.8312275669054916,0.032730954530699324,2.3187907218933095
Dataset_0136,single_output,Strain,xgboost,99,1,0.9996401931890073,0.4696723108386378,0.004792574600394263,0.36156703028185605,0.9959667983864303,1.6861614550210544,0.01938116614966729,1.3700036185128357
Dataset_0136,single_output,Strain,xgboost,99,2,0.9981465533661578,1.0936220104613807,0.011511810636435587,0.8666620188745958,0.9692573224879342,4.051584256593884,0.05627200356380394,3.3138836451939175
Dataset_0136,single_output,Strain,xgboost,99,3,0.9993849878336779,0.6820141463868004,0.0069593280243551055,0.5736753003350616,0.98335524419768,2.026366045354141,0.04503035656342536,1.7648124694824219
Dataset_0136,single_output,Strain,xgboost,99,4,0.9990490344685855,0.7847648306353349,0.008007804394238111,0.675683935757341,0.993044505136933,2.2529352001915233,0.030862126030020868,1.9466048104422424
Dataset_0136,single_output,Strain,ann,42,0,0.9761034284178377,3.8330189219927675,0.039112437979518036,2.6278564731127965,0.9691188042736211,5.03618365841928,0.06067691154722024,4.009704759029262
Dataset_0136,single_output,Strain,ann,42,1,0.989620049385939,2.580156844758673,0.02632813106896605,1.579328425987348,0.9477288277591248,6.208391285611039,0.09129987184722116,5.4301621491133085
Dataset_0136,single_output,Strain,ann,42,2,0.9489680823561792,5.906454649643631,0.06217320683835401,4.754581981494943,0.8316826273763381,7.6355866660784155,0.16245929076762586,6.0172175982262885
Dataset_0136,single_output,Strain,ann,42,3,0.9823122776551374,3.313634968702042,0.03681816631891158,2.3908490255779444,0.9296349359879429,5.264797349745986,0.08226245858978103,4.200413284801856
Dataset_0136,single_output,Strain,ann,42,4,0.977889948368438,3.992193938381965,0.040736672840632294,3.186401844812723,0.9215650873390628,5.568437657357128,0.09280729428928547,5.107798945931518
Dataset_0136,single_output,Strain,ann,123,0,0.9784073312496612,4.034593959017436,0.04116932611242282,3.2917438480891232,0.9498100710122257,4.094171030737083,0.08355451083136904,3.2465690002029994
Dataset_0136,single_output,Strain,ann,123,1,0.9712843393417732,4.550650191528355,0.04643520603600362,3.308703731588436,0.9290984030876916,5.252148333109473,0.09726200616869395,3.998649777323702
Dataset_0136,single_output,Strain,ann,123,2,0.9853843870061088,3.0053944251866973,0.030667290052925483,2.298248575514169,0.9676261344288221,5.251394312655379,0.06036085416845263,4.432035718046889
Dataset_0136,single_output,Strain,ann,123,3,0.9860939470948172,2.689997378375321,0.029888859759725786,2.0208545424055857,0.990668792613549,3.3407039738700246,0.03671103267989038,2.923790572276108
Dataset_0136,single_output,Strain,ann,123,4,0.9684554784635587,4.69556503702512,0.04942700038973811,3.5254421617835474,0.9083671291631572,6.3625539914962745,0.10262183857252055,4.532324493744302
Dataset_0136,single_output,Strain,ann,7,0,0.944464863267256,5.970688159379288,0.06284934904609778,4.9466461570445635,0.8892506389242218,8.77507968190711,0.10833431706058161,6.868875567280576
Dataset_0136,single_output,Strain,ann,7,1,0.992244291625,2.110095872828609,0.023445509698095657,1.5368190355689968,0.9772081903146079,4.855293580137383,0.05335487450700421,4.051881387438515
Dataset_0136,single_output,Strain,ann,7,2,0.9883802074725127,2.6989811658059173,0.027540624140876706,1.9205632563589732,0.9764784689603478,4.05523247366126,0.054800438833260266,3.4610343873258183
Dataset_0136,single_output,Strain,ann,7,3,0.9852716067481805,3.164906498106933,0.032294964266397275,2.516323700033734,0.965800473158314,4.502434464243778,0.0625338120033858,3.580763214761513
Dataset_0136,single_output,Strain,ann,7,4,0.9795046952706957,4.011679418295829,0.040935504268324784,3.189677834173114,0.4257533703686541,8.98620984492553,0.2461975299979597,7.992219292514335
Dataset_0136,single_output,Strain,ann,2024,0,0.9861870835090362,3.0391569699542638,0.031011805815859834,2.3126466991678165,0.9778832393517437,3.4119706930923437,0.05017603960429917,3.0034010208804496
Dataset_0136,single_output,Strain,ann,2024,1,0.9751013714624969,4.120767588019828,0.04204864885734519,3.1256808717898124,0.9144130176750254,7.082151588309553,0.09021849157082233,6.337291525846175
Dataset_0136,single_output,Strain,ann,2024,2,0.9834323173236315,3.4130995747590482,0.03482754668121478,2.6876349652660907,0.896709666698214,4.836768858217312,0.10992656495948436,4.20200389802546
Dataset_0136,single_output,Strain,ann,2024,3,0.983673282163693,2.8799993511264295,0.03310344081754517,2.306359992495043,0.9804058490676764,5.039724017827427,0.05142575528395334,3.8343401507375168
Dataset_0136,single_output,Strain,ann,2024,4,0.9756315482811829,4.234279083383165,0.0432069294222772,3.0141051645655885,0.8367560596620799,7.715832138437404,0.13778271675781079,6.989166998164015
Dataset_0136,single_output,Strain,ann,99,0,0.9869526027077843,2.8735542995612526,0.031928381106236144,2.20106887250459,0.9829902120232221,3.5096791773542524,0.040574325749760144,2.806756743530027
Dataset_0136,single_output,Strain,ann,99,1,0.9900136849090228,2.474360077030006,0.025248572214591897,1.7359493466013303,0.9781839246012671,3.921592868181783,0.045075780094043484,3.223300504989944
Dataset_0136,single_output,Strain,ann,99,2,0.9762483473728054,3.9149310340743337,0.0412098003586772,3.11470881330663,0.9487985364609101,5.22871797616006,0.07262108300222306,4.128947526469183
Dataset_0136,single_output,Strain,ann,99,3,0.9816121135373819,3.7292151173474393,0.038053215483137136,2.8254205608727543,0.8559550683676341,5.96112428372031,0.13246942852711802,5.152819890275064
Dataset_0136,single_output,Strain,ann,99,4,0.9839279270904959,3.2262134011634176,0.03292054490983079,2.4185869977751464,0.9311281548837135,7.089335710060916,0.09711418780905365,6.576753670977889
Dataset_0136,single_output,Strain,lightgbm,42,0,0.9982447232832392,1.0388335340524293,0.010600342184208461,0.7871211792416654,0.9974480150197653,1.447749962981369,0.017442770638329747,1.1945380975576185
Dataset_0136,single_output,Strain,lightgbm,42,1,0.9980014467461673,1.1321561393093647,0.011552613666422087,0.9598754650229282,0.994345946490458,2.0418691987068986,0.03002748821627792,1.8709896163688395
Dataset_0136,single_output,Strain,lightgbm,42,2,0.9989929374764103,0.8297249448679508,0.008733946788083693,0.6571607882822899,0.9977425189866256,0.8842803864937576,0.018814476308377823,0.7967491072412807
Dataset_0136,single_output,Strain,lightgbm,42,3,0.9983144103679121,1.0229269818862587,0.011365855354291764,0.7761450601808564,0.9682773364459853,3.534987954023844,0.05523418678162256,3.0645455239201738
Dataset_0136,single_output,Strain,lightgbm,42,4,0.9992256104764984,0.747130536218481,0.007623780981821235,0.6382270755653238,0.9947139445553489,1.4455879192490584,0.024093131987484306,1.0777990043919334
Dataset_0136,single_output,Strain,lightgbm,123,0,0.9988974786069857,0.9116752930380291,0.00930280911263295,0.6793089157372175,0.9866865542107839,2.108642363947658,0.043033517631584854,1.688396953041301
Dataset_0136,single_output,Strain,lightgbm,123,1,0.9992664545652826,0.7273233922297353,0.00742166726765036,0.6113579866817296,0.9856988836261172,2.358815348431052,0.043681765711686145,2.0586636742709663
Dataset_0136,single_output,Strain,lightgbm,123,2,0.9968320225750197,1.3992135369095655,0.014277689152138423,1.050464867733405,0.9840923480315278,3.681123519540821,0.04231176459242323,2.9107379709827987
Dataset_0136,single_output,Strain,lightgbm,123,3,0.9981414259685708,0.9834218434475724,0.010926909371639693,0.7678983912852144,0.9927062825531823,2.953544647823677,0.03245653459146897,2.3057094938736244
Dataset_0136,single_output,Strain,lightgbm,123,4,0.9991608875761055,0.7658363281185698,0.00806143503282705,0.6151798862778761,0.9872895090531449,2.3696652341371913,0.03822040700221276,1.7263041953796627
Dataset_0136,single_output,Strain,lightgbm,7,0,0.9975976497276358,1.2418199461929624,0.013071788907294341,1.0620941244608233,0.9958335011191862,1.7020256032262346,0.021012661768225117,1.4850715025039305
Dataset_0136,single_output,Strain,lightgbm,7,1,0.9976429543285118,1.1632564026142156,0.012925071140157951,0.9174857224439801,0.992741374193668,2.7400172336565216,0.030110079490731006,1.9476016978508537
Dataset_0136,single_output,Strain,lightgbm,7,2,0.998509389922166,0.9666799114588109,0.00986408072917154,0.75301146055037,0.9885475905568746,2.829641365833584,0.038238396835588974,2.1727915873550643
Dataset_0136,single_output,Strain,lightgbm,7,3,0.9991479057560985,0.7612494889764676,0.007767851928331302,0.6351353430693478,0.9935425530284295,1.956445595249487,0.02717285548957621,1.246249743371624
Dataset_0136,single_output,Strain,lightgbm,7,4,0.9993009620731017,0.7408826082340231,0.007560026614632889,0.5913635896742323,0.9769372567232251,1.8008718554543839,0.04933895494395572,1.495930104408176
Dataset_0136,single_output,Strain,lightgbm,2024,0,0.9987540594423514,0.9127652551246801,0.009313931174741634,0.6956633239748348,0.9944487312030647,1.7093880420989467,0.025138059442631568,1.4708083825064255
Dataset_0136,single_output,Strain,lightgbm,2024,1,0.9986178498884002,0.9708854988347969,0.009906994886069356,0.6928280905977463,0.9944645949796073,1.8010926872085573,0.0229438558880071,1.358752525131567
Dataset_0136,single_output,Strain,lightgbm,2024,2,0.9987449684788446,0.9393888295104819,0.009585600301127366,0.7782049856954972,0.9953283958129076,1.028628406800831,0.02337791833638252,0.8416039733242086
Dataset_0136,single_output,Strain,lightgbm,2024,3,0.9980408565302313,0.9976450837917314,0.011467184871169328,0.7738602941375451,0.9932699570569944,2.953605225468906,0.030138828831315367,2.257306887919919
Dataset_0136,single_output,Strain,lightgbm,2024,4,0.9991233910483964,0.8030978467455993,0.008194875987199993,0.6922506948113465,0.9829745705724846,2.4918005287124916,0.044496438012723065,2.2715994256015386
Dataset_0136,single_output,Strain,lightgbm,99,0,0.9974762100540698,1.263816635536313,0.014042407061514588,1.052790518991587,0.9721769595717638,4.4886967113809915,0.05189244753041609,3.639574605318625
Dataset_0136,single_output,Strain,lightgbm,99,1,0.9984669317941074,0.9694848032698175,0.009892702074181811,0.7464684165287143,0.9677347379906294,4.769158862783378,0.05481791796302733,3.985444474270151
Dataset_0136,single_output,Strain,lightgbm,99,2,0.9990078091707177,0.8001562533519818,0.008422697403705071,0.6554639156050793,0.9896440108847769,2.351526205275171,0.03266008618437737,1.9148426624421353
Dataset_0136,single_output,Strain,lightgbm,99,3,0.9995025550511253,0.613372134361981,0.006258899330224296,0.4575114191087722,0.9893432945458099,1.6214018596304998,0.03603115243623333,1.3360060768594428
Dataset_0136,single_output,Strain,lightgbm,99,4,0.9988447242613329,0.8649678598957414,0.008826202651997362,0.6827644386181494,0.997821393796331,1.2608808576548878,0.01727234051582038,0.9711245190521751
