dataset,mode,target,model,seed,fold,train_r2,train_rmse,train_nrmse,train_mae,test_r2,test_rmse,test_nrmse,test_mae,train_Si Particle Size (um)__r2,train_Si Particle Size (um)__rmse,train_Si Particle Size (um)__nrmse,train_Si Particle Size (um)__mae,test_Si Particle Size (um)__r2,test_Si Particle Size (um)__rmse,test_Si Particle Size (um)__nrmse,test_Si Particle Size (um)__mae,train_Hardness (HV)__r2,train_Hardness (HV)__rmse,train_Hardness (HV)__nrmse,train_Hardness (HV)__mae,test_Hardness (HV)__r2,test_Hardness (HV)__rmse,test_Hardness (HV)__nrmse,test_Hardness (HV)__mae,train_wear rate__r2,train_wear rate__rmse,train_wear rate__nrmse,train_wear rate__mae,test_wear rate__r2,test_wear rate__rmse,test_wear rate__nrmse,test_wear rate__mae,train_Ultimate Compression Strength (MPa)__r2,train_Ultimate Compression Strength (MPa)__rmse,train_Ultimate Compression Strength (MPa)__nrmse,train_Ultimate Compression Strength (MPa)__mae,test_Ultimate Compression Strength (MPa)__r2,test_Ultimate Compression Strength (MPa)__rmse,test_Ultimate Compression Strength (MPa)__nrmse,test_Ultimate Compression Strength (MPa)__mae,train_Elongation (%)__r2,train_Elongation (%)__rmse,train_Elongation (%)__nrmse,train_Elongation (%)__mae,test_Elongation (%)__r2,test_Elongation (%)__rmse,test_Elongation (%)__nrmse,test_Elongation (%)__mae
Dataset_0172,multi_output,ALL,linear_regression,42,0,0.7882458190041632,4.210748658578529,0.02290940510652083,2.1404942002794223,0.5514281017628575,3.93668787170048,0.02255723052773596,2.2234979441496696,0.8733348062563011,0.32854186715014244,0.08424150439747244,0.25245546310984224,0.8259934616542443,0.39166211801284195,0.13413086233316507,0.3325991428892891,0.9301747879640055,1.6238592726194596,0.06014293602294295,1.1984768872510059,0.8937160269997414,1.9476101369290255,0.09274333985376312,1.730326973106931,0.9661925477946799,0.26959690367448214,0.044805867321668955,0.20331238271818716,0.9620658323322663,0.2535043148719654,0.054882943250046626,0.20334855638377583,0.7598461606231451,8.902847519500355,0.10726322312651031,7.018771586729204,0.844280103232481,7.954200058808692,0.10357031326573816,6.521592075366057,0.4116807923826852,2.5639395833204075,0.17161576862921066,2.0294546815888723,-0.7689149154044455,3.194903679706535,0.36723030801224543,2.329622973002295
Dataset_0172,multi_output,ALL,linear_regression,42,1,0.7728679159836978,4.196381192314308,0.02283247833023727,2.185057509354175,0.6791033022396837,3.9177325262509797,0.023045485448535175,2.210778545603632,0.8762451854711225,0.3436408007273032,0.08833953746203167,0.2815883491494625,0.6310722903769141,0.32580696150166505,0.16290348075083252,0.2702305201027351,0.952079691704506,1.397544695617902,0.051760914652514894,1.1764731859444435,0.5836317895743854,2.518628589130187,0.20644496632214643,1.9173974459504555,0.9681695936526347,0.2647140227885304,0.04472276107256807,0.19559236518100592,0.9316404241687333,0.2691599250823162,0.07280495674393188,0.21796966553676994,0.7933512438643673,8.826637789370201,0.10263532313221164,7.013644232016043,0.7827368338998855,8.14210292045601,0.12883074241227865,6.889844972975837,0.2744938652258577,2.8279404522148366,0.18928650951906534,2.2579894144799164,0.4664351731785006,1.9817198483915357,0.19659919130868408,1.7584501234523653
Dataset_0172,multi_output,ALL,linear_regression,42,2,0.7809418546828593,3.971746588883979,0.021609067404156575,2.1155702282868587,0.73582211771046,4.72337386824528,0.027787821321598304,2.241659901112286,0.8688253196564479,0.3409125393529194,0.0874134716289537,0.27323705202847165,0.8442948007627247,0.35063820239604093,0.14138637193388748,0.30478385535922764,0.9147161490055927,1.7594000331423034,0.06516296419045568,1.410767369449962,0.962521561191322,1.2577443787644835,0.06288721893822417,1.0518553265462731,0.9654837868761934,0.2665405919040191,0.044297921207249305,0.19504643532852295,0.9673870163184333,0.26592740798024544,0.06286699952251666,0.22104874210555225,0.821583664182364,8.245947593491085,0.09588311155222191,6.576953680777599,0.641288775502032,10.238316724168772,0.14795255381746783,7.813648464715255,0.33410035369369795,2.7559842876392526,0.18447016650865145,2.1218466038497366,0.2636184347777878,2.2254412358248463,0.24727124842498294,1.81696311683512
Dataset_0172,multi_output,ALL,linear_regression,42,3,0.7608488423091041,4.101566576058839,0.023491217503200677,2.139578298324494,0.731488013132487,4.342749000102808,0.02362886446543777,2.34066359780642,0.8671991009834148,0.35025152989980807,0.08980808458969439,0.2865512127298437,0.8692147840681601,0.2898121225850282,0.1038753127544904,0.24092909262402643,0.9225609382000435,1.7314907568669535,0.06659579834103667,1.3744804542601765,0.9385360088465939,1.4204675234217548,0.06606825690333742,1.1799245336723385,0.9665757737748071,0.2710855249719907,0.04505326989728946,0.20951465189992993,0.9626877089210201,0.2435699779762239,0.05536939713030777,0.17379856726851747,0.7765093901533752,8.667762209661209,0.11286148710496365,6.958300453995501,0.8012356443972547,8.854643953573746,0.13966315384185718,7.170936589610473,0.27139900843387976,2.4062245175423644,0.21484147478056825,1.8690447187370183,0.08576591942940626,3.7056145859013885,0.323917358907464,2.937729205856747
Dataset_0172,multi_output,ALL,linear_regression,42,4,0.7949667317802603,3.8491672818825897,0.020942150608719203,2.006216852969985,0.637656927952896,5.363560390007811,0.032112320850218895,2.5301891228758073,0.8693111874182526,0.3060923518271717,0.10203078394239057,0.25601235649479803,0.8414181600558492,0.47889971869288805,0.12602624176128632,0.3244092670323602,0.9126146256320163,1.7166466983016957,0.07152694576257065,1.37291511945913,0.9570186182226033,1.4763920022526844,0.05905568009010738,1.2413117347397937,0.9696453520883329,0.23171591358222696,0.04743416859410991,0.18590808412362295,0.9496793743499646,0.4033528019166194,0.07307115976750352,0.2640356981035442,0.8321802563430754,8.037375532313913,0.09345785502690597,6.329781785594617,0.5081447032087894,11.405671714234762,0.18300315626529906,8.486297271842181,0.3910822374196238,2.5272074890863654,0.17872754519705553,1.8864669191777559,-0.06797621607272664,3.3433188997932817,0.306726504568191,2.334891642661156
Dataset_0172,multi_output,ALL,linear_regression,123,0,0.7590530211362158,4.0613676434059585,0.02295855083892571,2.107239669179483,0.758412938519369,4.501412051825264,0.02449214892989425,2.4811157566867483,0.8700174882512307,0.34314622696054187,0.0879862120411646,0.277323971382481,0.8096637078948485,0.35527387203775984,0.1273383053898781,0.30939043122652354,0.9281191960430334,1.6503893852504936,0.06112553278705532,1.2658471836039908,0.9101008110100095,1.8009766212487281,0.08785251810969405,1.6419319007363735,0.9660624483644962,0.2693754724376868,0.044769066384857364,0.20514682776791274,0.9575521163004346,0.2697349853506042,0.0637520646066188,0.204561071095227,0.777666792697901,8.503539213035808,0.11174164537497777,6.73652488462205,0.7722113195445663,9.534937576868417,0.11087136717288858,8.130922224632439,0.25339918032441755,2.692444786009719,0.18021718781858895,2.051355478520978,0.3425367378469859,2.637427616078222,0.1913953277270118,2.118773155743179
Dataset_0172,multi_output,ALL,linear_regression,123,1,0.8113751224113168,4.0376741061082715,0.021967759010382323,1.9791738410966189,0.6121113105667157,4.589699836374263,0.02595984070347434,2.5566456770707173,0.8630627155832449,0.34677787179528685,0.08891740302443253,0.28274886570087954,0.8810049031336729,0.3160932568948487,0.10196556674027377,0.24429083389429102,0.9244638630142629,1.7292390860812603,0.06404589207708372,1.3872367825955492,0.9236745307863327,1.4978183996801464,0.0832121333155637,1.2252835454544841,0.9693038517011835,0.2541762501347992,0.042243019799700715,0.18879568553462098,0.9521562179123654,0.3079636103780104,0.059590481884289934,0.23126630099292497,0.7949763223149835,8.569195641468822,0.09964180978452118,6.387593440679141,0.7768032361825395,9.235849050412943,0.12136463929583369,7.957474979326871,0.5050688594429096,2.215359726678099,0.15194511156914262,1.649494430972905,-0.4730823351813318,4.193757118296688,0.2904263932338426,3.1249127256850167
Dataset_0172,multi_output,ALL,linear_regression,123,2,0.7627685531110353,4.4006567237684235,0.023942637234866285,2.3336550993385874,0.7645930194210316,2.7144161142263457,0.018123292366725725,1.4963060062178828,0.8712552140294789,0.33071679461518666,0.08479917810645812,0.25512015041750946,0.8251804624158645,0.39053213938125564,0.13127130735504391,0.34424330664705066,0.9186584987014286,1.7592598845173104,0.06515777350064113,1.3780467036495498,0.9571553192368649,1.2372183665306657,0.06186091832653329,1.03820574754582,0.9657063006781003,0.26759770168415936,0.044473608390254174,0.19690049504181661,0.9636642521339516,0.2599203552207489,0.057402905304935706,0.21035166342939288,0.7608426228742573,9.252216854515467,0.10758391691297055,7.530627597514433,0.8088842875597263,5.586393445332898,0.13300936774602137,4.25645995679812,0.29738012927191193,2.8194687105555896,0.18871945853785738,2.3075805500696287,0.2680807757587509,1.9702028449810203,0.24939276518747092,1.63226935666903
Dataset_0172,multi_output,ALL,linear_regression,123,3,0.788083776025563,3.623106700429857,0.019713296155557197,1.9349018949775203,0.7089036175298707,5.9956906459429105,0.03410518001105182,2.7883198454563285,0.8892214764585888,0.30799673472954486,0.09655070054217707,0.2603613322941723,0.7875980009523705,0.44357552009547674,0.11373731284499405,0.3395448444805571,0.9384066968711723,1.5164744563542447,0.06318643568142686,1.2573394691736015,0.854860980666191,2.366731564759331,0.1075787074890605,1.6648087113827401,0.9716677339620232,0.24320727004832154,0.04422754501697064,0.18848722801456666,0.9431758517320682,0.3430582368480347,0.057014830787441365,0.25519622725594937,0.838058155382978,7.538200756524707,0.08765349716889194,6.112463788146678,0.6084618879218269,12.781873649319257,0.18002638942703178,8.969616456278837,0.3030648174530526,2.5211770319129996,0.17459674736239608,1.855857657258584,0.35042136637689714,3.2325487044357484,0.2505851708864921,2.7124329878835596
Dataset_0172,multi_output,ALL,linear_regression,123,4,0.7856215409458374,4.150474137521589,0.02258146973624368,2.1722737538792325,0.5937420304953941,4.179960434440508,0.025998012404779874,2.2858365366336697,0.8621606095689522,0.3435113296431067,0.08807982811361711,0.2664694969016168,0.8832960520484928,0.32969821834201957,0.1329428299766208,0.29505681660945987,0.9302830353602287,1.564307397983418,0.06016566915320838,1.225843178322556,0.9031907333129108,2.144894851246208,0.10213785005934324,1.7615812659336325,0.9620356920308317,0.2743982319031399,0.045603827805075596,0.20856917999322205,0.9796847005918553,0.22396540852084215,0.05173606110437565,0.17702771821346333,0.8149551835730973,8.702065290347697,0.10118680570171741,6.99692159922095,0.5448892335656979,8.803587549425588,0.19138233803099106,7.20371218650015,0.3586731841960774,2.786733832832498,0.18652836899815917,2.163565314957816,-0.34235056704198663,2.257821313732522,0.2902083950813011,1.991804695911643
Dataset_0172,multi_output,ALL,linear_regression,7,0,0.7907137309338256,3.8814408400208094,0.021117741240591997,2.011245683187188,0.7134974252236044,4.948666835109432,0.028355872307525964,2.5535984211444838,0.8787087994484153,0.3125800103423185,0.09768125323197455,0.25089893602726215,0.8160274974379063,0.44222886372103765,0.11576671825158055,0.3362356539612055,0.9136848417009156,1.7882296859851163,0.07450957024937985,1.4158387860967523,0.9664710081925156,1.1114433903249528,0.05052015410567967,0.9558342052192094,0.9699765783639099,0.24906377396297816,0.044499512946753285,0.19350266062661378,0.9460576873263199,0.32782264819624063,0.05864448089378187,0.23798736015786456,0.8040709150871699,8.105951263684888,0.09425524725214986,6.377180910401732,0.7630425946194281,10.504378350067448,0.15049252650526426,8.614013743570206,0.3871275200687172,2.5027913711430116,0.17332350215671824,1.8188071227835778,0.0758883385418514,3.2505710631701086,0.2519822529589232,2.623921142813933
Dataset_0172,multi_output,ALL,linear_regression,7,1,0.7823102130060884,4.208683636377161,0.022898169947645056,2.1947548213062236,0.7170353788292331,3.7785529074265702,0.021365863202864408,2.0410378024640403,0.8834409329662399,0.34196048159624,0.08768217476826667,0.2742884701760963,0.6665432245115169,0.3439917486609697,0.16780085300535108,0.3162550814782202,0.9299953774098653,1.6813411215636878,0.06466696621398799,1.3119642231426931,0.8965070003635617,1.6721502534427668,0.0880079080759351,1.4140415888981817,0.9685662774603865,0.2724950684140863,0.04528753006715744,0.20136120896749338,0.9439432675365454,0.24016156075096481,0.05975654659143191,0.1847973344112133,0.7824375058064821,8.888836425886376,0.10335856309170205,7.165777672269043,0.8369284228519687,7.695992217774149,0.111374706480089,6.140897884015734,0.3471109713874687,2.556477703606143,0.1753414062830002,2.0203825319757907,0.24125497888257263,3.0309932013402454,0.22721088465818928,2.149197123516853
Dataset_0172,multi_output,ALL,linear_regression,7,2,0.7505414083400306,4.158923562133166,0.023510025789333897,2.1675343570565273,0.8468922456279808,3.9975178441302006,0.02175223966333941,2.2051879184784897,0.8590347221607935,0.3490876545218792,0.08950965500561006,0.28083018948585026,0.895595367443599,0.29689503298275344,0.09351024660874124,0.23747519328156746,0.9282764716263066,1.6326305777208558,0.060467799174846515,1.2866118188436453,0.8975194635298555,1.8381253652671987,0.08752977929843804,1.6092319076276962,0.962380746663987,0.2787995129561003,0.04633530213662959,0.21396674447549444,0.9798257829587987,0.1996875772956431,0.04302684277001574,0.15196617379595434,0.7683904190338897,8.711493500218891,0.1144742904102351,6.833325606991426,0.8560189635299317,8.46938053080565,0.09848116896285639,7.370453730054199,0.23462468221517518,2.7799339941269934,0.18607322584518027,2.222937425486218,0.6055016506777192,2.159539614717067,0.1567155017936914,1.656812587633033
Dataset_0172,multi_output,ALL,linear_regression,7,3,0.7826037746960018,3.9676643534423572,0.02158685720044808,2.140373537444389,0.7063213053896815,4.732394458193469,0.028343631648509986,2.0831085573135297,0.8693458960984145,0.33343276308375935,0.08549558027788702,0.266912317880808,0.8452850492035189,0.3654267152877929,0.12867137862246228,0.31398277757671295,0.9214485115374365,1.75801315125507,0.06511159819463222,1.3937167796156724,0.9284341634824625,1.2613368377218201,0.07419628457187177,1.1350219897613445,0.9653931098781904,0.27406478169228915,0.045548409787649846,0.20373238783373568,0.9659552723259281,0.22598900054425008,0.05797562866707287,0.17097600097814197,0.824237943526949,8.242371721966515,0.09584153165077343,6.723021432789604,0.5552076360339581,10.224808303501852,0.15416220585754775,6.769477668970272,0.3325934124390192,2.7382862072407663,0.18328555604021193,2.1144847691021216,0.23672440590253974,2.378130224679424,0.2797800264328734,2.026084349281177
Dataset_0172,multi_output,ALL,linear_regression,7,4,0.7918256325842017,4.210380744051083,0.022910519624818843,2.08951330292463,0.6555422987485899,3.820784493500974,0.02173370019056299,2.176625825486406,0.8701136242474069,0.3260226546714474,0.08413487862488966,0.2636706292134725,0.803029637258145,0.454041079577641,0.1621575284205861,0.36726295476545123,0.9421777774640472,1.381939258078112,0.05118293548437452,1.1929413452976025,0.8602437971635086,2.678846575071725,0.11905984778096555,1.9139830832696998,0.969333709044198,0.22983087643988293,0.03882934219291822,0.17913510141420233,0.9516792324229153,0.40180680878170005,0.07178967460812936,0.32279533480085565,0.8018631645982035,8.933344651871208,0.10387610060315358,6.820905300601715,0.7089202143298535,7.534501042015538,0.13264966623266794,5.960521443715025,0.3756398875671534,2.600579601574078,0.1740682464239677,1.9909141380961544,-0.04616138743147191,2.9460895761081964,0.26304371215251754,2.318566310880999
Dataset_0172,multi_output,ALL,linear_regression,2024,0,0.7824761023889998,4.16002734540789,0.022633445840086454,2.1600370856106483,0.729724996490179,4.003099118894323,0.022631722743635927,2.0594534548249306,0.8469717735845582,0.3596547026969489,0.09221915453767922,0.2947943423639599,0.9352698315319488,0.24896322876116433,0.0964973754888234,0.19419891526185262,0.9187952265204395,1.7498822228467643,0.0648104526980283,1.392172912529243,0.9500659082840349,1.3616157105033908,0.0605162538001507,1.1722836720627565,0.9636581406877517,0.26399118565405694,0.043874220650499736,0.19884541631801186,0.9722886317950192,0.27401489423961484,0.05093213647576484,0.20117254762938283,0.8110062042516748,8.772340456607097,0.10200395879775694,6.972677031087952,0.6513191899568831,8.257940109955104,0.132978101609583,6.316646546457851,0.371949166900575,2.512777316232239,0.1723441231983703,1.9416957257540728,0.13968142088300894,3.1526772312159124,0.21832944814514627,2.41296559271281
Dataset_0172,multi_output,ALL,linear_regression,2024,1,0.7577492204821852,4.192930258573982,0.02370226262619549,2.1574950785764977,0.8043273527280601,3.9020131853660125,0.021230824230730794,2.1131121471972936,0.8723592423163871,0.34872058281130686,0.08941553405418126,0.2856451721250731,0.8196507967732121,0.3099555150903386,0.12448012654230464,0.2662511408336209,0.9243739196780714,1.7333911524741583,0.06419967231385772,1.3793714018098335,0.9270246269764189,1.4255662979094026,0.07348279886130939,1.20123237649791,0.9688428347455357,0.264708456925172,0.04399342810788964,0.2003769087005108,0.9482624654614826,0.2741016933557579,0.06555888384495524,0.20551753141232568,0.7455650358900354,8.822673375590439,0.1115382221945694,6.912870673066268,0.8864148452876822,8.120837097651357,0.0978414108150766,6.840832942260182,0.27760506978089594,2.6205789006352025,0.1754068875927177,2.0092112371808013,0.44028402914150466,2.824375311089167,0.21928379744481113,2.0517267449824295
Dataset_0172,multi_output,ALL,linear_regression,2024,2,0.7729859953558486,4.035678635157225,0.021956902258744426,2.13067127022834,0.7623382205482437,4.681690342406951,0.028021489405398482,2.6018990320152064,0.8738399364340367,0.31736134382220665,0.08137470354415556,0.24582995157719084,0.8370803186508537,0.4319513125050194,0.13712740079524424,0.3576355343023753,0.9167082008954485,1.725965098554629,0.06392463327980108,1.3335708403113247,0.9532826534106379,1.4467159989104075,0.06889123804335273,1.3393312516542102,0.9657492093513295,0.26222477528601146,0.04358065070400722,0.1877206679888234,0.9679854340198063,0.27680252826178453,0.061786278629862613,0.23684647851885612,0.8024193154931831,8.426485183782102,0.09798238585793141,6.747606097874221,0.729901240188136,10.006695004372418,0.16587973484247692,8.803393994738789,0.30621331460524526,2.6980404189092515,0.18059172817330998,2.1386287933901427,0.32344145647178446,2.6647680279661126,0.2664768027966113,2.272287900861802
Dataset_0172,multi_output,ALL,linear_regression,2024,3,0.7928487116290178,3.8249113054923076,0.0208113134854579,1.9497498182235944,0.6336069033131948,5.33996059830161,0.03141153293118594,2.7227613707119938,0.8774371777545402,0.33554766509751394,0.08625903987082621,0.2724109620138776,0.7714370499477822,0.36907854217614816,0.13181376506291007,0.31414883964148477,0.9559367039240585,1.2684724565563321,0.04878740217524354,1.0671563284167815,0.7820254610892408,2.856937166435974,0.1328807984388825,2.2591234353985916,0.9652421599698809,0.26999927986788025,0.046551599977220734,0.20658814464203418,0.9656852253917798,0.24823700967316198,0.05520058031424548,0.1701175578825198,0.827730275811622,7.987805146412301,0.09623861622183495,6.108957710569838,0.6016513062016646,11.355569756348332,0.1572793595062096,8.981501189721143,0.33789724068498717,2.747760396693984,0.18391970526733492,2.0936359454754423,0.04723547393550709,2.2949947515290585,0.2254415276551138,1.8889158309162288
Dataset_0172,multi_output,ALL,linear_regression,2024,4,0.7895849524398135,4.135851076325523,0.022501910099703606,2.1586608722679594,0.6955246833631998,4.129279768064958,0.02366756329492152,1.8935682322074237,0.8842857159551362,0.3101497802218605,0.09692180631933142,0.2554497590417315,0.7944799665096768,0.4533937097812658,0.12026358349635699,0.35067531516627,0.9185726826624865,1.7480642476510098,0.07283601031879207,1.4049968863646802,0.9384617120337944,1.3089757290346966,0.059498896774304394,1.0704519626260673,0.9705018639100811,0.25076911616322084,0.04480420156569963,0.19268864535524755,0.9396874179429269,0.3245205912396169,0.061114988934014486,0.2518252248891452,0.7981798762191482,8.689626520025167,0.10104216883750193,6.988475164893241,0.7598243585823813,8.653037056696611,0.1439773220748188,5.629218697845127,0.37638462345221646,2.6080461883336343,0.18061261692061178,1.951693905684894,0.04516996174722021,2.8905725697132323,0.22407539300102577,2.165669960510508
Dataset_0172,multi_output,ALL,linear_regression,99,0,0.7811577308625767,4.08426504536526,0.0222212461662963,2.0945456287273188,0.7063438003200785,4.328511790664362,0.024802382481459787,2.254990950446275,0.8570582762612253,0.3566327327186956,0.09144429044069119,0.2893740371841184,0.9153404372160933,0.2582220443301693,0.10246906521038467,0.21943779422890555,0.9259948949977197,1.724690723776145,0.0638774342139313,1.3374056501264828,0.9211699601327528,1.449107705146285,0.07068818073884317,1.27357282275437,0.9670590015158235,0.25977587664926216,0.043173654088293524,0.19569291537867564,0.9635675914093279,0.28316131020136986,0.0531159839057156,0.2079454603283922,0.8029221227696761,8.542484980828268,0.09933122070730545,6.570141978252862,0.7314853179991899,9.20440212750208,0.12472089603661353,7.898217875564623,0.3527543587684385,2.694963200392755,0.1803857563850572,2.0801135626944536,0.00015569484302901948,2.590807015574462,0.3048008253617014,1.6757807993550835
Dataset_0172,multi_output,ALL,linear_regression,99,1,0.778133501281889,4.204437805993393,0.02287631430433317,2.1471624951986916,0.734352173188433,3.8570756414281244,0.021803706282804546,2.2033204403776017,0.8747190830431077,0.3415847211584386,0.08781098230294052,0.2785910585017278,0.8162699298087216,0.33678328709584243,0.13471331483833698,0.2780386541076544,0.9447487005177708,1.4566447763506754,0.053949806531506495,1.2391611846378383,0.806470220063367,2.4044964671186477,0.1466156382389419,1.7553482572914418,0.9670055850184336,0.2643946385536426,0.04466880191816905,0.1945277968980996,0.9618651575722199,0.2688191944723986,0.06044956025914068,0.20832982028666439,0.7691021377472249,8.913760302869683,0.10364837561476375,6.949719746638126,0.858013110785232,7.721411387358305,0.11014852193093161,6.652867698184159,0.3350920000829074,2.5735121787593602,0.17650975162958576,2.0738126893176663,0.2291424477126245,2.9660881145870306,0.21125983722129846,2.1220177720180904
Dataset_0172,multi_output,ALL,linear_regression,99,2,0.767701003616823,4.189950694407324,0.022796249697537126,2.1475361440078804,0.7737673853275374,3.874219269259022,0.02280696573414389,2.2289037257899533,0.8730816008090152,0.3327187855836753,0.08531250912401932,0.25996427758706514,0.8310485103325426,0.37975832865384834,0.1323199751407137,0.3321232285391484,0.9328458588053482,1.632189315462305,0.06045145612823352,1.2231375871114596,0.8705012240743136,1.9025671282295176,0.11530709868057683,1.6386390740379124,0.9671700563375916,0.26787362107009555,0.04451946502743818,0.1986971184008662,0.9597146305190043,0.25273088565099233,0.06194384452230204,0.20860619498840244,0.771001778824822,8.860813525701102,0.10675678946627834,7.108832191258832,0.8655124419173879,7.782066963068889,0.10778486098433367,6.152061320259689,0.29440572330733816,2.533360957684418,0.1695690065384483,1.94704954568118,0.34206011979443884,3.264882470723545,0.2698249975804583,2.813088811124615
Dataset_0172,multi_output,ALL,linear_regression,99,3,0.7772396391741905,4.067090118247889,0.022990899481333458,2.1288826714739186,0.7315394248790493,4.5177206423184355,0.02459292674098223,2.1430257648266724,0.8657751137264058,0.3236452585132704,0.10113914328539701,0.27761248250972137,0.8613714864536508,0.40332661219161026,0.10613858215568692,0.24752290227496565,0.9189540995917008,1.7294452014404549,0.07206021672668562,1.400028335406755,0.9448187575847892,1.3975055741452078,0.055900222965808315,1.08816228032722,0.9681195630111814,0.25374715608571086,0.04533627945072554,0.19505859980084328,0.95729229202229,0.30937471229620295,0.056046143531920826,0.21735426166057067,0.7949733264252583,8.530539446734377,0.107844999326604,6.84175903485841,0.7685575810713726,9.55067002597277,0.14470712160564805,6.752642281115141,0.3383760931164066,2.6030544212697118,0.18026692668072794,1.929954904793862,0.12565700726314377,2.93637432332094,0.20139741586563378,2.4094470987554653
Dataset_0172,multi_output,ALL,linear_regression,99,4,0.7894109170072143,3.836700699404683,0.020874323718197405,2.063222117848768,0.5896369078800328,5.203369066425113,0.031136457328337454,2.5709226015660933,0.8805565428844828,0.32249767759812453,0.08269171220464733,0.25578080703924316,0.7768509695311293,0.41393879330181266,0.12976137721059958,0.36591716403087365,0.9105013343533516,1.694568154027491,0.06778272616109965,1.3584384497596904,0.9501035571086077,1.6709337933754675,0.06962224139064448,1.4110670613875962,0.9642513410488811,0.2690169449118571,0.04470948062354281,0.2105461436101164,0.967294305971071,0.2605251761577849,0.05417450117649925,0.18554421201830712,0.8436161889039869,7.9305888731957035,0.09221614968832213,6.312750200144425,0.2145139668517868,11.29523532304146,0.2872278530970493,9.033897533426233,0.34812917784536934,2.7675233171657956,0.18524252457602378,2.1785949886903646,0.03942173993756892,2.1821248292453173,0.2948817336817997,1.858187036967456
Dataset_0172,multi_output,ALL,ridge,42,0,0.7879977107068992,4.213520550986422,0.022924486131590975,2.1497674317295625,0.5587414638237629,3.909855628680221,0.022403481713730352,2.196302531210441,0.87309301804807,0.32885529057003354,0.08432186937693169,0.2518087416880109,0.8236442571320832,0.3942971044418471,0.13503325494583807,0.3321558394042005,0.9299252185959126,1.6267586841736137,0.06025032163605976,1.2147045912661047,0.8928587425283677,1.9554490543920882,0.09311662163771849,1.7357497792109853,0.9659313060929986,0.2706365327118425,0.044978649279016535,0.2039774068300747,0.9615852700786935,0.2551049984864717,0.05522948657425237,0.20738744172421827,0.7595290662602968,8.90872315220178,0.10733401388194916,7.044433854751578,0.8464120212641593,7.8995630328643625,0.10285889365708804,6.390909430411339,0.4115099445372181,2.5643118402097893,0.17164068542234198,2.033912564112043,-0.7307929718844899,3.1602894336228013,0.36325165903710366,2.315310165301462
Dataset_0172,multi_output,ALL,ridge,42,1,0.7726540801934197,4.198576118934492,0.022844420909377505,2.186478720456109,0.6832458216511499,3.938987403389114,0.023170514137583025,2.2125149194752014,0.8760006619756012,0.34398012806513967,0.08842676814013874,0.2812218455384313,0.644144503396264,0.31998274593297343,0.15999137296648672,0.2660173083241045,0.9518053378265688,1.4015396050116435,0.0519088742596905,1.1714361279908547,0.6000523109252069,2.468464823224747,0.2023331822315366,1.903140931248361,0.9679025011406808,0.26582232520984855,0.04491000594861439,0.1957971229261757,0.9329008256536419,0.2666670196987973,0.07213065179843042,0.21667490325847716,0.7931408389897516,8.831130183037471,0.10268756026787758,7.022596586347057,0.7793236938515704,8.205808709441019,0.1298387454025478,6.908800996689336,0.2744210610344954,2.8280823398868336,0.1892960066858657,2.2613419194780255,0.4598077744290663,1.9939893188692515,0.19781640068147335,1.7679404578557292
Dataset_0172,multi_output,ALL,ridge,42,2,0.7807012277010454,3.97430142522248,0.0216229674930494,2.1178711846328837,0.7393946244804128,4.69197222409011,0.02760308403394582,2.2383466998846493,0.8685445106329357,0.34127724440944446,0.08750698574601141,0.27307572604086006,0.8515828547680315,0.34233374471980677,0.13803780029024468,0.3009640924359601,0.9144245894416976,1.7624048941222847,0.0652742553378624,1.4192155046893575,0.9622744803992537,1.2618834782202009,0.06309417391101005,1.0687679614947305,0.9651787395067927,0.2677158171629968,0.044493238684227485,0.19371850242261685,0.9698395040930092,0.2557331763939565,0.060457015695970805,0.2173199322166553,0.8213501512582688,8.251342014629968,0.09594583737941823,6.577216974824538,0.6462673273239996,10.167019696118034,0.14692224994390224,7.7876097982671695,0.33400814766553255,2.7561750893389005,0.1844829377067537,2.126129215187046,0.2670089558177705,2.2203120262760034,0.24670133625288926,1.8170717150087314
Dataset_0172,multi_output,ALL,ridge,42,3,0.7606391056887001,4.103781825856801,0.023503905073635742,2.1460195256710595,0.7300531773165623,4.362190009008199,0.02373464284786005,2.3577023054909594,0.8669634180638068,0.3505621893585875,0.0898877408611763,0.28576866369515086,0.8715748261335784,0.2871853633693588,0.10293382199618595,0.2387858686411351,0.9223301248793868,1.7340692603181331,0.06669497155069742,1.3887411946864254,0.9355814426483092,1.4542076576022984,0.06763756546987434,1.2104937815773837,0.9663172059201819,0.27213205576062255,0.04522719889656349,0.21121088164046714,0.9644411400365501,0.2377780235903771,0.05405274462159061,0.17210600096753964,0.7762699452152785,8.672404230598293,0.11292193008591525,6.97068608684617,0.7995797484280557,8.891451252009915,0.14024371059952545,7.224098652110229,0.2713148343648467,2.406363507100095,0.2148538845625085,1.8736908014870854,0.07908872933631761,3.7191221106224464,0.32509808659287115,2.943027224158512
Dataset_0172,multi_output,ALL,ridge,42,4,0.7947200458276421,3.851468449728332,0.020954670564354363,2.0123404028842473,0.6362604093631864,5.360498710885914,0.0320939901864147,2.55179145443754,0.8690328194189276,0.3064181677469279,0.10213938924897598,0.2545104074995328,0.8344271255094828,0.4893419519457654,0.1287741978804646,0.33041068680052765,0.9122880394561527,1.7198515266056016,0.0716604802752334,1.3886995637430697,0.9556486109479452,1.4997370149050537,0.05998948059620215,1.2828919084620694,0.9693099695429245,0.23299248892995028,0.04769549415147395,0.18917889937676702,0.944869461198485,0.42219023150683144,0.0764837375918173,0.272623990381793,0.8319833729505639,8.042088809429668,0.09351266057476358,6.336387125078159,0.5089105393587756,11.396788737322506,0.18286062955992793,8.53224270978558,0.3909860277696413,2.5274071319277267,0.17874166420988166,1.8929260187237071,-0.06255369019875645,3.334820440817831,0.3059468294328285,2.340787976757731
Dataset_0172,multi_output,ALL,ridge,123,0,0.7588211766208264,4.063623693820257,0.022971304091691673,2.1107290058291235,0.7576783669538859,4.55444556271046,0.024780703861529245,2.506037947848495,0.869752688957216,0.34349557645073436,0.08807578883352164,0.2773846396663831,0.8153070177342536,0.34996745873571894,0.12543636513825052,0.3030597228736276,0.9278452832796875,1.6535309254627366,0.061241886128249504,1.2887226378533314,0.910037797043009,1.8016076992527321,0.0878833024025723,1.6619657038672282,0.9657655229788152,0.27055131194394955,0.04496448594714136,0.2052451564865737,0.9615941536209713,0.25657121340597516,0.06064079730701374,0.19745178286719234,0.7774219429461549,8.508220287375266,0.11180315752135699,6.72721880797714,0.7663713743048651,9.6563903173298,0.11228360834104419,8.237053778771303,0.2533204449422578,2.692586752824398,0.18022669028275753,2.055073787162189,0.33508149206632976,2.6523389010673184,0.1924774238800667,2.130658750863124
Dataset_0172,multi_output,ALL,ridge,123,1,0.8111241584196144,4.04070711893301,0.021984260712366758,1.9939488149656495,0.6167319222425645,4.515106236724956,0.025537931203195457,2.5262457388458253,0.8628187492867571,0.34708664257811167,0.08899657502002864,0.2818220899853536,0.8792019410641215,0.31847890820879177,0.1027351316802554,0.2461421522983219,0.9242202619335795,1.732025205740033,0.0641490816940753,1.3926546060933913,0.9218421212147139,1.515691454011065,0.0842050807783925,1.2332923307630779,0.969037370298546,0.25527715170518606,0.04242598499338309,0.19199105750428222,0.9496088449650144,0.31605583097229184,0.06115631404262613,0.2321791834232556,0.7946687071354205,8.575621793475328,0.09971653248227126,6.446288615872788,0.7851939650940034,9.060582493896641,0.11906153080021868,7.8174158426091145,0.5048757034437694,2.2157919769899115,0.15197475836693497,1.6569877053724313,-0.4521872611250306,4.163907519245481,0.2883592464851441,3.102199185135357
Dataset_0172,multi_output,ALL,ridge,123,2,0.7625593233737206,4.402653311508354,0.02395350006261346,2.3384179311526214,0.7629285862615871,2.7736871791930806,0.018519026400888535,1.513933092134803,0.8710147489259483,0.33102550128777664,0.08487833366353248,0.25399837335755227,0.8249229721698812,0.3908196393295625,0.13136794599313023,0.3415377387755467,0.9184164656337959,1.7618752947754839,0.06525464054724014,1.3938225672717148,0.9573160657056176,1.2348952616450113,0.06174476308225056,1.0287651856973707,0.9654437556787177,0.26862008312936775,0.0446435238705946,0.19755675425233749,0.9636663183526132,0.25991296497897526,0.057401273184402656,0.21163484105706937,0.760627650796009,9.256374203857721,0.10763225818439211,7.537611192387481,0.7988309629090411,5.731441858760722,0.1364629013990648,4.342668241024961,0.29729399583413196,2.819641523125108,0.18873102564425084,2.309100768494021,0.2699066121707826,1.9677438889913041,0.2490815049356081,1.645059454119068
Dataset_0172,multi_output,ALL,ridge,123,3,0.7878504400382209,3.6258327288662806,0.01972812845566288,1.9352060696614217,0.7109768110364557,5.956966244151912,0.033884904688008595,2.7885074046931044,0.8889810243248906,0.3083308172124147,0.09665542859323344,0.2596816952716,0.7859211178785706,0.4453230600324925,0.11418540000833143,0.33910796575579294,0.938080219522153,1.5204882062423872,0.06335367526009947,1.2599519542163993,0.8657038877371435,2.2766099572634477,0.10348227078470217,1.5918492231952348,0.9714006109944882,0.24435108671591182,0.044435549502802665,0.19088431734037065,0.9421770596764661,0.34606005286350744,0.05751371993742852,0.25407013533404244,0.8378158396655665,7.543838402985928,0.08771905119751079,6.10416762531771,0.6131083737443361,12.705804362905438,0.17895499102683715,9.029861120888786,0.30297450568400686,2.5213403789413107,0.17460805948347025,1.8613447561610301,0.3479736161457624,3.238633442658198,0.2510568560200154,2.7276485782916673
Dataset_0172,multi_output,ALL,ridge,123,4,0.7853858301815894,4.152728479184692,0.0225937349248351,2.1756187712446944,0.5976234546642051,4.162319715321634,0.025888292793392425,2.2952095938405246,0.8618727538363138,0.3438698270736854,0.08817175053171422,0.26563726652962777,0.8865458435948648,0.3250753447200809,0.1310787680322907,0.29152629211510567,0.9299984462922095,1.5674969472816287,0.06028834412621649,1.2411771792759532,0.8993517535135,2.187009391297427,0.10414330434749652,1.81173305740182,0.9617151708069503,0.27555412814523605,0.04579593288104305,0.2078298451866449,0.9801786591445417,0.22122583752643507,0.05110321957182608,0.1834323925159793,0.814755592323056,8.706757094277828,0.10124136156137009,6.9949970346893,0.5499340290631727,8.754658734759943,0.19031866814695528,7.214229220597405,0.35858718764941744,2.786920665385707,0.18654087452380902,2.1684525305419475,-0.3278930119950536,2.2456296604983588,0.28864134453706414,1.9751270065723134
Dataset_0172,multi_output,ALL,ridge,7,0,0.7904697091105987,3.884158167902378,0.021132525396639706,2.0219445011630928,0.7132645358705879,4.9537425035231335,0.028384955899169912,2.570784938692389,0.8784647273089754,0.31289435190128606,0.0977794849691519,0.24974484864813884,0.8109880801021863,0.44824476247300005,0.11734156085680632,0.3394876204269247,0.913398804374469,1.7911902168325422,0.07463292570135592,1.4373273276356884,0.9654299970568102,1.1285656001177249,0.051298436368987496,0.9752533522922457,0.9697020102282204,0.25020004251295275,0.04470252680238569,0.19371652462745387,0.9437831869396156,0.33466267962353147,0.059868100111544094,0.24215956189790877,0.8037944121464813,8.11166896802711,0.09432173218636175,6.400113965957569,0.7624145400953134,10.51829004144458,0.15069183440465012,8.67384488634296,0.38698859149484743,2.5030750268335904,0.1733431459026032,1.8288198389466126,0.08370687515901398,3.2367909679371674,0.2509140285222611,2.6231792725019045
Dataset_0172,multi_output,ALL,ridge,7,1,0.7821078355640863,4.210965401896012,0.022910584341109968,2.202427182019869,0.7176847907888155,3.7995261994291933,0.02148445688113765,2.0470406759377617,0.8832293789246513,0.3422706690743679,0.0877617100190687,0.2748965960133407,0.673420358242793,0.3404260661692271,0.1660614956923059,0.3116240338713087,0.9297691501233944,1.6840556454299909,0.06477137097807657,1.3245735930525064,0.8923381178725851,1.7054963549771232,0.08976296605142753,1.4335654115765162,0.9683355317426638,0.2734933927634575,0.0454534473597237,0.20177054824288962,0.945300106478459,0.23723723197046884,0.05902892061967377,0.18598897245031132,0.7822032513176733,8.893620544676867,0.10341419237996358,7.1849593229020625,0.8350030626837884,7.741291577429388,0.11203026884847161,6.153123885282246,0.3470018657120485,2.5566913038983134,0.17535605650880068,2.0259358498885502,0.2423623086664518,3.028780643487464,0.22704502574868543,2.150901076508427
Dataset_0172,multi_output,ALL,ridge,7,2,0.750312516911135,4.161325295419782,0.023523602574447605,2.1701837817309606,0.8435541171592538,4.040735548966447,0.02198740606157773,2.223139780003063,0.8587806095658316,0.3494021561838992,0.08959029645741007,0.2798835656537842,0.8941033812090379,0.29900888543329013,0.09417602690812288,0.23709461366832904,0.9280126695781962,1.6356302627725006,0.060578898621203726,1.3044251444541155,0.8945201814970805,1.8648294537813275,0.0888014025610156,1.64149746125859,0.9621035426685096,0.27982481892925226,0.046505703661168726,0.21543335445002262,0.9775706355476532,0.21055288060409222,0.0453679984063978,0.15934734389369304,0.768120266180382,8.716572627229098,0.114541033209318,6.825423559147169,0.8529044402262363,8.56049307146315,0.09954061711003662,7.414143721743623,0.23454549656275558,2.7800777962515903,0.18608285115472492,2.225753284949712,0.5986719473162607,2.178152780694733,0.1580662395279197,1.6636157594510788
Dataset_0172,multi_output,ALL,ridge,7,3,0.7823910636505602,3.9701429443383667,0.021600342461035725,2.143823453284633,0.7076072333482092,4.694369993607117,0.02811589251404257,2.0725332241270698,0.8691093731081099,0.3337344331117915,0.08557293156712605,0.26596034669123886,0.8409075865686054,0.3705602984419675,0.13047897832463642,0.3182762418635606,0.9212000378111054,1.7607914257066162,0.06521449724839319,1.4052924027285607,0.9277900055331085,1.267000713542281,0.07452945373778123,1.1112342837728337,0.9651303228772552,0.27510336759861476,0.04572101838102289,0.20485319936761162,0.9663398490998428,0.22470896451748915,0.05764724589981763,0.1692466682963248,0.8240133784111265,8.247635538149162,0.09590273881568792,6.725897416573897,0.5627976340012582,10.137194163967745,0.1528412237311383,6.742848935131233,0.3325022060452043,2.738473305093021,0.18329807932349537,2.1171139010618614,0.240201091538231,2.3727079054911333,0.2791421065283686,2.0210599915713954
Dataset_0172,multi_output,ALL,ridge,7,4,0.79152674300504,4.212478873364659,0.022921936462329796,2.0927122374410096,0.6625028082725715,3.7964054293046043,0.021595025195134267,2.15773560010022,0.8697235073471105,0.3265118960857532,0.08426113447374277,0.26398638235203636,0.8200865683576531,0.43393681688943375,0.1549774346033692,0.3505799035200704,0.9417807305012789,1.3866758113683055,0.05135836338401131,1.1884897029567887,0.8694022546630495,2.589584783759725,0.11509265705598778,1.8620793938087428,0.9688913936666694,0.23148242578819556,0.03910836725598844,0.17925863744367432,0.9556753447438139,0.3848336702787162,0.06875713244215047,0.30690599355601356,0.8016812600542347,8.937444452852311,0.10392377270758502,6.834930146620525,0.7110030807567016,7.507495500926917,0.13217421656561476,5.947209985789951,0.37555682345590613,2.6007525847971578,0.17407982495295565,1.9968963178320251,-0.04365320715836063,2.9425558201531654,0.26272819822796123,2.321902723826322
Dataset_0172,multi_output,ALL,ridge,2024,0,0.7822280362718949,4.162437020692555,0.022646556151754923,2.1707840448117386,0.7314764177848454,3.9691810271029486,0.022439965101215223,2.0487426455432365,0.8466648338512887,0.3600152146792464,0.0923115935074991,0.29303741454917914,0.9383046749293645,0.24305690721099918,0.09420810357015473,0.1939905298679232,0.9185119948739747,1.7529312468615084,0.0649233795133892,1.3998111312974457,0.9495119409892259,1.369147739736913,0.060851010654973905,1.1974062731985506,0.963320277097302,0.26521548549484436,0.04407769411581259,0.20221326897525552,0.9715172343784091,0.2778025727281141,0.0516361659345937,0.19603311542595597,0.8107907927376128,8.777338305844177,0.1020620733237695,7.011668391814165,0.6583311076844645,8.174485458154354,0.13163422637929717,6.245199191523373,0.37185228279929616,2.51297112123274,0.17235741572241017,1.9471900174226477,0.13971713094276283,3.1526117999539744,0.21832491689431954,2.4110841177003817
Dataset_0172,multi_output,ALL,ridge,2024,1,0.7575075328378599,4.1955120558236745,0.02371685729691167,2.1618723445179446,0.8047544690278154,3.9630008906601875,0.021562657873987635,2.136292748330147,0.8721118047620746,0.3490584247066588,0.08950216018119458,0.28529724852557214,0.8257253848769945,0.30469078547430267,0.12236577729891672,0.2619598081208428,0.9241050629429214,1.7364695906382135,0.06431368854215605,1.3926271874801341,0.9275603796433731,1.4203237217947118,0.07321256297910883,1.1958549527224156,0.9685757704478682,0.2658405132946966,0.04418157109767269,0.19859687207456675,0.9508688214673435,0.26710833784229826,0.0638862324425492,0.20518613960274118,0.7452522171474925,8.828095291212284,0.11160676727196314,6.918468133023544,0.8823195719656836,8.265937771265659,0.09958961170199589,6.947928933257876,0.277492808888943,2.6207825130112745,0.17542051626581487,2.0143722814859073,0.4372981871856826,2.831898699607797,0.21986791146023268,2.070533907946859
Dataset_0172,multi_output,ALL,ridge,2024,2,0.7727583433191451,4.037904837871198,0.021969014351856355,2.134577502904103,0.7599322782448216,4.701889854923604,0.028142390273371867,2.615887390846959,0.8735790227463331,0.3176893444128487,0.08145880625970481,0.24444530272074017,0.8329247664005912,0.43742546330257037,0.13886522644526045,0.35937056495450037,0.9164238372991454,1.7289088664537988,0.06403366172051107,1.3541559139816863,0.9503916308595951,1.490807864654,0.07099085069780953,1.3656256635736566,0.9654547671740709,0.2633494910191908,0.04376757371101725,0.18856247666600154,0.9665243787560435,0.2830483099080331,0.06318042631875738,0.2434461873991903,0.8022021510456554,8.431114761952314,0.0980362181622362,6.744151549862545,0.7277554883913991,10.04636458201276,0.16653733248259864,8.833031371177201,0.30613193833052055,2.698198644805799,0.18060231892943768,2.1415722712895455,0.3220651268164789,2.667477132694048,0.26674771326940483,2.2779631671302467
Dataset_0172,multi_output,ALL,ridge,2024,3,0.7926164024869224,3.8274279582788053,0.020825006574235843,1.9545047719817696,0.6390792289898395,5.3080891515572155,0.031224053832689502,2.730099394808576,0.877178214339651,0.33590196796068283,0.08635012029837606,0.2720658957355356,0.7806369244943447,0.3615743742632319,0.1291337050940114,0.30882290235910975,0.955642806409328,1.2726957145116327,0.04894983517352433,1.0716467521098005,0.7869909108108566,2.824209260681562,0.13135857026425868,2.25818869745261,0.9649518000115381,0.2711246940447875,0.04674563690427371,0.20863935617289708,0.9687561205494788,0.23686911226455684,0.052672695633657285,0.16056617381317873,0.8275044036203161,7.993040053603127,0.09630168739280875,6.119650310246017,0.606189418943453,11.290701378183009,0.15638090551500014,9.027924428420377,0.33780478805377834,2.7479522315772567,0.18393254562096764,2.1005215456445976,0.05282277015106418,2.2882555889814755,0.22477952740486007,1.8949947719976064
Dataset_0172,multi_output,ALL,ridge,2024,4,0.7893825651756646,4.138057473788333,0.022513914438456652,2.1688396893421475,0.695395199697529,4.111699808995626,0.023566801220815187,1.8958993293164998,0.8840727988084837,0.3104349907195802,0.09701093459986881,0.25548390337806265,0.788857980959845,0.4595531471901365,0.12189738652258264,0.3527138868775785,0.9183372705193752,1.7505893127231462,0.07294122136346443,1.414913907774317,0.9361837287985133,1.3329829714268082,0.060590135064854916,1.1109580556679848,0.9702592744944153,0.2517981535903317,0.04498805674295724,0.19481732812353303,0.9368142643263344,0.3321603740849488,0.06255374276552708,0.2585539850954802,0.7979644576401763,8.69426284597595,0.10109607960437152,7.019334777389023,0.7621670603894803,8.6107322654689,0.14327341539881697,5.598994547623683,0.376279024415873,2.608266993910797,0.18062790816556765,1.9596485300458033,0.052952964013471826,2.878767659532066,0.22316028368465632,2.1582761713177727
Dataset_0172,multi_output,ALL,ridge,99,0,0.7809250762440709,4.0869643914842175,0.022235932489032738,2.10423940415233,0.7087674639549243,4.283252477416172,0.024543046512813273,2.2366902882095627,0.8568033427360822,0.35695061449612797,0.09152579858875078,0.2875152006263917,0.9152821601861569,0.2583109050830951,0.10250432741392665,0.220188544316943,0.9257574831495666,1.727454952977448,0.06397981307323881,1.357861469373962,0.9190934300556998,1.4680697410202805,0.07161315809855028,1.28990612636253,0.9667726362885025,0.2609025850889094,0.04336090827470656,0.1971486275226995,0.9616114272523997,0.29066380472467246,0.054523317337211115,0.21387120157391515,0.802655833358823,8.54825428743792,0.0993983056678828,6.59287102532345,0.737636991696275,9.098354755362934,0.12328393977456548,7.774351420476067,0.3526360856873807,2.6952094183824395,0.1804022368395207,2.0858006979151478,0.01021331058409003,2.577743380645628,0.30326392713477973,1.6851341483183577
Dataset_0172,multi_output,ALL,ridge,99,1,0.7778945892538124,4.206651331980216,0.02288835808248662,2.153523397344226,0.7373311254476335,3.9009727781095447,0.022051852900562715,2.201189650484962,0.874453221034453,0.34194697214378716,0.08790410594955969,0.27792071790438283,0.8255824651192487,0.32813721141602104,0.1312548845664084,0.2738930521962038,0.9444420743310202,1.4606811290507806,0.054099301075954835,1.2375233473039198,0.8157851161301388,2.3459167720399052,0.1430437056121893,1.7132281100166855,0.9667165118385971,0.2655503299566096,0.044864053042170914,0.1942462960635482,0.9635646548377746,0.26276090034381,0.05908722742158983,0.20469836757320714,0.7688712899185696,8.918215104072395,0.10370017562874878,6.979139480521872,0.8532931713995708,7.848700083737708,0.11196433785645804,6.681668970700398,0.3349898491464215,2.573709857673583,0.17652330985415524,2.078787144927408,0.22843021975143407,2.9674580454811283,0.211357410646804,2.1324597519383164
Dataset_0172,multi_output,ALL,ridge,99,2,0.7674813266605423,4.19245207967395,0.022809858975375137,2.1529886575729114,0.7729257827425391,3.8703260091589766,0.022784046677806424,2.2467980963198415,0.8728606650682974,0.33300825310318233,0.08538673156491856,0.2589661602202709,0.8271698368844658,0.38409271014279545,0.13383021259330852,0.3334420862441484,0.9325991914981143,1.635184206796348,0.06056237802949437,1.2375711349383667,0.8718628778738238,1.892538138417762,0.114699281116228,1.6395472948443117,0.9669169397899953,0.26890428165669483,0.04469075646612844,0.20143166530075668,0.9596208187349643,0.2530249793736433,0.06201592631706944,0.20592069531681448,0.7707295149534836,8.866079424137649,0.1068202340257548,7.120285981030775,0.8658396267022661,7.7725949924737545,0.1076536702558692,6.224331083500085,0.2943003219928204,2.533550166704984,0.16958167113152503,1.9466883463743856,0.34013575351717595,3.2696536075395684,0.27021930640822883,2.830749321693848
Dataset_0172,multi_output,ALL,ridge,99,3,0.7770147947857133,4.069173328842796,0.023002675685940055,2.1327157805901966,0.7286464742516847,4.560480829159961,0.024825698580076,2.167775943655596,0.8655077853513856,0.3239673914917995,0.10123980984118734,0.27728097137564434,0.8563245687384262,0.41060274639321087,0.10805335431400287,0.24827054342378638,0.918674237718982,1.7324286259985622,0.07218452608327343,1.4121547880034373,0.9439415566554739,1.4085696564045975,0.0563427862561839,1.105018972931596,0.9678332764727101,0.2548839353019969,0.045539384545648896,0.1975544014696341,0.955119916614792,0.31714546654910064,0.0574538888675907,0.2224692736342592,0.7947683440796578,8.5348027289574,0.10789889669984072,6.841014289096839,0.7637787504820589,9.648767505854366,0.14619344705839948,6.856514196469761,0.338290330305831,2.60322312589697,0.18027860982665997,1.9355744530054282,0.12406757876767271,2.9390420623741504,0.20158038836585396,2.406606731818577
Dataset_0172,multi_output,ALL,ridge,99,4,0.7891773468359164,3.839126519006879,0.020887521866196294,2.0658431990081154,0.5937839262424989,5.17624794135591,0.030974167138532807,2.576804319682962,0.8802825705220745,0.32286732883155456,0.08278649457219349,0.255241050275674,0.7841387572906459,0.40712330517208034,0.1276248605555111,0.3606398464838177,0.9101958812805686,1.697457415866538,0.06789829663466153,1.3690861410901551,0.9451991191221741,1.7511293177810494,0.0729637215742104,1.478289603291527,0.9639487022490423,0.2701532586058904,0.044898331162687447,0.20852864551101627,0.9696964575333669,0.25077527400304217,0.052147072988779825,0.18536469556854776,0.8434136135640629,7.935723745515922,0.09227585750599909,6.313031059313899,0.2246260394414411,11.222294353064157,0.28537302868567477,9.008811166547304,0.3480459665638338,2.7676999486435694,0.18525434729876633,2.1833290988498293,0.045259257824866284,2.175484243538182,0.2939843572348895,1.850916286523614
Dataset_0172,multi_output,ALL,elasticnet,42,0,0.7801734400367935,4.238999407328454,0.023063108853800075,2.1843371691426823,0.572081232455665,3.89251720088513,0.022304132482724788,2.1956195848423463,0.8544999045918408,0.3521224493639311,0.09028780752921312,0.2540542749060863,0.7766592161221517,0.4437238806534891,0.15196023310050996,0.351364663642151,0.9267847641122731,1.6628113910027242,0.06158560707417497,1.2916399354367751,0.8861623093910704,2.0156316747430063,0.09598246070204793,1.7658628579067728,0.955408923646057,0.3096226023002251,0.05145796946987287,0.22226867211537352,0.9462097206806329,0.3018714048184794,0.06535427686046316,0.24551773680729733,0.7568852551192307,8.957561898378762,0.10792243251058749,7.097801170959925,0.8469100904647056,7.886743917486685,0.10269197809227452,6.322012526881709,0.4072883527145661,2.573493076757424,0.17225522602124657,2.055921792295254,-0.5955351743802357,3.0342928171788635,0.3487692893309039,2.2933401389737993
Dataset_0172,multi_output,ALL,elasticnet,42,1,0.7654362420682803,4.2195029086141185,0.022958283413755474,2.214655359127243,0.6901303981254923,3.995271559234646,0.023501597407262622,2.2227623891642017,0.8582697583966457,0.36775190765555044,0.0945377654641518,0.2810493208106357,0.6919953620887389,0.2976928129685542,0.1488464064842771,0.26293321810896353,0.9484629607882744,1.4493245104146413,0.05367868557091264,1.220736573319746,0.6364676315784994,2.353406181126316,0.19290214599396027,1.8661437127102753,0.9572077712395606,0.3069292723542508,0.05185492014770246,0.227809850983582,0.9294481793323989,0.273441754487063,0.07396314700759074,0.22303894810267824,0.791347099530973,8.869336261715459,0.10313181699669138,7.062326927387557,0.7710746701450057,8.357770857862691,0.13224320977630843,6.9437175801387445,0.2718936203859479,2.8330036490151955,0.18962541158066903,2.281354123134694,0.4216661474828187,2.0631840417795226,0.2046809565257463,1.8179784867603463
Dataset_0172,multi_output,ALL,elasticnet,42,2,0.7722583959062339,3.99913092497246,0.021758057263179868,2.1470013539228328,0.7495509864364861,4.641529320562478,0.027306326159327442,2.237355290348067,0.8475469893522354,0.3675242254358798,0.09423698088099483,0.276156556294519,0.8900329970586269,0.29467199835021685,0.11881935417347454,0.2603294420176219,0.9106573907564028,1.8007793854000864,0.0666955327925958,1.4742766653966919,0.9588483006639874,1.3179396567042319,0.06589698283521159,1.1515041709954477,0.9526343171079783,0.3122365131655197,0.05189239042139267,0.22244822664490815,0.971704245451781,0.24770140710489827,0.05855825227066153,0.2117251867316495,0.8193139767214705,8.298231419713414,0.09649106301992341,6.607030931030779,0.6545715309067589,10.046970823962083,0.14518743965263128,7.737313963168061,0.3311393055930819,2.7621049923778407,0.18487985223412587,2.15509439024727,0.2725978581012758,2.211831123357619,0.2457590137064021,1.825903688827553
Dataset_0172,multi_output,ALL,elasticnet,42,3,0.7531944530764779,4.125679798728908,0.023629323016774957,2.173442375505565,0.7226048473207216,4.4297068550107666,0.0241020014963315,2.401071578318472,0.8490169387365613,0.37345961638479963,0.09575887599610249,0.2905829215728317,0.887952616306852,0.2682489810085579,0.09614658817511035,0.21608159768021537,0.9192901391202994,1.7676791342342377,0.06798765900900915,1.4435100230153606,0.9250090415859191,1.569008809329661,0.07297715392230981,1.294280981844549,0.9557330229468468,0.3119719733823151,0.0518484250261451,0.23381207013409433,0.9658260080213117,0.23310181498806648,0.052989728344638894,0.19361796130583958,0.7741415525100693,8.713557820992017,0.11345778412750021,6.996680064518047,0.7943976499124497,9.00566707048627,0.1420452219319601,7.329825527901187,0.267790612068613,2.412175571879965,0.21537281891785404,1.90262679828749,0.03983892077707596,3.7975508036745413,0.3319537415799424,2.971551822860568
Dataset_0172,multi_output,ALL,elasticnet,42,4,0.7847007014457184,3.874577917981712,0.02108040216529767,2.0400054925026962,0.6097163648571311,5.372275044223487,0.03216449659765597,2.6385234640615947,0.8430234161656831,0.3354676983728845,0.11182256612429482,0.25644967108373107,0.7448575010935327,0.6074482120364347,0.15985479264116703,0.40391297044364344,0.9080155126042837,1.7612412285923846,0.07338505119134936,1.435552928328808,0.9485054973397704,1.616002139183089,0.06464008556732356,1.4052998545203548,0.9541808894986823,0.28468631305250924,0.05827764852661396,0.2221022778347839,0.9008994901578581,0.566043759107235,0.10254415925855707,0.3641133808738709,0.8302365502233614,8.083786404394997,0.09399751633017439,6.364977888048122,0.5085902858961904,11.40050421739003,0.1829202441618938,8.63632329237645,0.38804713873658137,2.5334979853734696,0.17917241763603037,1.9209446972180368,-0.05427095020169559,3.3217973390665607,0.3047520494556478,2.3829678220936543
Dataset_0172,multi_output,ALL,elasticnet,123,0,0.750822018614147,4.085364490306793,0.023094202884719008,2.1380183380386084,0.7555642740235092,4.685579928939964,0.025494204956417455,2.5515219000992575,0.8500545740278056,0.36855590741569216,0.09450151472197237,0.2875278756043751,0.8481458128726787,0.31733344948312975,0.11373958762836192,0.24440649693758462,0.9244112097846228,1.6924219764560695,0.06268229542429887,1.3560646773255711,0.9081400043672867,1.8205113819374652,0.0888054332652422,1.7027126674113466,0.9539984156732918,0.31362031739379087,0.05212237284257784,0.23537262153370078,0.9754123591887318,0.20528994952914956,0.04852043241057658,0.1602053944973959,0.7753200071012841,8.54829995643091,0.11232982859961774,6.736539417518253,0.752344448744335,9.94204714852003,0.1156051994013957,8.462551078605856,0.25032588648373033,2.697980659941263,0.18058772824238706,2.0745870982111425,0.29377874494451406,2.733475567062476,0.19836542576650773,2.1877338630441034
Dataset_0172,multi_output,ALL,elasticnet,123,1,0.8032516021231005,4.068364464153741,0.022134735931195543,2.044181470746544,0.6242035226635292,4.376435151445608,0.024753592485552083,2.4869613524750127,0.8444969640399487,0.36953872629049384,0.0947535195616651,0.28392093791359957,0.8546992011407385,0.34928883115120085,0.11267381650038737,0.270135630742295,0.9211609292819207,1.7666414109517705,0.0654311633685841,1.4294737227281493,0.9147757619212944,1.5827268993502182,0.08792927218612323,1.317713995044923,0.9583345469670547,0.296129095585432,0.049215405614996176,0.21784500392189843,0.9259732189516849,0.38307259450128217,0.07412395404436574,0.2749813879958182,0.7921145354481953,8.628794191687728,0.10033481618241544,6.591952213462064,0.7996035688615438,8.75140677944952,0.11499877502561787,7.528951153999546,0.5001510348783837,2.2263388504606794,0.152698137891679,1.6977154757070099,-0.37403413755761616,4.0503124344298485,0.2804925508607928,3.0430245945924836
Dataset_0172,multi_output,ALL,elasticnet,123,2,0.7549047087958718,4.422519002156752,0.024061583254389292,2.360177654911747,0.739609981692854,2.9273202100437516,0.019544785244825582,1.5901577429996667,0.851792081409629,0.3548355542370524,0.09098347544539806,0.2530475256517738,0.7695483056450965,0.44838569607962975,0.15071788103516967,0.36958138032306603,0.9152152052448477,1.7961098497140704,0.06652258702644705,1.4522047600555412,0.9544536860045714,1.2756294021246308,0.06378147010623154,1.0636398398927673,0.9542873956319587,0.3089535527485952,0.05134677625869955,0.2194670538972365,0.9455070874418521,0.31830484607134674,0.07029700664119848,0.2565378452311999,0.7587176137168294,9.29323077737759,0.10806082299276266,7.55323777114642,0.7736279956523033,6.079875423783158,0.14475893866150377,4.534959465275348,0.2945112479760946,2.825218961433448,0.18910434815484925,2.322931163807762,0.25491283372044704,1.98784677801997,0.2516261744329076,1.7260701842759527
Dataset_0172,multi_output,ALL,elasticnet,123,3,0.7793821085717075,3.6524012158181556,0.01987268739223111,1.957480311827495,0.7029581732565993,5.895566743810063,0.033535647006883176,2.805745207726033,0.8680004035335677,0.3362053559890823,0.1053935285232233,0.26556517334065666,0.7507184614422528,0.4805441877181742,0.12321645838927545,0.334332764860823,0.9339926158006853,1.5698733359758281,0.06541138899899283,1.320224026175883,0.8890336464623187,2.069438708521543,0.09406539584188832,1.4791794449730307,0.9594223243680945,0.29105795955026914,0.05292925250959614,0.2260363090711369,0.9229757858057073,0.3994064021408857,0.06637965799250219,0.26078080096517803,0.835700484756659,7.592875860706548,0.08828925419426219,6.089905814791132,0.6204760683862854,12.58424260268449,0.1772428535589365,9.154277850832463,0.2997947143995313,2.5270849416330097,0.17500588238455744,1.8856702357586665,0.331586904186432,3.2790775397401797,0.25419205734420003,2.8001551769986723
Dataset_0172,multi_output,ALL,elasticnet,123,4,0.776899993931425,4.174882456028972,0.022714267987099957,2.1977127701612313,0.5998359688085244,4.144030260063387,0.02577453825142049,2.331732550270601,0.8404591485855878,0.36956458474657927,0.09476014993502034,0.27054807889824695,0.8899267912993355,0.3201950690660555,0.1291109149459901,0.2719763597283701,0.9262948231159965,1.608428872412643,0.06186264893894781,1.294736383187576,0.8852370645383013,2.3353305768589365,0.11120621794566364,1.9567562304869952,0.9487258162372053,0.318891499398761,0.052998421040179655,0.22744605087070086,0.971468483744402,0.2654188474904574,0.06131181508211075,0.24426357772699042,0.8130029389685656,8.74784875872083,0.1017191716130329,6.994863045176242,0.557939293581559,8.676450419616694,0.18861848738297163,7.250485517551256,0.35601724274976965,2.792498253274411,0.18691420704647996,2.2009702926733934,-0.3053917891209761,2.226522209067025,0.2861853739160701,1.9351810658593929
Dataset_0172,multi_output,ALL,elasticnet,7,0,0.782094450857594,3.909697768588085,0.02127147861038131,2.0603017902631313,0.6962449076268047,4.982817226319763,0.02855155412743389,2.6210303193370437,0.8578871941649714,0.3383476472404439,0.10573363976263873,0.25832754226153143,0.7352193917990253,0.5305346024997143,0.13888340379573674,0.3759154978504744,0.9098220133265681,1.827805719743544,0.076158571655981,1.505111042418984,0.9589476943728531,1.2298322484796846,0.05590146583998567,1.032797674134858,0.9581638082306734,0.2940062375389848,0.05252925451831066,0.22054685830325502,0.914242978956218,0.4133415050210864,0.0739430241540405,0.2839517922819749,0.8014596150120219,8.159789645404539,0.0948812749465644,6.445593111288517,0.7593951359488106,10.584915963854383,0.15164636051367308,8.794337613763945,0.38313962355373476,2.510920867735579,0.1738864866852894,1.8719303970433698,0.11341933705711693,3.1838790914641035,0.24681233267163596,2.618149018653966
Dataset_0172,multi_output,ALL,elasticnet,7,1,0.775557096410552,4.232449854762871,0.023027474726675032,2.237631842435832,0.7211764729435893,3.8604144164040735,0.021828749880712883,2.065633368819019,0.8677191646258818,0.3642934420348027,0.09340857488071865,0.28321677765137804,0.7168232340512726,0.3169983932265666,0.15463336254954468,0.28033953201706047,0.9269188081663504,1.7178897416071577,0.06607268236950606,1.384090591345705,0.8790998805884684,1.8073121846616844,0.09512169392956234,1.4868366902317443,0.9591978221198005,0.3104576827513314,0.05159675631566086,0.22559425221690843,0.9394185172068178,0.24966608842860674,0.06212144524225101,0.20295246640416517,0.7802150236638016,8.934122458449153,0.10388514486568783,7.243826964871386,0.8295884266958853,7.8672876075784695,0.11385365568130926,6.17205971643456,0.34373466347692594,2.563079381103462,0.17579419623480536,2.051430626093785,0.24095230617550256,3.0315976912674607,0.22725619874568667,2.1859784390075654
Dataset_0172,multi_output,ALL,elasticnet,7,2,0.7422026221661115,4.18469195693875,0.023655692238206617,2.198305445206082,0.8192194734018152,4.167936817061949,0.022679563689631064,2.288390676161239,0.8388246316857966,0.3732740081106372,0.09571128413093263,0.2794011628486751,0.8536404188351703,0.3515229031546822,0.11071587500934874,0.25934762540510675,0.9245742565428431,1.6742368746806182,0.062008773136319195,1.3531618679113937,0.8831575296500771,1.9627039581095866,0.09346209324331364,1.7228723666701231,0.9503434338923081,0.3203135176128494,0.05323475446449216,0.23809039019874093,0.9563489443478024,0.29373119969421035,0.0632904976716678,0.24497847646775206,0.7657545089413003,8.760925283200784,0.11512385391853856,6.875175062222836,0.8442789301726338,8.807906338929472,0.10241751556894735,7.509839097116158,0.23151627976830935,2.7855733175193573,0.18645069059701186,2.2456987428487647,0.5586715440033918,2.28412330740994,0.16575640837517708,1.7049158151470547
Dataset_0172,multi_output,ALL,elasticnet,7,3,0.774597003077937,3.994255489807316,0.02173153150058387,2.167720960585504,0.6995617531585636,4.629492527808867,0.027727323258220988,2.0744911001519752,0.8493057820649964,0.35809234571586324,0.09181855018355468,0.2679932112874438,0.7984301575677002,0.41710647390384104,0.14686847672670458,0.33037989242676463,0.9179677189304859,1.796541708525164,0.0665385817972283,1.4654689936331022,0.9211209854000327,1.324216338076645,0.07789507871039088,1.1014109260363452,0.9540528482314141,0.3157920853671163,0.052483311511902324,0.22554437737795,0.9517706750169435,0.2689787437799796,0.06900429547972796,0.2147844401213669,0.822048045675367,8.29356046240466,0.09643674956284488,6.744726092207913,0.5762281776841942,9.980275986866436,0.1504753258479674,6.684685635389717,0.3296106204874215,2.744398397828989,0.18369467187610367,2.134872128421112,0.2502587701239479,2.3569514772181424,0.2772884090844873,2.0411946067856834
Dataset_0172,multi_output,ALL,elasticnet,7,4,0.7806371225374205,4.233773806243571,0.023037811488197908,2.1228913388433233,0.6859023846386796,3.7562939354902634,0.0213668597013098,2.1343998925390464,0.8424181461654809,0.35910304081986144,0.09267175246964167,0.27395546488053407,0.9040795239555743,0.316847560709957,0.11315984311069895,0.2486458102626075,0.9367871097104485,1.4449219483830673,0.05351562771789138,1.2271162832410707,0.8874875707471913,2.403601939033765,0.10682675284594512,1.8410511247802706,0.9511032233572771,0.290213668226678,0.04903086133243419,0.21632743095759435,0.9591948336373181,0.3692393314491346,0.06597093647474264,0.2678098246663937,0.8000632717110532,8.973828574182324,0.10434684388584098,6.87099757871418,0.7131015716902753,7.480188782683124,0.13169346448385782,5.9698319505497155,0.3728138617428418,2.6064584265414514,0.17446174207104762,2.026059936423236,-0.03435157683696133,2.929413607274071,0.26155478636375634,2.344660752436247
Dataset_0172,multi_output,ALL,elasticnet,2024,0,0.7735697133780313,4.185199913394295,0.022770402140338927,2.206737860877637,0.7304952104590882,3.9086710714179924,0.022097869015253235,2.0459679290027024,0.8250750221919563,0.3845261544060199,0.09859644984769743,0.2888870140493781,0.9395231919464584,0.24064468250111754,0.09327313275237115,0.20637126202504544,0.914975278975617,1.7905672932863792,0.06631730715875478,1.4402256120207484,0.9451348833125423,1.4272634029374334,0.06343392901944148,1.3026142001940286,0.9500611000576831,0.309460584063934,0.05143104272294067,0.23312324678715207,0.9573215955902948,0.34005508428083,0.06320726473621376,0.21506396975350897,0.8089683849245022,8.819507388379382,0.1025524114927835,7.0908790522874625,0.6715872859071449,8.0143385926253,0.12905537186192112,6.097063020104697,0.36876878074039765,2.5191315077623906,0.17277993880400486,1.9805743792434476,0.13890909553900055,3.1540920247402817,0.21842742553603056,2.4087271929362317
Dataset_0172,multi_output,ALL,elasticnet,2024,1,0.7498055546393259,4.219625662973299,0.023853169378028824,2.190757257185883,0.8056307880627896,4.120971062436999,0.022422172383900096,2.194700574648305,0.8539851722540583,0.37297641933267794,0.09563497931607128,0.2887612962260951,0.8547303340082648,0.27818244713726514,0.11171985828805828,0.24024733509919016,0.9207836401071711,1.7740596603030083,0.06570591334455586,1.4574620058143062,0.9264075090148562,1.4315812757252853,0.07379284926418994,1.1961211110471368,0.9578571817500048,0.30785813570858056,0.05116472257081279,0.22429573566971758,0.9580711405632235,0.24675466858702816,0.059018098203068206,0.20347239962423344,0.742617622950813,8.873627822979566,0.11218239978482386,6.947053114942282,0.8718282395905044,8.626530981848658,0.10393410821504408,7.172878781403337,0.2737841561345816,2.6275001841945893,0.17587015958464453,2.036214133277016,0.41711671713709886,2.8822347956141257,0.2237759934483017,2.1607832460676284
Dataset_0172,multi_output,ALL,elasticnet,2024,2,0.7642563291728754,4.060019464627537,0.022089333322239047,2.1564963773619095,0.7352773632607847,4.766629157881873,0.028529876749255563,2.677025874598454,0.8519109581887833,0.343838527606317,0.08816372502726078,0.246648406209602,0.7668003116264068,0.5167875052304721,0.16405952546999114,0.401731617944011,0.9127295243233835,1.766707120903997,0.0654335970705184,1.4158670084546305,0.9394532294994915,1.646985182071351,0.07842786581292148,1.460106333100967,0.9530165125591885,0.3071220841641158,0.051042393911270696,0.21458462861089705,0.9459510763844601,0.35965803570125454,0.0802808115404586,0.2988201243291341,0.8002771445151443,8.472042036457792,0.09851211670299757,6.744250960688183,0.7217016246193411,10.157450242251867,0.16837878561544747,8.903042266857407,0.30334750627787843,2.7036070423720546,0.18096432679866495,2.161130882846236,0.30248057417422447,2.7057325813643085,0.2705732581364309,2.3214290307607532
Dataset_0172,multi_output,ALL,elasticnet,2024,3,0.7845585509657342,3.8520476205714203,0.020958961970571958,1.9793582278000386,0.6577091441182892,5.25732019808557,0.03092541292991512,2.759284592162445,0.8574467024499697,0.3618790809104303,0.09302804136514918,0.2782540535053185,0.8402639700738121,0.30854415472506413,0.1101943409732372,0.2597763542054662,0.9518876732399149,1.3254725291993426,0.050979712661513174,1.1147903653762792,0.7948083436546858,2.771900607658302,0.12892560965852568,2.275787734612248,0.9530033989036454,0.31395647239899954,0.05413042627568958,0.22986642998551615,0.9661244686249372,0.24664312472148625,0.05484614736968784,0.19390313862386513,0.8255274800538865,8.038712559647935,0.09685195854997512,6.1413591322663805,0.613109353283001,11.191063139790376,0.1550008745123321,9.142970709641228,0.33492750018125406,2.7539157898680124,0.1843317128425711,2.1325211578666967,0.07423958495500993,2.262237569773308,0.22222372984020708,1.923985023729416
Dataset_0172,multi_output,ALL,elasticnet,2024,4,0.7818042974625261,4.159830343758459,0.0226323740139198,2.2068333623933523,0.6827503433458022,4.089621089707747,0.023440253852855777,1.9068722554143462,0.8650299853248375,0.33496284687807687,0.10467588964939903,0.2629875220804696,0.7257742587600229,0.5237240517556799,0.13891884661954376,0.3794691576930108,0.9151909869028522,1.7839937629994769,0.07433307345831154,1.4592556564544779,0.9269728238748818,1.4259396417028314,0.06481543825921961,1.2132010523125467,0.9596192472513332,0.2934026060959931,0.05242140541289853,0.22727623752060713,0.911191188038465,0.3937914911894367,0.07416035615620277,0.27535810000191235,0.7960606102733407,8.735131241853491,0.10157129350992432,7.084882822239396,0.7653554428682556,8.55281988619468,0.14230981507811447,5.522518760048226,0.373120657560267,2.614862460510996,0.18108465793012435,1.9997645736718122,0.08445800318738494,2.83047925244552,0.21941699631360623,2.1438142070160358
Dataset_0172,multi_output,ALL,elasticnet,99,0,0.7731822030528315,4.112001021115394,0.02237214918996406,2.145065017066247,0.7105025051506414,4.21269791847392,0.024138768728363055,2.2144982382742056,0.8381121224006222,0.3795324016059298,0.09731600041177689,0.287189987549703,0.9055574748916655,0.27273388543493526,0.10822773231545052,0.23094165341150077,0.9227677906449194,1.7618933537397965,0.06525530939777024,1.4147761233873084,0.9102084994913286,1.5465800621425663,0.07544292986061299,1.3379330731167594,0.955392262527667,0.30229818357517174,0.05024068199687082,0.22560983684792787,0.9438114612131352,0.3516526060757983,0.06596372276792314,0.2515109951850677,0.8004199185275642,8.596543870111374,0.09995981244315551,6.679029194661859,0.7472806048982447,8.929576293204468,0.12099696874260794,7.5198000049910885,0.3492189211633848,2.7023134999305167,0.1808777443059248,2.118719942884438,0.0456544852588332,2.5311722124683733,0.2977849661727498,1.7323054646666123
Dataset_0172,multi_output,ALL,elasticnet,99,1,0.7698720136512777,4.227924326338882,0.023004104283904904,2.1869867260109985,0.7432893366047217,4.007792151756088,0.022655693339491734,2.216565556044407,0.8550122967895017,0.36746972142491885,0.09446522401668866,0.27785643544639455,0.8605162464896953,0.29344196611099976,0.1173767864443999,0.2529450965782026,0.940691894625588,1.5091744100765452,0.05589534852135353,1.2739651497814304,0.8361689414921536,2.2123221142156404,0.13489768989119755,1.6634818575556465,0.9549708537301448,0.3088725293477976,0.05218322847572184,0.2180664474741447,0.9559509483037906,0.288913329268741,0.06496814240358467,0.2373898802094316,0.7669004083785236,8.956158106269138,0.1041413733287109,7.061809574945917,0.8419446806224218,8.146613788056442,0.11621417671977807,6.747058688462597,0.33178461473263055,2.5799048211456084,0.17694820446814874,2.1032360224071036,0.22186586611554748,2.9800545649845636,0.21225459864562418,2.181952257416159
Dataset_0172,multi_output,ALL,elasticnet,99,2,0.759819101804102,4.216657410864678,0.02294155283386658,2.1799071321532426,0.7536956525303344,3.8941554011594386,0.022924326844995815,2.3064867086356076,0.8545075010568011,0.35623397008910274,0.09134204361259046,0.25814301192995825,0.7589443393638242,0.4536124458234871,0.15805311701166797,0.3667818215978517,0.9294153549285389,1.673359480094647,0.06197627704054248,1.314367646547304,0.8709160307870075,1.8995175603536285,0.11512227638506839,1.6477366128452928,0.9562626267497683,0.30918700197872373,0.051385574535270685,0.22557516756806167,0.9487356006289162,0.2850969560383058,0.06987670491134947,0.22437592545270915,0.7683432031665578,8.91210031051279,0.10737470253629866,7.145549776578216,0.8645440318989913,7.810035028412667,0.10817223031042476,6.370099323939572,0.2905668231188435,2.5402431901487765,0.1700296646685928,1.9559000581426738,0.32533825997293264,3.3061114333039665,0.27323234985983197,2.923439859342612
Dataset_0172,multi_output,ALL,elasticnet,99,3,0.7685250214729586,4.090073563211192,0.02312082285591403,2.156389734739838,0.7057686151638762,4.667946232992852,0.025410703500233275,2.2415993199285005,0.8434841278080146,0.3494877191179685,0.10921491222436516,0.27966892253133896,0.7970380841047225,0.4880202826434072,0.1284263901693177,0.2818347487100494,0.9150720156940135,1.7703807886633558,0.07376586619430649,1.4637862020176529,0.9378988755847919,1.4825438357223224,0.0593017534288929,1.1851230229928018,0.9557101354793736,0.29908265451407257,0.05343624343649679,0.23269364925222133,0.9310546407475159,0.39308294361032736,0.0712106781902767,0.2592752023196617,0.7929408753021547,8.572717246628105,0.10837822056419856,6.840842289179783,0.7523935346554201,9.878553379417227,0.1496750512032913,7.090425233907096,0.3354179530812367,2.608867097965469,0.18066946661810726,1.964957610718192,0.11045794072693149,2.9617864674716667,0.2031403612806356,2.3913383917128925
Dataset_0172,multi_output,ALL,elasticnet,99,4,0.7805604262706456,3.86300067448487,0.02101741389817666,2.0886328309511555,0.6053690149809788,5.133681472283398,0.030719453503775238,2.599623110695258,0.8585354489992963,0.3509693745763161,0.08999214732726055,0.26421426440909407,0.8241577141009198,0.367451722507821,0.11518862774539843,0.3120714755402286,0.9061341431671095,1.7354199460323496,0.06941679784129398,1.395988561394208,0.9287670169286684,1.9964802365005028,0.08318667652085428,1.6830225864816077,0.9510263040388176,0.3148699385257274,0.05233005459958907,0.22713705341145973,0.9700713959303019,0.2492190544520657,0.0518234673429124,0.20681243350161083,0.8416390486739285,7.980564114693776,0.09279725714760204,6.339619022546697,0.24313078589659454,11.08757243374393,0.28194716932597413,8.971403809573884,0.3454671864740759,2.773168313941674,0.1856203690724012,2.2162052529943206,0.0607181620484093,2.1577999398919863,0.29159458647189007,1.8248052483789599
Dataset_0172,multi_output,ALL,svr_rbf,42,0,0.7219469382749415,6.971104571937049,0.037927663612279915,3.1433682246610677,0.5696856551829403,9.16176711701961,0.05249694657930099,4.273873365396381,0.9542695324037004,0.19740806708069644,0.05061745309761448,0.10906071297289695,0.9159918517509901,0.2721381890349486,0.09319800994347555,0.2006508602589855,0.7951355442673609,2.781477589160845,0.10301768848743871,2.059961651525053,0.7396298773071057,3.0483421413623812,0.1451591495886848,2.532851027507584,0.9752786655375858,0.23053912146333788,0.038314628795635346,0.1528396179015815,0.9358099332971658,0.32976456734000087,0.07139306502273238,0.2758940508128444,0.30160803939141545,15.182167685163712,0.18291768295377966,11.89229297437761,0.0009355539775526278,20.147502032384764,0.26233726604667656,16.7991192883929,0.5834429097746446,2.1574390683171534,0.1444068988164092,1.5026861665281983,0.25606105958188763,2.071919813349687,0.2381517026838721,1.5608516000095873
Dataset_0172,multi_output,ALL,svr_rbf,42,1,0.7195870566760822,7.327897697138326,0.03987103594938966,3.2577572550093805,0.6315855661259933,7.1166774965285535,0.041862808803109136,3.383692444816957,0.9686666671279696,0.17291272965426396,0.044450573175903334,0.1104851369184348,0.9309436374408757,0.14095859789152604,0.07047929894576302,0.09938658920795253,0.8085306754261187,2.793543941833014,0.10346459043825977,2.01336984691451,0.513627023540224,2.722137543202665,0.22312602813136595,2.3086227435637494,0.9792386166387248,0.21378833275840756,0.03611899522865477,0.1519020172960968,0.929486673590231,0.2733671471029194,0.07394296648712993,0.21316540582267088,0.3228232808843141,15.978275936352118,0.18579390623665254,12.477644998959018,0.2048265414858802,15.57666477555303,0.24646621480305433,12.957088651144092,0.5186760433032842,2.3033951858430135,0.1541763845945792,1.535384274958847,0.5790439545727555,1.7602203528186107,0.17462503500184628,1.3401988343463198
Dataset_0172,multi_output,ALL,svr_rbf,42,2,0.71915551470997,7.295508222161096,0.039692645387165916,3.3268577958697323,0.6893695301000828,6.499738840446353,0.038238256503390716,3.0845851380668803,0.9683749827546949,0.16739148178680074,0.042920892765846354,0.1056192658647502,0.9788871628644913,0.12911627038826798,0.05206301225333386,0.1001025061470245,0.7589343795652865,2.9580045208596806,0.10955572299480298,2.133774981282821,0.751151726512078,3.2409248075347343,0.1620462403767367,2.6900288933054384,0.9818168021650402,0.19345810030059635,0.03215191961120099,0.14798653221847502,0.9788787347454225,0.21400691143180334,0.050592650456691104,0.16995794536288708,0.3383620578236268,15.879377141961056,0.1846439202553611,12.774663597706368,0.32685967100156066,14.025194169737306,0.20267621632568364,10.951209006966176,0.548289351241201,2.269877968370218,0.151932929609787,1.4722446022762488,0.41107035537686143,1.9901984558550054,0.22113316176166728,1.5116273385528751
Dataset_0172,multi_output,ALL,svr_rbf,42,3,0.7271911356213214,7.029438574640695,0.04026024384101199,3.1663063778761424,0.5291745854234579,8.68072938200046,0.04723178291528625,4.142248056003593,0.9758068607638419,0.14949464832511647,0.03833196110900423,0.09700318205746353,0.9170744696134943,0.23077106257402136,0.08271364249964923,0.16788349721530574,0.813179972512094,2.689378025409897,0.10343761636191912,2.073671643641921,0.7277989703461806,2.989274598929742,0.1390360278571973,2.1611503983787768,0.9767350376471233,0.22616574340482926,0.03758779182397029,0.16093094706667407,0.9407924469319745,0.306821899966724,0.06974810183376312,0.25239598228612964,0.2968713146551669,15.374278934438848,0.2001859236255058,12.27113691363142,0.10774794074996996,18.760552739501097,0.2959077719164211,15.14770286543583,0.5733624925283815,1.8412840254500713,0.16440035941518494,1.2287892029832341,-0.04754090052432969,3.9665874926189417,0.3467296759282291,2.98210753670192
Dataset_0172,multi_output,ALL,svr_rbf,42,4,0.7323477241356139,7.258193408929289,0.03948962681680788,3.251262505554189,0.5566447353531915,6.840996015288825,0.04095791657110508,3.628495740359419,0.9689273442610363,0.14925279025043026,0.04975093008347675,0.09651861116574972,0.8579963826798305,0.4531766863024145,0.11925702271116172,0.24513426663113247,0.7917061412148527,2.6503289459958626,0.1104303727498276,2.00766597526809,0.679674783489939,4.030482701149644,0.16121930804598578,3.0427269525385086,0.9834285720446461,0.1712076741953204,0.03504763033681072,0.1314944997811396,0.8708646559809616,0.6461518974422136,0.11705650315982132,0.4115574695105373,0.34575407561806026,15.869500111262536,0.18452907106119226,12.66374592065813,0.21220036792248076,14.434776960799406,0.23160492516324763,12.194561173080576,0.5719224875394742,2.118960131922416,0.14985573775971825,1.3568875208978386,0.16248748669274626,2.960688148069603,0.27162276587794526,2.248498840036341
Dataset_0172,multi_output,ALL,svr_rbf,123,0,0.7001987101942835,6.997701215183163,0.0395573839185029,3.1495130398283746,0.513308561497276,9.555871424594272,0.05199342415035787,4.675873604694894,0.976719593662803,0.14522187630767502,0.0372363785404295,0.0951120845269128,0.8539435187081305,0.31121669314144873,0.11154720184281317,0.18859348093327352,0.7974909058799121,2.770143226657315,0.10259789728360426,2.049621999009062,0.7169464554934909,3.1956888481176033,0.15588726088378552,2.5624288346231814,0.9804742483842487,0.2043250790140394,0.03395796559980711,0.15211648747889553,0.9356638593743076,0.3320754427947935,0.07848627813632555,0.26392349396515696,0.287122834090632,15.226668902510287,0.20008763341012206,11.988326901450234,-0.0954557044925175,20.90976709323418,0.24313682666551373,18.072558476938966,0.45918596895382113,2.291535291183158,0.15338254961065315,1.462387726676765,0.15544467840296872,2.9892267193719952,0.21692501591959332,2.2918637370138915
Dataset_0172,multi_output,ALL,svr_rbf,123,1,0.7388836959368306,7.199793855749195,0.03917189257752554,3.2653433946926333,0.6096158896289118,7.591934790148945,0.04294080763658906,3.488406443913135,0.9679546420695223,0.16775407737085535,0.04301386599252702,0.10623794024264324,0.9502915493432459,0.2042987979520377,0.06590283804904441,0.15413818188434777,0.799197339559321,2.8194369641928336,0.10442359126640124,2.083565307039722,0.7249716904520558,2.8432373764154666,0.15795763202308147,2.365358668905509,0.9737189066848284,0.2351877732361707,0.039087215096588114,0.15196945138191567,0.9443513388651105,0.3321345159837122,0.06426751470273069,0.26105551980188996,0.30859868630196385,15.736318920514725,0.1829804525641247,12.748083965091908,0.29454098942392815,16.419834371105658,0.21576654889757765,12.172000139296285,0.6449489050685171,1.8763648749799027,0.12869443586967783,1.2368603097069817,0.13392388006021816,3.2156427663265954,0.2226899422663847,2.4894797096776435
Dataset_0172,multi_output,ALL,svr_rbf,123,2,0.7122428512577484,7.216866771910223,0.0392647811311764,3.2230629406236226,0.43399017885069896,8.424438573715799,0.056247294766922376,3.924462290407844,0.9629347456792648,0.1774495561504978,0.045499886192435335,0.10668521254606146,0.9295135780640251,0.24797878603587198,0.08335421379357041,0.19166052289765062,0.7884444531547674,2.8371749471494137,0.10508055359812643,2.1060420686966768,0.7587317261010326,2.9359456483493416,0.1467972824174671,2.3199121799284916,0.9783501999616865,0.21261904147995736,0.03533638714973531,0.14527237319046027,0.9378962138748248,0.3398069670674231,0.07504570827460756,0.29582391774233247,0.310292973656619,15.712172465975529,0.18269967983692476,12.168345507410319,-1.107946591448211,18.552956406700886,0.44173705730240204,15.717935117783457,0.5211918838364047,2.3274899644122464,0.15578915424446094,1.5889695412745959,0.6517559676618239,1.3590054743661117,0.17202600941343185,1.0969797136872899
Dataset_0172,multi_output,ALL,svr_rbf,123,3,0.716366361298503,6.982056989335266,0.03798931927381939,3.143072859987953,0.6235482387590201,8.068207540027304,0.04589424084202107,3.9566298396356387,0.9784785497998458,0.13575445552291526,0.042556255649816695,0.09302248724182317,0.8321256265892432,0.3943487539097818,0.10111506510507227,0.2083608288821204,0.791543779292645,2.7898174201282737,0.11624239250534474,2.0473304902659173,0.6833021366063884,3.4960648300694874,0.15891203773043125,2.7585122608867922,0.9818230520217555,0.19480333132882555,0.03542522846496191,0.14841260663588426,0.8838920746294833,0.4903795111401247,0.08149900467676993,0.32045017169794965,0.340982028805469,15.20676334636806,0.17682282960893092,12.051241071873719,0.27153814585921,17.434556585863216,0.24555713501215798,14.064869779454265,0.4890043965727988,2.158816502494327,0.14950252787356832,1.375357643922414,0.4468832101107756,2.982892706484063,0.23123199275070258,2.4309561572570666
Dataset_0172,multi_output,ALL,svr_rbf,123,4,0.7315526463361632,7.476303158789119,0.040676295749668766,3.3286052742106342,0.5503215788420269,5.240287273087906,0.03259290504470647,2.946576286667571,0.9637971916749081,0.176045741479574,0.045139933712711286,0.10691249694259883,0.9784017310345231,0.14183496272655885,0.05719151722845115,0.112349946273211,0.7896617915719586,2.7171395827553124,0.10450536856751201,2.0094502083252572,0.753415370692483,3.423186354645416,0.1630088740307341,2.711891557736829,0.9771679016534416,0.21279747870484247,0.03536604266326117,0.1545353039849304,0.9764888234905411,0.24093867294434143,0.05565688910703198,0.19028549512725051,0.34774312875625213,16.33778614081828,0.18997425745137536,12.923891484583017,0.29082509461147044,10.989496940250186,0.23890210739674317,10.067419228187791,0.5793932180242559,2.256804432217146,0.15105786025549836,1.4482368772173677,-0.24752312561888257,2.1766113808543848,0.27977010036688754,1.6509352060127722
Dataset_0172,multi_output,ALL,svr_rbf,7,0,0.7307851493867096,6.919857239255799,0.03764884243338302,3.1018296882122502,0.6018434732248336,8.743663253353656,0.05010121048220064,4.3740054700962885,0.9790833060753357,0.12980549406438804,0.04056421689512127,0.0937805839585755,0.8774089482345265,0.3609940239987661,0.09450105340281838,0.20342842476910208,0.7839777252826594,2.8289744947449345,0.11787393728103894,2.1351472181857374,0.6653294569827835,3.5114447888317675,0.15961112676508035,2.7561506982657544,0.9845080957545072,0.1789092824183199,0.031965210365967466,0.1350462458987219,0.9031910715008825,0.4391692055481507,0.07856336414099298,0.304743274370785,0.3227717244094239,15.070306129979615,0.17523611779046064,11.783268157334525,0.222465795103722,19.02807982710627,0.27260859351155114,16.43277224631589,0.5835848954116218,2.0630170909522714,0.14286821959503263,1.3619062356836968,0.3408220943022534,2.7453565801236546,0.21281833954446938,2.1729327067599127
Dataset_0172,multi_output,ALL,svr_rbf,7,1,0.7226108734472495,7.254862942196233,0.039471506758412586,3.1886578893827875,0.6476741889750015,7.459081687245656,0.04217744804775604,3.764095947485697,0.9727937217563469,0.16521042804945937,0.042361648217810105,0.10367770460878921,0.9354519334163823,0.1513456250435835,0.07382713416760171,0.11974922239505356,0.8190857555724995,2.702893021482708,0.10395742390318108,1.9978932121110158,0.7130310689856153,2.7844360737548137,0.14654926703972704,2.298638795437512,0.9812808568567126,0.21028278578028323,0.03494811131465568,0.147472431122391,0.935008116707184,0.2585944314587087,0.06434297871577724,0.22556082356766852,0.30859193696559506,15.846017080498047,0.1842560125639308,12.262839849558887,0.27638114813115655,16.2117695061217,0.23461316217252826,14.244008070574852,0.5313020960850938,2.1660517569331565,0.14856322064013422,1.4314062495128563,0.3784986776346697,2.7432037362127617,0.2056374614852145,1.9325228254534015
Dataset_0172,multi_output,ALL,svr_rbf,7,2,0.7072455702567664,6.908125605604944,0.03905102094745587,3.1825772090332753,0.6715466948769815,8.639340349991533,0.047010422255429375,3.9710804371864925,0.9602146277241355,0.1854556750445971,0.04755273719092234,0.11330201683582218,0.9760934288757918,0.1420697749806052,0.04474638582066306,0.10094897153367799,0.7790492059280969,2.865529517750281,0.10613072287964004,2.1104497204303736,0.6722176686209587,3.2873595196969196,0.15654092950937712,2.5969491726570593,0.9754057187515911,0.22542599359972454,0.037464848529121575,0.15906047063745185,0.9559022884287297,0.2952301653899352,0.0636134810148535,0.2545085434845116,0.3122214070218773,15.012004422222063,0.19726681238136745,12.013823683798243,0.28544066711111293,18.867664555860713,0.2193914483239618,15.300865916228416,0.5093368918581314,2.2258144662491053,0.1489835653446523,1.5162501534644837,0.46807942134831426,2.5076214505413654,0.18197543182448228,1.6021295820287977
Dataset_0172,multi_output,ALL,svr_rbf,7,3,0.7163638381022877,7.482352489817436,0.040709208323272225,3.3476891810692075,0.5923718123579664,6.964672057425748,0.041713365420451884,3.2180039869841828,0.95742493046615,0.19033752880796834,0.04880449456614573,0.10561608342981256,0.9052986446018889,0.28589874557370026,0.10066857238510571,0.22456997111745564,0.8196022110049535,2.6641612999503734,0.09867264073890272,2.0084459521966016,0.6556521251178743,2.7667945221329338,0.1627526189489961,2.011862749898178,0.9759912141623565,0.22827431199943504,0.03793822702333971,0.15650328770517397,0.9371596623665959,0.3070305736660112,0.07876618103284022,0.2526686160204211,0.3083148566559686,16.350982659922998,0.19012770534794185,12.96251735609082,0.018965864647226605,15.185132040699642,0.22895035116019063,11.806591439463592,0.5204859782220094,2.321048684482624,0.15535801100954644,1.50536322592363,0.4447827650562459,2.0282730216519247,0.23862035548846172,1.7943271584212666
Dataset_0172,multi_output,ALL,svr_rbf,7,4,0.7265462212851398,7.442572280382817,0.04049828475245717,3.362027568418637,0.5935708215644541,5.862030348221697,0.03334488252685834,3.1223321410684397,0.9751698471818319,0.14254621045744142,0.036786118827726824,0.09547500042789771,0.9461906373261597,0.2373141474469155,0.08475505265961268,0.1477296847682283,0.7428888723454625,2.914083558505734,0.10792902068539754,2.0957956346485087,0.6509159329996635,4.233770459985006,0.18816757599933362,3.5743933863352018,0.9716588907056838,0.22094601333184904,0.03732826716199511,0.1512861126934413,0.9291323029954215,0.48660272803912746,0.0869399192494421,0.39165152975930856,0.3444228510807884,16.249626459844603,0.18894914488191397,13.101890947139093,0.2466724681775584,12.121054221411251,0.21339884192625444,9.627505685490345,0.5985906451119329,2.085193302851142,0.13957117154291443,1.3656901471842435,0.1949427663234673,2.5844014880846617,0.23075013286470195,1.8703804189891142
Dataset_0172,multi_output,ALL,svr_rbf,2024,0,0.7208752410559166,7.585748726905774,0.041271755859117375,3.485099386566541,0.6838443966311266,5.347371995833673,0.030231637244649893,2.6003361047902187,0.972427078839161,0.15266566029757817,0.039145041101943126,0.10280926147436187,0.9759179730012051,0.15185474206309896,0.058858427156239915,0.1013182035248585,0.7620801085733568,2.99525233934885,0.11093527182773519,2.2489232833121098,0.7750502468037902,2.8900059501677586,0.12844470889634482,2.2925815608694657,0.9724854144308835,0.22970335741585035,0.03817572833901452,0.15478771418846976,0.964049322766834,0.31210356061616334,0.058011814240922555,0.21214233977439043,0.3261917511095438,16.563795743713737,0.1926022760896946,13.549329677719586,0.3504672480794516,11.270890567627285,0.18149582234504485,8.492872215874247,0.5711918523266377,2.076290511146438,0.1424067565944059,1.36964699613818,0.3537371925043521,2.7324639493431375,0.18922880535617295,1.9027662039081314
Dataset_0172,multi_output,ALL,svr_rbf,2024,1,0.7109565139349835,6.801640244059264,0.03844906864928922,3.104404918390386,0.6835056212363617,9.274057623536567,0.050460077390154894,4.2713826135992345,0.9689564066418865,0.17197641365190597,0.04409651632100153,0.10528779528876908,0.9528017582455881,0.15856420865869095,0.06368040508381162,0.12287129098303948,0.7898594817833654,2.889453296495989,0.1070167887591107,2.1868650275711277,0.8064476266107639,2.3216594085424203,0.11967316538878452,1.7559058511168313,0.981363006719021,0.2047277775123155,0.03402489239028012,0.14442573787713062,0.958124307480727,0.24659817319467697,0.058980668068566604,0.23016168447230906,0.286084328466213,14.778667003644568,0.18683523392723855,11.661650289427223,0.2830620458968819,20.40237838841557,0.24581178781223578,17.2836457971831,0.5285193460644311,2.11710225096732,0.14170697797639356,1.4237957417876808,0.41709236794784754,2.8822949957859816,0.22378066737468802,1.9643284442408921
Dataset_0172,multi_output,ALL,svr_rbf,2024,2,0.7096961177246967,7.144833095803174,0.0388728677682436,3.194340946158536,0.6281064210670896,7.764980425615115,0.04647601631372208,3.8689219895703006,0.9456926067528852,0.20822005432312538,0.0533897575187501,0.10858936105672717,0.9029792817857436,0.3333344994548503,0.10582047601741279,0.26360967193076706,0.8076761237831497,2.6226931966182776,0.09713678505993621,1.8830349836566636,0.7014296797690941,3.657358369522497,0.17415992235821415,3.138260909406258,0.9724845569122742,0.23503182706634682,0.039061297501470305,0.14889328251248587,0.9368303208766788,0.38882177520361777,0.08679057482223611,0.3311472303453627,0.3238059316885161,15.58869992014018,0.18126395255976951,12.342214558176735,0.24178803523404035,16.765815580436506,0.277924833492524,13.654951792222116,0.4988213694866577,2.2931461968001905,0.15349037461848664,1.4889725453900666,0.357504787669891,2.5968189134412856,0.2596818913441286,1.9566403439469957
Dataset_0172,multi_output,ALL,svr_rbf,2024,3,0.7340147946803278,7.087122934146543,0.038560982284925965,3.1885652407703122,0.6206091617282966,7.367339015116795,0.04333728832421644,3.5910101494955944,0.9782752975177555,0.1412705914703119,0.036316347421674014,0.09983195003176902,0.8966013679229886,0.24824086548378382,0.08865745195849423,0.1627534177508198,0.8046226354899926,2.6710355890414985,0.10273213804005764,1.9634686562202983,0.6629055632248189,3.552823212761074,0.16524759129121275,2.9345254571176227,0.9778250089952718,0.21565917622074793,0.037182616589784126,0.15431567736015184,0.9233283689932064,0.3710592877718741,0.08251262792347655,0.3081240260289636,0.3551127395555852,15.454853115314593,0.18620304958210354,12.241378348013962,0.2113319355804737,15.978071431726505,0.22130292841726465,12.94399132255318,0.5542382918430337,2.254589812882037,0.15090962602958746,1.4838315722253796,0.4088785729199952,1.8077037471566204,0.1775740419603753,1.60565652402739
Dataset_0172,multi_output,ALL,svr_rbf,2024,4,0.7379415805965905,7.265800155229749,0.039531012814090036,3.2117766410165123,0.5778828788966155,6.992815923452347,0.040080334289289546,3.5948198118297676,0.9792768019299289,0.13125213617443907,0.04101629255451221,0.09361215786564761,0.8523685718372712,0.3842711854217493,0.10192869639834201,0.23248150357653355,0.8104260237386048,2.6672374888849046,0.11113489537020436,2.0085938602753264,0.5309386254287871,3.613879978905277,0.16426727176842168,2.7286454411701677,0.9820020905326877,0.19587896170004182,0.03499713448276609,0.14582365170135217,0.8760919826381949,0.4651446195572865,0.08759785679044944,0.3231660103107369,0.3255404058819622,15.88535209137678,0.1847133964113579,12.424066796732719,0.2769487466611523,15.013730835380905,0.24981249310117976,12.91466501581005,0.5924625808997694,2.108339844207858,0.1460069144188267,1.3867867385075139,0.3530664679176715,2.379308037265283,0.18444248350893666,1.775141088281351
Dataset_0172,multi_output,ALL,svr_rbf,99,0,0.7245474081202238,7.174341498664151,0.039033414029728784,3.2786746096499373,0.6549239481457398,7.257304528339727,0.04158437158113527,3.2801376085997425,0.976359546390914,0.14503392378299249,0.03718818558538269,0.09618220733150266,0.9367302634412433,0.22323038975761142,0.08858348799905216,0.18134202652573303,0.8000304307457022,2.8350605806709552,0.10500224372855389,2.140316121800083,0.7673251817283141,2.489599478079666,0.12144387697949591,1.9368777119949745,0.977458640005072,0.21489212327615373,0.03571416374873753,0.1488078202579691,0.951889910118349,0.32539288714407916,0.06103787040781826,0.2732503398223337,0.3411705154971354,15.618948735181837,0.18161568296723066,12.432682980071373,0.19782358554116508,15.909132901403483,0.2155709065230824,12.547642594682797,0.5277179079622947,2.302072576020637,0.15408785649401852,1.5753839187887584,0.42085079989962804,1.9718056475253467,0.23197713500298198,1.4615753699728746
Dataset_0172,multi_output,ALL,svr_rbf,99,1,0.718176839126749,7.054642383445935,0.0383842558542137,3.226998121444989,0.658102560031086,8.111432413077576,0.04585320753576923,3.8183260031886173,0.9675693385421638,0.17379363961904729,0.044677028179703676,0.11535575297998178,0.9623952947741229,0.15236369817747367,0.060945479270989464,0.12137787523953812,0.7622316580232524,3.021756200999399,0.11191689633331106,2.2408374275774086,0.7484671501120734,2.7412433910850416,0.16714898726128297,2.3650963826464886,0.9833062728199877,0.1880654787389599,0.03177318444652136,0.13990685181328055,0.941166989693499,0.333894936079992,0.07508318778502181,0.2697630738393793,0.3162857742214952,15.33869117248386,0.17835687409864953,12.242890835695528,0.2514102031595543,17.729419713086518,0.252916115735899,14.377427838640582,0.5614911520268469,2.0899439023525543,0.14334320317918756,1.3959997391587466,0.38707316241618006,2.6448515540228557,0.1883797403150182,1.9579648455771002
Dataset_0172,multi_output,ALL,svr_rbf,99,2,0.7003857100996435,7.174534123105507,0.03903446204083518,3.224677055897293,0.6575222435893926,8.24513360461951,0.04853790312956679,3.939410756585493,0.966552200091142,0.17080430303593377,0.043795975137418924,0.09993024532217723,0.8949354194593964,0.29947078441613384,0.10434522105091772,0.180897354513313,0.8004542838943336,2.813554520116309,0.10420572296727071,2.0636948298008693,0.7424983243962565,2.6828549130709445,0.16259726745884512,2.1477716806267892,0.968059365888534,0.2642205830896304,0.04391234553591996,0.15775670431471506,0.9330491552416929,0.325808697942991,0.07985507302524289,0.2539225389842826,0.2865045118942571,15.640590954810772,0.18844085487723822,12.409947905804305,0.28189359787580703,17.982427116226926,0.24906408748236744,14.663733000136016,0.4803581887299505,2.1740603345324194,0.1455194333689705,1.3920555942443968,0.43523472097381044,3.024882023609006,0.24999024988504187,2.4507292086670627
Dataset_0172,multi_output,ALL,svr_rbf,99,3,0.7292696071682815,7.062343793196201,0.03992280267493613,3.1485697869811156,0.546505364833675,7.964074118411015,0.04335369688846497,3.961260674207169,0.975403182056179,0.1385454252051364,0.04329544537660513,0.09876597600422242,0.8656647368467363,0.39703209046121835,0.10448212906874167,0.21495522452348778,0.7996207568414075,2.7193658907360527,0.11330691211400219,2.022949885582033,0.6194033907870484,3.670204547287497,0.14680818189149988,2.794650679204526,0.9844621195051761,0.1771474638579221,0.031650431277098816,0.13743320736904935,0.9066596784232441,0.45736858013600135,0.08285662683623213,0.3409388791094403,0.3311703130578614,15.407390276016033,0.19478369501916604,12.112729244834307,0.25327472406730145,17.155081541451555,0.25992547790078113,14.144427056425275,0.5556916643807834,2.1331425743526635,0.14772455501057224,1.3709706211159665,0.08752429404404483,2.999723021545097,0.20574231972188597,2.311331531773117
Dataset_0172,multi_output,ALL,svr_rbf,99,4,0.7306589567950074,7.4389092637286875,0.0404728469190897,3.3100960510829536,0.6261660671661362,5.638126441152751,0.03373800341772284,3.1009779524412386,0.9624823765626659,0.18074365864005681,0.04634452785642483,0.11257733198222047,0.9609202549034865,0.17322656288310473,0.05430299776899835,0.13781982355994557,0.7984470710898924,2.542993892083603,0.10171975568334413,1.8449157952205495,0.6673130323734572,4.314617927768506,0.1797757469903544,3.6809835207956954,0.9747990038099562,0.2258700319784149,0.037538645833208394,0.16155602340140923,0.9648084854198331,0.2702445801173404,0.056195587464616434,0.22860962663933318,0.3406787456269418,16.28388692899613,0.18934752243018754,12.93620200074206,0.15554022788262445,11.711581167461308,0.29781516001173075,10.288776102925604,0.5768875868855804,2.2296587579610567,0.1492408807202849,1.4952291040685237,0.3822483352512791,1.7499279848902645,0.23647675471490065,1.1687006882856144
Dataset_0172,multi_output,ALL,gpr,42,0,0.9601705758230097,1.6012438513445977,0.008711881672168648,0.8718618349740053,0.8005601207198112,2.814616719550746,0.016127760254129875,1.6241742519221543,0.9869307283245395,0.10553287460814284,0.027059711437985346,0.07160526976578714,0.9724671982923089,0.15579516947021146,0.05335451009253817,0.12718296165220697,0.9755560792343592,0.9607882686455819,0.03558475069057711,0.7486027724005323,0.9493054657929638,1.3450818254408714,0.06405151549718435,1.2042084536347015,0.9912566210623179,0.13710343292390398,0.022786011787253445,0.11096722095791667,0.9690061049689437,0.22914382326661206,0.04960896801615328,0.18873840792811347,0.9681419837109319,3.2426011554481704,0.039067483800580366,2.4953898566290444,0.9186074257834421,5.750648839208333,0.07487824009385849,5.171912865678265,0.8789674667828997,1.1629266820917972,0.07783980469155269,0.9327440551167464,0.19341440876139737,2.1573943019953563,0.2479763565511904,1.4288285707174853
Dataset_0172,multi_output,ALL,gpr,42,1,0.9757929851559052,1.3327070001635615,0.0072512487086542335,0.7045661238958617,0.850395307282995,2.4777008294845264,0.014574710761673685,1.3074923988402816,0.9924124144164067,0.0850894020736845,0.021873882281152827,0.05915888211671812,0.9603935053930645,0.10675123919055166,0.05337561959527583,0.07426891661314089,0.987896176700363,0.7023720029072449,0.026013777885453514,0.5293368509125908,0.7498752402244551,1.9521073160675266,0.16000879639897755,1.515374877116175,0.9942772039714278,0.11224318716400276,0.018963201075182085,0.0923740717949305,0.9618862359579998,0.2009794436134761,0.05436284652785396,0.15152012709796261,0.9800177037171599,2.744742483873634,0.0319156102776004,2.1093385579825656,0.920274881946148,4.932205024205826,0.07804121873743397,3.554276199876428,0.9243614269741682,0.9131063841448394,0.06111823187047117,0.7326222566725038,0.659546672893307,1.582987385948508,0.15704239939965356,1.242021873497701
Dataset_0172,multi_output,ALL,gpr,42,2,0.9739375389509259,1.3198618616184898,0.007180967691069041,0.7029941248915769,0.8612471554919303,2.8973200693784977,0.017045064533348028,1.4915601552339308,0.9922076992780713,0.08309039444242405,0.0213052293442113,0.05758944349154754,0.9745536130592661,0.14174923942222764,0.0571569513799305,0.11729276053456195,0.9796621334369715,0.8591794704001178,0.03182146186667103,0.6459280328779615,0.9719435943956894,1.0882223840855516,0.05441111920427758,0.8616683914394707,0.9932662973048609,0.11772772607825593,0.019565851101588153,0.09769469164381843,0.9868486726368388,0.1688700484907171,0.039921997279129345,0.13111920176253675,0.9814376420687523,2.6597439749937766,0.03092725552318345,2.026744101594492,0.872075913221485,6.114095807683828,0.08835398566017094,4.864158783379329,0.9231139226659735,0.9364750198303462,0.06268239757900576,0.6870143548500651,0.5008139841463719,1.8322970499352116,0.2035885611039124,1.4835616390537563
Dataset_0172,multi_output,ALL,gpr,42,3,0.9675183650543525,1.1608753063440558,0.006648770368522655,0.6781448824065375,0.8260708818269071,3.687257903181433,0.02006234236455429,1.9586204926466935,0.991384918386312,0.08920911509743674,0.022874132076265836,0.06483023705812235,0.9337946595687262,0.20619765993769912,0.0739059713038348,0.149047356758943,0.983858501855682,0.7905185337135021,0.03040455898898085,0.6153396842695414,0.898951459945341,1.8213187205623473,0.08471249863080685,1.3928106860044573,0.9935388785139486,0.11918719549471841,0.019808408757639756,0.09901837946678901,0.9554686172292853,0.26609143089023807,0.06048907271885384,0.22931201997738856,0.9846183911704012,2.273935958849972,0.029608541130859006,1.9148466000483544,0.8559250628118353,7.53869320792077,0.11890683293250424,5.795103516431779,0.884191135345419,0.9593170662065662,0.08565330948272913,0.6966895111898801,0.4862146095793475,2.7779371723080923,0.242826675901057,2.2268288840608976
Dataset_0172,multi_output,ALL,gpr,42,4,0.9653342793459616,1.4288621740183114,0.007774005299337929,0.7951985656209956,0.8107132668513,3.6600705978721475,0.02191330997079568,1.759132344044016,0.9891805624518558,0.0880715448743798,0.02935718162479327,0.0636737748289244,0.9593604355217142,0.2424333586846852,0.06379825228544347,0.15924344852665948,0.9764408201080149,0.8913363769076286,0.037139015704484524,0.7054095003911531,0.964571333892877,1.340413823557422,0.05361655294229688,1.0653247508525925,0.9910286070988852,0.12597176069741758,0.025787463807045562,0.10667563145185296,0.9617428218661973,0.3516968905528464,0.06371320481029827,0.27327385753113476,0.9785633990886824,2.87257049310926,0.03340198247801465,2.285537715738049,0.7783948472800523,7.655827124001811,0.12283717808266045,5.631389179118472,0.8914580079823701,1.066990302444739,0.07545900300174957,0.8146962056949979,0.3894968956956594,2.5277897657494277,0.23190731795866312,1.6664304841912225
Dataset_0172,multi_output,ALL,gpr,123,0,0.9675800408640551,1.3718730044759735,0.0077550763396041465,0.7699908392090994,0.8719706528571042,2.784225413602577,0.01514894941837193,1.622796142240685,0.9927151836074241,0.08123553980246224,0.020829625590374937,0.05772721117306716,0.8855415486050948,0.2755030427918983,0.09874661031967681,0.1616541413977555,0.983908692008094,0.7808644160776141,0.028920904299170894,0.5974770724265077,0.8847566729768672,2.0390979223297996,0.09946819133316095,1.8330367162846803,0.9933803864822598,0.11896908253376126,0.01977215930426479,0.0989436956934241,0.9702773524219,0.22571114502599782,0.05334699716993566,0.18915735123656746,0.9762395437685703,2.779872901100778,0.03652921026413638,2.3244938204273904,0.9216381549867846,5.592475770277517,0.06502878802648275,4.540748287453797,0.8916563984539277,1.0256618662858938,0.06865206601645875,0.771312396325108,0.6976395352948739,1.7885756185257715,0.12979503762886588,1.3893842148306237
Dataset_0172,multi_output,ALL,gpr,123,1,0.9654737859074872,1.3941395158795198,0.007585089857886397,0.7905719385563087,0.7991590753899961,3.3759878600824242,0.01909495395974222,1.739817613545415,0.9903806526297834,0.09191011836960972,0.023566697017848647,0.06814398899901296,0.9445357142238401,0.2158029664709625,0.06961386015192339,0.1406104132021957,0.9754884046293507,0.9850617311767296,0.036483767821360355,0.7602823899834443,0.9337953785671618,1.3949819016684617,0.07749899453713677,1.111940101086148,0.9920642684360342,0.12923689358282034,0.021478626156360366,0.10255403986616984,0.969552577953229,0.2456755370996181,0.04753783612608709,0.21381663791223862,0.9786702672230032,2.763953649011707,0.03213899591874078,2.248467297093503,0.8791044558240056,6.797324866577741,0.08932095751087703,4.830695788892105,0.8907653366192652,1.0407636216010967,0.07138296444451968,0.773411976839413,0.26880725038174413,2.954647681107515,0.20461549038140683,2.402025126634389
Dataset_0172,multi_output,ALL,gpr,123,2,0.9757851207124167,1.2742659373776548,0.006932894109780494,0.6703545454820227,0.8680747509342266,2.7410324040917087,0.018301000861904247,1.468097961022934,0.992201458941452,0.08139507107364476,0.0208705310445243,0.052864075710444186,0.9706099431852347,0.16012605708212604,0.053823884733487745,0.12791938356313615,0.9848522513283507,0.7591855849261505,0.028117984626894462,0.5552220295760981,0.945478561843802,1.3956661789121536,0.06978330894560768,1.1694033151586294,0.9948497980784738,0.1037020494758208,0.017234842857872825,0.07832970043051204,0.9666887959214997,0.24886762645170932,0.05496193163686159,0.22302854252887938,0.9813253610798757,2.585413540750463,0.030062948148261198,1.9422194030553042,0.7933135814292513,5.809507177045251,0.13832159945345837,4.719312725836765,0.925696734133931,0.9168768696442795,0.061370607071236906,0.7231375186377547,0.6642828722913456,1.3343387983012245,0.16890364535458538,1.1008258380272604
Dataset_0172,multi_output,ALL,gpr,123,3,0.9780159483384219,1.1293242120259301,0.006144644496577236,0.6081467906544971,0.8885086662042475,3.658816699113689,0.020812381678689925,1.6218873750484097,0.9944916231270714,0.06867997827657633,0.021529773754412646,0.0466176563958422,0.9241711714422407,0.2650363512115788,0.0679580387721997,0.15603314579155064,0.9888397094704785,0.6455146485967603,0.02689644369153168,0.5164939186689113,0.8999910885710092,1.964609595247226,0.08930043614760118,1.4292591062869613,0.9941536060060052,0.11047905151705291,0.020090753140035084,0.0922570524712353,0.9708660715358013,0.2456410293222194,0.04082450213099873,0.19400528931869326,0.9849430189450864,2.298566698642437,0.026727519751656242,1.7591525292587638,0.8572361655030939,7.718210181308741,0.10870718565223579,4.782045524129006,0.9276517841434677,0.8123086171146854,0.05625405935697267,0.626212796477733,0.7902788339690932,1.836751246418671,0.142383817551835,1.5480938097158374
Dataset_0172,multi_output,ALL,gpr,123,4,0.9760673126610492,1.3150597494895442,0.007154840856852797,0.6960211174632743,0.7324830059203877,2.594334344174195,0.016135927006929934,1.4926608830723427,0.9917616932173476,0.08397951724114208,0.021533209549010793,0.06115791664587496,0.9826151712224117,0.12725036453525218,0.05131063086098878,0.10198831317521591,0.9860907716083354,0.6987219444723546,0.026873920941244408,0.5464097320642742,0.9042236166076103,2.133421946266908,0.10159152125080514,1.6666938252702397,0.9929747829256349,0.11803843392322802,0.019617489433808876,0.0993847866406624,0.9846375813599595,0.19475971526069932,0.04498953921476076,0.15924900064800726,0.9822674964549375,2.6938220479242836,0.03132351218516609,2.0692435645853804,0.853116920607304,5.001347341670276,0.1087249422102234,4.072219240106378,0.9272418190989907,0.9386349188412926,0.06282696913261664,0.7039095873801798,-0.06217826019534711,2.008423514102627,0.25815212263529913,1.4631540361618722
Dataset_0172,multi_output,ALL,gpr,7,0,0.9740598611588192,1.1011868794481192,0.005991223500805871,0.632469912140493,0.8630999179251626,4.018989519225865,0.02302881915669187,1.9423727889210263,0.9916997630647404,0.08176958595879054,0.025552995612122046,0.054948491114246704,0.9453229777739404,0.24108658997515217,0.06311167276836445,0.1504645135699241,0.9835762531294672,0.7800382260994121,0.03250159275414217,0.6061754906765184,0.925601675378294,1.655612428725155,0.07525511039659795,1.4524000718710586,0.9941843427006724,0.10961749549844914,0.01958504475584226,0.08963556568221683,0.9602749407489103,0.2813237838094678,0.05032625828434129,0.23181869717328835,0.9863983485116377,2.1357497028871455,0.02483429887078076,1.7004042580220144,0.8415186952142086,8.590614527298921,0.12307470669482694,6.300099807332386,0.9144405983875785,0.935133161254247,0.06475991421428302,0.7111857552074685,0.6427813005104599,2.020991710088287,0.1566660240378517,1.5770808546584738
Dataset_0172,multi_output,ALL,gpr,7,1,0.971665604935297,1.3390397816637665,0.007285308931794159,0.7255224603801421,0.900172357188378,2.371708981902274,0.013410850901341668,1.3160733095042114,0.9916618081664178,0.09146160747815729,0.02345169422516854,0.06425782982871817,0.9562271492746072,0.12463231665107,0.0607962520249122,0.10064519100277959,0.9858173771860881,0.7567819272777851,0.029106997202991737,0.6141681553666715,0.905371947986579,1.5989311433472657,0.08415427070248767,1.1281060249774868,0.994605815585009,0.1128817241340603,0.018760466035243523,0.0919823385723911,0.953783754383142,0.2180654886556638,0.05425864360678374,0.20570036426484234,0.9795201818308104,2.727193467781993,0.031711551950953404,2.1242229797018224,0.9382018014914245,4.737654561480983,0.06856229466687384,3.7887864549627635,0.9067228419081597,0.9662955443019063,0.06627541456117328,0.7329809984311076,0.7472771328061376,1.74927989681349,0.13113042704748798,1.357128512313184
Dataset_0172,multi_output,ALL,gpr,7,2,0.9644005251435288,1.4225478430352252,0.008041536704551867,0.7879215164957711,0.9352031561030693,2.493784142987397,0.013569768156644792,1.237370515727536,0.988475191204478,0.09981487767702016,0.02559355837872312,0.07363312033735339,0.9948514911224703,0.06593010695877805,0.02076538801851277,0.05527172710035668,0.9787755392248472,0.8881277414547207,0.032893620053878546,0.653449000337042,0.9561176210192006,1.202816881966517,0.05727699437935795,0.9645234844881513,0.9928271488519206,0.12173987015604149,0.020232652510560327,0.1004009769689066,0.9737040046729957,0.22798039957070199,0.04912311992473647,0.1887218931835156,0.9750902766515347,2.8569247972743774,0.03754171875524806,2.2865735996633303,0.9452020605509569,5.224937652504473,0.06075508898261015,3.803699108926879,0.8868344697848635,1.0689424869500055,0.07154902857764427,0.825550885172224,0.8061406031497229,1.5138470838834086,0.10985827894654636,1.174636364938778
Dataset_0172,multi_output,ALL,gpr,7,3,0.9699835424252428,1.4355355032420123,0.0078103128576823295,0.7574131468888744,0.8090627163011176,3.1445072113888286,0.018833331604760452,1.707081087031439,0.9900659817484192,0.09194099941591097,0.02357461523484897,0.06175336482293704,0.9560745608757639,0.19471177163798134,0.06856048297112018,0.16162412671265103,0.9794374187483981,0.899463875666358,0.03331347687653178,0.666977299193704,0.9176784279304718,1.352804475328619,0.07957673384285995,1.149242243397488,0.9923378178188913,0.12895796779677343,0.021432269868169092,0.10705350044553806,0.9632660978961063,0.23474475709122022,0.06022184635485382,0.18981347488279873,0.9781176883192946,2.9082801157263813,0.033817210647981176,2.2155670688359663,0.8170312664594862,6.557902479466278,0.09887527296594464,5.279339440533195,0.9099588054912102,1.0057828321021478,0.06732147470563238,0.7357145011462267,0.3912632283437598,2.123780911187977,0.24985657778682083,1.755386149631061
Dataset_0172,multi_output,ALL,gpr,7,4,0.978205551836095,1.1960943834859503,0.006508471682687799,0.6340703603044913,0.8488401535443693,3.187916374536265,0.01813376777324383,1.5323629024689476,0.9948265266975036,0.06506644605912396,0.016791340918483603,0.049990718718516264,0.9684959308418768,0.18158418927479145,0.06485149616956838,0.11015388520700162,0.9884217171229048,0.6183916858929167,0.02290339577381173,0.4868101222049888,0.9077421889550781,2.1765260425184514,0.09673449077859785,1.5897863108977828,0.9939305655495033,0.10224730268059705,0.017274421807838666,0.08269273255349086,0.9874183578098719,0.20503077089401478,0.03663226208576287,0.1761771488487038,0.9851434410681378,2.446192292420007,0.02844409642348845,1.8768181628874465,0.7811698687082336,6.532840192096097,0.11501479211436791,4.397367234560039,0.9287055087424254,0.8787808083068414,0.05882066990005631,0.6740400651580138,0.5993744214067862,1.823122878784382,0.16277882846289127,1.3883299328312113
Dataset_0172,multi_output,ALL,gpr,2024,0,0.9756058976936861,1.116181467937971,0.006072804504559145,0.6443250817767746,0.8761094014942616,3.247774640858623,0.018361457716297058,1.5462481503586694,0.9938537952001735,0.07207812566446706,0.018481570683196683,0.054839481531507354,0.9618663231602662,0.19108921656963282,0.07406558781768716,0.08892717302292368,0.9848548838575226,0.7557085635684705,0.0279892060580915,0.5892469901785777,0.9410247536735816,1.479758550591427,0.06576704669295232,1.1974593605011696,0.9935426297044598,0.11127912470388503,0.018494120775118004,0.0918872698978328,0.9885537627594025,0.176106974851404,0.032733638448216355,0.1437944076854981,0.9881815646353074,2.1936720247576513,0.02550781424136804,1.8045956648199943,0.7577446046410354,6.8832641277496505,0.11084161236311837,4.882196769144321,0.9175966150709675,0.9101838615310637,0.06242687664822111,0.6810560024559609,0.7313575632370222,1.7617211508430324,0.12200284978137342,1.4188630414394352
Dataset_0172,multi_output,ALL,gpr,2024,1,0.9591723856081407,1.5836072307793838,0.008951991129335125,0.8593004354018268,0.8997109053278388,2.3133597086072863,0.012586972678640222,1.37489576836908,0.9891006831193415,0.10190195936506691,0.026128707529504337,0.06998687285413305,0.9585552029013436,0.14858578503343928,0.05967300603752581,0.10906208091356621,0.9775826360649025,0.9437414952940205,0.03495338871459335,0.6997326141119137,0.9298204041370048,1.3979920098835197,0.07206144380842883,1.1032841872158798,0.9927935031245385,0.1273066085992356,0.021157820940541066,0.10332687690241169,0.9621480148945625,0.23445159095544113,0.056075482170638874,0.21116507160140294,0.9660405439916382,3.2232364693683584,0.0407488807758326,2.5587612664293893,0.9651975067012096,4.495160377478301,0.05415855876479881,3.9066091102872758,0.8703445617402831,1.1102103303258666,0.07431126709008477,0.864694546711286,0.6828333980050736,2.126093117451203,0.16506934141701887,1.5443583918272745
Dataset_0172,multi_output,ALL,gpr,2024,2,0.9529285062367169,1.8090121012758607,0.00984228564350305,0.9508894704905329,0.8904771114528934,2.397919138219832,0.014352351567977447,1.46749981640528,0.9839501387885278,0.11319538410283592,0.029024457462265625,0.0756088726230118,0.9758261015155895,0.1663877576614165,0.05282151036870365,0.144776416115132,0.969760821108338,1.039958203393871,0.038516970496069294,0.8027487955518713,0.9564369036834485,1.3970230455248622,0.06652490692975535,1.2381333457896895,0.9906849642732218,0.13675105445343086,0.022727447972981693,0.11339156127501417,0.969795470503107,0.2688637680320174,0.06001423393571816,0.21133442877631525,0.9616961482639148,3.7101839512512362,0.04314167385175856,2.8497172522209095,0.9389876767866203,4.755959516236887,0.07883894763757791,4.258624918225394,0.858550458749582,1.2182495023630282,0.08154280470970737,0.912980870781857,0.6113394047757024,2.0197237548073192,0.20197237548073196,1.4846299731198696
Dataset_0172,multi_output,ALL,gpr,2024,3,0.98835271239007,0.8595341464654089,0.004676718790279172,0.4531608221686868,0.816587957741703,3.0896693199552985,0.018174525411501757,1.7154428652374019,0.9966000532396897,0.055887013578345225,0.014366841536849674,0.03997307873882306,0.933251609577844,0.1994510279112564,0.07123250996830587,0.12128633792488612,0.9948416167973051,0.4340096159874877,0.016692677537980295,0.35026554354864753,0.8643605594232735,2.253672472551055,0.10482197546749093,1.8370655697965697,0.996646250463961,0.08386901231747143,0.014460174537495075,0.06581531285114567,0.9578144438058674,0.2752376526797506,0.06120472596836792,0.23977671828900254,0.9917341941512341,1.7497080224517143,0.021080819547611016,1.3174073297303837,0.8779997574378156,6.284309674828931,0.08704030020538686,4.892210828289925,0.9619414472981604,0.6587828660376537,0.044095238690606,0.4923428459744341,0.4495134184637143,1.7444650620447457,0.1713619903776764,1.4868748718866267
Dataset_0172,multi_output,ALL,gpr,2024,4,0.9765018566629531,1.227585581743673,0.006678920466505293,0.6419855612662795,0.853443925039311,3.070613408144479,0.017599664172318903,1.7809129638414778,0.9934363713848129,0.07386692008863893,0.02308341252769967,0.05367344369689218,0.938136872826828,0.24875071884419955,0.06598162303559671,0.1669665700479355,0.9827931820977385,0.8035679528718984,0.0334819980363291,0.601133692819569,0.9496180060512444,1.1843949985697222,0.05383613629862374,0.9952784730584027,0.9941158648477888,0.11200001518357199,0.02001072274139217,0.09196288141138279,0.9611975652989453,0.2602961749047993,0.0490199952739735,0.22258151788789185,0.9837211500605436,2.467918063187231,0.028696721664967804,1.829018162254592,0.8662696979606637,6.456824715922941,0.10743468745296073,5.925555012810729,0.9284427149238816,0.8834537088901209,0.06118100477078399,0.6341396261489612,0.5519974830588736,1.9799812039000155,0.15348691503100897,1.59418324540243
Dataset_0172,multi_output,ALL,gpr,99,0,0.9657626077871372,1.524598242652934,0.008294876184183536,0.8365479765464405,0.8784600203239918,2.3085070626019193,0.0132277507598093,1.2659297249750583,0.9939829853421634,0.07316986076934588,0.01876150276137074,0.051791755355735034,0.9310763556240793,0.2329911478256026,0.09245680469269946,0.170052555522165,0.9789260670782076,0.9203503559645402,0.034087050220908896,0.6968995480113629,0.9498253673374096,1.1561039722648194,0.056395315720235095,0.912220109468249,0.9915120271052047,0.13186587824171755,0.021915552308744816,0.10865168168958537,0.978944693977652,0.21526367492609524,0.04037960512588543,0.17548953230442338,0.9742924341859706,3.085288384890635,0.035875446335937616,2.460313652135188,0.9285305958190798,4.748666239846633,0.06434507100063187,3.7758513892031194,0.8900995252241392,1.1104987048472819,0.07433056926688633,0.8650832455403314,0.6039230888617388,1.630642055621426,0.19184024183781484,1.2960350383773354
Dataset_0172,multi_output,ALL,gpr,99,1,0.9692222339455221,1.4142174746551337,0.007694746583900831,0.7289172508438232,0.865397367745125,3.0225413684959177,0.0170861581034252,1.729901076719417,0.9894689024332303,0.09903593206407187,0.025459108499761407,0.06827765718040446,0.9772529737288344,0.11850119381534802,0.047400477526139205,0.09613668847059503,0.9866300171868532,0.7165521968481378,0.026538970253634733,0.5874099895696119,0.8402362032208818,2.1846880261777586,0.133212684523034,1.5574711684635238,0.9938767129039424,0.11390026620966187,0.01924316036655886,0.09512000099285176,0.9589519708389174,0.2788980336714443,0.06271599587844486,0.2467269196446363,0.9753704224168178,2.9112498361830625,0.0338517422811984,2.1437240718627013,0.9126420449665498,6.056528972714756,0.08639841615855573,5.1493367942852535,0.9007651147867668,0.9942088724878128,0.0681899089497814,0.7500545346135461,0.6379036459704414,2.0328674344793587,0.14479112781192013,1.599833812733076
Dataset_0172,multi_output,ALL,gpr,99,2,0.9749637783166157,1.1611481518141384,0.006317454580055159,0.64940702766952,0.8987340230203174,2.991656968617565,0.01761144974755734,1.4574929537057755,0.993889780912985,0.07300345606229729,0.018718834887768536,0.05147893506302764,0.9507192884097612,0.20509958413143237,0.0714632697322064,0.13331682317315804,0.9841551859457089,0.7928256719581062,0.029363913776226155,0.5909402788925646,0.9300415573199009,1.3983865039927519,0.08475069721168194,1.204030292725131,0.9946321497567711,0.10831661395133213,0.018001763993905955,0.08990151155920847,0.9767503994832321,0.19199609302626292,0.047057865937809536,0.15763272604657233,0.9844033115275518,2.312457402629961,0.027860932561806762,1.8779991634301179,0.915179570172166,6.180222971024003,0.0855986561083657,4.118003602853692,0.917738463440062,0.8650036842453902,0.057898506308259046,0.6367152494026813,0.7209792997165261,2.126143918957542,0.1757143734675655,1.6744813237303238
Dataset_0172,multi_output,ALL,gpr,99,3,0.973479234343958,1.3535729072461784,0.007651627514110674,0.6979825767905145,0.8767818647378659,2.5223463100985755,0.013730791018500684,1.5012927129319453,0.992219915418412,0.07791927191058828,0.024349772472058842,0.05591199304746543,0.9375112119111858,0.27078939142107045,0.0712603661634396,0.17565476236589236,0.981758158968892,0.8204943848590379,0.034187266035793244,0.5877350007600766,0.9328186600655752,1.5419920774649982,0.061679683098599926,1.302475220683197,0.9942930787109451,0.10735937932034649,0.01918159358948481,0.08783714226991257,0.9613590965770842,0.29427631969120804,0.053310927480291315,0.25069218037092694,0.9784243007968316,2.7672841279768874,0.03498462867227418,2.076014490764658,0.9353093085253046,5.049324213456288,0.07650491232509526,4.12435734519174,0.9207007178247091,0.9011815279693742,0.06240869307267134,0.6824142571104599,0.6169110466101799,1.9436600818922831,0.1333100193341758,1.6532840560479698
Dataset_0172,multi_output,ALL,gpr,99,4,0.9829046259294703,1.019899319855079,0.005548962567220234,0.5677041484641677,0.8337505847697602,3.114778587034524,0.018638533866107317,1.5342427469669198,0.9940902499102077,0.07173481241959972,0.018393541646051215,0.051195039976296194,0.9827765298923208,0.11500029515021153,0.03605024926338919,0.08804792210034137,0.9893631766713067,0.5841935171214377,0.02336774068485751,0.46008465608268595,0.9488421952295554,1.6919222413442208,0.0704967600560092,1.2367474061054853,0.995471260810377,0.09574991876470074,0.015913232302592777,0.07711326930981663,0.9868714456900926,0.16506175790399716,0.034323509649406767,0.13181879116549094,0.9895277082946713,2.0522506669207337,0.02386337984791551,1.6344872840792521,0.7339793157494365,6.573304530135177,0.16715332562327218,4.9236158745323,0.946070733960789,0.7960177872539206,0.05328097638915131,0.6156404928727872,0.5162834372873952,1.5484910276737296,0.20925554428023377,1.2909837409309814
Dataset_0172,multi_output,ALL,random_forest,42,0,0.8468883691055897,3.142104198956716,0.017095235032408684,1.8194827995630463,0.5339882491881056,4.073387700945532,0.02334052086262624,2.462630015475379,0.9210853249272284,0.2593229547987737,0.06649306533301891,0.16893610743134468,0.7979340731149972,0.4220611016059015,0.144541473152706,0.31177737747437734,0.8348863174555298,2.4970876675453426,0.09248472842760529,2.0586930861717527,0.5654110393038229,3.9382880825319377,0.18753752773961607,3.3255533904367156,0.936808077683601,0.3685865318968721,0.06125752566010838,0.2729193263114689,0.850043693160123,0.5040254245190673,0.10912003128795567,0.4003273014060025,0.8814424540132381,6.255309013277941,0.07536516883467399,5.098141691185237,0.8549083430144645,7.677957017854356,0.09997339866997858,6.1124767670107225,0.6602196714483517,1.9484999071394689,0.1304216805314236,1.4987237867154246,-0.39835590265288,2.8406201118750745,0.3265080588362155,2.163015241049076
Dataset_0172,multi_output,ALL,random_forest,42,1,0.8268605055476455,3.0488614810458614,0.01658883225989369,1.7516250016719013,0.7283736282436337,3.1251779076596344,0.018383399456821378,1.7998702216342433,0.9223044172119808,0.2722838199586073,0.06999584060632578,0.19374427472851186,0.732868400367601,0.27723774273790597,0.13861887136895298,0.22457753705634823,0.8609358855372071,2.3807480746583076,0.08817585461697436,1.9672476224132318,0.5997785885988969,2.469309381631766,0.2024024083304726,2.112834036063023,0.9300406232255958,0.3924450200836,0.06630258828917047,0.2995465666787898,0.8596589411473852,0.3856586649982957,0.10431665269091038,0.3506788051961048,0.9065562621247983,5.935454890499364,0.06901691733138796,4.603433893006314,0.8708431174519409,6.27772536865433,0.09933109760529006,4.954719920145632,0.5144653396386452,2.3134484927233827,0.15484929670169897,1.69415265153266,0.5787190936523446,1.76089942196361,0.17469240297258037,1.3565408097101093
Dataset_0172,multi_output,ALL,random_forest,42,2,0.8384844398674339,2.8342425821025157,0.015420253439077887,1.6787356075318989,0.6991446275370331,4.393861409535393,0.025849284677817354,2.4351606232382688,0.922760043508788,0.26160074628063346,0.06707711443093166,0.1716243712968066,0.9307288321096552,0.23387506906972735,0.09430446333456748,0.21243767677758757,0.8134367376117753,2.602221484883286,0.09637857351419578,2.0578442518209776,0.7189291316609485,3.4443680878401457,0.17221840439200728,2.9975380160513976,0.9271768255217172,0.3871565312851409,0.06434378116754876,0.28777605364774045,0.9016683304095962,0.4617581192157205,0.10916267593752259,0.4080705472110583,0.9247959559048279,5.353574616153528,0.06225086762969219,4.380839255610683,0.7292466942510267,8.894938733000467,0.12853957706648075,6.722317028862344,0.6042526367900611,2.1246204634552437,0.14221020505055176,1.4955941052832868,0.21515014925393905,2.297512945352919,0.25527921615032434,1.835439847288956
Dataset_0172,multi_output,ALL,random_forest,42,3,0.8277041438879408,2.8981809550051842,0.01659897454183954,1.6632690862840238,0.689865586649638,5.003006430160609,0.02722132014886887,2.8137542846912327,0.9390807976865732,0.23722291455911235,0.06082638834849036,0.15809058300097073,0.9249983470208385,0.2194687238241734,0.07866262502658544,0.1336277658188373,0.8568263252332302,2.354353774002641,0.0905520682308708,1.8528336497793363,0.8065271488956087,2.5201764315246655,0.1172175084430077,2.0140930322983897,0.9296891464503533,0.39317584824436863,0.06534416623639165,0.27953133203131436,0.9566391632737121,0.26257091980658886,0.05968877467756055,0.23223747769294464,0.9037896978736448,5.687064284164494,0.0740503162000585,4.541169388990648,0.7362568634576578,10.199818261722339,0.16088041422274982,8.812275090841684,0.5091347521959028,1.9750241556900776,0.17634144247232836,1.4847204776178504,0.02490641060037302,3.8269667981705835,0.33452506977015584,2.8765380568043066
Dataset_0172,multi_output,ALL,random_forest,42,4,0.8417358476009195,2.8989370754544352,0.01577223653674883,1.6441552590714583,0.6227897377208931,4.772418110557916,0.02857307654876765,2.7035128870364247,0.9215468644178363,0.23715835276679165,0.07905278425559721,0.1737097292192537,0.7855776729282182,0.5568687642256845,0.14654441163833803,0.34503235252239983,0.8349581684405087,2.3591663459784358,0.09829859774910149,1.9673624107055148,0.7322530518231755,3.6848835008194367,0.14739534003277746,2.8008389193711656,0.9319579460996182,0.34692210137823765,0.0710178303742554,0.2743801304757988,0.8033173901496329,0.7974345410423174,0.14446277917433287,0.5597878651005085,0.9165574958730175,5.667433046665374,0.06590038426355085,4.301691692500094,0.6586082853326791,9.502298727450468,0.15246367793743232,7.614554639990426,0.6036587631736168,2.0389013272048815,0.14419387038224055,1.5036323324566285,0.13419228837075992,3.0102858538302057,0.27617301411286294,2.197350658197624
Dataset_0172,multi_output,ALL,random_forest,123,0,0.8210641953027219,2.9486742184582346,0.016668593660023937,1.7486781854845774,0.77102883973387,4.505619623818962,0.02451504229729018,2.532485928338656,0.9228418546152607,0.2643794261713582,0.06778959645419441,0.18627999576122367,0.9085682872542488,0.24623562974090626,0.08825649811502016,0.15568538286949052,0.834329753138675,2.5055450654475724,0.09279796538694712,2.0380839242170516,0.7840343521191342,2.7914029076970226,0.13616599549741573,2.134153939404832,0.9227135229394826,0.4065084251049125,0.06755998422883704,0.30285552350874106,0.9536577462588476,0.28183688703394866,0.0666123580794017,0.2407768335099904,0.9005410349964788,5.687475253196692,0.07473686272268978,4.645921047679468,0.7807150698197007,9.355266814517158,0.10878217226182742,8.119189237324216,0.5248948108237124,2.147817920966295,0.1437629130499528,1.5702504362564011,0.4281687432174185,2.4596807907857396,0.17849642893945863,2.012624248584749
Dataset_0172,multi_output,ALL,random_forest,123,1,0.8399713749987523,2.9127146612691304,0.015847196198417467,1.6820763726204262,0.5150000631217665,4.671321458905171,0.026421501464395765,2.9126536376988486,0.8995762509361807,0.2969673726607396,0.07614548016942041,0.18724196424189832,0.8431755173622071,0.3628754852476516,0.11705660814440375,0.27628610282310256,0.8383045666713675,2.5300350356780035,0.09370500132140754,2.068021573390875,0.3407329785586587,4.402051262411555,0.24455840346730862,3.7016564342447706,0.9273068649159317,0.3911467497082543,0.06500693862527078,0.3063320668498164,0.7632425315421352,0.6850755915257292,0.13256106647169683,0.5111603729363235,0.9105137166412386,5.661301492962668,0.06582908712747289,4.463656618857094,0.8035197162120313,8.66547488578692,0.11386957799982814,7.081136861659963,0.6241554758290428,1.9305274444174172,0.1324092897405636,1.3851296397624473,-0.1756704280661998,3.7465588698349026,0.25945698544563034,2.993028416830084
Dataset_0172,multi_output,ALL,random_forest,123,2,0.8215710641842175,3.306844760901163,0.017991538416219602,1.9070402236724302,0.5943793992883583,4.577900694889144,0.03056518574454444,2.560904600565316,0.9393677836783674,0.2269567725797971,0.05819404425123004,0.1519343057944516,0.7455426655259086,0.47116094451023854,0.1583734267261306,0.37969513219915024,0.8399705880094747,2.467594608400324,0.0913923929037157,2.0467669396695314,0.7278659532302787,3.118094999783308,0.1559047499891654,2.592376933582295,0.9358752036932505,0.36592173840969533,0.06081464823162628,0.26781312091516407,0.8809499255402037,0.47047665201162203,0.10390385424284938,0.37435464795720347,0.8801870238506232,6.548711231610945,0.07614780501873192,5.279732509810744,0.44750529409640405,9.498332818409722,0.22615078139070766,7.753042745541528,0.5124547216893729,2.3486296689352844,0.15720412777344606,1.7889542421722588,0.1700331580489961,2.0980205405714867,0.26557222032550465,1.7050535435464036
Dataset_0172,multi_output,ALL,random_forest,123,3,0.8439324496656088,2.5804784568605976,0.014040363767672875,1.5425119508578442,0.6846138218487597,6.412166713418817,0.036474213386910224,3.282135636288669,0.945217113013292,0.2165911881216463,0.06789692417606467,0.14969295823429435,0.8113417317599382,0.41804804067175366,0.10719180530044967,0.27632928078923874,0.8550249198455772,2.326564143922513,0.09694017266343803,1.8773661873567065,0.7942230146270275,2.818092934183744,0.12809513337198838,2.1831064015349733,0.9481710093579553,0.32894423003059087,0.05981891799065119,0.25268104707956784,0.8522503603656157,0.5531776167926392,0.09193578474200419,0.37953966043591,0.9329852113401369,4.849237830601133,0.05638648640233876,3.9657771346691932,0.5500499038495129,13.702180160023193,0.19298845295807315,11.066111459476335,0.538263994771082,2.0521259778207637,0.1421139873837094,1.4670424269494589,0.4152040986417048,3.0671242622238006,0.23776157071502332,2.5055913792068876
Dataset_0172,multi_output,ALL,random_forest,123,4,0.8428198870333754,3.04833338261436,0.016585056488652664,1.7393728434905367,0.5780951049240427,3.654235877338369,0.02272817438324648,2.1081002737416266,0.915053089029938,0.26966723916648005,0.0691454459401231,0.1779675423576213,0.9745541902858833,0.15395080490343377,0.06207693746106201,0.1264690934954524,0.8463290496173349,2.3224627260403112,0.0893254894630889,1.8877420257277664,0.6970669128385392,3.79420591595959,0.1806764721885519,3.0467543578167144,0.9264046295124677,0.38204877608013893,0.0634948938142162,0.2809207999402248,0.9510122769707106,0.3477866920722502,0.080338806207496,0.3111168236516187,0.9115805310277005,6.015307408805203,0.06994543498610702,4.790494003603316,0.7258310856921913,6.832981405188577,0.14854307402583863,5.110828519931133,0.6147321359794355,2.1599175989718145,0.14457279778927806,1.5597398458237581,-0.457988941167111,2.353063829620016,0.3024503637043722,1.9453325738132137
Dataset_0172,multi_output,ALL,random_forest,7,0,0.8395813170075197,2.6802461307098264,0.014582405498965322,1.6192191443540846,0.6796064975037963,4.708716011089066,0.026980953535921757,2.684487284053599,0.9251235868840761,0.24559474486109525,0.07674835776909228,0.16768121075886422,0.8116300029432824,0.4474829500117667,0.11714213351093371,0.27502563498538535,0.8461398681803796,2.3874968905787686,0.0994790371074487,1.949249558742104,0.7148558530237896,3.2412261256251043,0.14732846025568655,2.741910098666773,0.9336559720818158,0.3702383394210956,0.0661494263750394,0.281485169334726,0.8600662789213722,0.5280017533247697,0.0944546964802808,0.3570166172777851,0.9236044977199831,5.061607075088299,0.058855896221956965,4.17574366062786,0.805003495598698,9.529028504203215,0.13651903301150736,7.693760450734437,0.5693826601713439,2.0979027179869645,0.1452841217442496,1.5219361223068673,0.2064768570318387,3.0121544601854797,0.2335003457508124,2.354723618603617
Dataset_0172,multi_output,ALL,random_forest,7,1,0.8401613601224082,3.0598697850333756,0.0166478225518682,1.7800317171589253,0.6640563155457033,3.8823953528972512,0.021953041294301676,2.339302606882373,0.9412681760181717,0.24273904167408492,0.06224077991643204,0.16268089179730566,0.8493409664408051,0.23122023633160965,0.11279035918615106,0.18687025916675906,0.8522534157614091,2.4425935177336564,0.09394590452821755,2.0084437687221994,0.5152361046819407,3.618969683145336,0.19047208858659664,2.8216195655578957,0.9402597950502208,0.3756592553310199,0.06243298243826157,0.2820446635922451,0.7949394841374777,0.45933615474976097,0.11429115569787536,0.3670989045016707,0.900008841394853,6.026063448981887,0.07007050522071961,4.9091667216737696,0.8523422580096478,7.323245535863514,0.10598039849295969,6.167259195757928,0.5670165723873859,2.081890872332728,0.14279086915862332,1.5378225400091066,0.30842276445864525,2.8937258222180255,0.21692097617826275,2.153665109427611
Dataset_0172,multi_output,ALL,random_forest,7,2,0.8073131572339852,3.0925767602630683,0.017482061957394393,1.7525529755209004,0.8121314843931984,3.6430921343291476,0.019823654655579635,2.12389941666168,0.9101209668175441,0.2787453366727725,0.07147316324942886,0.19122563610324783,0.9090373486066841,0.2771242959099741,0.08728324280629106,0.2057389088786253,0.8132144361930926,2.6346853522025584,0.09758093897046513,2.1083403179712223,0.7239210712446629,3.016970499718055,0.14366526189133597,2.631486826241751,0.9196444231870379,0.4074693405853725,0.06771968432530703,0.30364047962457935,0.9191274375809294,0.3998096805552417,0.08614731319871614,0.34831321190731795,0.8913241247070971,5.9673420146195175,0.07841448113823282,4.541569136623168,0.8947053227227342,7.242728529476443,0.08421777359856329,5.856639663974533,0.5022618352651542,2.2418044606539898,0.15005384609464456,1.6179893072822848,0.6138662418109813,2.136522476395752,0.15504517245252195,1.5773184723061742
Dataset_0172,multi_output,ALL,random_forest,7,3,0.8326402568754583,2.956040428985188,0.01608291854725347,1.7138721672470534,0.5481228679198591,5.059645912674608,0.030303631974812735,2.698399794166586,0.9232261678785143,0.2555955879709586,0.06553733024896376,0.16767245140310105,0.7616381715544389,0.45357854810423026,0.15971075637472895,0.3500175446018183,0.8162142916504321,2.6890617698824837,0.09959488036601792,2.12152198650156,0.4777428061658566,3.4073788162033485,0.20043404801196169,2.771587868658579,0.9283488126692436,0.39435162925156925,0.06553957607637846,0.2904287697398215,0.7997835814278897,0.5480399441969022,0.14059516269802516,0.4334876630954302,0.9185433232358241,5.61116420591334,0.06524609541759697,4.385284292987837,0.5331938881076552,10.474776854990338,0.15793104945330327,8.082813292298251,0.5768686889432766,2.180324707222411,0.1459387354231868,1.6044533356029478,0.16825589234345528,2.4825031660676773,0.29205919600796204,1.854092602178851
Dataset_0172,multi_output,ALL,random_forest,7,4,0.838729056677369,3.018321931864785,0.016424007247257708,1.6590436455967077,0.5977712691592993,4.695576087278364,0.026709761588614128,2.8075651577657785,0.9241214412837271,0.24918707742540677,0.06430634256139531,0.17526638043390194,0.8842623128729352,0.348042360052108,0.12430084287575285,0.2462950367456618,0.8437553919830432,2.2716639361554254,0.08413570133908983,1.8207821622662093,0.7556986222938146,3.541809944100533,0.15741377529335704,2.7926529834583342,0.9240724996634503,0.36164069772770324,0.061098276352036365,0.27318296606155545,0.8626560804467119,0.677415451044673,0.12103188333833714,0.5445229507807009,0.9112106343177365,5.980148314441615,0.06953660830746064,4.508985336012169,0.5471634179854226,9.39764912343691,0.1654515690745935,8.107163072790305,0.5904853161388879,2.106140386233313,0.14097325209058317,1.5170013832097033,-0.06092408780238712,2.9668033389547936,0.2648931552638209,2.34719174505389
Dataset_0172,multi_output,ALL,random_forest,2024,0,0.8060655924943123,2.9986886458437088,0.016314954547571862,1.7576084492861181,0.6714927250891988,4.28310368977503,0.024214742705648065,2.532041111460505,0.8755263058797529,0.32436856555938165,0.08317142706650812,0.20374665273132253,0.8943058310434568,0.3181319980941656,0.12330697600549055,0.2626338281420832,0.8049679423600806,2.7118835760617266,0.10044013244673061,2.0940351051544592,0.7686843903076858,2.9306128319059006,0.13024945919581782,2.3984671228535235,0.9033916989437861,0.4304206286877423,0.07153409152197811,0.32550211471205664,0.8583007816537964,0.619624972466411,0.11517192796773439,0.4722427161045213,0.9200482590805861,5.705657090717891,0.0663448498920685,4.536878512722454,0.6239302957453567,8.576140356127137,0.1381020991324821,7.21384888491139,0.5263937562073563,2.182053098039592,0.1496607063127292,1.6278798611103,0.2122423266956981,3.016797645448391,0.20891950453243704,2.313013005291007
Dataset_0172,multi_output,ALL,random_forest,2024,1,0.8265855557078862,3.0442570936430218,0.017208915170395828,1.7320299070885539,0.77918567427705,3.84296854026897,0.020909562763311226,2.0645362071128894,0.9230234559627557,0.2708083802277555,0.069438046212245,0.1822431165236648,0.8652190030801132,0.26795174299218544,0.10761114176392989,0.2079706832950998,0.8546229311324813,2.4033041358327862,0.0890112642901032,1.9264631475249878,0.7647780412433052,2.5594001368419805,0.13192784210525668,2.1604051484934965,0.9344686996966726,0.3838956934997742,0.06380184369283268,0.28733646347739356,0.898707922316784,0.3835275742160139,0.09173106295527718,0.3095143728197732,0.8824831395930176,5.996003753120148,0.07580282873729645,4.733363276680254,0.8974943837934835,7.71460762397987,0.0929470798069864,5.675027660145406,0.5383295521545035,2.0949609547550403,0.14022496350435343,1.5307435312364701,0.46972902095156366,2.7490806860282255,0.21343794146181877,1.9697631708106713
Dataset_0172,multi_output,ALL,random_forest,2024,2,0.8160846211388959,3.070048385645523,0.016703201227668784,1.7946358034902654,0.7432963944814558,4.276111703544879,0.025593965007002117,2.56726354749141,0.9014145849406996,0.28054298362003766,0.07193409836411223,0.18004887119061525,0.8825032642231839,0.3668266863349596,0.11645291629681256,0.23808954734607204,0.8118152591396841,2.594317293368907,0.09608582568032989,2.1024692906498674,0.8157040645113137,2.8734396408875593,0.13683045908988378,2.397291950884688,0.9177232683831588,0.40642174572344336,0.06754557848154286,0.29162788547372775,0.9485308248886754,0.3509698800675505,0.0783414910865068,0.27799808603298815,0.9014704807961684,5.95055399678414,0.0691924883346993,4.795437082057441,0.7969450441953747,8.676332055774088,0.14382647419434877,7.684035377856223,0.547999512434769,2.1777344564136887,0.14576535852835934,1.603595888079676,0.2727987745887318,2.762701851370909,0.27627018513709095,2.2389027753370776
Dataset_0172,multi_output,ALL,random_forest,2024,3,0.8450936507439154,2.899682404640926,0.01577715003341273,1.6492659010589055,0.6202111892586406,5.563113973634961,0.03272419984491153,3.0257366547734,0.9359988440863983,0.24247599692502378,0.06233316116324519,0.16452233620306875,0.880893259076309,0.2664305680837888,0.09515377431563886,0.17464408519390665,0.8593790686227534,2.266039814387427,0.0871553774764395,1.8619636954900471,0.5537279276343494,4.0878754942734785,0.19013374391969667,3.547609241122628,0.9388016344377128,0.3582664393917848,0.06177007575720428,0.2605189931280404,0.8763908789105137,0.47114134225219717,0.10476792133693509,0.39694026559881995,0.9138723714370168,5.6479940140610365,0.06804812065133779,4.401210961632696,0.5881310978707195,11.546669409799668,0.15992616911079874,9.290564557301167,0.5774163351356959,2.1951920109601737,0.1469338695421803,1.5581135188406747,0.20191278280131142,2.1004584000615543,0.20633186641076173,1.718925124650479
Dataset_0172,multi_output,ALL,random_forest,2024,4,0.8495248450631996,2.9033607926352905,0.01579630463892976,1.6584745713607518,0.6166844643084143,4.27116995660283,0.024480827400715482,2.5547216577254033,0.945003722951877,0.21381818415766687,0.06681818254927091,0.14973842775364712,0.7753827245616544,0.47399088168731296,0.1257270243202422,0.27435337541990373,0.846385287284599,2.400981056224669,0.10004087734269455,1.9407238128940514,0.4973709743371979,3.740956612829544,0.17004348240134293,3.329199181461626,0.9391169754826045,0.36026732201983297,0.06436793318203198,0.2696154073731655,0.8327343639620491,0.540432752118782,0.10177641282839585,0.34786376276050485,0.9148200794195679,5.645306060440297,0.06564309372604997,4.439574139723112,0.7763726645290829,8.349616497926641,0.13892872708696571,6.761309603447079,0.6022981601773498,2.0827429398448647,0.14423427561252525,1.4927210690597819,0.20156159415208696,2.64327014017218,0.2049046620288512,2.060882365537904
Dataset_0172,multi_output,ALL,random_forest,99,0,0.8285695916062572,3.1537564429368894,0.01715863135439004,1.793278978032287,0.7389075559383962,3.9763440296735113,0.02278446040381338,2.171401131434018,0.918301814629296,0.2696173892842108,0.06913266391902842,0.1816568083445429,0.9227427954134567,0.246674808326811,0.0978868287011155,0.15511268527097427,0.8259463851257689,2.644977071836114,0.09796211377170792,2.1765464999688025,0.7840919190821511,2.398221218851889,0.11698640091960434,1.8937746231310475,0.9322921931789137,0.37243442134259225,0.061897028642611304,0.2967317780990458,0.8981285640278901,0.47349585899749597,0.08881933201978914,0.26544985446206,0.8982480652212417,6.138137658257064,0.07137369370066354,4.671581425406729,0.7833315729827924,8.268169680493713,0.11203481951888498,7.0547106403991995,0.5680594998760653,2.2015585274464584,0.14736000853055276,1.6398783783423132,0.30624292818569077,2.158105081330172,0.25389471545060843,1.4879578539068057
Dataset_0172,multi_output,ALL,random_forest,99,1,0.8270840040902678,3.1605616663103677,0.01719659212313166,1.8196817892575574,0.7198481031612294,3.689689708895981,0.02085748846182013,2.281288910649532,0.9213376055904012,0.2706696466310042,0.06958088602339439,0.1882338121701332,0.8968381763712334,0.25235964995902127,0.10094385998360851,0.21768627150808506,0.8344843801376087,2.52116865918373,0.09337661700680482,2.07900087975702,0.6144188167368654,3.3939712395892734,0.20694946582861415,2.6938544259734774,0.9272189183968048,0.39268262065843945,0.0663427303021523,0.3052690046917933,0.8600581696800786,0.5149594973032499,0.11579930229441193,0.4555758112427338,0.8865570652163215,6.24798131407957,0.07265094551255313,4.974274612135486,0.8839384441742173,6.980985944591511,0.09958610477306008,6.147704267682923,0.565822051110203,2.0795977075964873,0.14263358762664524,1.551630637533356,0.34398690884375194,2.736234004819564,0.1948884618817353,1.8916237768404414
Dataset_0172,multi_output,ALL,random_forest,99,2,0.8277823563071867,2.9377571189002167,0.015983444607726965,1.6752472183992217,0.7107683213813505,4.808088695688925,0.02830451931293887,2.994326534966086,0.9263615222378129,0.2534354893892385,0.06498345881775347,0.1677234326832173,0.8262788813541081,0.38508145429709634,0.1341747227516015,0.2979052826076041,0.861351775431518,2.3452615700819437,0.08686153963266458,1.8815725132466452,0.723733435978253,2.778889772724895,0.16841756198332697,2.3753688183509474,0.9334580923233262,0.3813664669239216,0.06338149691273419,0.2653059405320077,0.8877505675203666,0.42186813270765045,0.10339905213422805,0.3627098563559444,0.9036859073411581,5.74648743484271,0.06923478837159892,4.56637314330783,0.7852604978241207,9.833539812714934,0.13619861236447278,8.913717601396607,0.514054484202118,2.1023902701354302,0.1407222403035763,1.4952610622264086,0.3308182242299046,3.29265705214127,0.2721204175323364,3.021931116119327
Dataset_0172,multi_output,ALL,random_forest,99,3,0.861508510427569,2.8109132331086055,0.01588984303622728,1.5338301984746123,0.6560547886092216,4.913497485985285,0.026747400576947664,2.7528357963160683,0.9522490068361392,0.19303849853821883,0.06032453079319339,0.1321177318044343,0.8036615597845413,0.4799911869635792,0.12631347025357348,0.29622686934428,0.8942932750977541,1.9751159154972466,0.08229649647905195,1.6122582635323475,0.6613782924514122,3.4619055043050375,0.13847622017220151,2.878199304683006,0.9450864419147501,0.33302653817554834,0.05950090015643172,0.2492685978849204,0.8544840377133205,0.5710669125061125,0.10345415081632474,0.39818781242664014,0.9115165513095304,5.604054282561742,0.07084771532947841,4.240941772774899,0.7451628817876015,10.021753197592739,0.1518447454180718,8.10084503428155,0.6043972769796715,2.012830892481825,0.13939272108599896,1.4345646263764604,0.21558717130923322,2.78126803663344,0.19075912459762967,2.090719960844867
Dataset_0172,multi_output,ALL,random_forest,99,4,0.8216330522621538,2.896648155919832,0.015759783220456104,1.7610429974336015,0.6652786651626611,4.0142393749866,0.02402082024346468,2.095583231296612,0.9059418895365812,0.2861828036438238,0.07338020606251894,0.19896290485934906,0.9271989746889683,0.23643260924672913,0.07411680540649816,0.16179153718305542,0.7733742011455357,2.6965311046623226,0.1078612441864929,2.1880880509496934,0.7081700107564759,4.041005197048356,0.16837521654368148,3.5242985601039294,0.9172015472017496,0.4094122846165015,0.06804259342138964,0.3127157832469251,0.9225211442031027,0.40098637186780467,0.08338248531249837,0.3242982837506419,0.9265061681624934,5.436695200166104,0.06321738604844307,4.474360520690995,0.6321812787759853,7.729349847283373,0.19655053648527337,5.04024188689615,0.5851414552644091,2.2078041086454903,0.14777805278751607,1.6310877274210456,0.13632191738877375,2.069136603768293,0.2796130545632829,1.427285888549284
Dataset_0172,multi_output,ALL,extra_trees,42,0,0.8165398807016292,3.3209495841024537,0.018068278477162424,1.995561289766504,0.4053733081856244,4.647788371123493,0.02663183801927282,2.8546734306878356,0.8781843811411981,0.3221911174096504,0.0826131070281155,0.22256417685628238,0.7336814988648348,0.48453979745625797,0.16593828680008835,0.38731099615199605,0.7933405959898517,2.7936361653757595,0.10346800612502813,2.3313018889817276,0.5059167003066851,4.199216086385278,0.19996267078025134,3.591643333333343,0.910359887392034,0.438995304819654,0.07295916649819743,0.3347318421980863,0.8014254693981491,0.5800051481665269,0.12556941939089128,0.4946015449735541,0.8699623360321744,6.551168164967827,0.07892973692732322,5.510820412900928,0.8048030794616117,8.905553915011101,0.11595773326837369,7.263771207311209,0.630852202952888,2.0309602056112803,0.1359411114866988,1.578388127895497,-0.8189602071031594,3.239782809573624,0.3723888286866235,2.536040071669075
Dataset_0172,multi_output,ALL,extra_trees,42,1,0.78387351957124,3.3183190569552576,0.018054948892514598,2.0018805230601737,0.502195911312034,4.109309593650412,0.02417240937441419,2.563577114468496,0.86837852505954,0.35439456024651095,0.09110400006337042,0.24890105381298389,0.45095458600342675,0.3974603914828118,0.1987301957414059,0.28557471220137803,0.8032231174846074,2.831998000619649,0.10488881483776477,2.335646575614117,0.0997239765217589,3.703507161790175,0.3035661608024733,3.394085357543697,0.8988855361647292,0.47180495559435476,0.07971024760843974,0.36314764382336373,0.7257718634393118,0.539096764570407,0.14582006074395645,0.4686116481802145,0.892045211084326,6.379694224947014,0.07418249098775598,5.256442075517067,0.7829425913385686,8.138246548699465,0.128769723871827,7.067138294853299,0.4568352080629966,2.446896058064273,0.1637815299909152,1.805265266533336,0.45158653925710357,2.0091053763102464,0.19931600955458795,1.6024755595638918
Dataset_0172,multi_output,ALL,extra_trees,42,2,0.8113736181127724,2.987351808864059,0.016253274259325674,1.7974989859954225,0.599159978557874,4.870194824214988,0.028651575621926044,2.6704183502422305,0.9038822669316791,0.29182314130278164,0.07482644648789274,0.191128588595313,0.8774200303160289,0.31111247705755674,0.12544857945869223,0.2704680411255401,0.7743482670563581,2.8618741443801152,0.10599533868074501,2.239021943573678,0.6326813434043248,3.9375232644016704,0.19687616322008353,3.576538234384645,0.910265207589317,0.42976616213049534,0.07142532194291097,0.3185500817410553,0.8679697655959187,0.5350625205355747,0.12649232163961577,0.4692748536641985,0.9185901022655788,5.570085569355808,0.06476843685297451,4.634221410907092,0.672814067525424,9.778075550058167,0.14130166979852846,6.975096994434211,0.5497822467209291,2.266123911326872,0.15168165403794323,1.6045729051599757,-0.05508531405232686,2.6638420250532517,0.2959824472281391,2.060713627602558
Dataset_0172,multi_output,ALL,extra_trees,42,3,0.8276402322273491,2.879521048305863,0.01649210222397401,1.6459756231278377,0.6245119485408792,5.686368928734679,0.030939490335353825,3.4462036143973664,0.9308569107242834,0.25272832747582835,0.0648021352502124,0.17106035596108848,0.9052537321746577,0.2466711034487535,0.08841258188127366,0.16110934137291233,0.8511773837134117,2.4003501769676006,0.09232116065260002,1.8764522698246817,0.6674429094471187,3.304106489403103,0.15367937160014433,2.881962744794932,0.9282093925294381,0.39729167195099613,0.066028198762007,0.29845537835249114,0.9368410719451975,0.3168948444401106,0.07203792781089126,0.2894184469954649,0.9057674706587818,5.628306922464265,0.07328524638625344,4.437048343616829,0.6580139660146802,11.614647553555844,0.18319633365230037,10.813504145021563,0.5221900035108311,1.9485828882920457,0.17398061502607554,1.4468617678840971,-0.044991936877258,3.9617586380356555,0.34630757325486494,3.0850233938019604
Dataset_0172,multi_output,ALL,extra_trees,42,4,0.8302747182001017,3.1020861097697563,0.01687750875826853,1.847703335759902,0.6213904310309963,4.87660592433271,0.029196862292068314,2.786414643121681,0.9226493348001428,0.23548611164206387,0.07849537054735463,0.1676589294836704,0.813740664943916,0.5190113792694839,0.1365819419130221,0.3042070049130751,0.7963228081769288,2.6207931578797545,0.10919971491165643,2.2610006431308154,0.7332878985335689,3.6777555366339234,0.14711022146535693,2.81787872260007,0.9328804056886502,0.34456243066683523,0.07053478621634292,0.2816937696588216,0.8392098877510656,0.7210107355891229,0.13061788688208747,0.48802266383220133,0.9043314539183963,6.068443609987816,0.070563297790556,4.966048421820856,0.6409667107238178,9.744724152103018,0.15635337588612946,8.116478637566164,0.5951895884163905,2.0605702028170954,0.1457263226886206,1.5621149147053464,0.0797469932026138,3.103492037321361,0.2847240401212258,2.205486186696896
Dataset_0172,multi_output,ALL,extra_trees,123,0,0.8097351840737355,3.085934444763269,0.017444513537384222,1.8641147196020422,0.7349491185292961,4.435804577227911,0.024135179156798036,2.617748738316471,0.9259630449463789,0.25897690720972905,0.06640433518198181,0.18283272651325277,0.8652325601852442,0.2989475207157893,0.107149649002075,0.1999074170274169,0.8100003752564457,2.6832202966760073,0.09937852950651879,2.1628268107136437,0.6548619564832519,3.528796424589461,0.17213641095558346,2.984966036556002,0.9173896600346176,0.4202763966229954,0.06984816297540225,0.3317400956937812,0.9354016546873622,0.3327514485425175,0.07864605259808968,0.2694647199615242,0.8912906989371291,5.946082135515578,0.0781351134758946,5.026592596390007,0.8006153740926073,8.920672973053062,0.103728755500617,7.660750237614116,0.5040321411941053,2.1944684495485527,0.14688543839013068,1.6165813686995256,0.41863404719801534,2.4801023349403275,0.17997839876199767,1.9736552804232963
Dataset_0172,multi_output,ALL,extra_trees,123,1,0.8417697182912598,2.993765965398088,0.01628817173774803,1.71266355137845,0.5293171203771736,4.604252978250402,0.026042154854357482,2.8588074388712514,0.9110389109311176,0.2795056342927258,0.07166811135710918,0.1846280237631113,0.863381046240195,0.33869296455365416,0.1092557950173078,0.24829132627865927,0.843143789387772,2.491887993088338,0.09229214789216067,1.9992070175438714,0.33547698193955167,4.419564070982957,0.24553133727683094,3.832659047619031,0.9307868683058058,0.3816693420270118,0.06343183347631906,0.288721246635102,0.7749312078647709,0.6679505175389756,0.12924739116466247,0.5107030268077589,0.9033474432443025,5.883621440558483,0.06841420279719167,4.681327216652751,0.8107804658387923,8.503855345741583,0.1117457995498237,6.796062587301603,0.6205315795873005,1.939812198574316,0.133046104154617,1.409434252297415,-0.137984099997442,3.686021473309484,0.25526464496603074,2.906321206349204
Dataset_0172,multi_output,ALL,extra_trees,123,2,0.7958364506564958,3.378917467511606,0.018383664132272066,2.0545572968884205,0.5320975945789782,4.739976369626277,0.03164731343432667,2.9156269247577935,0.9139053091265716,0.2704454073452566,0.0693449762423735,0.19746080783201514,0.6486622785218907,0.5536358278716369,0.1860960765955082,0.4817302576788297,0.7969728911128808,2.779399167303457,0.10294070990012803,2.2946175813969045,0.6566700238204046,3.502303390451173,0.17511516952255865,3.0805567872603743,0.9150069423804912,0.4212762130723158,0.07001432824868137,0.3302618421654958,0.8207173326511018,0.5773542840539337,0.12750757156668147,0.5121714316635715,0.8794285106157969,6.569407851266201,0.07638846338681629,5.533386223275417,0.4198441235108247,9.733200514783281,0.23174286939960193,8.704814573283894,0.4738686000467388,2.4397997146764667,0.16330654047365908,1.9170600297722709,0.11459421439066964,2.1669582423562472,0.2742985116906642,1.798861573902298
Dataset_0172,multi_output,ALL,extra_trees,123,3,0.8333354497385423,2.732508236689894,0.014867556649925971,1.5941995761175076,0.6711550441080735,5.5350158129754545,0.03148473158689109,3.0793350228269176,0.9337464132642334,0.23818972511615372,0.07466762542826136,0.16577190977923734,0.7597910103814873,0.47171848900244606,0.12095345871857593,0.3410548715041573,0.8328734799796587,2.497991964290313,0.10408299851209636,1.9308218299580668,0.713861772671986,3.3231110299010798,0.15105050135914,2.7791047241119164,0.9391034604904155,0.35655965793954664,0.06484081795590955,0.27333726208720954,0.8012970534743129,0.6415101577128252,0.10661628015835552,0.544852139833708,0.9239472263689552,5.165896337718681,0.06006856206649629,4.13519204752785,0.6841363013571732,11.480408913722458,0.16169590019327407,8.983007596371891,0.5370066685894488,2.054918090181561,0.14230734696548206,1.4658748312351744,0.3966890826554076,3.1152994865338215,0.24149608422742805,2.748655782312917
Dataset_0172,multi_output,ALL,extra_trees,123,4,0.8317500700310569,3.227106413872767,0.01755770627787142,1.8892150373380825,0.5234043244845713,4.147306523035271,0.025794915555636712,2.4321049793272946,0.9250277034762447,0.25334060342163806,0.06495912908247131,0.17568754515599339,0.946986738201403,0.22221127406856667,0.08960132018893817,0.17001281179138386,0.8283009257812581,2.4549171548995568,0.09441989057305987,2.068945051085581,0.6538188838928659,4.0560119735381335,0.19314342731133968,3.278882123960713,0.9297586991608103,0.3732414240309091,0.062031149082750384,0.29269570894909647,0.9235947278219165,0.4343411696898691,0.10033291053127029,0.3796119960317434,0.900554975267445,6.379334948941149,0.0741783133597808,5.248586439518354,0.6272138473107775,7.9676641335786815,0.17321008986040612,6.44408072562362,0.5751080464695261,2.26827154065315,0.1518254043275201,1.6601604419813882,-0.534592574804106,2.41408823431186,0.31029411752080466,1.887937239229012
Dataset_0172,multi_output,ALL,extra_trees,7,0,0.8118544814100879,3.010016878124024,0.016376588020261283,1.8976125610879073,0.5592469518362482,5.809435418216983,0.03328807826161462,3.452934181234565,0.8954355238799048,0.29022755074016904,0.09069610960630284,0.21496337231968782,0.7381517361382662,0.5275886892962112,0.13811222232885112,0.3659497530864167,0.7919083175129418,2.776560400064256,0.11569001666934399,2.347572310405648,0.5835752465206423,3.9169260180388585,0.17804209172903904,3.20874977072315,0.9169425437661868,0.4142569323707187,0.07401410262117539,0.3396385976979483,0.7874605638136899,0.6507196707427676,0.11640781229745395,0.4883446328042362,0.9023014561960858,5.723986206070353,0.06655797914035294,4.907175442309485,0.6968669674783159,11.88096851847102,0.17021444868869653,10.473292664902933,0.5526845656953212,2.138191163867951,0.1480741803232653,1.6787130827067671,-0.009819754769673672,3.3979686740044537,0.2634084243414305,2.7283340846560895
Dataset_0172,multi_output,ALL,extra_trees,7,1,0.8183110105323677,3.2415012517285784,0.01763602422050369,1.9585494930474439,0.5560624636258394,4.40376932528683,0.02490115535926961,2.724236933544978,0.9381232913843465,0.24915321235595705,0.06388543906563002,0.18086587115937985,0.7370955450709763,0.3054409239602462,0.14899557266353475,0.24420576455026397,0.8015400423561052,2.8309286443121366,0.10888187093508218,2.340317650607987,0.26587411891447077,4.453537147778945,0.23439669198836555,3.5891941269841197,0.9286545339890273,0.4105290825476478,0.06822820052312577,0.3286044864940133,0.6856186671787299,0.5687455125756964,0.14151418576155672,0.44796784761904895,0.8909311539753064,6.293659730531674,0.07318208988990318,5.281687902627008,0.8128213672654878,8.24524603620371,0.11932338692045891,7.19591132275134,0.5323060309570524,2.163730708993613,0.14840402667994604,1.6612715543488321,0.278902619699532,2.954840166811299,0.2215022613801573,2.1439056058201165
Dataset_0172,multi_output,ALL,extra_trees,7,2,0.7780249737570397,3.2246118671237274,0.01822844469826867,1.8916130821117687,0.7560458283821901,3.888096999190153,0.021156833079527426,2.407811489620686,0.8693583928852215,0.33606181732737567,0.08616969675060916,0.22623338458476397,0.8258285320122287,0.38347014128231033,0.12077799725427098,0.25524406771799674,0.7836510249429705,2.835531812920385,0.10501969677482907,2.3171778847589373,0.6233916035566706,3.5237041036422188,0.1677954335067723,3.113371212121154,0.8980100661829455,0.4590559068476792,0.07629315387197594,0.3394992663581629,0.8986027285168086,0.44767808788768865,0.09646155739876935,0.39166743676561994,0.883635204417494,6.174832224965762,0.0811410279233346,4.882205100388149,0.884630122193806,7.581326748824736,0.08815496219563647,6.622082156771788,0.45547018035656694,2.3448123440351356,0.1569486174052969,1.6929497744688313,0.5477761556314376,2.3121462915345674,0.1677900066425666,1.6566925747268695
Dataset_0172,multi_output,ALL,extra_trees,7,3,0.8303411340639528,3.065862142013961,0.01668042514697476,1.8283227677240395,0.4727004736821584,5.452959091664371,0.03265929441298698,3.045500542918991,0.9216071517420379,0.2582765434310692,0.06622475472591519,0.18331209079713376,0.7825088982734115,0.4332662886908667,0.15255855235593896,0.32139947884456826,0.8014964654199097,2.794660343624771,0.10350593865276929,2.2525913469671925,0.4043659103053012,3.6388820309701555,0.21405188417471502,2.8933731859409995,0.9255050790618241,0.4021011132506178,0.06682750760355954,0.3116564311713192,0.7901421340565955,0.5610802673482778,0.14394055088462743,0.4513155464852579,0.9110654199080157,5.863068437882284,0.06817521439398005,4.796972071391273,0.45977723436640205,11.268418139725766,0.16989699419111598,9.283973982812894,0.5920315541879762,2.1409024609934324,0.14330003085632076,1.5970818982932793,-0.07329180859091888,2.820030802399833,0.331768329694098,2.2774405205112336
Dataset_0172,multi_output,ALL,extra_trees,7,4,0.8241424196673857,3.1719299194723147,0.01725985536374542,1.8046053874475443,0.5858031668539551,4.686975754915526,0.026660840471646904,2.887398941723365,0.9110890458355173,0.26973892073526207,0.0696100440607128,0.18690193646232445,0.8722869924838388,0.36560512197454315,0.13057325784805113,0.25340772108843473,0.8185999149781717,2.4477119445548894,0.09065599794647738,2.011489007480375,0.7130871583348319,3.8382856144284334,0.17059047175237482,3.1291801587301578,0.9184723841534406,0.37474005688972184,0.06331137977525289,0.2906113146323664,0.8885833548937153,0.6101342686232681,0.10901094668988173,0.46853639795918495,0.9020574919814995,6.280830724655485,0.07303291540297076,4.987229288679082,0.5620301204741138,9.242098566955434,0.16271300293935625,8.019373516628912,0.5704932613882991,2.1569375325512086,0.14437332881868864,1.5467953899835742,-0.10697179191672479,3.0305041372054604,0.27058072653620185,2.5664969142101355
Dataset_0172,multi_output,ALL,extra_trees,2024,0,0.8116717713028404,3.032803060138901,0.016500560718927644,1.8130029724867822,0.6629737855435106,4.439289646927291,0.025097747890814627,2.729844714708971,0.8929181668938952,0.3008554405347043,0.07714242064992419,0.1991646811473129,0.9172840525929326,0.28143393510505027,0.10908292058335284,0.22841808465608396,0.8072521776304777,2.695955874028916,0.09985021755662651,2.1257145781119635,0.7317424051735737,3.155963629687604,0.14026505020833796,2.868402222222222,0.910812350855037,0.4135597018003405,0.06873187664954969,0.3260144475076548,0.8806670484075176,0.568624249525808,0.1056922396888119,0.4635198486772473,0.9171442245465882,5.808354273985486,0.06753900318587774,4.741291718184388,0.5971217211691555,8.876558759005052,0.14293975457335029,7.768499460317349,0.5302319365882036,2.1731932583298725,0.14905303555074573,1.672829437482593,0.18805370037437386,3.0627638524087013,0.21210275986209842,2.3203839576719534
Dataset_0172,multi_output,ALL,extra_trees,2024,1,0.8091742885797537,3.1709465471603098,0.017925079407350535,1.90904912816301,0.7652266922763185,4.059115845269528,0.02208561861510163,2.252552934038795,0.8983133674583663,0.31125391861499624,0.07980869708076828,0.21122708994708972,0.8305279228995044,0.300463229157995,0.12066796351726707,0.2065734126984122,0.8085393213026446,2.758040103325895,0.10214963345651464,2.275986067019432,0.699585450492282,2.892409231266618,0.14909325934364007,2.441677195767199,0.9195019912878483,0.42548221962594834,0.07071334878277352,0.3294433638262306,0.8871109711592555,0.40488782932222245,0.09683994961067267,0.29747066666666816,0.8756126959479171,6.168787831449311,0.07798720393741228,5.19319275410751,0.8846342624471566,8.184241485081623,0.09860531909736896,6.487361208112843,0.5439040669019921,2.082274569473833,0.13937580786304102,1.5353963659147893,0.5242748543833937,2.603853888553289,0.20216256898705662,1.8296821869488513
Dataset_0172,multi_output,ALL,extra_trees,2024,2,0.788722040395647,3.250400387897782,0.017684441718703925,1.9657345858386646,0.6297255377309856,5.230754975181091,0.03130782567817502,3.208037490826628,0.8806574312842276,0.30866740266754156,0.07914548786347221,0.207703451261383,0.7787460943268245,0.5033771468888887,0.15980226885361545,0.3588864296021438,0.7625662714513868,2.9140841866962277,0.10792904395171214,2.3683424458044935,0.7016761269389592,3.6558486218463373,0.17408802961173034,2.985906345770648,0.9002464072317719,0.4475099485135417,0.07437426433663648,0.34332060409513737,0.89177049077463,0.5089429325209686,0.1136033331520019,0.4295074613481761,0.8918142930328291,6.235325969257843,0.07250379034020749,5.224928726634091,0.694410363092556,10.643848374510158,0.1764417467801104,9.62397033635673,0.5083257989780192,2.2712983288612376,0.15202800059312166,1.6843777013982175,0.08202461352195822,3.1040037412859744,0.3104003741285975,2.6419168810554416
Dataset_0172,multi_output,ALL,extra_trees,2024,3,0.841535495735186,2.9934039347846966,0.01628708817011098,1.7197917455300296,0.5583839867111704,5.755764853136534,0.03385744031256785,3.094072300529097,0.9310273740670674,0.2517173929569094,0.06470884137709755,0.17715267879948912,0.8551750375610225,0.29379039448633976,0.1049251408879785,0.2260008890778537,0.8440496667974184,2.3863585923603385,0.09178302278308995,1.9272704615946095,0.4180008780720256,4.668302282638868,0.21713033872738918,4.178370304232786,0.9349260702098332,0.3694364420288314,0.063695938280833,0.28480610997080746,0.8433737031795551,0.5303447763293463,0.11793301675102207,0.467781652399853,0.9075713898889413,5.850947405206882,0.07049334223140821,4.683822441160443,0.5720644669601991,11.769727428471668,0.16301561535279321,8.792076977040812,0.5901029777126696,2.1619893116011024,0.14471146663996667,1.5259070361247955,0.10330584778304919,2.226440410773959,0.2187073095062828,1.8061316798941784
Dataset_0172,multi_output,ALL,extra_trees,2024,4,0.8333801586688534,3.016108061788268,0.01640972830135075,1.813339051359258,0.5453376701425999,4.681128607365774,0.02683056460919226,2.938166801436144,0.9326516131644648,0.2366146281214921,0.07394207128796629,0.17034276546250687,0.7446707798354821,0.5053574459320984,0.13404706788649826,0.3555651077097504,0.8080328878297145,2.6840199701545298,0.11183416542310541,2.2241830893085504,0.28082302187273556,4.474832435515764,0.20340147434162564,4.066668480725652,0.9284478368932476,0.3905603448962021,0.06978030103559087,0.3027658547710266,0.7791702183499448,0.6209649956206986,0.11694256038054589,0.503509294406647,0.9102673871428418,5.794207363373629,0.06737450422527476,4.819380249954443,0.7377341410562728,9.042217795849371,0.15045287513892464,7.771413363567696,0.5875010683139983,2.1211348770676777,0.14689299702684747,1.5500232972997634,0.1842901895985648,2.671706107719738,0.20710900059842932,1.993677760770975
Dataset_0172,multi_output,ALL,extra_trees,99,0,0.8294806675729278,3.211024384986344,0.017470208841057364,1.8587971109127939,0.719472584987962,4.373950624074012,0.025062747101042927,2.3947377943723076,0.9227668312366664,0.26214623263293835,0.06721698272639445,0.18333340683358126,0.9377670742753663,0.22139377923122291,0.08785467429810434,0.16731473609107017,0.82393433291805,2.6602210533625277,0.09852670568009361,2.2046427949081333,0.8005931990345604,2.3047550524701625,0.11242707573025183,1.932207426647409,0.935563483616,0.3633259904702777,0.06038324588171475,0.28861105109153173,0.8928188116667143,0.4856789210977238,0.09110465599282007,0.34704528258778616,0.8934043629733167,6.28253621471825,0.07305274668277034,4.983638025830539,0.730832190866292,9.215589585724974,0.12487248761144949,7.90540157030632,0.5717343271206061,2.1921734056069155,0.14673182099109205,1.633760275900185,0.23535164909687645,2.2656861708755955,0.2665513142206583,1.6217199562289533
Dataset_0172,multi_output,ALL,extra_trees,99,1,0.8083862012486499,3.274658453260362,0.01781739187801492,1.9637593558914168,0.6473079373538214,4.423518892537029,0.02500575970908439,2.6469665469424366,0.9104762185941547,0.2887521217603403,0.07422933721345511,0.2107441510341511,0.838072733574298,0.31616981359230395,0.1264679254369216,0.2649342607022611,0.7884164080434475,2.850515456019733,0.10557464651924937,2.3810415356573174,0.45812582574839433,4.023457965215424,0.24533280275703795,3.298837853134548,0.9192275279962221,0.41367960991916414,0.06989011824956314,0.3270875521801123,0.8263259822869988,0.5736760548411435,0.1290029356512578,0.4784739570947533,0.8817974633455756,6.377704509864657,0.0741593547658681,5.2966882835877955,0.8259215017500782,8.549586985696319,0.12196272447498316,7.196459974025931,0.5420133882638494,2.13585536493191,0.1464921375124767,1.6032352569977084,0.28809364340933796,2.8504171225264074,0.20302116257310593,1.9961266897546905
Dataset_0172,multi_output,ALL,extra_trees,99,2,0.8042496209202982,3.0191181332972605,0.01642610518660098,1.805227341707731,0.6140026871386872,5.333033889455691,0.03139479536972798,3.4130343792516946,0.9055143789085841,0.2870766637288035,0.07360940095610348,0.1976710440613027,0.7100351171436596,0.49750677223260464,0.17334730739812007,0.39766701814058975,0.8235729546549067,2.645554491745699,0.09798349969428514,2.1384619868637147,0.5764889274957237,3.44064243892235,0.20852378417711212,3.0218246598639524,0.9126460461581524,0.4369544465424646,0.07261998446775214,0.32928436453201765,0.812857472893673,0.5447169488744185,0.13350905609667119,0.4643780980725552,0.9021482393270732,5.792177534156858,0.06978527149586576,4.7441150246306085,0.7393557220220848,10.833729979938372,0.15005166177199963,9.978600283446685,0.47736648555277394,2.1803096474637527,0.14593772740721234,1.6166042884510126,0.2312761961382951,3.529064623505363,0.2916582333475507,3.2027018367346898
Dataset_0172,multi_output,ALL,extra_trees,99,3,0.8557284573430302,2.87303756082079,0.016241026347206273,1.6016695286892104,0.613101180477291,4.886521183170082,0.026600550806587273,2.762898254935407,0.9411652130063285,0.21427416889230072,0.06696067777884399,0.1479644633112741,0.7981904164911436,0.4866329236859644,0.12806129570683275,0.3077789270253551,0.8611162615624527,2.2639507709809767,0.09433128212420737,1.8676357391650809,0.49315707292765043,4.235400726228774,0.16941602904915098,3.27880912526632,0.9398358214492049,0.3485844794044154,0.062280593068503726,0.26407523802889377,0.8302189204161973,0.616845393095811,0.11174735382170489,0.46070626428399125,0.9093899970205365,5.670996576483379,0.07169401487336763,4.322504157751641,0.7646870147174862,9.630200017380755,0.14591212147546598,7.366399957482934,0.6271349936766282,1.9541300639383428,0.13532756675473287,1.4061680451891605,0.17925247783397713,2.8449542773042036,0.1951271795133199,2.400797000618436
Dataset_0172,multi_output,ALL,extra_trees,99,4,0.8057188328458939,2.977212565618519,0.016198109715008263,1.8293010747557674,0.6094933778188028,4.271331224663821,0.025559233011182847,2.4108182771456064,0.896758664171206,0.2998280199034655,0.07687897946242707,0.20897604024647123,0.8974434505066654,0.2806211030959137,0.08796899783570962,0.2052279579811725,0.7478165551632098,2.844520360639492,0.11378081442557969,2.278390643296666,0.6652350468743895,4.328071651234341,0.18033631880143086,3.932132835154254,0.9023774185888018,0.44455438941335823,0.0738830628907027,0.3404242779270539,0.9007944082227128,0.4537389790642867,0.0943520438894337,0.3658530761011464,0.9235465016962927,5.545085170644441,0.06447773454237722,4.630909397961561,0.5860402552910728,8.199834840537955,0.20851455411412478,5.998168938535029,0.5580950246099595,2.2786360450770964,0.15251914625683374,1.6878050143470835,-0.0020462718008271708,2.2287281707281266,0.301179482530828,1.5527085779564298
Dataset_0172,multi_output,ALL,gradient_boosting,42,0,0.9133067309932855,3.141787864310023,0.017093513951632333,1.5097345795377006,0.7203879304538168,3.3286245459218344,0.01907302627734262,1.7825420803177399,0.9904404372842903,0.09025704038170186,0.023142830867103045,0.06764952308732844,0.9805854018343526,0.1308256760172704,0.04480331370454466,0.09754598726544013,0.9778177060062014,0.9152621155428269,0.03389859687195655,0.6432613602152902,0.9401242611581904,1.4618189209095505,0.06961042480521669,1.275433879194846,0.9948209022758431,0.10552023057685393,0.01753701688164433,0.07486550739013534,0.9879794570553635,0.1427026763522795,0.03089471235165176,0.09910397196690314,0.8618039326641594,6.7535483023077445,0.08136805183503307,5.444147521426656,0.8859420619914762,6.807493169992724,0.08863923398428025,5.551326313494358,0.7416506767359334,1.6990452193739467,0.11372457961003658,1.3187489855690933,-0.19269152977029913,2.623423261731984,0.3015429036473545,1.8893002496671507
Dataset_0172,multi_output,ALL,gradient_boosting,42,1,0.9445942076518863,3.3605356436679834,0.018284649021535357,1.4901245718911018,0.8595347512952338,3.57910985018863,0.021053587354050766,1.6844387518311315,0.98833168776831,0.10551827710007744,0.027125521105418368,0.07191195703560131,0.9755526346841069,0.08386982810062568,0.04193491405031284,0.06970011957677205,0.9889236597610893,0.6718990829805064,0.024885151221500236,0.5449857024944044,0.830532891861784,1.6068230610898928,0.13170680828605677,0.9623501065529269,0.993434821978326,0.12022066058253122,0.020310974925246028,0.08526970656615782,0.9820324318158694,0.1379924641332776,0.03732552451535775,0.11466786781966629,0.8544819027103715,7.406915859376704,0.08612692859740353,5.969126895011349,0.8057825911894226,7.698172057791028,0.1218065199017568,6.184245647898009,0.8977989660413346,1.0613957896023964,0.07104389488637192,0.779328598347997,0.7037732069249867,1.4765930886193195,0.14648740958524994,1.091230017308284
Dataset_0172,multi_output,ALL,gradient_boosting,42,2,0.9745510502020563,1.5993281489634956,0.008701458917102806,0.7753275892711335,0.9041284995871344,2.6190555348315003,0.015408021736860221,1.2836677074015745,0.9884359052560565,0.10122173775771487,0.025954291732747405,0.07319686650593929,0.9653450940539368,0.16542076927169552,0.06670192309342561,0.12035576469664597,0.982542531746908,0.7960160508538922,0.029482075957551562,0.5844698752989597,0.9700583910511138,1.1241886755215797,0.05620943377607899,0.8133051294416315,0.9945669929151001,0.10574794160622758,0.01757486149347309,0.07975685900513252,0.9928582310932439,0.12444307398865295,0.029419166427577532,0.10426774489179357,0.9700411692264773,3.378980553052672,0.03929047154712409,2.4791137556065292,0.8940470457512241,5.564326590805416,0.08040934379776614,4.258172011834916,0.9371686518657394,0.8465654386172365,0.05666435332110017,0.6601005899391078,0.6983337359861528,1.424387157963807,0.15826523977375634,1.1222378861428852
Dataset_0172,multi_output,ALL,gradient_boosting,42,3,0.9074889460320552,1.5743324858096157,0.009016795451372368,0.8563768384477154,0.7705311177042921,3.9636783531534823,0.02156634394229002,2.0047868136404494,0.9866193975706209,0.11117761849377467,0.02850708166507043,0.07446084138360727,0.9679199328217031,0.14353402227512763,0.051445886120117426,0.09695615391050995,0.9852803105580372,0.7549000598622109,0.02903461768700811,0.5669094756009098,0.939471441378761,1.40961689380105,0.06556357645586279,1.2543075766623073,0.9942231146660746,0.1126996379765336,0.018730204084516137,0.07491554842499344,0.9847410477369729,0.15576151248830167,0.03540839110895696,0.08382845400454977,0.9744344239285905,2.931602880323539,0.03817191250421274,2.2553456789209183,0.8394765798125688,7.957397488924977,0.12551100140260216,5.686653637744787,0.5968874834369526,1.78979961443235,0.1598035370028884,1.3102526479081478,0.12104658677145452,3.633410544918581,0.3176058168635123,2.9021882458800925
Dataset_0172,multi_output,ALL,gradient_boosting,42,4,0.971428336927189,1.537891967493187,0.008367203305186,0.7571191272880838,0.9011797675629794,2.923118888164035,0.0175010859940969,1.3146045151393697,0.993511780583846,0.0682018313328384,0.0227339437776128,0.04607432215526496,0.9634549887605643,0.22989625972237765,0.06049901571641517,0.13575121777363414,0.9711226053060498,0.9868259273339294,0.04111774697224706,0.7201308946212855,0.9700485072418422,1.2324540417416643,0.04929816166966657,0.9627377533889246,0.9941763119825427,0.10149445400938574,0.02077675619434713,0.07812205822147786,0.9693472306974267,0.3148088409463977,0.05703058712797061,0.20789648960596738,0.9739069481991868,3.1692403161801495,0.03685163158349011,2.3309934651488877,0.8547457231650394,6.198215263803314,0.09944990395191841,3.9935282004363395,0.9244240385643194,0.8903349436298627,0.06296569615487006,0.610274896293503,0.7483023879500239,1.6230674211765277,0.1489052679978466,1.2731089144919834
Dataset_0172,multi_output,ALL,gradient_boosting,123,0,0.9638270610459999,1.9121741257519231,0.010809350626070791,0.8796599445271562,0.9410746173386677,3.5591571447644887,0.019365347106831104,1.6099338352448727,0.985595285744827,0.11423234424773525,0.02929034467890648,0.07708548540985168,0.9819675783170165,0.1093526958992966,0.03919451465924609,0.07799663297768114,0.9858117474387527,0.7332370713580871,0.02715692856881804,0.5445998343886524,0.94420434337509,1.4188300720123956,0.06921122302499491,1.0896343285943393,0.9935560563872186,0.11737987997088833,0.019508040546931747,0.08581947557585341,0.9854778068152836,0.1577703404797755,0.03728913743317785,0.12085494140157091,0.9483346434141724,4.099182630443292,0.05386573758795391,2.980067037831854,0.8478775760947619,7.791990298741274,0.09060453835745667,6.103307546197841,0.9058375722450295,0.9561838373135019,0.06400159553637896,0.7107278894295694,0.9458457820911872,0.7569391153059528,0.05493026961581662,0.6578757270529307
Dataset_0172,multi_output,ALL,gradient_boosting,123,1,0.9410654754085612,1.8936084921658292,0.010302548923644336,0.9713925772702154,0.76052708515383,3.604751585956482,0.02038886643640544,1.8104837958402473,0.98442383468264,0.11695553915312354,0.029988599782852194,0.07475651769134725,0.9373139697708919,0.2294225389931252,0.07400727064294362,0.15445599054035383,0.97607244931912,0.9732553067040388,0.03604649284089033,0.7339942803144858,0.9613691158797638,1.0655939441961355,0.059199663566451975,0.8827348678300894,0.9948942648933534,0.1036626163114036,0.017228289232408774,0.07723875863594858,0.9726742126660617,0.2327410517753309,0.04503503323826062,0.16974276763445245,0.9584271712464968,3.858716184632225,0.04486879284456075,2.881744259699892,0.8623345986433257,7.253461031630658,0.09531486243929906,5.196927238292082,0.7915096569011959,1.4378541602969874,0.09861825516440244,1.0892290700094038,0.06894352880910692,3.3340935038488873,0.23089290192859327,2.6485581149042594
Dataset_0172,multi_output,ALL,gradient_boosting,123,2,0.9653239823597588,1.9435631139947682,0.01057433685524901,0.9763296244720724,0.9351726542705384,1.9549923040291328,0.013052861318839143,0.9841423828976534,0.9919109713228517,0.08289715247676739,0.02125568012224805,0.06471476657565105,0.9849894672173287,0.1144352573540998,0.03846563272406716,0.0953221646814721,0.9801011170658954,0.87013824283078,0.03222734232706593,0.6512866274390348,0.9549889190341105,1.2681120352271191,0.06340560176135596,1.0449889636305991,0.9957582010738266,0.09411313710048397,0.015641206099465507,0.0735492350634078,0.9818592988077314,0.18365395067858892,0.04055961808272723,0.1596625296599742,0.9523479417985519,4.129949527509557,0.04802266892452973,3.2736342627177226,0.8977744779320501,4.085667229357315,0.09727779117517417,2.9503154963342744,0.9065016805376683,1.028511063882399,0.06884277536026767,0.8184632305645455,0.856251108361471,0.8731354416171546,0.11052347362242464,0.6704227601819469
Dataset_0172,multi_output,ALL,gradient_boosting,123,3,0.9694732653012744,1.6073180272444731,0.008745405230123909,0.7578893776466493,0.8872177068974085,4.968030512249446,0.028259559227812547,2.087616523481953,0.9912567534599933,0.08652760606088596,0.02712464139839685,0.06101842338464774,0.961003236296498,0.19006517680676577,0.048734660719683534,0.10974705608084678,0.9903719356500345,0.5995671692683514,0.024981965386181307,0.47461852250441927,0.9277759057726204,1.6695443598846713,0.07588837999475778,1.0134319310051032,0.995001647387377,0.10215258065565803,0.0185765740417636,0.0650878083437027,0.9794102000617059,0.20650351442917506,0.0343200123698147,0.1522980281238462,0.9667586879947695,3.4152872495704445,0.03971264243686563,2.4552886474549345,0.7168624697602548,10.869416202220789,0.15309036904536322,8.178270187311906,0.9039773020141973,0.9358238293809219,0.06480774441696134,0.7334334865455415,0.8510367225959643,1.5479923880881234,0.1199994099293119,0.9843354148880638
Dataset_0172,multi_output,ALL,gradient_boosting,123,4,0.9726724668548334,1.8820132356678376,0.010239462653252653,0.8931435239857912,0.8782956266162323,1.9103885135020156,0.011882003442604898,1.135416112629882,0.9841039332078334,0.11665389199579287,0.029911254357895614,0.07593462711950423,0.9663512599986237,0.17703463075923154,0.07138493175775465,0.12679344029933465,0.986487168662365,0.6886935919358577,0.026488215074456065,0.5298613242859787,0.9386483851876356,1.7074993245271655,0.08130949164415073,1.3318027405439647,0.9929714445436579,0.11806647651417983,0.019622149994046836,0.08849589238268031,0.9924485015168838,0.13654817584552845,0.031542660162977236,0.12032908124939194,0.9597234051564352,4.05985243704607,0.04720758647727988,3.107095037453463,0.9197532053718765,3.696706573165683,0.08036318637316703,3.1627356190009857,0.940076382703876,0.8518336683813081,0.05701697914198849,0.66433073868733,0.5742767810061418,1.2715114102674447,0.16343334322203662,0.9354196820557329
Dataset_0172,multi_output,ALL,gradient_boosting,7,0,0.9698442256627813,1.7667560277825132,0.009612383176183422,0.8685997137566274,0.9006574124259343,3.595514134446797,0.020602304231301837,1.5882053216631244,0.989878071963185,0.09029800939809793,0.028218127936905604,0.060569502270501153,0.9545486132687013,0.21980835498790469,0.05754145418531537,0.132422698669443,0.9741206594511258,0.9791660957176557,0.040798587321568984,0.727934264020398,0.9588526971891798,1.2312543743295004,0.0559661079240682,0.9977839356192949,0.9938927718771976,0.11233175473749013,0.0200699936997481,0.06895250656534642,0.9771996444364601,0.21313019538962583,0.0381270474757828,0.16210075459920734,0.9584271068679389,3.7338739922676627,0.04341713944497282,2.8744613690953544,0.87098899895383,7.750836675144253,0.11104350537455948,5.350267972154649,0.932902518154459,0.8281189055744059,0.057348954679667996,0.6110809268315368,0.7416971082814997,1.7185496102404,0.13322090001863568,1.2984512472730283
Dataset_0172,multi_output,ALL,gradient_boosting,7,1,0.9562520575121776,2.126674470209456,0.011570590153479086,0.9212089867988581,0.915121044972522,2.856896355798662,0.0161543475023956,1.3486007487454283,0.9891760660092117,0.10420665521184908,0.026719655182525406,0.0696741095667439,0.9384093738840265,0.14783782401639564,0.07211601171531495,0.11013117376119227,0.9744123011614979,1.0165016569141134,0.039096217573619745,0.7525716242318493,0.9595906656146136,1.04486615075159,0.05499295530271526,0.8454641024302049,0.9923440870525946,0.1344804743976978,0.022350087152683697,0.08667341682852517,0.9471097251989872,0.2332800068622105,0.058044291331726935,0.15505485710568886,0.9439256995345904,4.512683052397487,0.05247305874880799,2.972918953666704,0.8963871291234612,6.1345447334296574,0.08877778195990822,4.64176827076623,0.8814021338029935,1.0895841116288612,0.07473142055067636,0.7242068297004688,0.8341083310415218,1.4172593254697046,0.1062413287458549,0.9905853396638263
Dataset_0172,multi_output,ALL,gradient_boosting,7,2,0.9610610998436568,1.7965407713384138,0.010155685536113136,0.8750956562156027,0.9741869829296574,1.8363386979254916,0.009992320489323856,0.9240763002609903,0.9873722334178473,0.10448205050476939,0.026790269360197284,0.0720738750581274,0.9905883784540037,0.08914054294197292,0.028075761556526906,0.07238946694411379,0.9810449204389883,0.8393051905481959,0.031085377427710958,0.5912920049582622,0.9802940098051793,0.8060343761951428,0.03838258934262585,0.6477063364555268,0.9906854320476672,0.13872932803695884,0.023056228691533794,0.09851626056336275,0.9879251501079653,0.1544875813069155,0.033287563306812214,0.118796577750318,0.9563861988634454,3.7803005199194035,0.04967543390170044,2.8112257899842725,0.9688707325636396,3.9380701558566322,0.045791513440193395,3.1436904521671756,0.8898167144503357,1.0547635594230558,0.07059997051024469,0.8023703505139884,0.943256643717499,0.8190229851856599,0.05943563027472133,0.6377986679878168
Dataset_0172,multi_output,ALL,gradient_boosting,7,3,0.9566056233531561,2.1209549091978754,0.011539471758421519,1.0688650176018628,0.8607038497937992,3.1265037083715717,0.018725503598787604,1.5667063268501848,0.9919946852188871,0.08253458090569155,0.021162713052741425,0.05888489224396412,0.9689893454696269,0.16360238058938947,0.05760647203851742,0.12671375125344495,0.9748942848942616,0.9938737226314375,0.03681013787523842,0.674622375640048,0.8887373750491494,1.572725232186017,0.09251324895211865,1.424215113390802,0.9942766418346096,0.11145444820064962,0.01852325880017444,0.08421843053878028,0.9921306813034715,0.10865030158789693,0.02787334571264672,0.08090899409319834,0.9480833582820168,4.479638104107396,0.05208881516403949,3.6025367048277874,0.8141116338746364,6.610017635817926,0.09966102730219265,5.128775698489803,0.8737791465360056,1.1908283095709777,0.07970738350542018,0.9240626847587343,0.6395502132721125,1.6342456252221427,0.19226419120260502,1.0729180770236761
Dataset_0172,multi_output,ALL,gradient_boosting,7,4,0.947248071849967,2.396392201370746,0.0130398160869038,1.073582708311647,0.8353516076370255,3.850457438415659,0.021902488273126613,1.8640152910723615,0.9927142196913361,0.07721541604620934,0.019926558979666928,0.0567054019585364,0.977563389941126,0.1532404170735277,0.054728720383402756,0.1047280102054557,0.9916355393407928,0.5256062677529378,0.019466898805664365,0.3772353583331224,0.9273093017496126,1.9319759470806497,0.08586559764802887,1.2365596277042985,0.9939395195945285,0.10217185373467928,0.017261674900266817,0.07739182200845021,0.9914772744069056,0.1687483878169377,0.030149792356072486,0.12399320183201532,0.9341768353208362,5.14897588433091,0.05987181260849895,3.764710088464875,0.6552507558854701,8.199741010237434,0.14436163750418018,6.558064348040502,0.823774245302341,1.381615720690604,0.09247762521356116,1.0918708707932505,0.625157316202013,1.7634823748393107,0.15745378346779562,1.2967312675795353
Dataset_0172,multi_output,ALL,gradient_boosting,2024,0,0.9661434919316478,1.3821491569429856,0.007519853955076091,0.7224576313933149,0.8734376157540977,3.28895371236756,0.01859426567371981,1.30497245833364,0.9818486345169767,0.12386671545682186,0.031760696270979966,0.081133606352302,0.9528377626746625,0.2125098372353972,0.08236815396720823,0.1547577805768329,0.9825420035084851,0.8113630774794269,0.030050484351089885,0.614980888437531,0.9306815916375454,1.6042803626686337,0.07130134945193928,1.115097788571462,0.9942156468569964,0.10532058309085027,0.017503836312256982,0.0810099168792226,0.9834576226013245,0.2117113530014218,0.03935155260249476,0.16471688752105731,0.9809096844716286,2.788035234361892,0.032419014353045256,2.0385191329638404,0.7519423806762967,6.96520641615724,0.11216113391557553,3.691806465621615,0.8912014903041527,1.045846814896961,0.07173160596001106,0.7966446123336782,0.7482687211806589,1.705369338544611,0.11810036970530545,1.3984833693772318
Dataset_0172,multi_output,ALL,gradient_boosting,2024,1,0.9535311546796695,2.063845725516092,0.011666736718575986,0.9379734755213714,0.9501961374751149,1.8871334362080117,0.010267878754056324,1.0757784342246746,0.9884496931856946,0.10490100656023066,0.026897693989802737,0.0728823631557908,0.9821717773922466,0.09745323905044266,0.0391378470082099,0.07998397628347002,0.976102858417644,0.9743921085587238,0.03608859661328607,0.6812491167981455,0.9629489846318804,1.0157791982503177,0.05235975248712976,0.8404276299395728,0.9945366833990326,0.11084523587597161,0.01842201028352528,0.08932578670399073,0.9866328329394006,0.13932483640967283,0.03332332848832165,0.11039502788263723,0.9375736494826945,4.370144317687413,0.05524834788479663,2.9758819137636814,0.9749815221234049,3.8112764697752652,0.04591899361175018,3.1516978529090465,0.8709928889132815,1.1074311118640163,0.07412524175796628,0.8705281971852484,0.8442455702886413,1.489905627135027,0.11567590272787479,1.1963876841086458
Dataset_0172,multi_output,ALL,gradient_boosting,2024,2,0.9568630591186823,2.3022943226839976,0.012526084454211085,1.0498479006506514,0.8974044038131515,2.8362552263397243,0.01697594030429283,1.7716486773838345,0.9892716654101258,0.09254633650688968,0.02372982987356146,0.058214629224748814,0.9791509253252932,0.15452238915763,0.049054726716707936,0.11662295261898145,0.9812063602178701,0.8198536550720936,0.03036495018785532,0.5987130115815175,0.9253232341198049,1.8290978984880295,0.0870998999280014,1.6105556811834236,0.9919796427620161,0.12689230245112212,0.0210889650076653,0.08227300170959195,0.9797786789399231,0.21998902031116224,0.04910469203374157,0.1823768519104303,0.9313900840493824,4.9655534642531896,0.057738993770385924,3.6774875396960516,0.9094074638457055,5.795295388244046,0.0960678887400588,5.565366109404855,0.8904675431540173,1.0720298682409537,0.07175568060515085,0.8325513210413464,0.6933617168350307,1.7939895338692806,0.1793989533869281,1.3833217918014813
Dataset_0172,multi_output,ALL,gradient_boosting,2024,3,0.9656728431868478,1.6741109241419954,0.009108824876990019,0.7683222603963273,0.9112320105291548,2.995364699937886,0.017619792352575797,1.5112776972967512,0.9870133238745785,0.10922545174898013,0.028078522300509032,0.08108489836766408,0.9762076713214681,0.11907877423630145,0.04252813365582195,0.09115295983173392,0.991995767216466,0.5406328195914605,0.02079356998428694,0.36215291480561435,0.8662187445574511,2.2381822058914276,0.1041014979484385,1.6384846891474822,0.9944654738730948,0.10773986741513472,0.018575839209505986,0.07502802378577586,0.9820682680008717,0.1794473608020672,0.03990379381856063,0.15558404648797136,0.9664526481945623,3.524943047953372,0.0424691933488358,2.494947775961961,0.8795595477235364,6.244007551167353,0.08648209904663925,4.948219166343103,0.888437002775537,1.1279146760208456,0.07549629692241268,0.8283976890606218,0.8521058210424474,0.9041998853093859,0.08882120680838762,0.7229476246734656
Dataset_0172,multi_output,ALL,gradient_boosting,2024,4,0.961961909443982,2.323578365103365,0.012641884467374128,1.055684460260189,0.9160398510448999,3.0573721976731396,0.01752377026235536,1.413330770438424,0.9881514526164837,0.09924543652436175,0.03101419891386305,0.055821961378991404,0.9238802204740302,0.2759288878132812,0.07319068642262101,0.1681235771712181,0.9782739589039391,0.9029477607843801,0.037622823366015835,0.6878716437937986,0.9206210927354228,1.4866592833749663,0.06757542197158938,1.074808991105904,0.9960680027145338,0.09155527395737431,0.0163579192348355,0.07207865889359506,0.9842513143639454,0.16582898967201556,0.0312295649099841,0.11788054387806916,0.9325612359066937,5.023121442673927,0.05840838886830147,3.7594372272388097,0.860565197136011,6.593100221393717,0.10970216674531974,4.869545774726032,0.9147548970782605,0.964254314206416,0.06677661455723102,0.703212809995749,0.8908814305150908,0.9771701061693686,0.0757496206332844,0.836294965310897
Dataset_0172,multi_output,ALL,gradient_boosting,99,0,0.9278128121081964,2.1795269131726838,0.011858144250123414,0.9908850978316075,0.8892071776180485,2.392859286888972,0.01371108919830949,1.3145620848397996,0.9810680477327872,0.12978945067618342,0.03327934632722652,0.09035115030868092,0.9806210109663539,0.12354377370219811,0.0490253070246818,0.09204590840242634,0.9788872834087419,0.9211968556780443,0.03411840206214979,0.6269949799568924,0.9545072864197155,1.1008438332632897,0.05369969918357511,0.8775839778421272,0.9945709942797759,0.10546068531418894,0.017527120710352156,0.07804468650171334,0.9873546582738038,0.1668227423977712,0.031292954867336555,0.10507920890219662,0.9461501685826388,4.465370100218268,0.05192290814207289,2.827245233750189,0.9217128409352286,4.970005074767553,0.06734424220552239,4.136392881851636,0.7383875665370381,1.7133554183916582,0.11468242425646975,1.331789438640562,0.601840091495141,1.6349242656475778,0.1923440312526562,1.3617084472006122
Dataset_0172,multi_output,ALL,gradient_boosting,99,1,0.9226901261121911,1.8915429061389022,0.010291870646601569,0.99037438485409,0.8339648978291457,3.3742817152624367,0.01907451506649201,1.7619427399646963,0.987795427969145,0.10661474009337438,0.027407388198810896,0.08205060594008144,0.9839584105223604,0.09951398322738263,0.039805593290953054,0.06825801729611619,0.9883421826261283,0.669100001913535,0.02478148155235315,0.5349701523888458,0.8875316190061272,1.8330126563536806,0.11176906441180975,1.185233827946601,0.9934755442167922,0.11757218087977617,0.01986352101364693,0.09303845115625975,0.9888988815718723,0.14503828811780423,0.03261486128126922,0.1287720389383902,0.9584946068147437,3.779229461679902,0.0439445286241849,2.7822967609084426,0.8882295699186957,6.850717050787089,0.09772777533219813,5.439310439939567,0.6853428689341465,1.7703708006262313,0.12142460909644935,1.4595159538768214,0.42120600812667286,2.5701530739620204,0.18305933575228064,1.9881393757028065
Dataset_0172,multi_output,ALL,gradient_boosting,99,2,0.9689905257237665,1.430293028938722,0.007781790146565407,0.762365099397989,0.9356500795864064,3.3811914323540893,0.019904582518126154,1.3111730915673507,0.9822455417173391,0.12444250426880643,0.03190833442789909,0.08092486715072295,0.9441354273020401,0.2183707849934314,0.07608738153081233,0.17283821263598645,0.9823804114445402,0.8360495399151777,0.03096479777463621,0.6371938312882474,0.9413992306798589,1.2798492433641897,0.07756662080995089,1.0339432071620667,0.9955544761134342,0.09857263220783336,0.01638235536111573,0.0695964423876877,0.9847526764955996,0.155482477124063,0.038108450275505634,0.11729876006976798,0.9746633746355997,2.947351464624981,0.03551025860993953,2.3651414191760995,0.8794273668635777,7.368486329965559,0.10205659736794405,4.383735905400295,0.9101088247079194,0.904228263905217,0.060523980181072086,0.6589689369871877,0.9285356965909564,1.0760167424640799,0.0889270035094281,0.8480493725686379
Dataset_0172,multi_output,ALL,gradient_boosting,99,3,0.9607182106010639,1.8449029378066124,0.010429072570981416,0.8739491035091982,0.8638802711593758,3.2741350468749464,0.017823271893712283,1.83889806471351,0.9869754945291467,0.10081690197880115,0.03150528186837536,0.05596124482320882,0.9347346471859219,0.2767400023198504,0.07282631639996064,0.16525771190958446,0.971111951710959,1.0325245358555633,0.04302185566064847,0.7039209781062377,0.878107723620103,2.077044998244225,0.083081799929769,1.6845155773699036,0.9959169293387906,0.09080975387573367,0.01622471929171586,0.06963909464755672,0.9834614907693588,0.19252177635200204,0.03487713339710182,0.14217666106334706,0.9582423467743412,3.8498105158689375,0.04867017087065661,2.821009715895902,0.8842719882113578,6.753542024849304,0.10232639431589854,5.681058220981008,0.8913443306520816,1.0548819200626034,0.07305276454727169,0.719214484073086,0.6388255060101377,1.887248276322789,0.1294408968671323,1.5214821522437063
Dataset_0172,multi_output,ALL,gradient_boosting,99,4,0.9667553450134168,1.8447300375283453,0.010036616091013847,0.818798532649679,0.8294348597802663,3.0745844293144633,0.018398015913080594,1.6618137488309892,0.9870137897454493,0.10633754364944203,0.02726603683319027,0.07181394772714922,0.9684053492458053,0.15575622279950074,0.04882640213150494,0.10959928750497554,0.9818859838465187,0.76235654931133,0.0304942619724532,0.5662323080411698,0.9471947027643918,1.7189498055646837,0.07162290856519515,1.3989707145133699,0.9944165804181845,0.10631630923405096,0.0176693217939257,0.07784534065178543,0.9975894689756934,0.07072848834584912,0.014707525129101501,0.05776653467098315,0.9618642361419,3.916298306629563,0.04553835240266934,2.568428766036003,0.7429052910013249,6.462084300419983,0.1643250934626824,5.614995470451041,0.9085961349150316,1.0363174181739154,0.06936528903439862,0.8096723007922876,0.4910794869141164,1.5883206871173685,0.21463793069153633,1.1277367370145766
Dataset_0172,multi_output,ALL,xgboost,42,0,0.9755016676493058,1.496297419060196,0.008140899994886812,0.7096883028850219,0.9039077081439038,2.5798076481521686,0.014782303736833419,1.2060151824410756,0.9902249005571496,0.09126886866247107,0.023402274016018226,0.06398566325505577,0.9886726689941162,0.09992923904018128,0.03422234213704838,0.07676062798500062,0.9874331020009185,0.6889001876153796,0.025514821763532577,0.5242057398745887,0.9696647615026945,1.040499421213299,0.04954759148634757,0.8548114013671874,0.9958214765345889,0.09478074135551412,0.01575215910844509,0.0662535065098813,0.9913290169345217,0.12120045357567398,0.02623954396528988,0.07797700322469095,0.96979853150928,3.157171678110203,0.038038212989279556,2.229734379283168,0.9258792474243019,5.487750606464877,0.07145508602167808,3.926660868326823,0.934230327644592,0.8572630649657617,0.057380392567989394,0.6642622255024159,0.6439928458638842,1.4332886451302087,0.16474582127933435,1.0938660113016767
Dataset_0172,multi_output,ALL,xgboost,42,1,0.9783098486166505,1.5412044984582065,0.008385682020013094,0.6983246062320572,0.9112558923473875,2.2395147675796183,0.013173616279880108,0.9646774713309609,0.9929857508074933,0.0818114831361427,0.02103122959798013,0.05482593116007354,0.9791073488357691,0.07753298389518402,0.03876649194759201,0.06291002078851066,0.992282122583452,0.5608604842960158,0.020772610529482066,0.45281902112458855,0.8618179885672105,1.4509455067046095,0.11892995956595158,0.7628556315104172,0.9962123674058061,0.09131450707778944,0.015427353789118001,0.0682031495612965,0.9846701773510165,0.12746157610484574,0.0344770289707454,0.09964474258422858,0.9711587352197999,3.2975095217870356,0.038343133974267855,2.281938572933798,0.9295856117562158,4.635261510179665,0.07334274541423522,3.0795340169270844,0.9389102670667009,0.8206043768115909,0.054926665114564316,0.6338363563805296,0.8010983352267258,1.2099512481425783,0.1200348460458907,0.8184429448445638
Dataset_0172,multi_output,ALL,xgboost,42,2,0.9792017796762078,1.5110709679896548,0.008221278389497577,0.6607010484736541,0.9147330374071935,2.606264102560081,0.015332769164372755,1.3015615964974676,0.9939073765119261,0.07347170842936004,0.018838899597271808,0.05307323540079182,0.9820370416748774,0.11909584360159459,0.04802251758128814,0.09727681777306967,0.9873089344820251,0.6787037324527988,0.025137175276029586,0.4805433339086072,0.9666155007471507,1.1870638305393988,0.05935319152696994,0.9902996608189178,0.9957953239163634,0.09302893714204757,0.015461016643185568,0.07143254714176575,0.993526325122397,0.11847951728414971,0.028009342147553126,0.10895253399440234,0.9729022577391091,3.2135851824502333,0.03736726956337481,2.119794890305091,0.8947541693107516,5.54572751830681,0.08014057107379785,4.263201577322824,0.9460950057316158,0.7841277925896997,0.0524851266793641,0.5786612356120145,0.7367321501807901,1.330649240185846,0.1478499155762051,1.048077392578125
Dataset_0172,multi_output,ALL,xgboost,42,3,0.9786721962216323,1.206671709327547,0.006911063627305538,0.6328338771043153,0.8974147359824107,3.4984202337387664,0.019034878033292162,1.5082008378897391,0.9926160695830882,0.08258921365414787,0.021176721449781506,0.060555753450969176,0.9814989116273296,0.10900234963017327,0.039068942519775364,0.07927636891603466,0.9877238064295646,0.6894011444638125,0.026515428633223558,0.557435186978044,0.9472840253017502,1.3155036286343236,0.061186215285317376,1.1131014142717635,0.9962654572545577,0.09061380443258088,0.015059631782047677,0.07033358896189729,0.9905055922194608,0.12286600538749194,0.02793043996078471,0.08747358567374094,0.9813281811601354,2.5053630076501543,0.03262191416211138,1.9140804106613687,0.8604646241893608,7.418976808916341,0.11701856165483186,4.488381195068358,0.9354274666808152,0.7163333669470693,0.06395833633455976,0.5617644454692974,0.7073205265741527,2.096658389788542,0.1832743347717257,1.7727716255187984
Dataset_0172,multi_output,ALL,xgboost,42,4,0.9790718631641238,1.445225721626308,0.007863034394049553,0.6752906953195045,0.8976447981271429,3.1116462614840072,0.018629823448489794,1.3064538972275601,0.9948984238638053,0.06047633421572885,0.020158778071909616,0.044552725615172546,0.9675713011583487,0.216562181456072,0.0569900477515979,0.1334492542913982,0.9809853415830548,0.8007663429799637,0.03336526429083182,0.6087616492962014,0.9872577744396622,0.8038668909097435,0.03215467563638974,0.5816072736467633,0.9963484180007512,0.08036811639206971,0.016452019732255824,0.0636448351761391,0.9751632157054412,0.283373833133894,0.05133583933585037,0.1827503727504185,0.976002469395101,3.039317081361013,0.0353408962948955,2.1460198185361663,0.8306649025841899,6.692304326757499,0.10737752630176495,4.418809727260046,0.9471246629779055,0.7447116583057509,0.0526670196821606,0.5134744479738432,0.7275667967480723,1.6886009579107022,0.15491751907437637,1.2156528581891741
Dataset_0172,multi_output,ALL,xgboost,123,0,0.9731295651550139,1.5130544878495145,0.008553162735158363,0.708236647917095,0.9549993503569834,2.648490287476261,0.014410415623680619,1.304953551301956,0.9925195844523415,0.08231891311439579,0.021107413619075848,0.0599817935207434,0.9873328004351848,0.09165217449436276,0.032850241754251885,0.07272472850481669,0.989528521387784,0.6299179206037737,0.023330293355695322,0.484718965229235,0.9494354846014779,1.3506820023577089,0.06588692694427849,1.0013990275065103,0.996684391674648,0.08419754061240643,0.013993275820576105,0.06190257269876053,0.9870248740984616,0.14913001042176346,0.03524698899119911,0.12364350204467775,0.9685031869498313,3.200596003303553,0.04205776614065116,2.2580500498989173,0.91855859390548,5.701306857407709,0.06629426578381058,4.651011454264321,0.9184121413104654,0.8900519218819836,0.05957509517282353,0.6765298582378186,0.9326449987443127,0.8441696389738803,0.06126049629708857,0.675989044189453
Dataset_0172,multi_output,ALL,xgboost,123,1,0.9828682053033688,1.2123999194643207,0.006596299888271603,0.6304158261918185,0.8844111699141803,3.1566749182548275,0.01785449614397527,1.3601496360969543,0.9941732159203331,0.07153276029425215,0.018341733408782604,0.052510867620769314,0.9655229791985548,0.1701435787153259,0.05488502539204061,0.11226400995254515,0.9855516456176268,0.7562873750610752,0.028010643520780563,0.5790697599712169,0.9762924408155054,0.8347719386931856,0.04637621881628809,0.6374196370442708,0.997182888110282,0.07700077111331582,0.012797203110074094,0.055006434189645896,0.9839351043325194,0.1784537198720717,0.03453051855109746,0.12635703175862628,0.9823510341062017,2.514187601472603,0.029234739552007012,1.949517693770559,0.8837194293886117,6.666324599594382,0.08759953481727177,4.228686218261719,0.9550822427624004,0.6673918488884666,0.04577447523240512,0.5159743754069012,0.6125858958357103,2.1506883254889826,0.14893963472915392,1.696021283467611
Dataset_0172,multi_output,ALL,xgboost,123,2,0.9734016342109507,1.6521743002001086,0.008988978782372734,0.766172832002722,0.9435573548004292,1.4977351358053952,0.009999900756504056,0.7962297080908503,0.9924498701264444,0.08008821907132999,0.020535440787520513,0.055876735294687334,0.9775289463892611,0.1400146615384824,0.04706375177764115,0.11470511159726551,0.9877501647619203,0.6827143503582546,0.025285716679935354,0.5305316004259832,0.965000410369135,1.1182254673856686,0.055911273369283435,0.8563638959612163,0.9964896306043501,0.08561534696024925,0.014228909250498462,0.06357274358025916,0.9877428795117116,0.15096193984829928,0.03333965102656786,0.1124546342577255,0.9655891580596702,3.50955103134575,0.040808732922625,2.480831756591797,0.9443232562658656,3.0152285482458403,0.07179115591061525,2.1777312142508367,0.9247293475023686,0.9228261780716573,0.061768820486724045,0.7000513241208833,0.8431912814661731,0.9119362249274421,0.11543496518068887,0.719893684387207
Dataset_0172,multi_output,ALL,xgboost,123,3,0.9783277372526443,1.265664156768237,0.006886469104783922,0.5949097637295722,0.9151703455985327,4.0497248241788615,0.02303597738440763,1.7523084781067713,0.9947603872298327,0.066983513198328,0.02099796651985204,0.04871970597012291,0.9659662534813513,0.17755918808242077,0.04552799694421046,0.09434323472636084,0.9920868725836824,0.5435536685679561,0.022648069523664837,0.442700563628098,0.9296491820520202,1.6477506300647837,0.07489775591203562,0.9621122087751114,0.9957961301034688,0.09368294414736848,0.01703636009226559,0.07050457467703987,0.9847123520914299,0.1779392352590815,0.02957274975221564,0.13809715734209332,0.9798966072299119,2.6559679945487034,0.030883348773822133,1.8141670174434263,0.8147343325466728,8.792350076959146,0.12383591657688937,6.554331970214844,0.9290986891163259,0.8041448407432641,0.055688700882497506,0.5984569569291741,0.8807896078211902,1.384797496550701,0.1073486431434652,1.0126578194754463
Dataset_0172,multi_output,ALL,xgboost,123,4,0.9781637111669053,1.6194743474650237,0.008811068266947898,0.7190392386806422,0.8927928656051186,1.689932366213796,0.010510836958662744,0.974700349364962,0.9926399036051443,0.07937726752117891,0.020353145518251004,0.05395875480668298,0.9901838508199093,0.09561904486987165,0.03855606647978695,0.08551045060157779,0.9886266778027695,0.6318246060703029,0.02430094638731934,0.4643539691793507,0.9506821835930853,1.5309092998154714,0.07290044284835578,1.2485849652971541,0.9955895697291356,0.09352636274430993,0.015543686678462678,0.07189746804072943,0.996409050093176,0.09416163836786887,0.021751360214337923,0.0807401861463274,0.9706452362369072,3.4659569993032937,0.04030182557329411,2.3727252565581223,0.9392170911577034,3.2173023242088368,0.06994135487410515,2.510102866036551,0.9433171684605697,0.8284791038424736,0.055453755277273996,0.6322607448183258,0.587472152361719,1.2516509363164188,0.16088058307408984,0.948563278743199
Dataset_0172,multi_output,ALL,xgboost,7,0,0.9817867628353285,1.1284755117579497,0.006139692664624318,0.5904950369040173,0.9220053890460175,3.2623438065021384,0.01869323748855225,1.351191289650599,0.9937925919327999,0.07071339718946819,0.02209793662170881,0.04897463587292454,0.9684778605454586,0.1830536824899375,0.04791981217014071,0.11171900471051531,0.9862077827317595,0.7148201882424079,0.02978417451010033,0.5510494299102248,0.9712433278754697,1.0293105235897442,0.04678684198135201,0.7385974121093748,0.9965361976280516,0.08459740170398293,0.015114776077181155,0.06218608427884292,0.9829946443795452,0.18406322726808702,0.03292723206942523,0.1388733078002929,0.9841506670277179,2.305472933444111,0.026807824807489663,1.750921009799891,0.8931982541848753,7.052196242240021,0.10103433011805187,4.589062805175781,0.9482465748563138,0.7272925476776083,0.05036651992227204,0.5393440246582031,0.7941128582447388,1.534306241847427,0.11893846836026567,1.177703918457031
Dataset_0172,multi_output,ALL,xgboost,7,1,0.975585234341624,1.5200956751892818,0.008270379081552131,0.7085051963743411,0.9419969194800595,2.5309583573695464,0.014311328003220505,1.1733019839413958,0.9934342742751172,0.08116041463041483,0.020810362725747395,0.05685615737187235,0.9728754490263323,0.09810915402325981,0.04785812391378528,0.07839998928705853,0.9858655533958516,0.755495497420283,0.029057519131549345,0.5719446550335798,0.9660316796575289,0.9579808947225847,0.050420047090662355,0.7253633626302085,0.9961050485690592,0.09592057255361633,0.015941594241917288,0.0736010328594008,0.9844054111094951,0.12667081732811214,0.0315179938611874,0.10102004597981769,0.9717091036026152,3.2053558735726786,0.037271579925263705,2.228576263963131,0.9188189314317209,5.430037963088466,0.07858231495062905,4.0252553304036445,0.9308121918654773,0.832218010280126,0.05707942457339685,0.6115478726437217,0.86785312617522,1.2649270557595813,0.09482211812290714,0.9364711914062499
Dataset_0172,multi_output,ALL,xgboost,7,2,0.9699411158307983,1.6719246809013464,0.009451241836638476,0.7728141614794729,0.9666468226407032,1.7412568683442684,0.009474938747622192,0.8824139797551289,0.9922899533348252,0.08164073721842477,0.02093352236369866,0.05777415397866021,0.9892865856053606,0.09510579915422127,0.029954582410778353,0.08023811084883552,0.9862664134855893,0.7144125694358507,0.0264597247939204,0.5218683177027208,0.971539377241222,0.9686717458809602,0.04612722599433144,0.7008501325334819,0.996194036685805,0.08867868081296477,0.01473802240534565,0.06889907014781033,0.9920178172308971,0.12560691159562865,0.027064622192550878,0.10923242051260829,0.9616170295854837,3.5463667555581813,0.0466014028325648,2.475335240857354,0.973718152438552,3.6184863980502864,0.04207542323314287,2.712320600237164,0.9133381460622885,0.9354298960022899,0.06261244283817201,0.7401940247108197,0.9066721806874842,1.0503744257949563,0.07622455920137565,0.8094286346435547
Dataset_0172,multi_output,ALL,xgboost,7,3,0.9788505577049709,1.5405741936465154,0.008381796483386916,0.6765760160018658,0.9158866104996797,2.246411614193145,0.013454386333621688,1.1515654142890657,0.9937340760766235,0.07301957524772389,0.018722968012236895,0.05312434566432032,0.9755381531807549,0.14530440270220654,0.051163522078241735,0.1176955709287099,0.9869617588178511,0.7162331457468112,0.02652715354617819,0.4858751231226427,0.9477108798614551,1.0781616267926335,0.06342127216427255,0.8976195199148995,0.9956443942417197,0.09722909095883661,0.016159064477120923,0.0733331508636475,0.9941271929463372,0.09386101266616541,0.024079274670642737,0.07631195858546677,0.972243376195769,3.2754649297242424,0.038086801508421426,2.169920343859442,0.9053953665495755,4.715553937749729,0.07109768470033517,3.621424974714006,0.9456691831928907,0.7812800082110198,0.052294511928448445,0.6006271164992761,0.7566614599602757,1.3427661782495033,0.15797249155876508,1.0447750473022461
Dataset_0172,multi_output,ALL,xgboost,7,4,0.9815778219608106,1.3740838881420674,0.007476990276925955,0.5966652481083212,0.8921368958531989,3.2070662253443682,0.018242697527556133,1.4389924040010997,0.9943562979589886,0.06795916256288545,0.01753784840332528,0.05080454839714642,0.9843632907714897,0.12792852290629608,0.045688758180820035,0.08598856730120526,0.9945052905264772,0.42600424947363424,0.015777935165690156,0.33545242835735456,0.9365204361558224,1.8054242103218614,0.08024107601430495,1.2418864658900668,0.9963045901991763,0.0797827589405286,0.013479094262633655,0.05776217197549761,0.9934942059390529,0.1474349800629815,0.026341786682683846,0.11777265684945247,0.978540246938279,2.9399763615120444,0.03418577164548889,1.9426355033085259,0.7624147459942731,6.807038628349682,0.11984222937235356,4.82945537022182,0.9441826841811323,0.7775656210497623,0.05204589163653027,0.5966715885030813,0.7838918004053563,1.3390050863767056,0.11955402556934872,0.9198589597429547
Dataset_0172,multi_output,ALL,xgboost,2024,0,0.9817896691120304,1.2654579428470762,0.0068849724855662466,0.6296295340885197,0.8937128707616455,3.18255905943939,0.017992758137943182,1.1864419874350234,0.9947540147585139,0.06659068818221764,0.01707453543133786,0.048993564101687655,0.9753794434530477,0.153543265201374,0.059512893488904664,0.11161143533388775,0.9868864335042206,0.7031993343041866,0.026044419789043947,0.4995073820415298,0.9573913890366156,1.2577799418695594,0.0559013307497582,0.9206008911132812,0.9964694795338294,0.08228207246083674,0.013674933099690334,0.06129748167071433,0.985930116207078,0.19524972936705323,0.03629177125781659,0.13069937515258795,0.9828619780719875,2.641630387388808,0.030716632411497767,1.9911244121350742,0.7619902819706172,6.822680759496227,0.10986603477449641,3.559988403320314,0.9479764396916,0.7231970402531698,0.04960199178691151,0.5472248304935924,0.7878731231408691,1.565480665745404,0.1084127884865238,1.2093098322550455
Dataset_0172,multi_output,ALL,xgboost,2024,1,0.971868717277459,1.6903008137824727,0.009555120484920705,0.7662005159850706,0.9630501476177077,1.579541667106777,0.008594274264686745,0.9144829828580219,0.9930273143755091,0.0815047533402467,0.02089865470262736,0.058078584890616576,0.9900156166629737,0.07292943981104237,0.02928893165102103,0.05564102156956992,0.9877921509269246,0.6964346256288205,0.02579387502328965,0.5231152450829222,0.9700091723068337,0.9138890707389951,0.047107684058711075,0.688189595540364,0.9960152945515117,0.09466445944892962,0.015732833546440023,0.07130705261230473,0.9918138553974027,0.10903063961458982,0.026077646403872237,0.07902575174967451,0.9572639021885772,3.615840278082976,0.045712266473868224,2.5230904348273024,0.9829157417395114,3.149474350280174,0.03794547409976113,2.712630208333333,0.9252449243447727,0.8430051697864641,0.05642604884782222,0.6554112625122072,0.8804963519818173,1.3050559721243589,0.10132422143822663,1.0369283370971678
Dataset_0172,multi_output,ALL,xgboost,2024,2,0.9772750886619181,1.6064955968318173,0.008740454824982683,0.7287842316010901,0.9233907388460556,2.014854569956533,0.012059581445198461,1.1898074912514003,0.9915140446912426,0.08230826496354592,0.021104683323986136,0.05258290958815609,0.9875422859535503,0.11944478716215441,0.03791898005147759,0.08768530138901308,0.9880704595862098,0.65319483852585,0.024192401426883333,0.49390619212183445,0.942143849071946,1.6099743943025784,0.07666544734774183,1.4376631600516185,0.9960167871365485,0.08942422380308367,0.014861928503088526,0.0709915950380523,0.9927204568464929,0.1319922116030445,0.02946254723282243,0.09927683694022045,0.9669616600338702,3.445746530602463,0.040066820123284455,2.4019836215315187,0.9598358659477162,3.858767143689638,0.06396630159452364,3.1835056849888383,0.9438124918617204,0.7678128161734903,0.05139309345204084,0.624456839725889,0.7347112364105731,1.668653430086939,0.1668653430086939,1.1409064728873117
Dataset_0172,multi_output,ALL,xgboost,2024,3,0.9790411080090926,1.4120626483776466,0.007683022190421931,0.6259503694147897,0.920625366990554,2.9602536965633317,0.017413257038607834,1.4248525604963302,0.9940204857273061,0.07411528758659863,0.01905277315850865,0.05749776291436164,0.976645796410425,0.11797728865504965,0.04213474594823202,0.09208043243203844,0.9948103428613638,0.43532327162774487,0.016743202754913263,0.33059573995655983,0.8895612316808283,2.0335674524353733,0.09458453267141272,1.5866219656808036,0.9966652980656944,0.08363050639379817,0.014419052826516926,0.06108109171637178,0.9893384910214519,0.13836788229494842,0.03076893090837189,0.11012320872715543,0.9756585042307893,3.0025940103161424,0.03617583144959208,2.0111730641332155,0.8797800939808244,6.238288029742587,0.0864028812983738,4.6111298915318075,0.9340509091603102,0.8672025920485257,0.05804568889213692,0.66940418835344,0.8678012218592402,0.8548750218371287,0.08397593534745862,0.724307304109846
Dataset_0172,multi_output,ALL,xgboost,2024,4,0.9777708767635638,1.3673639474554224,0.007439412118908718,0.6710190683204551,0.9178921387518872,3.2041956847154376,0.01836531028093906,1.501389498778752,0.9940388837427174,0.070394995798043,0.02199843618688844,0.05054977339917216,0.961688729231726,0.19575447023741246,0.051924262662443633,0.12035474743161881,0.9852968542149885,0.7428095158322976,0.0309503964930124,0.5590751121784077,0.9528020281671932,1.146358769091236,0.05210721677687436,0.8279893057686942,0.9957336737988695,0.09536824506925909,0.017039171890165995,0.06948165525239094,0.9830450201999629,0.1720627802542542,0.03240353677104599,0.12054257392883296,0.9784100670241404,2.842133828451616,0.03304806777269321,2.0532540367389545,0.8440384981263016,6.972889586275768,0.11602145734235884,5.509906005859375,0.935374905037103,0.8395710754684961,0.05814204123743047,0.6227347640333506,0.8478864180342522,1.153731730911901,0.08943656828774428,0.9281548609052385
Dataset_0172,multi_output,ALL,xgboost,99,0,0.9787856719880687,1.507043787418176,0.008199367722623372,0.6985201504301604,0.9265429781355685,2.4251429097871404,0.013896074431510086,1.2567184588766103,0.9944500376964029,0.07027271138473329,0.01801864394480341,0.05354096988836924,0.9786417443313224,0.1296994680629492,0.051468042882122714,0.09525960751374565,0.9890901525085946,0.6622008406774177,0.024525957062126583,0.466593531558388,0.9607018120404789,1.0231541151327943,0.04990995683574606,0.8667202758789064,0.9958926613215096,0.09172985288871141,0.0152451143242,0.06379899617245323,0.982454791546798,0.196503023659243,0.036860443380086844,0.14331829528808596,0.9723037676651572,3.2024004113743914,0.03723721408574874,2.2897458849455172,0.9146267390922238,5.190061457058263,0.07032603600349949,4.153426615397137,0.9421917407486788,0.8054029537675567,0.05390916691884582,0.6189213695860747,0.7962898036670186,1.1694327696692277,0.13758032584343854,1.024867500305176
Dataset_0172,multi_output,ALL,xgboost,99,1,0.9792570185621617,1.477905291579177,0.008041271514114897,0.6331967322370462,0.9226095029953395,2.644740082945652,0.0149504809663406,1.1669799811871846,0.9935456098870626,0.0775324630221846,0.019931224427296813,0.05203553698564831,0.9838057981093837,0.09998622817562346,0.039994491270249385,0.07599600680669151,0.9936290788300441,0.49463349611990093,0.018319759115551885,0.40706479256613215,0.8941198681500003,1.7785147799517733,0.10844602316779102,0.9915268961588547,0.9964283182769996,0.08698989441662458,0.01469672147603051,0.06663188285158393,0.9939958763164657,0.10666553408926664,0.02398595324696799,0.0838506230672202,0.9706929763693122,3.175680868197115,0.036926521723222264,2.0423133502090183,0.9294119254703991,5.444252225881466,0.07766408310815216,3.726074422200519,0.9419891094473893,0.7601516017997876,0.052136598203003266,0.5979380985728481,0.8117140469304487,1.4659053953742511,0.10440921619474723,0.9574519577026368
Dataset_0172,multi_output,ALL,xgboost,99,2,0.976690612674262,1.220536406063113,0.0066405680416926705,0.6142263468952015,0.946864803548127,3.2667751996769776,0.019231030786348254,1.1962784262997765,0.9923637591536154,0.08161215356714728,0.02092619322234546,0.055362320100439025,0.9835490805248106,0.11850082746857839,0.04128948692284961,0.09480752314840044,0.9875037643783741,0.7040827974963227,0.026077140648011952,0.49966654284247014,0.9623097365322182,1.0264120545873205,0.06220679118711034,0.8894541059221542,0.9966935984868988,0.08501052049019733,0.014128389644373828,0.06294025138328822,0.9867929693940262,0.14470623224576212,0.03546721378572601,0.10517207227434433,0.9817474095930272,2.501611108288988,0.030139892870951663,1.8465673775508493,0.886991727104355,7.133604511302151,0.0988033865831323,4.026526947021485,0.9251445317593955,0.8251469793790149,0.05523072151131291,0.6065952425989611,0.9146805041852244,1.1757055995821055,0.09716575203157898,0.8654314831324986
Dataset_0172,multi_output,ALL,xgboost,99,3,0.9766262449607304,1.514788386057833,0.008562964307845297,0.719176144892183,0.9292810251601324,2.5687873920245945,0.01398360039207727,1.2306120114701133,0.9934305350043574,0.07160077580783883,0.022375242439949636,0.05022162317202008,0.9679373138063934,0.19396820528284311,0.051044264548116614,0.11495224773883818,0.9843331803871532,0.7603817790974333,0.03168257412905972,0.5650808926286367,0.9565682556637818,1.2398280214436466,0.049593120857745865,0.914712633405413,0.9956251487320659,0.09399845104120097,0.01679443470452045,0.07242167295258624,0.9878517464132587,0.16500177062737587,0.02989162511365505,0.11069959940229156,0.9711147405239792,3.2019124243936363,0.040479297400678085,2.3248459335853315,0.9251313983019673,5.432030773826852,0.08230349657313411,3.9564647129603787,0.9386276201560957,0.7928009014338557,0.05490310951758003,0.5833106021223398,0.8089164116152605,1.372720739113734,0.09415094232604486,1.0562308638436453
Dataset_0172,multi_output,ALL,xgboost,99,4,0.9785741419326831,1.5931249674089087,0.008667709289493519,0.7026625141624746,0.8722170414344206,2.2990701701277545,0.01375741357824106,1.2445668145775792,0.9916310386860764,0.0853652642816894,0.021888529302997287,0.05953654043633364,0.9843471344390259,0.10963155010972755,0.03436725708768889,0.08934398510626385,0.9877666035039349,0.6265046319247107,0.02506018527698843,0.48896363357017775,0.9586160023279094,1.5217407477327585,0.06340586448886494,1.1483184814453122,0.9952792363654291,0.09775880566267671,0.016247100824775918,0.07671454857135648,0.9944584905910824,0.10723882601870921,0.02229961031788505,0.09152058683122906,0.971007036797523,3.4147258493042125,0.03970611452679317,2.2631686717066266,0.8651630443068872,4.679834762217428,0.11900406261201348,3.7359446934291287,0.9471867943104517,0.787737974676993,0.05272677206673313,0.6249291765278784,0.5585005355071982,1.479375100609058,0.19991555413635922,1.1577063260759626
Dataset_0172,multi_output,ALL,ann,42,0,0.8962175234498488,2.70721252896577,0.014729121485123883,1.4562762595610212,0.6416974319173668,2.770875855801623,0.0158771250045933,1.6694671080868697,0.9633760328924122,0.17666266099328753,0.04529811820340707,0.1319621817502736,0.9508255358388809,0.20820857058279027,0.07130430499410625,0.17450498085317925,0.9328354832736923,1.592620146015665,0.05898593133391352,1.1786304138629042,0.8609830163991457,2.227419752223412,0.1060676072487339,1.7743174244719275,0.978245799387078,0.21626201404062156,0.035941833810972504,0.17897491505664911,0.9551904692415571,0.2755213603939953,0.05964956925611501,0.24185110988446687,0.9070613027173858,5.538376278526984,0.06672742504249378,4.366728960033926,0.9392936386174842,4.966398427872905,0.06466664619626178,4.150824460480071,0.6995689989786753,1.8322032361052907,0.12263743213556161,1.4250848271013523,-0.4978055005102342,2.9398962763082204,0.3379191122193357,2.0058375647447035
Dataset_0172,multi_output,ALL,ann,42,1,0.9242746437314926,2.769352279812287,0.015068024809904169,1.4778282949025727,0.7848877900687647,3.442671615110966,0.020251009500652742,2.0331607947926122,0.9799427492581634,0.13834369544763495,0.03556393199167994,0.10132777024526125,0.9124560809762479,0.15870942347331599,0.07935471173665799,0.134776592511397,0.9457354761828954,1.487181254494798,0.055080787203511034,1.1510676984107784,0.6212488742660336,2.402162113086637,0.19689853385956038,2.0374771128343867,0.975383334572883,0.23279329531974075,0.03932983533024848,0.19352667538713283,0.9207896541772371,0.28973547542617095,0.07837042884126885,0.23097307197817393,0.9098926167537541,5.828530807672638,0.06777361404270509,4.83947291523528,0.8338353807764176,7.120538092246715,0.11266674196592906,6.591510508467126,0.8104190418897672,1.4455964486611899,0.09676013712591632,1.1037464152344094,0.6361089601478873,1.636569088046309,0.1623580444490386,1.1710666881719791
Dataset_0172,multi_output,ALL,ann,42,2,0.9314186468507912,2.3580697966068573,0.01282954187490129,1.3248187622699568,0.7712324603221405,4.201735871678475,0.024719001480635813,2.2201139068629407,0.9717319610202597,0.15825804960006826,0.04057898707694058,0.11308315260261846,0.9633969007581383,0.17000692164322323,0.06855117808194486,0.11228035353411772,0.9259708531348075,1.6392023450512592,0.06071119796486145,1.2760372700581977,0.9410332743538954,1.5776299610094362,0.07888149805047182,1.231304231217431,0.9760630373248115,0.22196592454738134,0.036889799658863444,0.18436794710070334,0.969971111707875,0.25517461082167864,0.06032496709732356,0.19373902098041462,0.938951275902307,4.823491952239147,0.05608711572371101,4.0356844369680855,0.7238428213811288,8.98326571233016,0.12981597850188095,7.652306409414477,0.8443761068717706,1.3323259380072061,0.08917844297236988,1.0149210046201795,0.2579181934096646,2.2340380679685072,0.2482264519965008,1.9109395191682634
Dataset_0172,multi_output,ALL,ann,42,3,0.8677629509132689,2.632952520042606,0.015079911340450202,1.504114118678961,0.7089104404003487,4.910621442454395,0.026718654129465124,2.679089772227655,0.9534804224592606,0.20729909899566362,0.05315361512709325,0.1475608287216283,0.9360541823535814,0.2026484532325278,0.0726338542052071,0.14026973777283147,0.931698517983927,1.626129766687364,0.06254345256489861,1.33101978861797,0.8735889443679857,2.0371052074013942,0.09474907941401833,1.58149657498317,0.9780368295654817,0.2197471054608064,0.03652104129313717,0.18505046868659325,0.9601485890735999,0.25172111657624724,0.057222349755909806,0.19867169672679294,0.9154243748432919,5.33212051264288,0.06942865250837083,4.448820793823237,0.7419519620240238,10.08909313141248,0.1591339610632883,8.32587940565376,0.5601746097143844,1.8695256023218991,0.166921928778741,1.4081187135453759,0.032808524182552645,3.811428472239786,0.33316682449648477,3.1491314460017215
Dataset_0172,multi_output,ALL,ann,42,4,0.9184711563395582,2.358280976602333,0.012830690841144356,1.2441562985131633,0.8417554957584177,3.0672734815811036,0.01836415794989435,1.7373604593469776,0.9759488420534252,0.13131104798032567,0.043770349326775225,0.09097293632427314,0.9327047864192723,0.31196792451547845,0.08209682224091538,0.17724334806149475,0.9208194972475147,1.6340700663640213,0.06808625276516755,1.2774841729879123,0.9280350342669057,1.910390099674587,0.07641560398698348,1.4181191530167883,0.9748726811644279,0.21082219768092475,0.04315705172588019,0.1565569924385293,0.9315695022077143,0.4703670723168257,0.08521142614435248,0.3318288953416033,0.9408558007408652,4.77143280282587,0.055481776777044994,3.580048394955373,0.854479415551465,6.203894532191689,0.09954102739176399,4.976317666903873,0.7798589604915581,1.5195398181672992,0.10746391924804095,1.1157189958597302,0.561988740346731,2.1411133052490023,0.19643241332559658,1.783293233411126
Dataset_0172,multi_output,ALL,ann,123,0,0.9331963993368634,2.204363711060783,0.012461072419789615,1.185220483232973,0.872321524305746,3.6373996124617523,0.019791063781825737,1.914760738938049,0.9801980095796218,0.13393410767667824,0.03434207889145596,0.09677648568988714,0.9119197574677456,0.24168055959481882,0.08662385648559814,0.17496758205218393,0.9428798146257495,1.4712103208414231,0.05448927114227493,1.1309121979982235,0.8657976923848456,2.200443288627138,0.10733869700620186,1.8935894965503783,0.9755911681584515,0.22845006872892182,0.03796743704984574,0.19025376494467625,0.9294275452080284,0.3477978315939355,0.08220227643439741,0.3001014440416789,0.9372402374343867,4.517916480667584,0.05936815349103264,3.524901477536686,0.8520712381053823,7.683836159830826,0.08934693209105612,6.034425388565058,0.830072766886107,1.2844998792015734,0.08597723421697277,0.9832584899953911,0.8023913883627278,1.4459315618482973,0.1049297214693975,1.1707197834809453
Dataset_0172,multi_output,ALL,ann,123,1,0.9447788957102314,2.132632708177647,0.011603007117397425,1.0460424978093255,0.7580864863490673,3.619169405051985,0.02047041518694562,1.871360349422226,0.9722106463095401,0.1562175220015643,0.04005577487219598,0.11830689183345068,0.9804110314029958,0.12824973690532931,0.04137088287268687,0.09405531262047581,0.9406024690399442,1.5334225808690447,0.05679342892107573,1.141864428430896,0.906050347405208,1.6617741890129318,0.09232078827849621,1.1400536707037456,0.9799896460910174,0.20522034386037077,0.03410675483802073,0.16804029954200592,0.9611721390357049,0.27743316951904107,0.05368288883882374,0.23191716083063488,0.9464518063077835,4.379358123885478,0.05092276888238927,3.052775893517403,0.8649121267916626,7.185236406192505,0.09441834962145211,5.238088250175834,0.884639910802873,1.0695464681211009,0.07335709657895069,0.7492249757228712,0.07788678710976515,3.3180420560342907,0.2297813058195492,2.6526873527804393
Dataset_0172,multi_output,ALL,ann,123,2,0.8937177572904289,2.6946539673237817,0.01466079416389435,1.405458938761162,0.8533315689346708,2.5013408287519505,0.01670065650977767,1.4267604754373322,0.9649809235026539,0.17248199615980037,0.04422615286148728,0.12742280823338167,0.9529211383812292,0.20266314291409915,0.06812206484507534,0.17347208907833553,0.9098054354208208,1.852525057760232,0.06861203917630489,1.3010676726045174,0.9018722935301093,1.8723788508822194,0.09361894254411098,1.5595816130275568,0.9795176091339434,0.20680714348367887,0.03437047423694181,0.1765117388383185,0.9502134621144726,0.30424903093697225,0.06719280718572708,0.26327995646281294,0.9179587532666934,5.419011068761616,0.06301175661350716,4.00128204866324,0.8430970065639996,5.061729553365372,0.12051737031822314,4.263398322082049,0.6963260651280332,1.8535778191064347,0.12406812711555787,1.421010425466352,0.6185539440835433,1.4223154547926915,0.18003993098641663,0.874070396535907
Dataset_0172,multi_output,ALL,ann,123,3,0.8627182493258898,2.7387749077901598,0.014901653559987812,1.4953644143750398,0.793069594391618,4.983250487294036,0.028346134740011582,2.2800864902680837,0.9810819271206721,0.12727900545149815,0.03989937474968594,0.0906126152166928,0.9526700570759645,0.20939015620429877,0.0536897836421279,0.14159797259863066,0.9288524111827043,1.6298530334304622,0.06791054305960259,1.2901544626034898,0.9188922800648488,1.7692451233302504,0.08042023287864775,1.2149573582214168,0.9723042000896807,0.24046000611056995,0.043727951647675935,0.1910306973827126,0.9599318821897075,0.2880718719875698,0.04787632906557583,0.24840565448199037,0.913429015580563,5.5115574216689,0.06408787699615,4.432124426299677,0.7333533615971519,10.548131987524052,0.14856523926090212,7.407583475047564,0.5179236926558284,2.0968387861258124,0.14521044225248006,1.472899870372626,0.40050039103041635,3.105443723846818,0.24073207161603244,2.387887990990818
Dataset_0172,multi_output,ALL,ann,123,4,0.9235001721395963,2.5927482700187015,0.014106356202495654,1.3978901457523565,0.7192941456524088,3.430550464531337,0.02133692290416306,2.0384682315432063,0.973976432794853,0.14925806509852685,0.038271298743212015,0.11221249578543702,0.9689449887041913,0.17007468374747933,0.06857850151108037,0.1393443061090209,0.946088200107178,1.3756082750497534,0.052908010578836664,1.0701894895786397,0.8492980098187038,2.6761289446693697,0.12743471165092238,2.100325390739351,0.9723208168930599,0.23429887273154987,0.03893948358510053,0.19885169947867035,0.9637195452018913,0.29929929529727384,0.06913820635187662,0.25540348847311556,0.9287027622108088,5.401572726570036,0.06280898519267483,4.454619601714671,0.7173462470608052,6.937907588356435,0.15082407800774858,6.354683077055859,0.7964126486920826,1.570114002183921,0.10509464539383674,1.153577442204365,0.0971619374764523,1.851661186392536,0.23800272318670132,1.342584895338685
Dataset_0172,multi_output,ALL,ann,7,0,0.9447087438282372,1.8392739790105257,0.010006931333027887,0.9323945415568919,0.8853367138462473,3.615386806349979,0.020716174686855254,1.4536529842735475,0.9812441600713494,0.12291780963415656,0.03841181551067393,0.09172907643228734,0.9536733634826944,0.22191466954892805,0.05809284543165657,0.18636249137887387,0.9421319430145201,1.4641959956144297,0.06100816648393457,1.065974163567977,0.9506223916622756,1.3487831301385065,0.06130832409720484,1.0407614565598067,0.9789470266324204,0.20856296504225122,0.03726334912314654,0.15428983549760958,0.9671327589565663,0.25589146351833536,0.04577664821437127,0.21756946315637832,0.9603708691475941,3.645539489017206,0.042389994058339604,2.5180607524536467,0.8715710358445232,7.733332847807728,0.11079273420927975,4.246341140830761,0.8608497202753022,1.1925638228021282,0.08258752235471802,0.8319188798329394,0.6836840192851779,1.9017700620360847,0.14742403581675076,1.5772303694419174
Dataset_0172,multi_output,ALL,ann,7,1,0.9200647671954023,2.431747955551731,0.01323040236970474,1.3669016415319875,0.8248031794741367,3.5600565945508844,0.02013037373226398,1.902137032945506,0.9777915203816594,0.1492664838940555,0.038273457408732184,0.1118797481419192,0.9100847687966247,0.178626087071583,0.0871346766202844,0.12441153511393191,0.9365205755779829,1.601065007394252,0.06157942336131739,1.2585403381819709,0.8456078185669891,2.042360786525537,0.10749267297502826,1.6370790130938577,0.9745734946566192,0.24507785820352412,0.04073090546842681,0.1992406820664683,0.9299238035512987,0.26851890555434177,0.0668123676422846,0.2046862579457803,0.931948923984001,4.97130487697001,0.05780587066244198,4.131268630198513,0.851052570695098,7.3551577238367205,0.10644222465755024,5.822216842001231,0.7794893213767491,1.4857205723709395,0.10190127382516732,1.1335788090710657,0.5873469357606733,2.2352678532004626,0.16756130833586674,1.7222915165727306
Dataset_0172,multi_output,ALL,ann,7,2,0.8946085554608143,2.469872835290339,0.01396197193493691,1.344732070821035,0.8782055287228955,3.1752217377331067,0.017277767583910253,1.8882418256064697,0.9683035425725636,0.16553269178264077,0.04244427994426687,0.12968356289769684,0.9731385363718664,0.15059407448328296,0.04743120456166393,0.11160104966258667,0.9320736694231018,1.588825422611176,0.05884538602263615,1.2400076543706786,0.8260463585069986,2.394810729940344,0.11403860618763542,2.002853477224844,0.9795674976956651,0.20546966048092008,0.03414819020789763,0.1761072968078988,0.9592910117611269,0.2836598428321426,0.06112041431418714,0.25057507020999703,0.925058745267762,4.955355729528436,0.06511636963900705,3.804057300013241,0.9172894695551507,6.419177747365877,0.07464160171355672,5.636830674908478,0.6680393223449788,1.8307986315793643,0.1225434157683644,1.3738045400156593,0.715262267419335,1.8346832295098108,0.13314101810666262,1.439348856026442
Dataset_0172,multi_output,ALL,ann,7,3,0.8579429914633907,2.8465542665269408,0.015487237576316325,1.6293027574975665,0.7615665344393893,3.225893978131204,0.01932077967317225,1.7249603081027882,0.9436149518072766,0.21904266842655742,0.05616478677604037,0.14763589256662546,0.9374237925149554,0.23240141700549755,0.08183148486109068,0.1825066409021418,0.9169983759728897,1.8071250462847528,0.06693055726980567,1.3848575187339391,0.8685855389540986,1.7092271502000216,0.10054277354117774,1.2557731952232172,0.9759297286467437,0.22856642567048205,0.037986775082347025,0.18618422882776395,0.9476343442638901,0.28027582673330653,0.07190246965964764,0.2310739004494831,0.91738451264328,5.65093574040335,0.06570855512096918,4.651998893723087,0.8156274506850203,6.583011950115985,0.09925385525994702,5.057020553110797,0.5357873882467638,2.2837158283816317,0.15285915852621362,1.7758372536364153,0.2385615457789817,2.375266521190385,0.2794431201400453,1.8984272508283022
Dataset_0172,multi_output,ALL,ann,7,4,0.9089190659460942,2.705661897347412,0.014722687511072844,1.46835590672361,0.8179130453531037,2.8217460548388926,0.016050887683952745,1.6725399356577664,0.9708550818620774,0.15443559295840734,0.039854346569911575,0.11950261009551491,0.9449705484676735,0.23998953123004127,0.08571054686787188,0.17935796868962664,0.9309001215489316,1.5107068754119488,0.055952106496738846,1.192599282378317,0.8966811196844555,2.303308659581389,0.10236927375917285,1.7878281421436586,0.9579165730386716,0.2692361033703965,0.0454867550887644,0.20968387755766435,0.9736220969411359,0.2968728716851978,0.05304142785156295,0.24978698887394485,0.9213877080825011,5.626997309817493,0.0654302012769476,4.648990579006045,0.8482341014698858,5.44045938883401,0.09578273571890863,4.510384435084005,0.7635358451982884,1.600424660503351,0.10712347125189764,1.1710031845805078,0.4260573602023685,2.1821311532758276,0.19483313868534177,1.6353421434975968
Dataset_0172,multi_output,ALL,ann,2024,0,0.9271366395812148,2.188030051148428,0.011904407242374472,1.1615567391741297,0.8084414997749105,3.7576060163121974,0.02124381510805177,1.7620031270957788,0.966376597874382,0.16858572511186992,0.04322710900304358,0.1293218707023187,0.9517734238827772,0.21489437809170073,0.08329239460918635,0.15085632244760888,0.9292824715965224,1.6329826718738516,0.06048083969903154,1.244346940489145,0.8868900364420673,2.0493040938740044,0.09108018194995575,1.729880384488673,0.9709108982267333,0.2361842921384037,0.03925283233146147,0.18549369326276904,0.9663676370109388,0.3018727257088845,0.056110172064848425,0.2552316090423083,0.952495053859204,4.3980596943102475,0.051140229003607526,3.239471196877051,0.6878209715208812,7.813751010999577,0.1258252980837291,4.748380882501354,0.8166181763492317,1.3577966989656227,0.09312734560806742,1.0091499945393654,0.549355430017888,2.281744070179674,0.15801551732546215,1.9256664369989502
Dataset_0172,multi_output,ALL,ann,2024,1,0.9092861567760059,2.5747679795502205,0.014554934875919844,1.3562377992844419,0.8659415559225072,3.5445608166562055,0.019285928595985668,1.872685420961259,0.9728411763519578,0.16085641027333927,0.04124523340342033,0.12188358743718443,0.9275016226956446,0.1965198379236438,0.07892362968821036,0.14853056051921987,0.9360100096147823,1.594471651303631,0.05905450560383819,1.2371771789095212,0.877526439448555,1.8468023975205,0.09519599987219068,1.576701057481147,0.980061096540792,0.21175783241447768,0.03519325783853709,0.17949479030244203,0.953140726220826,0.26085948390062935,0.06239164886405868,0.21814495448142893,0.9079755858338163,5.30595224097317,0.06707904223733464,4.071820527166664,0.9060729554549873,7.384742227797293,0.08897279792526859,5.771369603766893,0.7495429155386811,1.5430377662168895,0.10328231366913583,1.170812912606397,0.6654660357925233,2.1835274972699787,0.16952853239673749,1.6486809285576054
Dataset_0172,multi_output,ALL,ann,2024,2,0.8567088910477032,2.9605939382782354,0.01610769280891314,1.6036650367297813,0.7212565247174159,4.126081714394602,0.024695985122816715,2.3817605759209033,0.9447963678614608,0.20993115899951578,0.05382850230756816,0.13083020292599026,0.9099719966884244,0.3210974311236037,0.10193569242019167,0.2662557224327423,0.8975217826980474,1.9144616402273475,0.07090598667508695,1.526826288209933,0.9436753586832001,1.5885226718000032,0.0756439367523811,1.4054946934285064,0.9738382957517949,0.22917721482573583,0.03808828566158149,0.19045586995648017,0.9799310734145471,0.21915849805552723,0.04891930760168018,0.17834189602397174,0.9011832592964814,5.959220857782074,0.06929326578816365,4.592082535105333,0.8068849401730829,8.461306741868375,0.1402620263882035,7.408907313070544,0.5662047496307316,2.133427394079326,0.1427996917054435,1.5781302874511705,-0.03418074537217519,3.2946170495147884,0.3294617049514789,2.6498032546487527
Dataset_0172,multi_output,ALL,ann,2024,3,0.9351898678751545,2.250217708564258,0.012243417533947757,1.216976804301775,0.8157414519017333,4.107007216156242,0.024158865977389657,2.336996123819733,0.9786371342507166,0.1400891823022749,0.0360126432653663,0.11105863108218164,0.9296007402232643,0.20483300033280005,0.07315464297600002,0.16934462035930098,0.9696516774430085,1.0527127835113905,0.040488953211976556,0.8046301254468273,0.7254886776772835,3.206106436382493,0.14912122959918572,2.7801233298771533,0.9785016881540839,0.21234321812428925,0.036610899676601596,0.16932204498532347,0.9116789644952566,0.3982520607964136,0.08855949761983846,0.3542981775009669,0.9407088736200747,4.686167777489224,0.05645985274083403,3.8610105904105625,0.7763540911066404,8.508592210493838,0.11784753754146592,7.411543505446944,0.8084499659078881,1.4779416142232447,0.0989251415142734,1.1388626295839812,0.7355847860062217,1.2090162198885646,0.11876387228767825,0.9696709859143002
Dataset_0172,multi_output,ALL,ann,2024,4,0.858101255287193,3.082198481741914,0.01676930621187113,1.6729510252575301,0.7253876042951093,3.789654285458622,0.02172095079646141,2.0012633963153887,0.9446089115257489,0.21458429871856324,0.06705759334955103,0.16030520954468064,0.8480067135265779,0.3899066231452065,0.10342350746557204,0.2396839039536551,0.892924150360922,2.0045555301666838,0.08352314709027849,1.5872129058467948,0.8559612271195758,2.002620213851597,0.09102819153870896,1.674552026507529,0.9752309310533621,0.22979025276030238,0.04105596797575529,0.1902578872211315,0.9387109679880477,0.3271370091917388,0.061607723011626904,0.2568624391364267,0.8962485010148046,6.2304019649047815,0.072446534475637,4.901171432990332,0.8064378295299579,7.7680913781274645,0.1292527683548663,5.780951592195967,0.5814937824811279,2.1365242579782326,0.1479587436273014,1.5258076906847118,0.17782128331138702,2.6822790382534425,0.20792860761654594,2.0542670197833663
Dataset_0172,multi_output,ALL,ann,99,0,0.8573203013079522,2.9357791931115607,0.01597268331399108,1.6623600124857998,0.7756926731098892,2.6504779849954496,0.015187244928921897,1.569320550258961,0.9432417315654632,0.22472752186944542,0.057622441504986015,0.1543313538845303,0.9324439314603549,0.23066807338730586,0.09153494975686742,0.18934912035105964,0.9236386890004105,1.751931316549488,0.06488634505738845,1.3773853855135345,0.8825745457714915,1.7686256409254204,0.08627442150855709,1.4122010643267031,0.9724044634677922,0.23776605974768478,0.039515715430893265,0.20074604178148162,0.9655590585957139,0.2753134813612601,0.05164387194921405,0.25689620232195215,0.9060991250858553,5.896578782907516,0.06856486956869204,4.854710894097104,0.9164131809264695,5.135473170355536,0.06958635732189072,4.167059058703085,0.5412174974202397,2.2689331224913625,0.1518696869137458,1.724626387152351,0.18147264879541625,2.344150406959381,0.27578240081875066,1.8210973055920048
Dataset_0172,multi_output,ALL,ann,99,1,0.9370903166398744,2.411215036157862,0.013119402775765069,1.2273359773905104,0.8428962493109227,4.138465954470178,0.023394380748842158,2.3110394979119517,0.9609538681621649,0.1906974928162278,0.049022491726536714,0.14919456595797853,0.9324538008257149,0.20420241272356215,0.08168096508942486,0.14690623049212395,0.9338825998310588,1.5934567909831692,0.05901691818456182,1.2671436614010227,0.7964736444086787,2.465815453092339,0.15035460079831328,2.0097581214095803,0.9760035705809256,0.22547881335390027,0.03809407220035484,0.18080845259159542,0.9673763900397481,0.24863674139010242,0.05591111791996906,0.19097782661736762,0.926390378278422,5.032899849132332,0.05852209126898061,3.6958579892649523,0.8189615058358233,8.71882646696521,0.12437698241034537,7.739915509775636,0.8882211663468002,1.055176804049578,0.0723715229114937,0.8436752177370034,0.6992159054446483,1.852782398785831,0.13196455831807913,1.4676398012650504
Dataset_0172,multi_output,ALL,ann,99,2,0.9087552424117777,2.6121614678431073,0.014211977518188831,1.3922570305509077,0.803791584385468,4.130126889509008,0.02431345669929363,2.253503231201279,0.9669594336488967,0.16976133068449864,0.04352854632935863,0.12378738756650282,0.9762247007228636,0.14245880299644714,0.04963721358761224,0.11754575026450786,0.9335708246626528,1.6233552182341586,0.06012426734200588,1.22529636123465,0.6920932914280902,2.9337069715888,0.17780042252053332,2.3416310729137217,0.9777333238000989,0.22060867009673407,0.03666422969864286,0.17458491726262834,0.952883382904026,0.27332017762374045,0.06699023961366188,0.2443674675708817,0.9150242474791727,5.397654127021661,0.06503197743399591,4.302124825021171,0.8460487035366503,8.326175959792113,0.11532099667302098,6.473005301433211,0.7504883824680675,1.5064854251474282,0.1008357044944731,1.135491661669585,0.5517078433357101,2.694976712072018,0.22272534810512548,2.090966563824072
Dataset_0172,multi_output,ALL,ann,99,3,0.8857167678146791,2.6687586843110123,0.015086255988191138,1.4328632254511724,0.8289153277996683,3.3116339738270497,0.018027403232591454,1.7311410150700823,0.9623809427201822,0.17133917860873069,0.05354349331522834,0.12005941461503984,0.9317894575709412,0.28291524276721147,0.07445137967558196,0.1836016562793212,0.9162629662605931,1.7579238818518164,0.07324682841049235,1.4383130289648607,0.9377414874166585,1.4844213154589836,0.059376852618359344,1.147751752113437,0.9770976074675725,0.2150698229762746,0.038425910840856635,0.1717084170768097,0.9574374859166807,0.30884837214997946,0.055950792056155704,0.2513943320419342,0.9185618503894168,5.376321872855108,0.06796867095897735,4.103648569085276,0.881000194410445,6.848342727387435,0.10376276859677933,5.0606683617093,0.6542804722356307,1.8816533096244517,0.13030840094352156,1.330586697513876,0.4366080136836161,2.357088199009238,0.16166585727086683,2.01228897320642
Dataset_0172,multi_output,ALL,ann,99,4,0.885594815594664,2.6377520828789134,0.014351208285521834,1.4762852010384682,0.6802369935929049,4.424086624991297,0.02647330655531399,2.521025632409565,0.9627388643473185,0.18012477556019016,0.046185839887228256,0.13787802116736542,0.9573739753544438,0.1809156109018942,0.056713357649496615,0.13559616644145625,0.9102958933798633,1.69651194936533,0.0678604779746132,1.3379094565523713,0.8689255672265805,2.708216893913955,0.11284237057974812,1.9810402575186044,0.9754432729577698,0.2229641300856699,0.037055697205529314,0.19790153547572398,0.9589990248055212,0.2916991117634068,0.0606569165654828,0.23045557173748593,0.9311331177434715,5.262774370240729,0.061195050816752666,4.135183585808494,0.46941928237203545,9.283287084732834,0.2360657872786481,8.617119727999398,0.6483629295448969,2.032627720263282,0.13605272558656506,1.5725534061883863,0.14646711820594338,2.056948141061032,0.2779659650082476,1.64091643835088
Dataset_0172,multi_output,ALL,lightgbm,42,0,0.9838860332716663,1.0175873089422656,0.005536383617748996,0.5333808427661523,0.8954021357558395,2.4874589748732374,0.0142531456272819,1.2557925923250042,0.9919158649485819,0.08300014577800889,0.021282088661027924,0.0564808833164374,0.9803119273086455,0.13174386083764314,0.04511776056083669,0.1017778320150325,0.989584511387895,0.6271653875609088,0.023228347687441066,0.43111179763042595,0.9773019187660156,0.9000418612333013,0.04285913624920482,0.700500564237341,0.9958425921698751,0.09454095684901467,0.01571230793568467,0.06614114103410468,0.9859974032521783,0.15401902403979223,0.03334466855158957,0.105990225566679,0.9870756732153123,2.065323722052857,0.024883418337986227,1.588994977714274,0.9316068343903382,5.271458710247153,0.06863878528967646,4.314543869518801,0.9550115246366669,0.7090092662666836,0.04745711286925593,0.5241754141355193,0.6017925950620194,1.51585954756357,0.17423672960500808,1.0561504702871671
Dataset_0172,multi_output,ALL,lightgbm,42,1,0.9854981948610002,1.1929854932842279,0.00649102504643467,0.5568315011798157,0.9003293763861475,2.035482253766324,0.011973425022154847,0.9161196620100542,0.995614766651454,0.06468744897747856,0.016629164261562614,0.043832001859446044,0.9787854386552958,0.07812800772970806,0.03906400386485403,0.06313281671619124,0.99409747937656,0.49048379237910444,0.018166066384411275,0.3993629756330048,0.8459626788357613,1.5319278989586078,0.12556786057037767,0.9124009316647507,0.9971561816240111,0.07912373588485394,0.013367753993048478,0.06167897486111623,0.9774594298504492,0.1545585972997617,0.041806491019681286,0.1302518098763987,0.9830309206495559,2.5293448661227935,0.02941098681538132,1.7659108796473406,0.9458412387605919,4.065162370950491,0.0643221894137736,2.5536445127361804,0.95759162600342,0.6837156586836038,0.04576410031349423,0.5133726738981708,0.7535980958286392,1.3466994808039128,0.13360113896864215,0.9211682390567498
Dataset_0172,multi_output,ALL,lightgbm,42,2,0.9839363866807205,1.168522580483243,0.006357576607634619,0.5919750310726949,0.926018184291365,2.747066951466272,0.016161118669645088,1.3048506050250126,0.9956998727018318,0.061724648366783846,0.01582683291455996,0.04448694202483855,0.9811740301494402,0.12192320018268395,0.04916258071882417,0.09609915669076566,0.9886591106888448,0.6415858103614183,0.02376243742079327,0.4546198819664119,0.9540501074916057,1.3926561104548019,0.0696328055227401,1.129636187608072,0.9974123194164156,0.07298054805704011,0.012129059008981239,0.05809686042985038,0.9880470697056947,0.16099227123173615,0.03805963858906292,0.12998620444507672,0.9845868503030403,2.423644738424248,0.02818191556307265,1.8674561388179949,0.8816802571114526,5.880099645498997,0.0849725382297543,4.247676557831502,0.9533237802934691,0.7296594018696126,0.04883931739421771,0.535215332124379,0.8251394569986319,1.0844526352346147,0.12049473724829052,0.9208549185496467
Dataset_0172,multi_output,ALL,lightgbm,42,3,0.9880337985101211,0.6676532487955242,0.00382390176858834,0.3992398535939845,0.902430564189334,3.30887667402296,0.018003572958392514,1.5247614216284815,0.9966816498947003,0.05536567968170549,0.014196328123514231,0.037937845709560936,0.9630150051709198,0.1541168067343052,0.05523899882950007,0.10826151818288728,0.9911215826434544,0.5862838274505127,0.022549377978865873,0.45573200745318293,0.9485008831152253,1.3002319118413934,0.06047590287634388,1.038390265503597,0.9965938953978634,0.08653755843662257,0.014382176904873287,0.0666549465961265,0.9821595860387418,0.1684225591710282,0.038286555847017095,0.12770786991169056,0.9953596464950148,1.2489725152764928,0.016262662959329332,0.995619534689082,0.8754213815320184,7.010090189830335,0.11056924589637752,4.723354514715739,0.960412218119572,0.5608824523758883,0.050078790390704314,0.4402549335219702,0.7430559650897648,1.9644944837754788,0.1717215457845698,1.6260929398284933
Dataset_0172,multi_output,ALL,lightgbm,42,4,0.9863341323552908,1.0782700028169319,0.005866539732409857,0.5210440226030822,0.8891140026901724,3.0015430447651674,0.01797062143251111,1.374923395703554,0.9946950161884587,0.061670192449335526,0.020556730816445174,0.04770343311001861,0.9584156488036011,0.24523520769356574,0.06453558097199098,0.12949346921707278,0.9874944211981054,0.6494017364839008,0.0270584056868292,0.4557687964909186,0.9760033452674249,1.1031557899724025,0.0441262315988961,0.8864370043048869,0.9966222041274241,0.07729652348106548,0.015823239197761612,0.0615561994422721,0.9536625815920923,0.3870597209902589,0.07011951467214836,0.2462730082449752,0.9869476505506974,2.241491416148146,0.026063853676141235,1.6375190462730769,0.8465167383690985,6.371368158827755,0.10222812930329332,4.353083066973801,0.9659113697117682,0.5979520429608102,0.042287980407412315,0.40267263769912526,0.7109716994186448,1.7392707669915524,0.15956612541206905,1.259330429777035
Dataset_0172,multi_output,ALL,lightgbm,123,0,0.9807228789473553,1.1520846453570355,0.006512632251876967,0.5993387286521112,0.9471093302623507,2.914929979112959,0.015860111970797973,1.397064035439854,0.9960899595163535,0.05951513081876096,0.015260289953528454,0.041640761582117436,0.9708620785653904,0.13900542532563154,0.04982273309162421,0.09918020759111582,0.9894200582364681,0.633171848450696,0.02345080920187763,0.4611993196651621,0.9424265815438607,1.441256226867252,0.07030518179840253,1.045929366939013,0.9972845939537677,0.07619652854543182,0.012663541390299455,0.05792970447123435,0.9840274452058217,0.16546130725620048,0.03910690315674792,0.12449167453240607,0.9827035946482999,2.371785881862428,0.031166700155879478,1.858246725558229,0.9005285672937361,6.300876558525167,0.07326600649447869,5.083111859056091,0.9381161883818878,0.7751595509997122,0.05188484277106507,0.5776771319838137,0.9377019787029438,0.811861469668871,0.05891592668134043,0.6326070690806441
Dataset_0172,multi_output,ALL,lightgbm,123,1,0.9892653993133284,0.7916125860810473,0.004306923754521476,0.4536458641313851,0.8966117549151147,2.890845108853365,0.01635093387360501,1.2430003283436435,0.995387564619256,0.06364373647144331,0.01631890678754957,0.04518485334042025,0.9678510748672872,0.16429862410024348,0.052999556161368866,0.12046707682276063,0.9883256588283029,0.6798198612021491,0.025178513377857373,0.5109718253138525,0.971425294150326,0.9164637766662784,0.05091465425923769,0.7837396568020305,0.9967632366667294,0.08253696570368373,0.013717295280652107,0.0584844878348915,0.9752149362895091,0.22165711195608584,0.04289030804103828,0.15849498245931842,0.9933333831523232,1.5452216920444057,0.017967694093539602,1.2776077693831522,0.9035274256839686,6.072042649591421,0.0797903107699267,3.6115924983326106,0.97251715330003,0.5220387294641216,0.03580512547764894,0.375980384784609,0.6650400435844825,1.9997983676727384,0.13849019166708715,1.5407074273014965
Dataset_0172,multi_output,ALL,lightgbm,123,2,0.9825897461291919,1.0315113025263312,0.005612139839642715,0.5323078024612117,0.9494095965039776,1.749769428382877,0.011682653502806723,0.8701822668612851,0.9936991040653885,0.07316318085261096,0.01875978996220794,0.04814616839070972,0.9795265890210699,0.13364628750390448,0.04492312185005192,0.118740051977918,0.9897431473120463,0.6247136091115119,0.023137541078204142,0.45623789063225145,0.959543145930998,1.2022477067447395,0.06011238533723697,0.9824575949525658,0.9971157592176648,0.07760522598138263,0.012897660957517472,0.05791897575031459,0.9902044593675637,0.13495452328451413,0.029804444188276085,0.11810754874457155,0.9880172558303775,2.071009332768566,0.024081503869401933,1.5153546023816131,0.9185984643265458,3.6458569257962177,0.08680611728086232,2.5528419241303717,0.9443734642204822,0.793319396108602,0.05310036118531472,0.5838813751511694,0.8991753238737097,0.7312447861345353,0.09256263115627028,0.5787642145009978
Dataset_0172,multi_output,ALL,lightgbm,123,3,0.982463683731386,0.9645162537180726,0.005247925641863391,0.47541440104395943,0.8934517921244041,4.303896351722285,0.024481776744722895,1.9701237708984423,0.9936937275420944,0.07348601398675884,0.02303636802092754,0.053518169695648134,0.9433102872709012,0.22916083637161394,0.05875918881323435,0.1171986116414333,0.9942515509696714,0.46328015192999045,0.019303339663749603,0.3710783731647461,0.9177451942126573,1.7817121903241135,0.08098691774200516,1.1852216590122384,0.9964966681721475,0.08552174125051498,0.015552235179217128,0.06691889702688573,0.9743113653965529,0.23065979115911245,0.03833468358968131,0.16077410127260322,0.9889800848543,1.9664245322208354,0.022865401537451573,1.3363723877521303,0.7920744858903854,9.314539547309973,0.13119069784943624,7.2059224939735484,0.9388963871187171,0.7465185301526936,0.051697959151848584,0.549184177580387,0.8398176278515233,1.6052274281567875,0.12443623474083626,1.1815019885923879
Dataset_0172,multi_output,ALL,lightgbm,123,4,0.9835615707228884,1.0700985989442668,0.0058220816047022134,0.552610204811277,0.8985163448355863,1.6730143510999924,0.010405612334245506,0.971561647292172,0.9945609832630758,0.06823616193189917,0.017496451777410046,0.05064689279429825,0.9903570827227326,0.09477156380013492,0.038214340241989886,0.07043680296727754,0.9924018146454152,0.5164256512759765,0.01986252504907602,0.38668759211413156,0.9387203883533125,1.7064970570975282,0.08126176462369182,1.3235292282496138,0.9969218890188233,0.07813321626023928,0.012985410713019657,0.0595457108259172,0.989237575012014,0.16301381142155164,0.037656228094606524,0.1263801486479652,0.9882958441327483,2.188537153862441,0.025448106440260944,1.6609731979877909,0.9433600051224823,3.105723122400495,0.06751572005218467,2.332015007456451,0.9456273225543798,0.8114208260218114,0.054311969613240384,0.6051976303342473,0.6309066729673894,1.1839263592038716,0.15217562457633313,1.0054470491395517
Dataset_0172,multi_output,ALL,lightgbm,7,0,0.9879574473082521,0.675572491533284,0.0036755848287991512,0.3898814091531885,0.9148825561129608,3.53723309712446,0.020268353753864658,1.6134844601821883,0.9925274545624833,0.07758554873182227,0.024245483978694464,0.056036584709627336,0.9551902271228979,0.21825137994606691,0.05713386909582904,0.11290995670575509,0.9889437305868827,0.6400060375464016,0.026666918231100067,0.4584439481080683,0.9651802309629297,1.1326351704387623,0.05148341683812556,0.8776814885920534,0.997098240546071,0.0774303417079425,0.013834257943173573,0.06244705611163789,0.9651060490661425,0.26366303461072343,0.047166911379378076,0.21516996344155295,0.995497327011519,1.2288241465141485,0.014288652866443588,0.947578771921821,0.873183864152696,7.684621313016857,0.11009486121800653,5.703700863151682,0.965720483834304,0.591911708146871,0.04099111552263649,0.42490068491478794,0.8157524092601376,1.4514375296605904,0.11251453718299151,1.1579600290198984
Dataset_0172,multi_output,ALL,lightgbm,7,1,0.9839606068826903,1.0150709815743306,0.005522693044474051,0.5256148735684374,0.9315430382319863,2.3879506828971557,0.013502689753447305,1.2375471537660157,0.9948596048064672,0.07181268141682116,0.018413508055595173,0.050716127145482626,0.9250112367044823,0.16312718723348404,0.07957423767487028,0.11513402177487113,0.98921840134103,0.6598330369449932,0.025378193728653582,0.5382715937650872,0.9593209204470984,1.04834775725308,0.0551761977501621,0.8263818493128184,0.9974950547774473,0.07692364515249966,0.012784385100963878,0.05901773204247813,0.9767745520448415,0.15458653303546757,0.03846392959329873,0.11323790169836188,0.9884270538315262,2.0500991533753887,0.023838362248551032,1.472811461238748,0.9290811894382971,5.075235576690909,0.07344769286093936,4.220514062155896,0.9498029196569808,0.7088617668212996,0.04861877687388887,0.507257453650391,0.8675272925252118,1.2664855566833992,0.09493894727761612,0.9124679338881305
Dataset_0172,multi_output,ALL,lightgbm,7,2,0.9825932700003988,1.098773150032171,0.006211267100238388,0.5513198066350482,0.9716166504169934,1.7797481297547355,0.00968438650390279,0.8943679068008361,0.9946097043039352,0.06826289607730396,0.017503306686488196,0.049950020739920525,0.9861173605921384,0.10826275361661335,0.03409850507609869,0.09090158768028712,0.9902270313821357,0.6026572079629716,0.02232063733196191,0.42582036340606044,0.9634388120422908,1.0979045434210968,0.05228116873433794,0.9240963802109506,0.9955696378214527,0.09567677774096997,0.015901076573204248,0.0770406909742365,0.983284016752341,0.18176851834737595,0.03916580873677568,0.12827894997914374,0.9843228097823964,2.2664621484700893,0.029782682634298153,1.6565134704257536,0.9718248192131729,3.7465570846691634,0.043564617263594924,2.7491601903762892,0.9482371667120731,0.7229466969431166,0.04839000648882976,0.5472744876292701,0.9534182434850236,0.7420727953477039,0.05385143652740958,0.5794024257575104
Dataset_0172,multi_output,ALL,lightgbm,7,3,0.9846981192256268,0.9758950789787888,0.005309548851897654,0.5198507269802166,0.8948176298887581,2.675660535494073,0.016025277965406363,1.32315706603339,0.9931051956803858,0.07659628669779919,0.019640073512256207,0.050648357817178934,0.9700178258590645,0.1608665372842185,0.05664314693106285,0.13823684702406253,0.9881657289495719,0.6823633084414815,0.025272715127462278,0.4981289157688106,0.9172874691462433,1.3560130166556095,0.07976547156797703,1.1023965923599934,0.9962490581737927,0.09022816146236988,0.014995539548341345,0.06894621162150708,0.9851400324775191,0.14930395057401036,0.03830270666341979,0.12687298826303822,0.9902070394378589,1.9455689963503529,0.02262289530639945,1.448278549035112,0.8640059406903752,5.653748450950403,0.0852430976396593,4.338844349483721,0.9557635738865241,0.7049748288778741,0.04718707020601567,0.5332516006584748,0.737636881270588,1.3942682473483365,0.164031558511569,0.9094345530361341
Dataset_0172,multi_output,ALL,lightgbm,7,4,0.9885077738893544,1.1180846885930766,0.006083986878482256,0.4918010899705306,0.8805170659008356,3.2466995897327076,0.01846814328630664,1.6102720463560032,0.9978520855030372,0.04192513547199782,0.010819389799225245,0.030212297029495166,0.9884801486430639,0.10980399540386389,0.03921571264423711,0.07655743414893641,0.9957921504567384,0.3727963618378081,0.01380727266065956,0.30463192659954613,0.9252092607709038,1.9596847263725956,0.08709709894989313,1.49382508160077,0.9964585801980281,0.07810277288886526,0.01319526489083718,0.05785170538486417,0.9936291793587502,0.14589757344015314,0.026067102633581047,0.11206882374752844,0.9857415077089362,2.396449496724123,0.027865691822373525,1.6313776332827785,0.7609183500602665,6.828441548499487,0.12021904134682197,5.30070041577777,0.9666945455800321,0.6006344782522057,0.04020311099412354,0.4349318875559694,0.7343483906711941,1.4845773480887332,0.13255154893649404,1.06820847650501
Dataset_0172,multi_output,ALL,lightgbm,2024,0,0.9875939738329178,0.9035949592359229,0.004916185850032224,0.47029171526210634,0.8815221828639721,3.0199751958531666,0.017073582066107908,1.258760024076668,0.9974045539608186,0.04683882296513882,0.012009954606445852,0.033873750186028,0.9795582404564205,0.13990749368223854,0.05422771072954983,0.10722111287930576,0.9896701196223311,0.6241165306948128,0.02311542706277084,0.42308186777692375,0.9487424854391651,1.3795414320888826,0.06131295253728367,0.9882073830786359,0.9965042135142358,0.08187631811534671,0.013607498440310239,0.060231625906017654,0.9782639553616678,0.24268081455912824,0.04510795809649224,0.17659497364504098,0.9918779116053786,1.818551316038602,0.02114594553533258,1.400434527769538,0.7942908737657742,6.342850649230454,0.10213930191997511,3.530605405259708,0.9625130704618252,0.6138984541646125,0.04210551811828619,0.4338368046720244,0.7067553592968334,1.8406232401024676,0.12746698338659745,1.4911712455206494
Dataset_0172,multi_output,ALL,lightgbm,2024,1,0.9847047526766441,1.057276910055943,0.005976692538473391,0.5363850592998816,0.9619266689036408,1.7719371018540795,0.009641096370064092,0.9412018573633949,0.9953163839733618,0.06679954999348561,0.01712808974191939,0.04756706142570668,0.9837286520692078,0.09310093018484827,0.03738993180114388,0.0712038226008322,0.990545301616841,0.6128929406451007,0.022699738542411137,0.4707885702458782,0.9731796018836942,0.8642350345003934,0.04454819765465944,0.6622300325492328,0.9971911129526195,0.07947965718782941,0.01320918351135606,0.05749436283168884,0.995458401391786,0.08121069514096271,0.019423749136800457,0.06554164804574837,0.9843574264509922,2.187589895507938,0.027656003735877854,1.607890798637072,0.977218408258942,3.6369057303187287,0.04381814132914131,2.914191972069859,0.9561135383894058,0.6459147151754281,0.04323391667840884,0.49818450335906184,0.8800482809145739,1.3075002938223406,0.10151399796757303,0.9928418115513024
Dataset_0172,multi_output,ALL,lightgbm,2024,2,0.9845047306003826,1.1215867925663736,0.006102213234855133,0.5543260595185934,0.9179470759613592,2.0734480802606776,0.012410283287509668,1.150249172895204,0.9947004159516099,0.0650450076290962,0.016678207084383643,0.041917502028645776,0.9899359129995172,0.10735819797789592,0.03408196761203045,0.07239537617405087,0.9899553196916935,0.5993754456984791,0.022199090581425152,0.4190299890130172,0.923664246469586,1.8493035301079972,0.08806207286228558,1.545280885333751,0.9976562911411627,0.06859465120153718,0.01140014146610224,0.05460978826036087,0.9821138779972803,0.20689706872399594,0.04618238141160623,0.1724199772788806,0.9848250640610635,2.3352729662827563,0.027154336817241352,1.7184008335485188,0.9588873948270074,3.9040634448455376,0.06471717272847971,2.8694377546418974,0.9553865621563837,0.6841767572406888,0.045794963670728835,0.5376721847424241,0.7351339475134046,1.6673234839450626,0.1667323483945063,1.09171187104744
Dataset_0172,multi_output,ALL,lightgbm,2024,3,0.9852803565389079,1.1727010248273733,0.006380657406971943,0.5587532056021619,0.9327468118541088,2.473297361569159,0.014548808009230347,1.2606848734682259,0.9966982153922987,0.05507432892180234,0.014157925172699832,0.037174394621197086,0.9830318214909118,0.10056190510970425,0.03591496611060866,0.07277674287827274,0.9959795367852072,0.38316038200239955,0.014736937769323059,0.3228898611410356,0.8963541759365897,1.970033945446408,0.09162948583471665,1.5685434829275866,0.9975572304656699,0.07157765453113858,0.012340974919161824,0.05762641207158813,0.9908319287698211,0.12831131181297925,0.02853264661173654,0.1103943625212817,0.9833045404991168,2.4866929965107385,0.02996015658446673,1.7962742236351368,0.919740810635402,5.097117148621084,0.07059719042411475,3.8531034055541693,0.9528622595522469,0.7331630027420316,0.04907382883146128,0.5798011365418521,0.8737753224378191,0.8353356997327993,0.08205655203662075,0.6986063734598192
Dataset_0172,multi_output,ALL,lightgbm,2024,4,0.9824172059919041,1.0608596809746054,0.0057718154568803335,0.5630056383419921,0.923923462624338,3.0328974578399364,0.017383489756634014,1.4319127205710331,0.994264171105917,0.06905197190202045,0.021578741219381394,0.05294291503378572,0.9355254237300535,0.2539467492779526,0.06735988044508026,0.15571708178018304,0.9865651671020502,0.7100492311705079,0.029585384632104497,0.5281024517154304,0.9509620776467832,1.1684897844385311,0.053113172019933236,0.8407907298354595,0.9965967422440465,0.08517736155661472,0.015218395847170755,0.06534775658069492,0.9716023124281395,0.22267926859705064,0.04193583212750483,0.1589019568435291,0.9878914906639794,2.1284537480471855,0.02474946218659518,1.6055867814514808,0.8599801352348764,6.606917911812053,0.10993207839953498,5.2999941688053545,0.9467684588435276,0.7619761725805236,0.05276843300419138,0.5630482869285693,0.9015473640818377,0.9281849336031311,0.07195232043435126,0.7041596655906399
Dataset_0172,multi_output,ALL,lightgbm,99,0,0.982700814611067,1.0286580760177066,0.005596616300422778,0.5427199921540347,0.9302805237495815,2.6250007662069748,0.015041260406870127,1.384592754274325,0.996240974649754,0.057833479386063195,0.014829097278477744,0.03875202150925194,0.9865698846910544,0.10284784001683393,0.04081263492731506,0.07466680095984678,0.9889230074544887,0.6672542054585203,0.024713118720685937,0.4900097044403839,0.9677985360188408,0.9261740335747195,0.04517922114998632,0.7447451302852727,0.9962045443931821,0.08817843722363673,0.014654884032513998,0.06009742299170451,0.9773446442855627,0.22329315698523655,0.04188579196871817,0.15943239972092307,0.9886569575172767,2.0494157304793537,0.023830415470690158,1.5524779744948185,0.8974977659106217,5.686934563286928,0.07705873391987707,4.995382004079476,0.9434785890406328,0.7963881136825468,0.05330576396804195,0.5722628373340146,0.8221917878418274,1.0925587092728297,0.12853631873797997,0.9487374363261076
Dataset_0172,multi_output,ALL,lightgbm,99,1,0.9864678936222513,1.0083497757661766,0.005486423503815096,0.46987861480018334,0.918790903179825,2.2764631063480567,0.012868643902476296,1.1936364871409686,0.9947897351951612,0.06966038545211146,0.017907554100799864,0.04619430653382594,0.9767590175813985,0.11978092209970663,0.04791236883988265,0.09247013438313516,0.9959958209770519,0.39213819945543593,0.014523637016867997,0.3140462251172966,0.8668308578884699,1.9945826772419766,0.12162089495377902,1.4473252989791017,0.9966369924025672,0.08441047656760164,0.014260935389018695,0.062449432698718374,0.9875767661595913,0.15343224062277583,0.03450241525135503,0.12228878981610905,0.9869238673243587,2.121244135372745,0.02466562948107843,1.427190207744057,0.9530268207766326,4.441171529308714,0.06335480070340534,3.378981875934423,0.9579930522121177,0.6468536188793965,0.0443658174814401,0.4995129019070187,0.8097610534930331,1.473488324338396,0.1049493108503131,0.9271163365920739
Dataset_0172,multi_output,ALL,lightgbm,99,2,0.9837625268197353,0.8979836990181109,0.004885656686714423,0.49233776103853877,0.953696052688208,2.829206042412005,0.016655124756649233,1.2488036465564796,0.9954494058362633,0.06300123777700399,0.016154163532565127,0.04324346400121941,0.9792264879919007,0.1331622906794533,0.04639801068970498,0.10826391452723784,0.9888710242847034,0.6644491163768813,0.024609226532477085,0.4554113111388632,0.9567552535030396,1.0994458265596128,0.0666330803975523,0.9314955504717324,0.9981531891127005,0.06353398450627631,0.010559080024310505,0.05180498659688586,0.9834435985003315,0.162019623464473,0.03971069202560613,0.1248115912319289,0.9910016050999878,1.7564672914000183,0.021162256522891786,1.3905998310058105,0.9163248888015333,6.138355807512212,0.08501877849739908,4.22161392297798,0.9453374097650218,0.7051226285905405,0.04719696309173631,0.520629212449915,0.9327300346442353,1.043962859922793,0.08627792230766886,0.8578332535735179
Dataset_0172,multi_output,ALL,lightgbm,99,3,0.9839894707255583,1.1232957633027851,0.006349891256657914,0.5502414024296745,0.9136334152007166,2.2465594765591814,0.012229501777676547,1.261902163091737,0.9934944219987848,0.07125177219790937,0.02226617881184668,0.05236813499001396,0.9459650896322243,0.2518070081075857,0.0662650021335752,0.15126905874755203,0.9875375355345595,0.6781772960073079,0.02825738733363783,0.4666037980858395,0.9398946714020799,1.4585264168299017,0.05834105667319607,1.166742061820025,0.9964506250691325,0.0846671594212709,0.015127239489239037,0.06905304303954171,0.981824298518421,0.2018260733254023,0.036562694443007665,0.12956579270614085,0.9847759373807168,2.3245376972498564,0.029387328663082888,1.6950631600415509,0.9478210380777347,4.534820257903454,0.06870939784702203,3.7537201506067186,0.9576888336445981,0.6582716502999918,0.04558667938365594,0.4681188759914261,0.7526619783731229,1.5617659220577995,0.10711700425636486,1.1082137515782495
Dataset_0172,multi_output,ALL,lightgbm,99,4,0.9861963810913362,1.188308581424967,0.006465226231909505,0.5723393229175817,0.8771475381412749,2.686126655779439,0.016073522160066057,1.3051378150392703,0.9935744912008639,0.07479958190499067,0.019179379975638636,0.04769673894336939,0.9873287320437946,0.09863900088185333,0.030921316890863113,0.07163969780490442,0.9917009355982312,0.5160185661561012,0.020640742646244048,0.4020690656438188,0.9455634518039755,1.7452985942310781,0.07272077475962825,1.3843461179401138,0.996342480638991,0.08604845478059259,0.014300889941929962,0.06810798972681237,0.9905010358760248,0.14040291908060387,0.02919586589324264,0.12328350793574565,0.9841554820037383,2.524347015633532,0.02935287227480851,1.843233791288313,0.8073529852936745,5.593803309166259,0.14224547512183752,3.9603977456348605,0.9652085160148566,0.6393622552685471,0.04279533167794826,0.5005890289855949,0.6549914856889051,1.3077602141059603,0.17672435325756225,0.9860220058807264
