dataset,mode,target,model,seed,fold,train_r2,train_rmse,train_nrmse,train_mae,test_r2,test_rmse,test_nrmse,test_mae,train_Si Particle Size (um)__r2,train_Si Particle Size (um)__rmse,train_Si Particle Size (um)__nrmse,train_Si Particle Size (um)__mae,test_Si Particle Size (um)__r2,test_Si Particle Size (um)__rmse,test_Si Particle Size (um)__nrmse,test_Si Particle Size (um)__mae,train_Hardness (HV)__r2,train_Hardness (HV)__rmse,train_Hardness (HV)__nrmse,train_Hardness (HV)__mae,test_Hardness (HV)__r2,test_Hardness (HV)__rmse,test_Hardness (HV)__nrmse,test_Hardness (HV)__mae,train_wear rate__r2,train_wear rate__rmse,train_wear rate__nrmse,train_wear rate__mae,test_wear rate__r2,test_wear rate__rmse,test_wear rate__nrmse,test_wear rate__mae,train_Ultimate Compression Strength (MPa)__r2,train_Ultimate Compression Strength (MPa)__rmse,train_Ultimate Compression Strength (MPa)__nrmse,train_Ultimate Compression Strength (MPa)__mae,test_Ultimate Compression Strength (MPa)__r2,test_Ultimate Compression Strength (MPa)__rmse,test_Ultimate Compression Strength (MPa)__nrmse,test_Ultimate Compression Strength (MPa)__mae,train_Elongation (%)__r2,train_Elongation (%)__rmse,train_Elongation (%)__nrmse,train_Elongation (%)__mae,test_Elongation (%)__r2,test_Elongation (%)__rmse,test_Elongation (%)__nrmse,test_Elongation (%)__mae,train_Temperature (°C)__r2,train_Temperature (°C)__rmse,train_Temperature (°C)__nrmse,train_Temperature (°C)__mae,test_Temperature (°C)__r2,test_Temperature (°C)__rmse,test_Temperature (°C)__nrmse,test_Temperature (°C)__mae,train_Strain__r2,train_Strain__rmse,train_Strain__nrmse,train_Strain__mae,test_Strain__r2,test_Strain__rmse,test_Strain__nrmse,test_Strain__mae
Dataset_0136,multi_output,ALL,linear_regression,42,0,0.8216614771218794,4.350049656315892,0.01013525083018614,2.692330119293144,0.5912757575861292,5.182546442876062,0.012248987102046945,3.480637186868337,0.9121906651298551,0.24379515569894428,0.073877319908771,0.19890112521992484,0.9534036062609659,0.1724997559832661,0.08214274094441243,0.14037104703783787,0.943105463510265,1.264496094950516,0.05747709522502345,1.0979531818658035,0.9278547798544697,1.6122595973207317,0.10401674821424076,1.2527036858814249,0.9166898285705078,0.28095028864999816,0.06802670427360731,0.22561967167250782,0.941007749194849,0.22247172594960196,0.09006952467595218,0.1937159751967379,0.7485697629441721,7.93914559066234,0.12805073533326355,6.173680460319779,0.6834099278761163,8.931934924485816,0.1900411686060812,7.9702036481135465,0.3094352797085198,2.4962705554024436,0.2228812995895039,1.8221595953618812,-1.2592865671292062,2.485718356445932,0.4285721304217124,2.0842821754832905,0.9533004643804573,6.480431080066722,0.057860991786310025,5.9914065160429555,0.9298265713194005,8.291641591988538,0.07273369817533806,7.9123103634379675,0.9683388756093794,4.4120084078706014,0.04502049395786328,3.3365902845691577,0.9627142357263081,5.533832763224897,0.06667268389427587,4.810873412927555
Dataset_0136,multi_output,ALL,linear_regression,42,1,0.7928979302332243,4.534811696646562,0.010715528583758417,2.861222986829223,0.7651102137658903,4.828514512344399,0.011250295935004075,3.244851732305706,0.918981409152563,0.23671876011227916,0.07173295760978157,0.18552632211648679,0.933522851041669,0.19373154869733072,0.09269452090781374,0.1725037776783131,0.9505925970310084,1.2504419499779338,0.05683827045354244,1.0319024321645018,0.8776890140118001,1.6791048311992216,0.12437813564438678,1.5117560925582114,0.9383286329514064,0.25111248958990157,0.0608020555907752,0.20099598741945274,0.7877329885018423,0.3402846183580536,0.17631327376064956,0.2630960290321501,0.6887661436471098,8.248109910469537,0.16172764530332426,6.834825577726977,0.8191221220175814,8.331111516453404,0.13437276639440976,6.865780374855523,0.14254013171763336,2.243419839596225,0.23614945679960261,1.779742559704011,0.015872311593784993,3.498820526153314,0.3364250505916649,3.0092644756442843,0.9466519266120842,6.810898493374384,0.05974472362609109,6.251928222161268,0.946836238339915,7.755147910195972,0.07385855152567593,6.98261213054831,0.9644246705207646,4.7766445948266165,0.048741271375781804,3.74363980651186,0.9749959708546391,4.293910213314168,0.0631457384310907,3.908949245823152
Dataset_0136,multi_output,ALL,linear_regression,42,2,0.8369303786344383,4.234363435433243,0.009865711638940455,2.6648890564278256,0.2993463657030962,6.109898711190173,0.015525088835447015,3.2320686699452486,0.9314902785134401,0.18438544978366034,0.08381156808348196,0.16019141021735658,0.793411306588695,0.4393083023438255,0.16577671786559456,0.3196212285012155,0.9290629179803593,1.3675535112584147,0.07392181141937378,1.1718184103275815,0.9609900374730938,1.1740888791873432,0.07338055494920895,0.9775472735509985,0.9105608684040932,0.2619630515268461,0.07060998693445987,0.2147619798609155,0.901016166992163,0.3307472578827818,0.1060087365008916,0.26474656407461455,0.8358003971172274,7.024877229411336,0.11330447144211833,5.649605272868405,-2.0714050715564976,12.968137523650446,0.6175303582690689,8.15632743089203,0.32923406508856135,2.2789774551923827,0.21298854721424137,1.6882474474149143,-0.28276419619917803,3.0840614011730434,0.32463804222874143,2.0960927395750653,0.9485545280504815,7.14767147177206,0.059563928931433835,6.601225001197561,0.9310996062773997,5.875654486648709,0.0816063123145654,5.646911072778997,0.9738095952869056,4.231331337152001,0.04454032986475791,3.168373873108048,0.8630767103459972,6.8867862165668745,0.1465273663099335,5.16323438024382
Dataset_0136,multi_output,ALL,linear_regression,42,3,0.7968320068563937,4.679379014406704,0.010902814637821721,2.9627060505840346,0.7782319258190815,4.043324362533124,0.00983298726296966,2.4954640475604477,0.9229271549905094,0.231263603193329,0.07029288850861065,0.18972212883286357,0.7100784491740546,0.23356494960936422,0.16683210686383157,0.1643055273409398,0.9481698025251611,1.285733603112126,0.061225409672006,1.05534248139815,0.7427027927124237,1.5418138350603725,0.15418138350603725,1.4966375612534608,0.9293443217697681,0.26362183413418355,0.06607063512134925,0.20278124702215197,0.7005089921327223,0.29744463511857955,0.15991647049385996,0.2452509827523712,0.7090438948902356,8.734080296484787,0.14087226284652882,7.3036634391884645,0.8502088799015093,5.036636477987069,0.11713108088342021,3.551715076133056,0.15821935580005753,2.625138253330157,0.23438734404733547,2.0565926655338385,0.5895972027580844,1.4756286742346583,0.21385922814995045,1.3303169055215474,0.94571394497356,6.799133981380308,0.0566594498448359,6.034819591462006,0.9071275419694992,7.97832347804559,0.11562787649341436,7.791730273532925,0.9644055730454636,4.700669434051021,0.05222966037834468,3.8960208006507635,0.9473996220852767,4.5519506796537,0.07112422936958906,2.8882920063888355
Dataset_0136,multi_output,ALL,linear_regression,42,4,0.8248486248074153,4.377884254185332,0.010200103108539917,2.6735349552562995,0.6960115324613796,5.1779334959784284,0.013246184435861931,3.426350395732979,0.9462704649663684,0.2021467562869059,0.06125659281421391,0.15860983758896155,0.6144085153977902,0.3414992694827322,0.20088192322513662,0.3220118153173067,0.9470182556498279,1.3402056043061288,0.06091843655936949,1.1453208657475102,0.8952435137489678,1.3514743005228067,0.09193702724644942,1.1715805535555492,0.9436345998541802,0.2274203405823194,0.05506545776811608,0.16896289882930088,0.8289325872091056,0.4183648056853533,0.12563507678238836,0.3734118593389561,0.7289769110583952,7.896660285762405,0.12736548848003879,5.962349097789213,0.7645346706572029,9.042788018137758,0.18454669424770934,8.42988081154995,0.28254621497631605,2.314782832899804,0.20667703865176823,1.6966614724864924,-0.06754201356760214,2.9925160707693457,0.40439406361747915,2.0480845322708827,0.9535380749209449,6.658964093597704,0.05549136744664753,6.119805300059394,0.9041983835703167,8.250453392137535,0.11149261340726399,7.69032478161135,0.9719558522258754,4.496119814357405,0.045878773615891884,3.4630352142932224,0.9323050702138767,5.173169688318605,0.08621949480531009,3.949158416486859
Dataset_0136,multi_output,ALL,linear_regression,123,0,0.8130438285965135,4.69304581047368,0.010934403099892078,2.9093046673120893,0.7199201788010059,3.9693701869866485,0.010079660200575541,2.779884605793041,0.9301650160876408,0.22448027150982233,0.06802432469994617,0.17169878844599046,0.8674708300429683,0.25531898768523853,0.12765949384261926,0.2401587022879243,0.9553652198887251,1.1967057460318111,0.05439571572871869,1.014975048479577,0.8580375760423292,1.9291406796552293,0.11347886350913114,1.63269463582375,0.938058807541425,0.25288101165271876,0.06123026916530721,0.1942159480133188,0.8150902373244652,0.33541312261732076,0.14659664450057724,0.26235014062742523,0.7125508785624338,8.60973693508397,0.13886672475941886,6.711329049567446,0.8157960689193504,6.396384651142606,0.13053846226821644,5.834691840916751,0.2341744636810401,2.490244702677102,0.22234327702474127,1.8839611554217475,-0.19378814761020147,2.634744404748461,0.36092389106143297,2.1589214419046527,0.955057683473364,6.827651066650704,0.0568970922220892,6.284434453572217,0.9013827454588395,7.094923880131036,0.1266950692880542,6.8469324570368215,0.9659347309409653,5.067602998953034,0.051710234683194224,4.104518227684328,0.9754519414292895,2.863296126947419,0.05843461483566161,2.4834430219539616
Dataset_0136,multi_output,ALL,linear_regression,123,1,0.8016499333581331,4.6237670479179265,0.010772989394030584,2.899824067945995,0.7875561804012355,4.2518642392865775,0.011043803218926175,2.8820591557578,0.9279670284146684,0.23003821279558107,0.06970854933199426,0.1871729513087479,0.8117673233776375,0.2485378236762081,0.19118294128939087,0.21202320691420895,0.9521382282480788,1.2385631378389337,0.05629832444722426,1.0282076021680588,0.8067121393900449,1.901532059808559,0.15846100498404658,1.7530069165850304,0.927426480840614,0.26888879286753553,0.06510624524637665,0.20504791023073607,0.8687161785496259,0.26954022137392514,0.12896661309757185,0.24484291321345836,0.7195250613596766,8.28037660367238,0.14786386792272108,6.661444078446693,0.7691112599725309,7.870532473881468,0.15135639372848977,6.915289041088412,0.16445698910953588,2.5146255820452077,0.2245201412540364,1.988499385702937,0.40422088637401066,2.1807742610426017,0.24503081584748337,1.7103982749930806,0.9531644740964416,7.0154398846864865,0.05846199903905405,6.478154589844558,0.8825988518761086,6.658416256022065,0.10915436485282073,6.12092049295513,0.9668712714379147,4.887833803743856,0.04987585514024343,3.7502419579202306,0.9697666232686899,3.4296697467168507,0.06351240271697872,3.217933244555277
Dataset_0136,multi_output,ALL,linear_regression,123,2,0.8351080939590402,4.239442773411273,0.009877546070389733,2.639619176123241,0.6439037078803265,5.591942409679005,0.013213786738058567,3.5915103251915204,0.934231186750268,0.2145559580143296,0.06501695697403928,0.16611979446392847,0.8349446098224322,0.303517939617408,0.15252157769718996,0.2642005930845955,0.9389765824300859,1.365180684106879,0.06205366745940359,1.1415136079695876,0.9537831228273088,1.209412780804772,0.07558829880029826,1.0542055204580427,0.9382006433727973,0.2369457159057872,0.05737184404498479,0.19530610380276076,0.8724721013984195,0.3661270253032678,0.10768441920684346,0.2907380394777421,0.7870693423423353,7.578599221603126,0.12223547131617944,5.9855931689319,0.4033557200118598,10.194096538482139,0.23707201252284044,8.51985305164075,0.32539939643116,2.32776603676494,0.20783625328258393,1.7081403853951396,-0.4528369774309797,2.939073590695773,0.3971721068507801,2.022012683812082,0.9501739997488745,6.595807345603117,0.05496506121335931,6.140552760418187,0.9393508145095548,8.208532593673807,0.07743898673277176,7.465550498647701,0.971705506637759,4.18161379704385,0.042669528541263775,3.140108411881184,0.9562565640236899,6.104270868059627,0.07016403296620262,5.524011889219727
Dataset_0136,multi_output,ALL,linear_regression,123,3,0.7983037916289274,4.590715035857988,0.010847881650932176,2.864555227566313,0.7302068760419322,4.489996951198419,0.010461316288905917,2.8734397204767723,0.9082197889087055,0.2311781652489459,0.070266919528555,0.19234027238838855,0.9486532266267234,0.23090433699148177,0.08880936038133916,0.1549501277618411,0.9358631645953522,1.3383757077599394,0.06373217655999712,1.1418197171549491,0.9521730751696225,1.4268580398381765,0.07509779157043034,1.0537686224261742,0.9133061225020991,0.2757183783620121,0.06910235046666968,0.22028967949436928,0.9459479235326955,0.252575665601252,0.08363432635803045,0.20466700861146236,0.6819110763848317,8.572429772438053,0.1452954198718314,6.972047812684903,0.8587262281602395,6.171873452131108,0.11429395281724275,4.936080654768806,0.2501455549767876,2.5012455131176488,0.22332549224264722,1.8996668008168451,-0.5267868597673866,2.3339240794558784,0.4488315537415151,1.9233999158721822,0.9358700520850959,6.819644914347693,0.06433627277686503,6.177446881450658,0.9608025662641478,7.865007954283212,0.0655417329523601,7.3171476475824795,0.9628107819496202,4.399045373911261,0.04887828193234735,3.4482754289740756,0.971931972307483,5.793953707799933,0.06366982096483442,4.524064066314461
Dataset_0136,multi_output,ALL,linear_regression,123,4,0.8285338490401429,4.08198980715916,0.009510693865701678,2.598164528566247,0.6836102880982555,6.356762786149019,0.015477873840148572,3.6984683690762856,0.9244422544926951,0.2156243729914686,0.08293245115056486,0.17900163062332455,0.8875081271579033,0.299510482638429,0.10696802951372465,0.20820070194338477,0.9468700713277625,1.280093778977743,0.06737335678830225,1.078255528764255,0.910615311218506,1.5449712055343632,0.0965607003458977,1.4062630387789739,0.9194535204942303,0.26398105669483546,0.07115392363742196,0.21853424128735296,0.9229686428957634,0.2893645235986873,0.09274503961496387,0.22477887830172325,0.8168534012831216,6.8381335600303705,0.1102924767746834,5.611914927550129,0.20686027469942336,12.93068423622141,0.32902504417866185,9.378553868466469,0.26804001703337554,2.1404020642946415,0.2058078907975617,1.5381393567602202,0.02474684113664516,3.5955494402133206,0.3210312000190465,2.9823472198877456,0.9490794245624375,6.787273063843882,0.05656060886536569,6.258118444016857,0.9295378080765443,7.571680140839975,0.08507505776224691,7.038168176474244,0.9749982540873773,4.1803347143415,0.04400352330885789,3.30318757096159,0.9030350115030038,6.545055133751855,0.10556540538309445,4.6509666996814625
Dataset_0136,multi_output,ALL,linear_regression,7,0,0.8243149383005616,4.208111543234231,0.009943552795922095,2.6539340246655363,0.6889346483176426,5.956469136337399,0.013887780686261132,3.2160937840335544,0.9186746937313348,0.20631337543524458,0.08596390643135189,0.1723000321820194,0.8990035083598926,0.32786909093331623,0.10928969697777209,0.24961851544858094,0.9350680422746454,1.3549320075939906,0.0713122109259995,1.1599118167460556,0.9558403248538103,1.2728238221092776,0.06993537484116909,1.0051200076039368,0.919342751351348,0.24896828679097824,0.06710735493018281,0.19952750039966002,0.9184679298741804,0.3435896554951012,0.09162390813202698,0.27624183982999084,0.7823031856556464,7.255608301602181,0.12297641189156239,6.049007462437294,0.535223705754192,11.233288204605849,0.2160247731654971,6.760948827227571,0.2952136706620233,2.346928571384376,0.21933911882096974,1.6340195655940217,-0.3594884893788215,3.040725023462536,0.3577323557014748,2.0544673122769597,0.9474380761552128,6.782087555425291,0.05949199610022185,6.203994928101289,0.9353172485696583,8.251955317880256,0.07712107773719866,7.2158902916660494,0.97216414827372,4.227101962962457,0.04449581013644691,3.158776867198416,0.9381783101905855,6.556180321372965,0.08094049779472796,4.950369694181793
Dataset_0136,multi_output,ALL,linear_regression,7,1,0.8142417273319802,4.552157850945177,0.01060639309151,2.8456784538400632,0.7558123903675183,4.598385478842722,0.011210105994253346,3.194887589332342,0.9285544217722417,0.21268235516712147,0.06464509275596399,0.16986901753496164,0.9006635284627256,0.2878097524624747,0.11992073019269778,0.23857546895727316,0.932665035657679,1.3852985556662734,0.06596659788887016,1.169615760499101,0.9697851216548679,1.0869400816534847,0.05720737271860445,0.9757076594651437,0.9228814695301012,0.2635516641627288,0.06605304866233803,0.21009357567571613,0.9235567034606887,0.28825406541651255,0.09614878766394681,0.20247209688129683,0.7104636212244296,8.316021175236873,0.1341293737941431,6.666070998972341,0.8004011749378466,7.512592933736238,0.15984240284545187,6.856946782622003,0.2998703344525643,2.1199311735871826,0.19448909849423696,1.6851581571161696,-0.23959808458905374,3.8198605146808498,0.41976489172317033,3.313293640274069,0.9387467267509645,7.081299254769803,0.06322588620330181,6.475562341153417,0.969628652028974,6.3819931917411115,0.06318805140337734,6.048464808925059,0.9665104819358801,4.384760751044591,0.048719563900495456,3.543379325928738,0.9662496366165793,5.9083377902929115,0.0649267889043177,4.728752668201552
Dataset_0136,multi_output,ALL,linear_regression,7,2,0.8038358087199305,4.500647197487393,0.010486130469448726,2.8777923794744718,0.7704954455840808,4.783030521165941,0.011304728246669678,3.0910451552863907,0.9183694636266609,0.23709944171297104,0.07184831567059728,0.19418660693790138,0.9215285197734582,0.20514954726225582,0.10257477363112791,0.16704126169742745,0.9363839357912588,1.3915264689082925,0.06325120313219511,1.1939467789836795,0.9621837655740204,1.0122805473582766,0.0674853698238851,0.8901429922923256,0.9243819919906181,0.26917736428200906,0.06517611725956636,0.2106304418235719,0.872526231345638,0.28131873701221166,0.12845604429781357,0.2504268794888045,0.7220272374713295,8.031608149184779,0.12954206692233514,6.448516595646239,0.6408963334689157,8.958367084655642,0.20131161987990207,7.673893573682597,0.20888520096773866,2.6019793395878588,0.23231958389177312,2.101831186976503,0.1068942840155831,1.8775072785607783,0.3237081514759962,1.599677482450789,0.9493435687261162,6.931724144674855,0.05776436787229046,6.49800963746472,0.9326949045287115,6.706436211233525,0.08709657417186396,5.998388682609386,0.9674592624657917,4.516628421491117,0.0460880451172563,3.4974254084886875,0.956744080382238,5.499278791796601,0.07431457826752164,5.057745214783408
Dataset_0136,multi_output,ALL,linear_regression,7,3,0.8243950781101385,4.5261358438798505,0.010545516877632458,2.7770305960725463,0.7373233962133382,4.624610764558525,0.011246895023124407,3.0173774374398676,0.92837490809764,0.22784861379797114,0.06904503448423369,0.1820792025440751,0.846729499248189,0.25069710414899204,0.1259784442959759,0.19931597999662345,0.9535078678682837,1.1921009665247355,0.05418640756930616,1.0107981789332932,0.8979740192235773,1.7781350687258288,0.10776576174095932,1.640771657838751,0.9423624902885134,0.2309988952081646,0.055931935885754146,0.18210693323175947,0.841026926475467,0.3962822441764709,0.13209408139215698,0.3501583326034505,0.7467624827696864,8.162463424062746,0.1457582754296919,6.388339412808239,0.6061783353573853,8.264425715938982,0.18243765377348747,6.597245689577485,0.28558108646497715,2.2227846715828545,0.19846291710561204,1.6261859518753239,0.052386560734065335,3.2026622086654095,0.30794828929475093,2.5215241369813426,0.9461861038103041,6.967001546959095,0.05805834622465912,6.427040257462011,0.9526650909343121,6.827180615116108,0.07262958101187349,6.323458248363514,0.9679906074715637,4.665754831243844,0.04760974317595759,3.6226642356531276,0.9643033415203717,4.599929053744082,0.06388790352422336,3.4891680167179047
Dataset_0136,multi_output,ALL,linear_regression,7,4,0.8152493082466725,4.363005178020761,0.010165436109088447,2.7464324165233016,0.7021362606464772,5.480437140441492,0.014132122590101836,3.60940893737843,0.9287298693477125,0.23482686746578593,0.07115965680781393,0.18473575431111283,0.8415829764748126,0.19977835450044856,0.13318556966696568,0.1739926230675232,0.9584902050464843,1.214678433768578,0.055212656080389916,1.006668878692903,0.7110416039917076,1.7860110083580194,0.17771253814507662,1.7335472452549052,0.9276640251647998,0.2840388150465484,0.06877453148826837,0.22733371216077505,0.8676409090678364,0.16395688838145428,0.13222329708181804,0.1289475662053432,0.7616264193568623,8.149068978816949,0.13143659643253144,6.48313843275673,0.41783587402577904,8.657501043610832,0.2473571726745952,8.01640100276933,0.1929368211198793,2.63786354319915,0.23552353064278125,2.042527116625016,0.5101283901159146,1.3575223770695455,0.246822250376281,1.257792804035677,0.9655659170746577,6.006393655180788,0.0500532804598399,5.526852814920546,0.7118196871982154,10.478111373077041,0.17759510801825493,10.247312141787104,0.9717319006163119,4.711371333847561,0.04807521769232205,3.753770206196031,0.8549043836510736,4.517045594986765,0.12375467383525383,3.7078691785291307
Dataset_0136,multi_output,ALL,linear_regression,2024,0,0.8070334609676861,4.696200941742823,0.010941754291106299,2.8925673232496587,0.7727400217788497,3.822960690468182,0.009434982824028682,2.6521002629173407,0.9072070930885416,0.24438169819217598,0.07405506005823514,0.19383926181057926,0.9419858647351275,0.17496459306354423,0.07989250824819372,0.1570495839069686,0.951456338388897,1.171448415001808,0.05324765522735491,1.0281752139023408,0.8654309799657894,1.8101288352348304,0.12483647139550555,1.5477010853273878,0.9302316082475782,0.2584549014252846,0.06257987927972992,0.206010277597712,0.8531357003799598,0.2956948279955583,0.13259857757648352,0.24430532053708454,0.7093271807931502,8.483512143444692,0.15149128827579808,6.52896920139312,0.8135157094587034,6.661201534308186,0.12810002950592667,6.157825770956972,0.24310687725866853,2.4436397163312216,0.21818211752957337,1.8427499758947463,-0.0031281321786471583,2.5737239052860295,0.30639570301024166,2.270600248044292,0.9430685599680075,7.171243699013006,0.06402896159833041,6.686894388877006,0.9655438084608047,5.791640740188108,0.060329591043626125,5.413292589348309,0.9648365690289596,4.8490432783439195,0.049480033452488976,3.761332943272109,0.9726962216302114,3.791018538738595,0.05575027262850875,2.7739272423003714
Dataset_0136,multi_output,ALL,linear_regression,2024,1,0.8032807565172514,4.362602652730724,0.010164498258925264,2.7766904277511957,0.8334979897385185,5.21501638808774,0.01232573005929506,3.3911481928626985,0.9301989202351715,0.23026992139134472,0.06977876405798325,0.18229952656253853,0.8279093145080141,0.23028683759602792,0.12793713199779327,0.20224938665300787,0.9465072734501302,1.370159515243581,0.06227997796561732,1.1818874635590915,0.8969257814998892,1.1477318991957215,0.09108983326950164,0.9480282632658869,0.9281221726698446,0.2739588764363199,0.06633386838651813,0.21641249970342658,0.8801312844278342,0.23399450081108153,0.10399755591603624,0.1757190308407917,0.7260342498570277,8.0521463095703,0.12987332757371453,6.390997495387534,0.7642135722194853,8.669695063290252,0.18446159709128196,7.7666010707782585,0.1645824345069824,2.6437671363457693,0.23605063717372943,2.0281084455071747,0.603262212320571,1.3255118374242298,0.2285365236938327,1.2221775106128097,0.9560011395471534,6.322208688195246,0.05268507240162705,5.914792414739452,0.9185904733186465,8.882050191873898,0.10209253094107928,8.452518030301414,0.9715191053544504,4.407245282527822,0.044971890638039004,3.5223351487991534,0.9434532898751893,5.756586470921494,0.07333231173148401,4.970744057586724
Dataset_0136,multi_output,ALL,linear_regression,2024,2,0.8251935556189478,4.536019955887289,0.01056854602956032,2.8055916029277084,0.6598473924796071,4.532248941261415,0.011517786381858741,2.8399822698715487,0.9385728207288249,0.2166981905755457,0.06566611835622597,0.17057340615676161,0.5861960732349127,0.30339785968261007,0.23338296898662317,0.25393246692444754,0.9392159979291033,1.4315860134696137,0.06507209152134608,1.2491174055589482,0.9508609270194164,0.7217856034977395,0.06874148604740375,0.6792148822754253,0.9282600660045841,0.2604801590790533,0.06307025643560613,0.2117339632402376,0.8568399178631809,0.2866945312697358,0.12464979620423297,0.20885233208918536,0.743973820369515,8.157089620111025,0.13156596161469394,6.309247785052472,0.6152697251697673,8.001665783103048,0.23957083182943253,6.638671115641022,0.3089182718345901,2.107506757316175,0.1933492437904748,1.5487148756312445,-0.21574042093957546,3.5184108356820314,0.3288234425871058,2.842534118753496,0.9480525662791148,7.024344412398611,0.058536203436655096,6.553747266237224,0.9180824233283797,6.761659449161734,0.08781375908002252,5.887849717563459,0.9693613461869023,4.64144185806175,0.047361651612875,3.5960065186170684,0.9074231016811685,4.579064988232306,0.10406965882346149,3.368821255853805
Dataset_0136,multi_output,ALL,linear_regression,2024,3,0.8114405747453394,4.16996411684878,0.009853645211013446,2.642598846297158,0.7031848923626792,6.045479937924467,0.014085461178761574,3.324265879237558,0.9339738159901328,0.17143156218738748,0.07827925214035958,0.14183724037673606,0.855051990214555,0.4541368858242495,0.13761723812856047,0.39219348508467616,0.935946814350668,1.2295706835586704,0.0702611819176383,1.0057381902546056,0.93520448921132,1.8740814166463158,0.0851855189384689,1.6026600908821942,0.9077939490908995,0.2480019446791194,0.06946833184289058,0.20110891098250222,0.9181589908195041,0.39343901492779837,0.09526368400188823,0.36932592360015015,0.773027537734807,7.194783934690932,0.12194549041849037,6.066202372892482,0.2665012213441159,11.733385350489892,0.27936631786880695,6.635635412178725,0.22555310416804797,2.2795352221498786,0.21304067496727838,1.7495284118392311,0.02215009572761828,3.0381087622913485,0.31980092234645774,2.1832145573184345,0.9355043079251159,6.858860744021867,0.06016544512299884,6.222952195641173,0.9627225333409379,7.513743599088056,0.07022190279521548,7.089481672992682,0.9682844939577051,4.014012946903207,0.046138079849462145,3.1108246020933774,0.9625049258807039,6.971570735905861,0.07113847689699859,4.997350012606047
Dataset_0136,multi_output,ALL,linear_regression,2024,4,0.8163971726256395,4.554451755972925,0.010611490577756117,2.910595060834506,0.6220780993234315,4.610350418140103,0.011882346438505421,2.9009435334501945,0.9227266061636986,0.23599142958243585,0.07151255441891996,0.18924468197166205,0.9023978349706913,0.2130141951467876,0.11211273428778296,0.1772526932305515,0.9483988169217075,1.275142925082977,0.05796104204922623,1.051037146259192,0.8999866727217823,1.6556298392626807,0.11037532261751205,1.5794307839008224,0.9360028518706102,0.2571110174548212,0.062254483645235156,0.19817584879460945,0.7999184800204049,0.31879312429058354,0.14556763666236694,0.25178632702782827,0.7563905808012549,8.263718900268852,0.13328578871401375,6.949738686603178,0.5340226545527913,8.08783895577426,0.21283786725721734,6.067614266409801,0.22433984419561026,2.5957455713868374,0.23176299744525336,1.9512567491483046,-0.4466401456174727,1.7534403777891334,0.35068807555782666,1.5844388479606462,0.9585866978319514,6.717795735685045,0.05598163113070871,6.200284632463998,0.708242576545419,7.847967094386623,0.17060798031275268,7.235400135577346,0.9683348105946448,4.826769457147163,0.049252749562726156,3.8344276806005975,0.9566186220704049,3.9775523793723027,0.07102772106021969,3.4106816800443664
Dataset_0136,multi_output,ALL,linear_regression,99,0,0.8039780230976398,4.670916351509012,0.010883096883685576,2.9975810809637626,0.846889853403493,4.104380646603907,0.010005803624095337,2.4840454416035027,0.9248416729754311,0.23529464454194923,0.07151812904010615,0.1946802921866447,0.8843956414969332,0.21720154930112753,0.11431660489533027,0.15609638113523217,0.9422603496724351,1.3654542887598393,0.06502163279808759,1.1881553013579438,0.9260834461776237,1.2182008912829696,0.07910395397941358,0.9788294970832876,0.9191120599732134,0.28403653546738816,0.07118710162089928,0.22799687452390005,0.9354472955069878,0.200019371493747,0.07813256698974493,0.14272574894633117,0.730559829892375,8.705527944096195,0.1404117410338096,7.1464990372706385,0.7832680913780088,5.7886773044110145,0.13462040242816312,4.81218516342158,0.19428011015061186,2.680177702016546,0.2393015805371916,2.1075209609389813,0.5012291878833175,1.2903254759796665,0.23894916221845675,1.2132581524287012,0.9523420723530954,6.727082118397003,0.056059017653308355,6.1685510203175005,0.9238711063442278,7.893085190949051,0.0974454961845562,7.296564102248766,0.9644500666663164,4.743259224853056,0.05270288027614507,3.94966408015073,0.9739342050373518,4.344636598365646,0.05022701269786874,2.788659045960623
Dataset_0136,multi_output,ALL,linear_regression,99,1,0.8195815357142328,4.450873846251883,0.010370162735908395,2.7136891968883865,0.643736801137248,4.878617456928498,0.01152819645296084,3.188994589470956,0.9301353131997638,0.2172321709511836,0.06582793059126776,0.16738969065438986,0.7702801393389247,0.2944423125392983,0.1479609610750243,0.25829176886476163,0.9491525819639849,1.2168303943451306,0.05531047247023321,1.0161494961166864,0.8934062079843993,1.7747132900485207,0.10755838121506187,1.5873366072403619,0.9384507338923046,0.232314839432927,0.056250566448650605,0.18350914080570682,0.8688032550433351,0.37621072946200235,0.11065021454764774,0.34870125888615217,0.7446823571699456,8.186160191305982,0.13203484179525776,6.357778006637116,0.6852292980214989,8.192822888301887,0.18206273085115304,6.23373052465398,0.26315520747806476,2.2916638637854834,0.20461284498084675,1.7088778681416346,-0.6257784644144575,3.10064367197948,0.387580458997435,2.4066131286311676,0.9444890440229579,6.67807978125269,0.05565066484377242,6.188714814648241,0.9515718841404488,7.756260686974341,0.0731722706318334,7.275667259735948,0.9670055122726084,4.497601388556483,0.045893891719964115,3.3734053612149317,0.9626452878465859,5.131530189242624,0.058983105623478436,4.212621578284325
Dataset_0136,multi_output,ALL,linear_regression,99,2,0.8537767509714486,4.060101114927457,0.009459695048759221,2.4853154592304003,0.3902753281364526,6.750023213660332,0.017132038613351094,3.8036709098760833,0.9171091257117487,0.21155876231475798,0.08136875473644539,0.17393873434758203,0.9000020762750848,0.3033118689186462,0.09784253836085362,0.2250597991288807,0.9286980259849205,1.3838593641438794,0.07283470337599365,1.203944025995408,0.9680027210693475,1.0822040978628422,0.051533528469659154,0.8928695562967205,0.9210913534624677,0.25091277950511026,0.06763147695555533,0.19583241568574922,0.9144570241116006,0.32461113023537264,0.08135617299132146,0.2817291169043144,0.8413920490163089,6.5468026324594595,0.10559359084612031,4.923265280168131,-0.2282813124202363,14.345426604879977,0.3586356651219994,10.736229356948487,0.44672494339532265,2.1248128675978073,0.1985806418315708,1.468152708272313,-1.6615515955897804,3.818928697454557,0.5091904929939409,2.7995240402293375,0.9464976658030863,7.057726274451624,0.06301541316474664,6.385819256651173,0.9363314626470461,6.7367627916908,0.07925603284342117,6.596455673830048,0.9749240934262848,4.022587696460368,0.04234302838379335,3.046255793492449,0.9029669208621063,7.19803471273881,0.09997270434359458,5.093828825794795
Dataset_0136,multi_output,ALL,linear_regression,99,3,0.7952902988171201,4.392435326005623,0.01023400588538123,2.762575636765262,0.6805409648864301,5.407921869842472,0.013838080526720756,3.6112066324755423,0.9262016493951807,0.2399573796713369,0.0727143574761627,0.18981788580939915,0.8339688438938209,0.1904095141217582,0.13600679580125583,0.16252741917611127,0.9554666295687,1.2657228670560003,0.05753285759345456,1.0474007465455388,0.6675179064027144,1.7077800118835103,0.17882513213439905,1.6425551827157412,0.9280077942174227,0.27940535527759325,0.06765262839651169,0.22607460682077504,0.8679877938558855,0.20560016820040386,0.11384283953510733,0.15239937592830582,0.6977836541742956,7.873258208185424,0.1458010779293597,6.304155694895337,0.7592906971072012,9.875180934923545,0.1673759480495516,8.768366536660332,0.13346020124804547,2.293785612183997,0.24145111707199968,1.788166816135543,-0.14939422761158094,3.3542402264244053,0.37269335849160057,2.5993505764274016,0.9538444642534079,6.715109540775061,0.05595924617312551,6.105557298986749,0.8967702273109052,8.076942669067186,0.12055138312040577,7.582093114107075,0.9722676988627895,4.579778595866855,0.0467324346517026,3.6768564081634927,0.887645513246064,5.264709298487737,0.11699353996639415,4.3711542223138276
Dataset_0136,multi_output,ALL,linear_regression,99,4,0.8048700968685987,4.553221879423058,0.010759030906009116,2.8703014985562167,0.7918517078198403,4.584714501904815,0.010686980190920316,3.0893210910657847,0.9251670392455247,0.21214240553990163,0.06428557743633383,0.16662331336278563,0.8984636817893128,0.311012675575892,0.12958861482328835,0.27623955593198984,0.9445992119957032,1.253974046096934,0.056998820277133364,1.0386854479592018,0.9207789747588677,1.7438985022396996,0.11473016462103285,1.5495092280139764,0.9229388689604416,0.26482628276127707,0.06412258662500656,0.20919121619218045,0.931574962222827,0.2681070709351336,0.10155570868755058,0.2124645243959787,0.7246975968311864,8.203957382740935,0.1390501251312023,6.6125891528911325,0.7504461418520991,8.451835224427088,0.16903670448854174,7.841004280140843,0.203212082960343,2.484779769925401,0.22185533660048223,1.9795759462168234,0.12093458692103809,2.5001386542161113,0.2873722591053002,1.9651677447804399,0.9494403310409059,6.831192554997838,0.05992274171050735,6.400044564163195,0.9396436270783836,7.243321129437076,0.08048134588263418,6.3893619088863955,0.9640355470460857,4.826072849421758,0.04924564132063018,3.685400849108198,0.9811199801163543,3.7118114500260484,0.05084673219213765,3.39150039531087
Dataset_0136,multi_output,ALL,ridge,42,0,0.820662216505,4.383182036237834,0.010212446496360284,2.745440871060662,0.6038133407497751,5.169399242079101,0.01221791359508178,3.4552463495256354,0.9110820800999033,0.2453292749168655,0.07434220452026227,0.1988965721712488,0.9606097098270724,0.15860136542639847,0.07552445972685641,0.1348849244849772,0.941971544900263,1.2770347489901683,0.058047034045007655,1.0994317665802227,0.9196729967012619,1.7012258456064169,0.10975650616815592,1.2873504515328218,0.9155868173431267,0.2828040378743554,0.06847555396473495,0.22755368722591807,0.9465871659644955,0.2116899067924818,0.0857044157054582,0.17859838427846797,0.7476236491437811,7.954068780500671,0.12829143194355921,6.255845817138542,0.6863094462503155,8.89093888131028,0.18916891236830383,7.955006706939248,0.3090489811289041,2.4969686586520465,0.2229436302367899,1.8438276658755695,-1.1786418562435506,2.4409516717944406,0.42085373651628283,2.0627768357789313,0.9521520759501277,6.559627309094356,0.05856810097405675,6.056751902570221,0.9336334709970255,8.063595340395533,0.07073329245960994,7.597269119582968,0.9671703669688935,4.492687161493241,0.0458437465458494,3.535778685862914,0.958522451751805,5.836614961744874,0.07032066218969728,4.9708380240820365
Dataset_0136,multi_output,ALL,ridge,42,1,0.7919924787702391,4.5640096457272,0.010784521847181474,2.8560138350850273,0.7650303032695117,5.1152706510648045,0.011918429252929482,3.469179538670546,0.9179367121739392,0.23824006076113266,0.07219395780640384,0.1858423988427177,0.936263469795601,0.1896960841899278,0.09076367664589848,0.17187803090611734,0.9495356499022612,1.2637462040831366,0.05744300927650621,1.057535456749069,0.8836055946588947,1.6379895643482736,0.12133256032209434,1.505261374540593,0.9372844257148714,0.2532294593695492,0.061314639072530076,0.2014141235840534,0.8138615924024788,0.31865377131578926,0.16510558099263695,0.2518950488852473,0.6879020104370411,8.259552311570888,0.16195200610923308,6.830959090566554,0.8083024091580515,8.576666994162863,0.13833333861553004,7.20422299240235,0.14237732469416775,2.243632810012836,0.2361718747381933,1.782664599887395,0.00802273817251431,3.512746412677312,0.3377640781420493,3.0193824448049784,0.9455746546321201,6.879321948136849,0.060344929369621485,6.087405248590999,0.9377820624706461,8.38957651764688,0.0799007287394941,7.587544385127972,0.963336573837274,4.8491429480062145,0.04948105048985933,3.846275927374405,0.9673742562283951,4.904877568123197,0.07213055247239997,4.544072494026567
Dataset_0136,multi_output,ALL,ridge,42,2,0.8360138424531444,4.2665157867075125,0.009940623920567365,2.726868281879766,0.3191044416480274,5.835406657444485,0.014827611885261048,3.0670780157611652,0.9304025334111491,0.1858434510826298,0.0844742959466499,0.1594733137268008,0.7672825321768054,0.46626265020004115,0.175948169886808,0.33527679805447147,0.9278519314725315,1.3791770557381275,0.07455011112097987,1.1682402053143202,0.9510600856859857,1.3150577052188346,0.08219110657617716,1.133697190405505,0.9094570873068906,0.263574556536371,0.07104435486155553,0.212574961135372,0.8790135218236307,0.3656642782120334,0.11720008917052352,0.2901488402722749,0.835097532126513,7.039896351293784,0.11354671534344812,5.762326803142343,-1.9308328356314646,12.667898739055955,0.6032332732883788,7.93688301778139,0.32895402768788584,2.279453129561921,0.21303300276279635,1.7073254939390528,-0.2681782783555353,3.066477314788543,0.32278708576721504,2.0838403814310245,0.9476543457237971,7.209934531753973,0.06008278776461644,6.668437491351475,0.9393259434258155,5.513748006739521,0.07657983342693779,5.275839415266181,0.9726794394432435,4.3216613544243945,0.04549117215183573,3.409699704548995,0.8960601224109551,6.000245773793968,0.127664803697744,4.413860467117311
Dataset_0136,multi_output,ALL,ridge,42,3,0.7959799994721364,4.705376609785634,0.010963388265769551,2.972583224518416,0.7869228350209118,4.348687642480653,0.010575602243386802,2.6160914155150117,0.9219172841010772,0.23277377401590743,0.07075190699571655,0.18991837096315795,0.7476129158517363,0.217921953631176,0.15565853830798285,0.16132280795794715,0.947135158430471,1.2985032179656304,0.06183348656979192,1.0752638587952488,0.778452583863829,1.4306972646879008,0.14306972646879007,1.3852377266102767,0.9283489596765265,0.26547222678848276,0.06653439267881774,0.20637733848689296,0.7367965626962607,0.27884317864842406,0.14991568744538925,0.23364202535340883,0.7082955108081332,8.745305785072407,0.1410533191140711,7.403876545124355,0.8471882190029507,5.087166956895323,0.11830620829989123,3.4644111418189447,0.15805509893657554,2.6253943627725804,0.23441021096183756,2.064668991300664,0.5763949497416654,1.4991755623196252,0.21727182062603262,1.348787023915611,0.9447307480368833,6.860428641229698,0.057170238676914155,5.8586556807719194,0.8903248677768975,8.670063013895097,0.12565308715789997,8.435242862369803,0.9633772363152887,4.768088040649814,0.05297875600722016,4.009321786186676,0.9316897462130427,5.187356132444855,0.08105243956945087,3.28399632057909
Dataset_0136,multi_output,ALL,ridge,42,4,0.8238712742500732,4.415752389582619,0.010288332687750744,2.722970620516577,0.7007542912421612,4.979504651098068,0.012738563957784775,3.350621112845831,0.9452750989675881,0.20401059767698781,0.061821393235450856,0.16153816082954428,0.6304606136924175,0.33431543534171715,0.19665613843630422,0.31562473334513214,0.9460536813144339,1.3523503262409118,0.061470469374586896,1.157840437429206,0.8910130287950896,1.3784931804529053,0.09377504628931327,1.1880341704400823,0.9426266890349925,0.22944466554005782,0.05555560908960238,0.17032601322239,0.8155175536062117,0.43445922581480956,0.13046823598042329,0.3878572076077141,0.7279340559876726,7.911838264943428,0.12761029459586173,6.0055707537778655,0.7609241902197592,9.11185254998287,0.18595617448944635,8.631250735074909,0.28214239284896336,2.315434184283615,0.20673519502532275,1.7088722732618096,-0.05430396094122347,2.9739038457524543,0.401878898074656,2.0800208847762534,0.9522352957226891,6.75167641188729,0.05626397009906075,6.2946808953966364,0.9212846494868026,7.4786139219252314,0.1010623502962869,6.861957229243744,0.9708317058741736,4.585347643977677,0.0467892616732416,3.5619658096985853,0.9403839638360711,4.854675452053216,0.08091125753422027,3.9896028294329815
Dataset_0136,multi_output,ALL,ridge,123,0,0.8122460416348175,4.721745649881233,0.011001271318455809,2.9294304345440527,0.719274603976783,4.018610494141466,0.010204699070953444,2.8040609452098066,0.9292349654846978,0.22597012282165957,0.0684757947944423,0.17455226814534708,0.8591838665984464,0.2631804240761254,0.1315902120380627,0.24709789491975065,0.9544262273983903,1.2092279225729812,0.05496490557149914,1.024251276469039,0.8518683107777114,1.970612274832639,0.11591836910780229,1.67776944989604,0.9371581414825098,0.25471290534224245,0.06167382695938074,0.19533914126097393,0.8150848821223288,0.3354179795595394,0.14659876729000845,0.266318526303167,0.7118983100587192,8.61950432971137,0.13902426338244145,6.7275694282726946,0.8044533948993045,6.590377101351243,0.1344974918643111,6.057491724759712,0.23389500837821176,2.4906990154286617,0.22238384066327338,1.8983765700276594,-0.17162273446412746,2.6101697647679742,0.3575575020230101,2.1314957862010235,0.9541056996017401,6.899584977274671,0.05749654147728892,6.260118497889238,0.9019318435556535,7.075144140232136,0.12634185964700242,6.849485191160461,0.9650039390394538,5.1363694582765005,0.052411933247719394,4.225805859743417,0.974022664348164,2.945472642384037,0.06011168657926606,2.3987680432284924
Dataset_0136,multi_output,ALL,ridge,123,1,0.8008215793124763,4.653296426911135,0.010841790370249616,2.942687632584629,0.7848887712680763,4.2612405463699865,0.011068157263298666,2.9160932593762197,0.9269662009658479,0.23163077770281443,0.07019114475842862,0.18793801659138995,0.8184862100374956,0.24406179138116874,0.18773983952397597,0.2058678317818867,0.9511545669174867,1.2512259617330517,0.05687390735150235,1.0207144948131173,0.8014285774815464,1.927346217890984,0.16061218482424866,1.7983303357555553,0.9265032644473348,0.27059367121457273,0.06551904872023553,0.20232333050342335,0.8598164903111458,0.2785264477284362,0.13326624293226613,0.2481015979811021,0.7187117947249314,8.29237282607072,0.14807808617983428,6.734750915259443,0.7653817011009975,7.933844405801633,0.15257393088080062,6.9121759537066,0.16428152273445806,2.514889607395931,0.2245437149460653,1.9978671885977755,0.3948492499561823,2.1978591827472718,0.2469504699716036,1.7198274447023307,0.9522161734765293,7.086106405678121,0.05905088671398435,6.518148180082497,0.8929710980941757,6.357484422389564,0.10422105610474694,5.865723636176442,0.9659175319207456,4.957692253558656,0.05058869646488424,3.937071302244756,0.9612880718949913,3.8808903812006363,0.07186834039260438,3.662626015529621
Dataset_0136,multi_output,ALL,ridge,123,2,0.8341074961846715,4.27246702719751,0.009954489811736975,2.6887031538786768,0.6539764588868257,5.63096656723689,0.01330600100956282,3.603874473913955,0.9330925568568388,0.21640525028253738,0.06557734857046588,0.16944501959279862,0.8576644196192491,0.28185532739988073,0.14163584291451295,0.2454719389383519,0.9378015368696512,1.3782617339382874,0.06264826063355852,1.1854460114091454,0.9597550255327986,1.1285741103472418,0.07053588189670261,0.939012600459766,0.9370257262630949,0.23918749349047067,0.0579146473342544,0.1986074293963694,0.8779340711514666,0.3582006878177121,0.10535314347579766,0.2859044357883177,0.786205725785009,7.593952531604015,0.12248310534845185,6.081045474026982,0.41928836048969365,10.057065226365065,0.2338852378224434,8.497087495723905,0.3250368954167274,2.328391372866007,0.20789208686303634,1.7285191056022624,-0.42640974396532405,2.912219907901305,0.39354323079747366,2.020487604475975,0.9490796896531964,6.667844605804579,0.055565371715038156,6.105003914317737,0.9351420585854336,8.488571686692984,0.08008086496880173,7.518901070872248,0.9705103424481835,4.269016405233146,0.043561391890134145,3.35285512280544,0.9544610207944617,6.228292434450277,0.07158956821207216,5.720256171139124
Dataset_0136,multi_output,ALL,ridge,123,3,0.797241856262691,4.6190760189437485,0.010914898790008622,2.9027911735417953,0.7390554898721261,4.717795686661887,0.01099206823546572,2.9428784369352283,0.9070427090498602,0.2326558707418023,0.07071607013428642,0.1890769289534499,0.952879861655838,0.22119677447877845,0.08507568249183788,0.16177867063346069,0.9346627642025461,1.3508423264766587,0.06432582507031707,1.1539234373067135,0.9604797119909783,1.2970436395857143,0.0682654547150376,1.0424525282600001,0.9121076941154961,0.27761755873636934,0.06957833552289958,0.22240859814567884,0.9612680138154374,0.21380615284040863,0.07079673935112868,0.1752891609217077,0.6809252803145667,8.585702995224201,0.14552038974956275,7.06077773287842,0.8577238634094058,6.193730069693308,0.11469870499432053,4.955260265875211,0.24979111696920298,2.50183658232162,0.2233782662787161,1.9158437589767943,-0.4811042963134553,2.2987425714566,0.4420658791262693,1.9219880204297894,0.9346375390361805,6.884866388426467,0.06495156970213647,6.171891215338641,0.954831134870935,8.44286681495741,0.07035722345797842,7.518788559275322,0.9615258901509852,4.474393839843485,0.04971548710937205,3.6056165431928666,0.9673101396757431,6.252815370648449,0.06871225682031262,4.824591853151106
Dataset_0136,multi_output,ALL,ridge,123,4,0.8275438517638969,4.120050248099025,0.009599371500696703,2.6361059444656805,0.6850014748117693,6.22736035081566,0.015162796081849672,3.669061324517462,0.9234007583104796,0.21710538176691146,0.08350206991035057,0.17899724152720176,0.8724676012222607,0.3189052857357609,0.1138947449056289,0.2122147674775354,0.9457584897474073,1.2934154880882347,0.06807449937306498,1.0993323366544872,0.9098430186534353,1.5516312028417847,0.09697695017761154,1.4692270519373136,0.918344504188079,0.26579217526553967,0.07164209575890557,0.2184253113017141,0.9106522707582966,0.3116400535029075,0.09988463253298317,0.23725021917657685,0.8158903694119947,6.856088319866792,0.11058206967527084,5.684704523742057,0.22491938762938246,12.782626286973812,0.3252576663352115,9.363010949979309,0.2677054893164902,2.140891122467242,0.2058549156218502,1.5525430751686615,0.027754572319611648,3.5900007285618547,0.3205357793358799,2.9941046789235246,0.9478904788001827,6.866053955507434,0.057217116295895286,6.2468738056620525,0.9300103118676686,7.546250435947412,0.08478933074098216,6.985537814490613,0.9738168725726449,4.277959292462073,0.04503115044696919,3.4718653172035903,0.9193631612317308,5.968601462066451,0.09626776551720083,4.422083789637363
Dataset_0136,multi_output,ALL,ridge,7,0,0.8232874569332514,4.242988963810603,0.010025966360611066,2.696155847484475,0.6923609628388014,5.78246790645628,0.01348208884694866,3.1460957904656897,0.9175240252253675,0.2077678086751507,0.08656992028131279,0.17450155843730894,0.8853607388580362,0.3493124154363507,0.11643747181211693,0.25453601806250603,0.9338847599150903,1.3672220166424602,0.07195905350749791,1.1525012462575133,0.9544659613378375,1.2924788526873179,0.07101532157622624,1.0719930976545555,0.9181821335363364,0.25075315398528036,0.06758845120897045,0.20101444570766297,0.9079871046446175,0.36500615987847385,0.09733497596759302,0.29138210353064653,0.7813455066482002,7.271550010795996,0.1232466103524745,6.080883344798943,0.543008891344336,11.138809900524057,0.21420788270238572,6.9441968301825785,0.29484940187296516,2.347534998010605,0.2193957942065986,1.6574348974605009,-0.33278365547734623,3.0107119738309627,0.3542014086859956,2.045709453245827,0.9462853985133811,6.856049504996614,0.060140785131549246,6.313140709032306,0.9399587272870934,7.950374195502526,0.07430256257478997,6.74513557703051,0.97094097282142,4.3189781011747055,0.045462927380786375,3.2936147306970898,0.9485289718770353,5.98221304715175,0.07385448206360185,4.669717453553206
Dataset_0136,multi_output,ALL,ridge,7,1,0.8132557427122622,4.580986872407942,0.010673563858449501,2.8568365668952778,0.7562450379472485,4.820736254730219,0.011752160542979569,3.3298052897336787,0.9274474952461524,0.21432359645193608,0.06514395028934228,0.16727081760154908,0.9013217911695073,0.2868545678887679,0.11952273662031994,0.24849625781125342,0.9315074903474398,1.397155047237167,0.06653119272557938,1.2091893047161404,0.9679140990446314,1.1200883966068134,0.05895202087404281,0.9698207472077058,0.9217073151363824,0.26555041436355853,0.06655398856229537,0.21000298873637901,0.9342734851706255,0.26728589407492287,0.08915473451465071,0.2010083449586228,0.709691655482724,8.327099938664338,0.13430806352684416,6.74246831871211,0.7936174672310218,7.63919042781152,0.16253596654918126,6.902534733711822,0.29951898788497444,2.1204630301537186,0.1945378926746531,1.6956701184410583,-0.22848462344963738,3.802698722452312,0.4178789804892651,3.2934954554744533,0.9376085060296622,7.146789484975185,0.06381062040156416,6.3433353914194734,0.9642949115517594,6.919733349986398,0.06851221138600394,6.50114023283941,0.9653087488585003,4.462738445206933,0.049585982724521485,3.629919028640234,0.9607781349128317,6.369278087363396,0.06999206689410326,5.192141256132483
Dataset_0136,multi_output,ALL,ridge,7,2,0.8029895290913801,4.5270376587161145,0.010547618030559447,2.898115071093255,0.7712426727802677,5.002962030848022,0.011824538007204023,3.2203044415161415,0.9173137175874521,0.23862774624570485,0.0723114382562742,0.1954640861305422,0.9334369115373541,0.18894324624608,0.09447162312304,0.15035325010586023,0.935361246703191,1.4026669335829758,0.06375758789013526,1.192231346753577,0.9592988051050092,1.0501838374903607,0.07001225583269072,0.9075732408972418,0.9234014064006552,0.2709170374739445,0.06559734563533766,0.20935549007791673,0.8794550543907016,0.273566395906859,0.12491616251454751,0.2353898374135601,0.7212585021513354,8.042706211479494,0.12972106792708862,6.45166937251952,0.6269672457805099,9.130454953325417,0.2051787629960768,7.946027434770059,0.2086522935825743,2.6023623280036006,0.2323537792860358,2.1090170194190283,0.12745922576387758,1.855765344823059,0.3199595422108722,1.5989882855337367,0.9484529990045834,6.992390553172761,0.05826992127643968,6.491581230147376,0.9272307267485771,6.973356120151978,0.09056306649548024,5.937928869519827,0.9664865382098701,4.583638013250533,0.04677181646174013,3.6374869526048283,0.9448507401358448,6.209445314256287,0.0839114231656255,5.765870172372705
Dataset_0136,multi_output,ALL,ridge,7,3,0.8234092669022184,4.559041887498599,0.010622185199204564,2.8105966650866945,0.7458470595493983,4.543721229624492,0.011050174443990594,2.961303965493598,0.9272844592669856,0.22957649103809522,0.06956863364790765,0.1827009540311603,0.8717775540282398,0.22929894567662543,0.11522560084252535,0.18274859556682066,0.9523632092004224,1.2066867847032867,0.05484939930469485,1.0456654509306555,0.9032892942263573,1.7311975725047848,0.10492106500028998,1.5227570536751764,0.9412191282680464,0.23327881999763533,0.056483975786352385,0.18537461745346356,0.8463714384719954,0.3895639945894473,0.1298546648631491,0.34618594554204674,0.745891501780862,8.17648829700779,0.14600871958942482,6.502534606601442,0.6191933486611628,8.126717091705846,0.1793977282937273,6.510824071574553,0.28524077633423295,2.2233140151291346,0.19851017992224418,1.642162858890669,0.05759894760266504,3.193841874897207,0.30710018027857766,2.5329476067113386,0.9450471378805012,7.040343468554617,0.058669528904621814,6.346352330731055,0.9508809995011347,6.954651613320268,0.07398565546085391,6.5611549697781095,0.9668186555844783,4.750400079793117,0.048473470201970584,3.7693858369684135,0.9718178343542339,4.0871872317325755,0.056766489329619106,3.0725095156071425
Dataset_0136,multi_output,ALL,ridge,7,4,0.8144419759773696,4.397088619011937,0.010244847667781774,2.7895750525621,0.7018126756394443,5.380470154349866,0.013874342842573146,3.5680024774064067,0.9278454204700224,0.23627945334684955,0.07159983434753017,0.18646544343012278,0.8348545196437919,0.2039768371702717,0.13598455811351445,0.17853019691418862,0.957620095929733,1.2273431735316918,0.055788326069622356,1.0217813031766143,0.7045184562151054,1.8060578293022072,0.17970724669673707,1.7580920161619429,0.9268102875968274,0.285710067110433,0.06917919300494746,0.22784633277946692,0.8604858729976411,0.1683301353634307,0.13575010916405708,0.13729027230335017,0.7607636890638129,8.163802362694959,0.1316742316563703,6.548288520908406,0.4311451202406088,8.5579663909052,0.2445133254544343,7.892541649900475,0.19272133577436812,2.6382156736239732,0.23555497085928334,2.0551378008470738,0.5007350373970398,1.3704759107951252,0.2491774383263864,1.2670848900735412,0.964528028866952,6.096241918009074,0.05080201598340895,5.599690862055258,0.7284476044275809,10.17132837084064,0.17239539611594307,9.934645709781007,0.9708049741398715,4.787992512043357,0.04885706644942201,3.887815104737759,0.8525021185543414,4.554285158857536,0.12477493585911058,3.8078326067103467
Dataset_0136,multi_output,ALL,ridge,2024,0,0.8059916606711173,4.7293238206834936,0.011018927820790992,2.9298165907047005,0.7745054778638901,3.789175620667176,0.009351602015516613,2.662586440783754,0.9060422833580657,0.2459107505688782,0.07451840926329643,0.19217836451110018,0.9391126626155814,0.17924487650787435,0.08184697557437186,0.16146635559079092,0.9502836127274233,1.1855139928605587,0.05388699967547994,1.034932273021725,0.8523954256696109,1.8957752546154627,0.13074312100796295,1.5844062688278822,0.9290816660389757,0.2605761594575294,0.06309350107930493,0.20382700917138014,0.8619140787282109,0.28672153297216396,0.12857467846285378,0.2444644970417964,0.7082783639337201,8.49880362963147,0.15176435052913337,6.654680567593537,0.8142897339441496,6.647363118535342,0.12783390612567966,6.106682786187619,0.24275473762269872,2.444208094026684,0.2182328655380968,1.8572586043102162,0.011955886908533775,2.554300090547166,0.3040833441127579,2.263394440780227,0.9418738526457886,7.246097377272326,0.06469729801136005,6.661425009933536,0.9653630041757518,5.806816290783238,0.060487669695658726,5.4183236522941485,0.9636271083711481,4.931730690532847,0.05032378255645762,3.904414306391408,0.9765075530053925,3.5164841238706095,0.05171300182162661,2.8593670847638126
Dataset_0136,multi_output,ALL,ridge,2024,1,0.8024190423882694,4.39508271928407,0.010240174089664655,2.808552900003593,0.8315691413141811,5.332745292790834,0.012603983202058223,3.448011989941055,0.9292793718523227,0.23178172836489805,0.07023688738330244,0.18454136052607198,0.8372566073826585,0.22394538458284033,0.12441410254602239,0.19238977782261965,0.9455877606150073,1.3818855124906062,0.0628129778404821,1.2001954368433905,0.9050504190791836,1.1015696274716522,0.08742616091044852,0.9220656668295492,0.9271914610405552,0.27572685294413063,0.06676194986540693,0.21851250354384538,0.8824927155483382,0.23167817322909595,0.10296807699070931,0.1646476994863447,0.725155406831054,8.06505103680387,0.1300814683355463,6.408174006915169,0.7543004894329303,8.850067165649786,0.18829930139680398,7.971025356500127,0.16437596279497557,2.6440938169341766,0.23607980508340864,2.0393686635777972,0.5889916245801209,1.3491404479475206,0.23261042205991733,1.2413404125742695,0.9548403582027211,6.405062282789913,0.05337551902324928,5.951385997770329,0.9180323222294718,8.912446251669238,0.10244191093872687,8.203662707941216,0.9705029753812499,4.485176244403086,0.04576710453472537,3.6576923308485503,0.9348598109465645,6.178540084469092,0.07870751699960626,5.44095230843326
Dataset_0136,multi_output,ALL,ridge,2024,2,0.8243854204727816,4.565239935614797,0.010636626131441746,2.84476540920679,0.6693877084782048,4.338820266570373,0.011026226852783667,2.8061161541469497,0.9376936166765194,0.21824347584252488,0.06613438661894694,0.1731154080413803,0.6326519891463039,0.2858604382727621,0.21989264482520163,0.24350790462221505,0.9383538955828165,1.441702395200416,0.06553192705456436,1.2584437455173494,0.9501580698893399,0.7269292795022857,0.06923135995259863,0.6467012841680742,0.927398003433706,0.2620405148626574,0.06344806655270155,0.21280419844632437,0.8446343340017944,0.29866612334266684,0.12985483623594213,0.2190354188323009,0.7432070304366354,8.169295594517289,0.1317628321696337,6.37952784390863,0.6194151967981727,7.958440023529242,0.23827664741105511,6.719600328972372,0.308587156994803,2.108011576910762,0.19339555751474885,1.5609740362781195,-0.21285584696323578,3.514234309391278,0.3284331130272223,2.85712766954865,0.9470209006670495,7.093752534141656,0.05911460445118046,6.611267374880971,0.9342484798975198,6.057837850564102,0.07867321883849483,5.551819239691587,0.9684373395179418,4.710910751753942,0.04807051787504022,3.717225257374754,0.9174617365775394,4.323676156382538,0.09826536719051222,3.4050212331934526
Dataset_0136,multi_output,ALL,ridge,2024,3,0.810156578530111,4.2050800856601755,0.009936624413762555,2.679640232035869,0.7020453546207791,6.145392196870029,0.014318248361766144,3.389894411173788,0.9324962018370888,0.17333920025558555,0.07915031975140893,0.14191642355680176,0.8412249456054848,0.47530434487049167,0.14403161965772476,0.3974584092151398,0.9342979828523688,1.2452956883476243,0.07115975361986425,1.0134500622858,0.9387732867169365,1.8217403121450146,0.08280637782477339,1.6519564776142184,0.9062056281356596,0.25012883765130345,0.07006410018243793,0.203255734259501,0.9109057042762503,0.4105035201188868,0.09939552545251497,0.3749640096166543,0.7719965462577802,7.211106083151182,0.1222221370025624,6.139546139775638,0.2828702990730305,11.60172298221197,0.27623149957647547,6.5836261842604085,0.2252500867360776,2.2799811348133363,0.21308234904797538,1.7636100988727896,0.022952521942135595,3.036861966419981,0.3196696806757875,2.210490148607113,0.9342048031356888,6.927614732236942,0.06076855028278019,6.148117885092904,0.9541678070296945,8.331409759343803,0.07786364261068975,7.500136252556607,0.9666448007561136,4.1164677366222975,0.047315721110601124,3.34758528040765,0.9634229177019215,6.885699406096487,0.07026223883771926,5.010629396346374
Dataset_0136,multi_output,ALL,ridge,2024,4,0.8156202786102443,4.58246217808051,0.010676752511837162,2.9337696122510755,0.6182560513441129,4.6744586570526545,0.01204757385838313,2.9712711001038463,0.9217605421319817,0.23746201787799018,0.0719581872357546,0.18979996879078478,0.8948820218702058,0.22106364130280517,0.11634928489621325,0.19092210208844618,0.947405926842058,1.2873523769181328,0.0585160171326424,1.0568139934571625,0.893480404883496,1.7086340651182053,0.11390893767454702,1.643935440282127,0.935077170453991,0.2589638220187506,0.06270310460502436,0.2010786708727439,0.801994958624163,0.31713456638687354,0.14481030428624367,0.2523094686724499,0.7557717417432722,8.27420837240742,0.1334549737485068,6.989297599636523,0.5363200798063948,8.067876434870403,0.21231253775974746,6.172092177126838,0.22415894649014378,2.59604824069364,0.23179002149050357,1.9600060682691616,-0.4499988239574195,1.7554746873995433,0.35109493747990866,1.5843754847276088,0.9577586703203036,6.784621964800416,0.0565385163733368,6.183107052337625,0.7036044288904482,7.910101766105606,0.17195873404577403,7.219324396491004,0.9674089522899608,4.8968259942624766,0.049967612186351804,3.956283932393524,0.947509289291502,4.375276085424897,0.07812993009687316,3.735938631338454
Dataset_0136,multi_output,ALL,ridge,99,0,0.8030913723294612,4.700264006945518,0.01095147605243719,3.043547695797067,0.8507057808151035,4.129530863925615,0.010067115709228707,2.515360160156493,0.9238203770425271,0.23688791184560054,0.07200240481629197,0.19481920923343285,0.9064956012641984,0.19534029338176348,0.10281068072724393,0.14425910028345124,0.9411614600064966,1.3783865762802605,0.06563745601334574,1.2082477704365482,0.9373256425604719,1.1217420559195974,0.07284039324153227,0.9027507517338904,0.9180498288152268,0.2858954552079517,0.07165299629271972,0.23139140469454936,0.948655715557834,0.1783860504309842,0.06968205094960322,0.13880372546994701,0.7298688634070827,8.71668325278531,0.140591665367505,7.219350855578618,0.7732072819048728,5.921509976284664,0.13770953433220148,4.849744381274402,0.19408789988350406,2.6804973707739603,0.2393301223905322,2.1193302126547393,0.4924278477722035,1.301660271967389,0.24104819851247944,1.2213697102075107,0.9512784016796277,6.801738263196114,0.05668115219330095,6.20508299150511,0.9302389160985776,7.555768459984111,0.09328109209856927,7.081395759342897,0.9633727754717643,4.814591780412531,0.0534954642268059,4.126611426476468,0.966589460547566,4.9188062124692875,0.05686481170484725,3.2691976927833526
Dataset_0136,multi_output,ALL,ridge,99,1,0.8185032882094688,4.484414031933614,0.01044830855529733,2.7554399307967583,0.6540226158741479,4.883275691560123,0.011539203883740455,3.1573241201881417,0.9289494912448859,0.21906796815380727,0.066384232773881,0.17084998722882055,0.8025307843502746,0.2729924577460087,0.13718213957085867,0.23834595109926565,0.9479360224203833,1.231301103729779,0.05596823198771723,1.0530035595791885,0.8992290553626788,1.7255593856905878,0.10457935670852048,1.458986245959693,0.9372224061550584,0.2346215207076099,0.056809084917096825,0.1852321880043974,0.8743332254521112,0.36819669126249904,0.10829314448897029,0.34106512482240464,0.7436581578030931,8.202563030746072,0.13229940372171084,6.472464501805964,0.7072205551132922,7.901448369553063,0.17558774154562362,6.1461696549570535,0.2627928531934557,2.2922272742647314,0.20466314948792247,1.7207580442601527,-0.6161589644557395,3.091457028984068,0.3864321286230085,2.435353651287353,0.9432397767788712,6.752806374722571,0.056273386456021424,6.085988102223623,0.9460080118979918,8.189705229762097,0.07726137009209526,7.603350145160505,0.9657243098705353,4.584092488506988,0.04677645396435702,3.5997831324751632,0.9649956433984265,4.96746986204505,0.05709735473615,3.8779980680307156
Dataset_0136,multi_output,ALL,ridge,99,2,0.852871748369581,4.09151600823784,0.009532889115186021,2.536295866340691,0.4093689953398397,6.451235274956705,0.016373693591260674,3.688349441140027,0.9160732606152108,0.2128765547205347,0.08187559796943644,0.17184676366888318,0.8875154182896582,0.3216921123893379,0.10377164915785096,0.24115782897447557,0.9276009380512682,1.3944651007058508,0.07339290003715004,1.1918916567754385,0.9662924083797257,1.110750486970563,0.05289288033193157,0.948845543340523,0.9200490940071065,0.25256442561766224,0.06807666458697095,0.19573931068509617,0.9087472692114152,0.33526959084858254,0.08402746637809086,0.28008948576039977,0.8406327897953312,6.562453757447354,0.10584602834592508,5.01722133814387,-0.17814237999750882,14.049583021897508,0.3512395755474377,10.602570093131604,0.4463170856133728,2.125595897484926,0.19865382219485292,1.488033442577224,-1.5890369106793059,3.766545568656131,0.5022060758208174,2.7781871514122534,0.9455619628939053,7.1191750952922765,0.0635640633508239,6.529883524087274,0.9496935298951454,5.988261285286782,0.07045013276807979,5.904827427646735,0.9738671076108725,4.106491606039424,0.04322622743199394,3.1594550284470544,0.920513632279748,6.514789023527544,0.090483180882327,5.062768557714196
Dataset_0136,multi_output,ALL,ridge,99,3,0.7944520006430024,4.425445749621941,0.010310917403592594,2.7752412190920848,0.6696145605739298,5.5954689251322725,0.014317985990614821,3.7216410107460547,0.9252785524448824,0.2414534534918636,0.07316771317935261,0.1876798654197673,0.8242861089901297,0.1958830676707779,0.13991647690769848,0.16855922023864198,0.9545743677978928,1.278339868613927,0.05810635766426941,1.0670434786040257,0.66244384151451,1.7207620275712552,0.18018450550484352,1.667524911638184,0.9271214981961053,0.28111997387064835,0.06806779028344996,0.22623247763483076,0.8563363486373725,0.21448151631642828,0.11876052952183183,0.1591783325208635,0.6968545827033836,7.885350880401213,0.14602501630372616,6.3308358097761674,0.7423794460509857,10.216188061330238,0.17315572985305488,9.001703745227053,0.133297847053497,2.294000483026799,0.24147373505545253,1.7962391948133756,-0.1632280828775623,3.3743652998700693,0.374929477763341,2.6138657308533206,0.9527437304588783,6.794709924534029,0.05662258270445024,6.0233698029783165,0.889918977238806,8.340666237304113,0.1244875557806584,7.831870527059583,0.9712934258463766,4.65953107818756,0.0475462354917098,3.7952879044181107,0.8751652844632671,5.5494107821223,0.12332023960271778,4.60878460768474
Dataset_0136,multi_output,ALL,ridge,99,4,0.8039499640366864,4.582732137996546,0.010828762140823596,2.885948992167156,0.7865164919668732,4.7462389163185525,0.011063493977432523,3.2202553581949975,0.9240700985446084,0.21369159618211628,0.06475502914609585,0.16619335110729866,0.8870797487945392,0.3279844858909039,0.1366602024545433,0.29166181627902216,0.9434776734025959,1.2666032320914589,0.057572874185975405,1.0448086682418831,0.9124981767499343,1.832776579936949,0.12057740657479926,1.6627835402225972,0.92186322074118,0.266668150041727,0.06456855933213729,0.20911744294823265,0.9278249513331156,0.2753558374375165,0.10430145357481684,0.22148843180981587,0.7238824478631463,8.216094044789477,0.13925583126761826,6.618000860329166,0.7481573413449627,8.490505057326136,0.1698101011465227,7.987977372748792,0.20300185212497102,2.4851075502939772,0.2218846027048194,1.9845172571779224,0.12110391345137084,2.4998978529143105,0.28734458079474834,1.9719108871451014,0.9484271588664581,6.8992986550692645,0.06052016364095846,6.333682776947477,0.9328799999540713,7.638395602930169,0.08487106225477965,6.573730304084636,0.9629272967138449,4.899866770752121,0.049998640517878785,3.8453225884181146,0.9760713121401192,4.17872821716444,0.05724285228992383,3.8322351550750193
Dataset_0136,multi_output,ALL,elasticnet,42,0,0.8143994754542659,4.422675260531619,0.010304462396392404,2.7837925792795555,0.6185885866828658,5.18950922861572,0.012265443697980903,3.462054053105561,0.8918796457990186,0.2705256554194581,0.08197747133922974,0.20765037226964433,0.9547608023242425,0.16996902332705582,0.08093763015574086,0.14683743824519818,0.9393064802905814,1.3060306601100908,0.05936503000500413,1.1093392027280002,0.9106480223576736,1.7942513182958835,0.11575814956747635,1.3432191922102188,0.9001753009110333,0.3075384869989899,0.07446452469709199,0.23987000398889244,0.9344399469932425,0.234529235990791,0.09495110768857933,0.17400387184297872,0.7463065160836512,7.974797611408503,0.1286257679259436,6.308116145616466,0.6867521588669532,8.88466275899926,0.1890353778510481,7.946569452671408,0.3064318251728415,2.5016931468580257,0.22336545954089518,1.884800909977004,-1.0465492326384669,2.365796351748943,0.4078959227153349,2.0281986619228407,0.9508736601054644,6.64668075190233,0.0593453638562708,6.086817518394079,0.9344071147792141,8.016458345568411,0.07031981004884572,7.454539455416132,0.9658228998172714,4.583959480927327,0.046775096744156405,3.6499539019828005,0.9556612940972012,6.034565592256994,0.07270560954526499,5.141010299430151
Dataset_0136,multi_output,ALL,elasticnet,42,1,0.7858793209950724,4.603269499163936,0.010877290877041437,2.8728817524843504,0.7656723529169411,5.287801839042538,0.012320421815612055,3.6010397393770712,0.8991599204549826,0.2640930210064113,0.080028188183761,0.19570468001391006,0.9286402364621522,0.2007200972401741,0.09603832403836081,0.16779383600448056,0.9469311382622116,1.2959474997222287,0.05890670453282858,1.0950601011201737,0.8857887716090975,1.622555193662172,0.12018927360460534,1.4986476646460045,0.9226459022973063,0.2812342360482445,0.06809545667027712,0.21952202513736946,0.8757113790096005,0.2603854725640121,0.1349147526238405,0.2207150645176029,0.6865008198830779,8.278072530249778,0.16231514765195643,6.827125069466023,0.8011798465220952,8.734547741962448,0.14087980228971692,7.4065278856999885,0.13977655313395299,2.2470321833160893,0.23652970350695676,1.794530846539538,-0.026744027126187397,3.573773571319296,0.343632074165317,3.0639928637732976,0.9442132035459035,6.964833668928158,0.06109503218358033,6.065513983019438,0.9324883522810982,8.739198179670396,0.08323045885400376,7.905712121146515,0.9619277093880724,4.941433632808929,0.05042279217151968,3.9127155620940006,0.9626419116607314,5.24856141198681,0.07718472664686485,4.943888739851608
Dataset_0136,multi_output,ALL,elasticnet,42,2,0.8279874308072743,4.309425023100719,0.010040598842266353,2.7683577777395008,0.29362694603246553,5.7156881461616,0.014523410357417355,3.0376251494466464,0.9035931937565387,0.21872800608692997,0.09942182094860452,0.17779582198798055,0.6065738090264556,0.6062444427149287,0.22877148781695428,0.45294438251966074,0.9246559309909059,1.409393305866455,0.07618342193872729,1.1714613834484433,0.9382112553878477,1.4776374641390841,0.09235234150869276,1.2818911554125176,0.8892251726457442,0.29153909061144984,0.07858196512438001,0.22010545765410666,0.767909961585986,0.5064567559838529,0.16232588332815798,0.4015347899524855,0.8340388300045146,7.0624588663336505,0.1139106268763492,5.824499499306141,-1.8628914788703206,12.520206787551857,0.5962003232167551,7.82502909494548,0.3266670332104652,2.2833341323490477,0.21339571330364934,1.740615203596393,-0.2475128216781992,3.0413899747139372,0.32014631312778286,2.067731749768162,0.9465291278608058,7.287014586311875,0.06072512155259895,6.700033146414286,0.9419037786042457,5.3953464977503485,0.07493536802431039,5.10025578377017,0.9712027271819444,4.436920120504417,0.04670442232109912,3.5439939317691556,0.9111941181712438,5.54624186559122,0.11800514607640894,4.133989089758045
Dataset_0136,multi_output,ALL,elasticnet,42,3,0.7899574863950125,4.740800679603007,0.011045925300223693,2.997862682391912,0.8013935796741308,4.522426131474641,0.010998118024014205,2.669272289391221,0.9030720480008161,0.2593469296860769,0.07882885400792612,0.2075144965464522,0.8378517202719866,0.17467212077888541,0.12476580055634671,0.13698754797344867,0.944548752684572,1.3298884754455902,0.0633280226402662,1.114706835788847,0.8033796764355972,1.34780978630153,0.13478097863015298,1.2852523670075056,0.913421546721586,0.2918184550892545,0.07313745741585326,0.23005836421918352,0.7829704223579776,0.25320583472836045,0.13613216920879592,0.2040121257885377,0.7071092271658466,8.76307014504909,0.14133984104917888,7.463107641649253,0.8441387452973119,5.137675334610726,0.11948082173513315,3.4047641840682497,0.15604450406958859,2.628527261852778,0.23468993409399808,2.0848801369716523,0.5388063363903508,1.5642767688278902,0.22670677809099857,1.397318513033326,0.9434760859338669,6.937860636589645,0.05781550530491371,5.772063586472143,0.8810982857725573,9.027390486299533,0.1308317461782541,8.751929474796432,0.962030240188811,4.854982105238391,0.0539442456137599,4.112707715095851,0.9215098711931344,5.560458919230624,0.0868821706129785,3.5046418130710486
Dataset_0136,multi_output,ALL,elasticnet,42,4,0.8177546755304432,4.465350352373544,0.010403891780926244,2.7660524304317735,0.7055821892720779,4.908239922375044,0.01255625459804309,3.334495185467128,0.9282056154159544,0.23367135359456845,0.07080950108926316,0.18111338883012415,0.6816245768634461,0.3103100414984503,0.18253531852850022,0.29069986213551235,0.9436628949941814,1.3819921188766846,0.06281782358530384,1.17745378382303,0.8869354816757922,1.404043290985467,0.09551314904663039,1.2315386131715595,0.9271891326796916,0.2584765275152502,0.06258511562112595,0.1829904829321342,0.7798754964692082,0.4745759154476861,0.14251528992423007,0.4106208440197077,0.7263010974080552,7.935546443386056,0.12799268457074284,6.029347743748783,0.7576410879399524,9.17420336008493,0.18722864000173325,8.754044846626376,0.278904573484305,2.32065006764326,0.20720089889671967,1.7261152204970378,-0.03843387834914136,2.951436389688964,0.3988427553633735,2.156504285182956,0.9506145500498607,6.86526934386623,0.05721057786555192,6.383788945340473,0.9281744442237976,7.143826434096449,0.09653819505535742,6.442588855683247,0.9694048646810547,4.696160612380521,0.04792000624878083,3.6815574478508313,0.9432581160814901,4.736205399870777,0.07893675666451296,4.055468991450538
Dataset_0136,multi_output,ALL,elasticnet,123,0,0.8069445787402634,4.755658110804737,0.011080284507932752,2.9546370823671064,0.715550834497588,4.066830341994491,0.010327146627715823,2.8408185056335986,0.9126961312572838,0.25099114794105093,0.07605792361850029,0.1921241101448611,0.8392841154571662,0.2811620986361896,0.1405810493180948,0.24274065446607132,0.9522185727655991,1.238169881311864,0.05628044915053927,1.0379681981397175,0.8477894454609736,1.9975588370093347,0.11750346100054909,1.707213934917478,0.9240018694081548,0.28010953597508903,0.06782313219735812,0.20240403094755927,0.8192665404347272,0.3316037324038662,0.14493170122546598,0.2776045303835659,0.710949627346517,8.633684139286315,0.13925296998848893,6.750226833388618,0.7968725838653364,6.716907961873642,0.1370797543239519,6.187956037776543,0.23175009740110297,2.4941832595155464,0.22269493388531666,1.9202777681535608,-0.16780240986745976,2.605910783848764,0.3569740799792827,2.1241225436852216,0.9530546328981961,6.978144537153803,0.058151204476281686,6.249392987982899,0.9012773950729657,7.098712534850462,0.12676272383661538,6.851439495546423,0.963941120104989,5.213781043939444,0.05320184738713719,4.330065647812529,0.9721681710594068,3.048797387741195,0.06222035485186112,2.494652342659892
Dataset_0136,multi_output,ALL,elasticnet,123,1,0.7952600461868593,4.692622184762705,0.010933416087517953,2.9719868354926597,0.768732331190855,4.285461885786963,0.01113106983321289,2.9446029247020165,0.9100859816313335,0.2570088171771094,0.07788145975063922,0.1966515306697233,0.7919941264438894,0.2612659309382409,0.20097379302941612,0.2236273322698795,0.948743195970818,1.2817387860042848,0.058260853909285676,1.0195063954311812,0.7916073623948718,1.974433668915271,0.1645361390762726,1.8488969689319714,0.9127765525173235,0.29478150649181556,0.07137566743143234,0.2065424199188573,0.8138952557862548,0.3209199368015109,0.15355020899593821,0.2654272832852675,0.7174168527052331,8.311438346091478,0.1484185418944907,6.778292138220347,0.7623594698579083,7.984780731242651,0.15355347560082022,6.90682803437082,0.16208306939458839,2.518195287658935,0.22483886496954777,2.0222662999244085,0.3673866625212334,2.247176826650178,0.25249177827530095,1.7418942107428672,0.9510280875810928,7.1736591710602955,0.05978049309216913,6.541805649577449,0.8977853845552624,6.212855737261979,0.10185009405347506,5.724985864843161,0.9646865835076246,5.04642606287466,0.051494143498721015,4.038843414706651,0.956098056776566,4.1328614527940255,0.07653447134803751,3.900560778470149
Dataset_0136,multi_output,ALL,elasticnet,123,2,0.8272518875002774,4.316868706448473,0.01005794200011294,2.730222571518943,0.6691002547097297,5.66345652609278,0.013382774938190364,3.610448182491667,0.912646960171073,0.24726895170475302,0.07492998536507668,0.19503209230859778,0.905715259455881,0.22939831037066538,0.1152755328495806,0.19265972880767143,0.9348789050823174,1.4102714651569532,0.06410324841622515,1.2262237014619193,0.9623229177248853,1.0919754810448823,0.06824846756530514,0.8833113688412847,0.919458291610015,0.2705000206462517,0.06549637303783334,0.2110737180475189,0.8810687283316582,0.353571472035811,0.10399160942229735,0.27749280866622505,0.7848701370883905,7.617635594232429,0.12286509022955532,6.136243802841598,0.4281535049544254,9.980004408782365,0.2320931257856364,8.47598367991638,0.3222555951615378,2.33318370734063,0.20831997386969914,1.7647409796677935,-0.37868235929900695,2.8630842459044725,0.38690327647357736,2.01329488838083,0.9476974291879382,6.757739822750356,0.05631449852291963,6.0901747310919125,0.9324707532413746,8.661617343252919,0.08171337116276339,7.534709137205904,0.9689558942006699,4.380084979679437,0.044694744690606504,3.4880689752132623,0.9526529785588901,6.350730472894993,0.07299690198729877,5.895685665623377
Dataset_0136,multi_output,ALL,elasticnet,123,3,0.7898254932748227,4.6577781849688416,0.011006352193976327,2.943024130835585,0.7513881367237527,4.879376980924912,0.011368539098147511,2.9795291497895846,0.8836442496877678,0.26029523146170935,0.0791170916296989,0.1923665496284355,0.9506427181043008,0.22638681466495886,0.08707185179421496,0.18610212752327443,0.9316256270159674,1.3818820003532357,0.06580390477872551,1.178744006218443,0.9649248695095439,1.221923973760005,0.06431178809263184,1.032764923022242,0.8943100153927641,0.304430680846188,0.07629841625217744,0.24180537788035059,0.9817945310105483,0.14658389264076,0.048537712794953634,0.13015421388481524,0.6793745618222206,8.606541172137641,0.14587357918877358,7.112781288091993,0.855396178379829,6.244190265057493,0.11563315305662024,4.965084196598945,0.24691709264404138,2.5066242261577636,0.22380573447837177,1.950918939489987,-0.4075585030471309,2.2409426656359,0.43095051262228856,1.9299164359796606,0.9330637071990721,6.967262070580507,0.06572888745830667,6.197234108443234,0.9506898923762945,8.821416428361678,0.07351180356968065,7.6320238556318145,0.9598431991619253,4.571192088911588,0.05079102321012876,3.727318646096654,0.963827270732883,6.577482658988822,0.07228002921965739,4.980658295886341
Dataset_0136,multi_output,ALL,elasticnet,123,4,0.8205162845956699,4.17018301799915,0.009716176649578636,2.666893242220806,0.666439275374357,6.188867281764041,0.015069070566749552,3.6749534325841204,0.9020031897085419,0.24556378800561207,0.09444761077138927,0.18741516567512637,0.7957947027336691,0.4035384813525015,0.14412088619732197,0.25683988558946147,0.9429633799353483,1.326322268754467,0.06980643519760352,1.1232476584608317,0.9076394809392867,1.5704785387363616,0.0981549086710226,1.5172343285385719,0.9008073626210158,0.29294709803324726,0.07896148194966233,0.22771746624460606,0.8583660555925117,0.39236944985563116,0.12575943905629203,0.2636664781240441,0.8144289290688472,6.883245939595535,0.11102009579992798,5.724180644327198,0.23189082080754264,12.725010013765752,0.3237916034037087,9.371567995901785,0.2647042380797181,2.145273773191962,0.20627632434538098,1.5764015445452957,0.01594506835324172,3.6117381212739015,0.32247661797088406,3.0561254534811857,0.9464048617772802,6.963240065239194,0.05802700054365995,6.23759074199102,0.9287455685087505,7.614127142134849,0.08555199036106571,6.975761644076662,0.9723020309789377,4.3999713698368215,0.04631548810354549,3.5916994743015636,0.9266932306854969,5.690859640123432,0.09178805871166826,4.283478242377134
Dataset_0136,multi_output,ALL,elasticnet,7,0,0.8158800891804924,4.284370590923468,0.010123749033373035,2.7330236905725025,0.6785322736609837,5.732226452915261,0.013364948596211847,3.1540310857627603,0.8936019470353413,0.2359833548998159,0.09832639787492327,0.18725691841290468,0.8145985617414522,0.44422590632069375,0.14807530210689793,0.30784650095311794,0.9311233278337636,1.3954822970978606,0.07344643668936109,1.1477035675101064,0.9506245423725166,1.3458942165145378,0.07395023167662294,1.1696093889094676,0.899622690954571,0.27774106949572963,0.07486282196650394,0.21474860476851415,0.8594663066566672,0.4510929870225154,0.1202914632060041,0.35050827143356855,0.780013179274614,7.293670232681329,0.12362152936748015,6.112473111933,0.5457273199808976,11.105630672104411,0.21356982061739252,7.044819755822445,0.2922598089969677,2.351841587890827,0.21979827924213338,1.6890011255107744,-0.3138481301760929,2.9892481172679206,0.3516762490903436,2.0553544718928056,0.9450065249223002,6.937186140531607,0.06085251000466322,6.355102779627795,0.9405813631108116,7.9090435569095865,0.07391629492438866,6.630817329332807,0.9695331452458881,4.422361876823637,0.04655117765077513,3.4248797262444226,0.9525759519406334,5.74221917509307,0.07089159475423544,4.519261881995108
Dataset_0136,multi_output,ALL,elasticnet,7,1,0.806101114021739,4.619986281842778,0.010764431328415803,2.8808829529934985,0.7522972003950299,4.970167679768394,0.01211644973127351,3.405970964257435,0.9053945023125135,0.24473831776051785,0.07438854643176836,0.17269416567921755,0.8833444347612768,0.3118917393169751,0.12995489138207295,0.2649111982366851,0.9285354841147877,1.427145630629044,0.06795931574424019,1.249206724241098,0.9635311255552446,1.194143059501065,0.06284963471058236,0.9603591185758477,0.9038957751057598,0.294210135742159,0.07373687612585438,0.2230645457499918,0.9443641184138358,0.24591398329456868,0.08202601177270469,0.2090444509701748,0.7084403878819672,8.345026097877048,0.13459719512704915,6.788095878605098,0.7888415971771012,7.727073644324999,0.16440582221968084,6.92545208724013,0.2965319165639333,2.124979381089613,0.19495223679721221,1.721487965188601,-0.2316676918129532,3.8076220317155456,0.4184200034852248,3.292515306184111,0.9361671866470053,7.228867927521649,0.06454346363858615,6.297951522426732,0.9609768342308908,7.234117393973502,0.07162492469280696,6.718698498305295,0.9637425455262059,4.562365850507257,0.05069295389452508,3.7136798690637485,0.9566899844398135,6.692991293382519,0.07354935487233538,5.470816090289806
Dataset_0136,multi_output,ALL,elasticnet,7,2,0.797017102100063,4.562913859426016,0.010631206569026132,2.9201236802390205,0.7685241088916983,5.135827937369486,0.012138567566460614,3.2966760453694866,0.8987082709139458,0.26411386379272483,0.0800345041796136,0.20624135262637103,0.9342824978863433,0.18773928706885082,0.09386964353442541,0.1473228495846828,0.9327928305386906,1.4302629072622064,0.0650119503301003,1.2054343409187023,0.9539237434468716,1.1173785867567378,0.07449190578378252,0.9557597737281347,0.9085700638475491,0.2959852902617443,0.0716671404992117,0.22057585425026044,0.8695682299163106,0.28456398907668784,0.12993789455556526,0.20670176062581533,0.7200217556634869,8.060528781734826,0.13000852873765847,6.46565548641728,0.6173470487574424,9.247438854018377,0.20780761469704218,8.107002406620781,0.20649521217846145,2.6059067163763703,0.2326702425336045,2.1321405257058377,0.14290426411853285,1.8392673525822765,0.31711506079004764,1.6182553379634481,0.9473256716845275,7.068438423736409,0.05890365353113674,6.488575744352688,0.9237162972921704,7.139761559880155,0.09272417610233967,5.908763918607933,0.9652059098737795,4.670392810569673,0.04765706949560891,3.722242457402003,0.9379266808242169,6.587724775739912,0.08902330778026908,6.132926270455611
Dataset_0136,multi_output,ALL,elasticnet,7,3,0.8167756484180844,4.602713033094905,0.010723935305440134,2.849032325224356,0.7585660115927974,4.532521724069724,0.01102293762997574,2.9459822741953596,0.9079062488084992,0.25836214182872214,0.0782915581299158,0.20661004438223285,0.9355449204999715,0.1625730686812995,0.0816950093875877,0.12999386017345432,0.949517465694519,1.242206744580788,0.05646394293549037,1.0881352146677126,0.9057137402176056,1.709360099148968,0.10359758176660412,1.445755992931666,0.9242663106051104,0.26479016832498714,0.06411384220943998,0.20000872384572993,0.8555814868497866,0.3777063298579303,0.12590210995264342,0.3267809939072463,0.7445416342187076,8.198176979924604,0.14639601749865364,6.567504458219988,0.6251724804476291,8.062664956588742,0.17798377387613118,6.463667746901058,0.2822612709752824,2.227943187201398,0.1989234988572677,1.6703544263126509,0.0647503818674815,3.181700522295268,0.3059327425283912,2.5543307323045568,0.9436223598772212,7.131027892794913,0.059425232439957607,6.303737410817392,0.9488150608407301,7.099401116499518,0.07552554379254807,6.690905821041156,0.9653142487472518,4.856895405700658,0.04956015720102712,3.9068759983247876,0.9743840104263771,3.8966636501727216,0.054120328474621136,3.0104407721083826
Dataset_0136,multi_output,ALL,elasticnet,7,4,0.8093132089936882,4.442092443343076,0.010349702803688434,2.828415571186841,0.6959534233801968,5.3341530453189065,0.013754907285505174,3.5515404981080834,0.9123312757103381,0.26044519578240455,0.07892278660072866,0.19720374609175909,0.8255871745510802,0.20962193033381749,0.1397479535558783,0.18473608437776615,0.9554605902600399,1.2582248415845885,0.05719203825384493,1.0504532895519276,0.7017434070385542,1.8145189106698159,0.18054914534028024,1.7664475266256079,0.9145999353237264,0.308623948080535,0.07472734820351937,0.23760506950095245,0.8481104262972825,0.1756373036695225,0.14164298683026014,0.14511928909277053,0.7594393294867762,8.186367683412366,0.13203818844213494,6.586547514431677,0.4370450829069763,8.513470608358398,0.2432420173816685,7.829367902556862,0.1905151579749652,2.6418181481897713,0.23587662037408674,2.0834387454103998,0.47212716008212585,1.4091931397171011,0.2562169344940184,1.2933962461072663,0.9632269728275857,6.207035410530818,0.05172529508775681,5.636645415825558,0.7367604283427226,10.014434810076224,0.16973618322163092,9.75637217887033,0.969619201372385,4.884258302896912,0.049839370437723594,4.0070152174956135,0.8503002844426368,4.588152200311658,0.12570280000853856,3.8853442591259824
Dataset_0136,multi_output,ALL,elasticnet,2024,0,0.7995302100521988,4.768533193903079,0.011110282371628796,2.9620426273846907,0.7710547223268195,3.808643603324298,0.00939964856813914,2.684764496986599,0.8859438504625937,0.270938449631318,0.0821025604943388,0.2030863515722126,0.9044364459303025,0.22455845206477454,0.10253810596565048,0.1944724111983701,0.9475753943406996,1.217375309945643,0.05533524136116559,1.058607695065895,0.8391483669018722,1.9790177028845315,0.13648397950927804,1.6158457076633823,0.9136549994326072,0.2875239426261547,0.06961838804507378,0.20639548441741695,0.8631125776562927,0.2854745400306807,0.1280154888029958,0.24631601051913632,0.7068274691288907,8.519912067337986,0.15214128691674975,6.721553038567969,0.8132843256062631,6.665332758089411,0.12817947611710406,6.078325949907626,0.23991394967449975,2.44878849707079,0.21864183009560625,1.8879858299427539,0.035970764363029484,2.523067408594049,0.3003651676897678,2.2536837297259074,0.9405439612750087,7.328521768214962,0.06543323007334788,6.654668324957009,0.9645063642229375,5.878184620184232,0.06123108979358575,5.405608148511668,0.9622518460510923,5.0241002574981675,0.051266329158144566,4.00200166716958,0.9769242116070386,3.4851606916944453,0.05125236311315361,2.999099521380102
Dataset_0136,multi_output,ALL,elasticnet,2024,1,0.7968830859463086,4.438400250885865,0.010341100304953086,2.8408627266924533,0.8287505375885988,5.414369130444299,0.012796901750045612,3.477785293931509,0.9128130303365838,0.2573545991705121,0.07798624217288247,0.20124252318340977,0.8632699959012111,0.20526851811323205,0.11403806561846223,0.1652138947940537,0.9433085546836392,1.4105306525774164,0.06411502966260983,1.2342882935047543,0.9114928465277704,1.0635419227163052,0.0844080891044686,0.907606513668128,0.913626031255626,0.30031660342939315,0.07271588460760124,0.22974604981043834,0.8856580946298891,0.22853642930671766,0.10157174635854119,0.15231700959767736,0.7237599109489563,8.085499857215858,0.1304112880196106,6.42092852811091,0.7473318296188053,8.974694804541011,0.19095095328810663,8.093192149664716,0.1621049047818336,2.647684436457538,0.2364003961122802,2.0609296507167194,0.5463466421224559,1.4174047760509283,0.24438013380188417,1.2925235245071747,0.9533802923222349,6.507780345512788,0.05423150287927323,5.971251697471661,0.9168326836303063,8.977428442418551,0.1031888326714776,8.074109244475737,0.9691888772952859,4.583995363657804,0.046775462894467386,3.7676523440492766,0.930321670689754,6.390137831608982,0.08140302970202525,5.6595347208130775
Dataset_0136,multi_output,ALL,elasticnet,2024,2,0.8188075716491318,4.604404154003581,0.010727875475311233,2.8853389287251714,0.679846112453259,4.266490094287628,0.010842414470870719,2.8095087710801634,0.9217560405358549,0.2445684370724538,0.07411164759771327,0.18966443116863954,0.7403685204393122,0.24032219560039353,0.18486322738491812,0.21782481791669,0.9361528592276368,1.4672142213014614,0.06669155551370279,1.2825206721164262,0.9461825617719406,0.7553639366054072,0.0719394225338483,0.6743171053482412,0.9132794062740288,0.2863883078116161,0.06934341593501601,0.21805742353738816,0.8000248287460736,0.338841408266718,0.1473223514203122,0.2510523699770803,0.7419895285497136,8.188638747835043,0.13207481851346844,6.418867877668425,0.6202236919641329,7.949982274985968,0.23802342140676547,6.7734287306683045,0.30551615676471844,2.11268789408738,0.1938245774392092,1.589619138943335,-0.20901343087044588,3.508663217734013,0.32791245025551524,2.891127262123761,0.9457210841105377,7.180246121535669,0.059835384346130574,6.6391531841159335,0.9405569739374352,5.759903408981471,0.07480394037638274,5.3888864452647125,0.9672379260814318,4.799585887677046,0.048975366200786186,3.8594897735260494,0.9205796411843646,4.2412260148848135,0.09639150033829122,3.4699246662623557
Dataset_0136,multi_output,ALL,elasticnet,2024,3,0.7997412159430354,4.252106134813456,0.010047747193490998,2.720991047770443,0.6783662231199904,6.246221199000912,0.014553171479498863,3.4691508398493167,0.898385673664024,0.2126719214744554,0.09711046642669197,0.17228885166175553,0.7428530652693622,0.6048829249080415,0.18329785603273988,0.44697844358542455,0.9301297744914174,1.2841897680023235,0.07338227245727563,1.0464226422656984,0.9369439208416717,1.8487554900886882,0.08403434045857673,1.7098326005902769,0.8798472459464755,0.2831015454686335,0.0793001527923343,0.21799406073874364,0.8515199326593049,0.529939161139803,0.12831456686193776,0.43189568771964293,0.7704142375162433,7.236084802003594,0.12264550511870499,6.182975428031764,0.28855054308682326,11.5556841462114,0.27513533681455715,6.577619688145262,0.2223236100694087,2.2842831827962473,0.21348440960712592,1.7914137463058308,0.01744079036066315,3.045415710513856,0.3205700747909322,2.26330129918378,0.9325728448278149,7.013003410618156,0.061517573777352244,6.122688748956612,0.9486856545879581,8.815614131231474,0.08238891711431284,7.714891211367038,0.9645151250858636,4.245849399380571,0.04880286665954679,3.5131538564326945,0.9625696550341489,6.965550494457467,0.07107704586181089,5.139536948353794
Dataset_0136,multi_output,ALL,elasticnet,2024,4,0.8099604311934862,4.6198501121119815,0.01076386326214348,2.956604009037793,0.610935808077618,4.7168692445403835,0.012156879496238102,3.029431883464955,0.9038414840462436,0.2632540818355468,0.07977396419258995,0.19991137343440124,0.8711970269838972,0.24470439164832314,0.12879178507806482,0.22036149609747643,0.9448877978209593,1.3178103635934773,0.05990047107243079,1.0667974424147428,0.8876928607708393,1.7544378554018776,0.11696252369345851,1.6858638540443078,0.9209750324338538,0.2857080910844699,0.0691787145482978,0.21574193200572248,0.7973720174868077,0.3208153702754361,0.14649103665545032,0.2540774780087868,0.7547811958113885,8.290970744526664,0.13372533458913974,7.013240023835074,0.5378782387145549,8.054309304014998,0.21195550800039467,6.226921188442865,0.22230218552808356,2.5991528459955875,0.2320672183924632,1.9793934824659856,-0.4599303704414839,1.7614763565397331,0.35229527130794663,1.5855971579074442,0.9567265350558208,6.86701030674488,0.057225085889540665,6.17155764348947,0.7010931365619815,7.943541331532978,0.17268568112028213,7.225664845122107,0.9662087876580524,4.986173630447968,0.05087932275967314,4.049586165619156,0.9412477464667298,4.628886167957574,0.08265868157067095,4.0075371646316995
Dataset_0136,multi_output,ALL,elasticnet,99,0,0.797189213284612,4.73540805036831,0.011033360633678114,3.0751449365610033,0.8548377309735651,4.167317732362146,0.010159233867289483,2.5292010873552253,0.9056595337685023,0.2636164451818896,0.08012657908264122,0.20559787387188133,0.9395509462576557,0.15706179919838067,0.08266410484125299,0.14800550417477487,0.9386248467036347,1.4077851705137425,0.06703738907208298,1.2382649653923197,0.9441678006387149,1.0587426918527476,0.06874952544498358,0.8558741883478795,0.9027537164901916,0.31143600904199625,0.07805413760451034,0.24629922424580505,0.970647670902836,0.13487644833008458,0.0526861126289393,0.1148529539594485,0.7288848623705729,8.732544861036308,0.14084749775865013,7.256798999229837,0.7669635808924045,6.002467418525768,0.13959226554711088,4.866638640222057,0.19218759056935353,2.6836557641795524,0.23961212180174576,2.1458981007733016,0.46778649269221195,1.3328819994626986,0.24682999990049972,1.2397067900599787,0.9500956904214858,6.883798957192391,0.05736499130993659,6.223566321766877,0.9323124354135401,7.4426307882527265,0.09188433071916946,6.978567485232112,0.9621182526685434,4.896350133167098,0.054403890368523306,4.209589070646998,0.9624351900175918,5.215651525877102,0.060296549432105224,3.5007620494903264
Dataset_0136,multi_output,ALL,elasticnet,99,1,0.8113608743908687,4.5292221186641655,0.0105527076390125,2.7940655842254287,0.6657423946973013,4.919469447525869,0.011624729902705331,3.1537385036155277,0.9078900974299661,0.2494298615487584,0.07558480652992679,0.1995862386970259,0.8662003469084361,0.22471312617814793,0.11292116893374268,0.18074200708357474,0.9449175673006498,1.266491131134186,0.05756777868791754,1.086972070508317,0.9003780621290869,1.7156936273707108,0.10398143196186127,1.3542377527695473,0.9192208589088494,0.2661430489865796,0.0644414162195108,0.19680860075495685,0.8719434114549762,0.3716812142716099,0.1093180041975323,0.32511201716285043,0.7420990968421757,8.227469051004446,0.13270111372587817,6.538491667729496,0.7183455175813883,7.74987591100728,0.17221946468905067,6.092312945492343,0.2596605174049713,2.297091860070235,0.205097487506271,1.7428296935688903,-0.6035677096050032,3.0793909400954194,0.3849238675119274,2.4938580993036745,0.9416640006381839,6.84590031521182,0.05704916929343183,6.041120549842885,0.9421165404212559,8.47970709033758,0.07999723670129792,7.7724428756929616,0.9640739822112845,4.693154026145435,0.0478893267974024,3.75265026847643,0.9647805939909695,4.982705333750893,0.057272475100584974,3.857463827803742
Dataset_0136,multi_output,ALL,elasticnet,99,2,0.8455227157980375,4.133810188766925,0.009631431008310636,2.5860188489053404,0.41275543913006857,6.31290935871761,0.01602261258557769,3.64386353018674,0.8923088268310588,0.24113914208925208,0.09274582388048158,0.18289220556936409,0.8123733883762541,0.41547139816580186,0.1340230316663877,0.28935492008087543,0.9246919006651521,1.4222044180358773,0.07485286410715143,1.2082747405780534,0.9620852753500878,1.1780306868566155,0.05609669937412455,1.0343796902662652,0.9017029698815348,0.2800468438558221,0.07548432448943992,0.2128199881500529,0.8645204585623355,0.4085150759983477,0.10238473082665354,0.29902096464252953,0.839458011725343,6.586596965240773,0.10623543492323827,5.091041445487981,-0.15131194335958575,13.888682522935241,0.347217063073381,10.519150963196328,0.44363085420978665,2.13074589726526,0.19913513058553833,1.5227140146478724,-1.4810033623665189,3.6871243227391863,0.4916165763652248,2.739192653680262,0.9443840210975639,7.195785993079466,0.0642480892239238,6.5974158826671845,0.9548339484928762,5.674072516209183,0.06675379430834333,5.57918339517436,0.9724824261758228,4.213881024727729,0.04435664236555504,3.286973665236876,0.9277903088550312,6.2094305485350985,0.08624209095187636,5.046762124266563
Dataset_0136,multi_output,ALL,elasticnet,99,3,0.7891923705478855,4.46913346184047,0.010412706108668384,2.795157511834295,0.6496404161283642,5.713966335532863,0.014621203519787265,3.7942480619241605,0.9098250507337162,0.26524898848394346,0.08037848135877075,0.194216841806397,0.7955798219023287,0.2112787068115017,0.15091336200821548,0.18392426395199843,0.9524091047570358,1.3084519565858164,0.05947508893571893,1.0881516781742293,0.6577268878420834,1.7327431385963072,0.18143907210432542,1.687191291239125,0.9146434802514826,0.30423581288558255,0.07366484573500788,0.23154241664164515,0.8287509197468846,0.23416961666021083,0.1296620247287989,0.17525164948263594,0.6953443243164259,7.904968728828748,0.14638830979312495,6.344076883816815,0.7310516129576355,10.438379834965298,0.1769216921180559,9.15187402836105,0.13071369434604108,2.297417825050551,0.24183345526847902,1.8166491012354498,-0.22028782799115643,3.4561357854846673,0.38401508727607414,2.6743864291499118,0.951361977952815,6.8933313693940494,0.057444428078283746,6.018306006556088,0.885751841675984,8.497068486874898,0.12682191771455073,7.947768623988582,0.9700489614776817,4.759457709117262,0.04856589499099247,3.8731596546094442,0.8689096567647893,5.686755233187755,0.12637233851528346,4.73934014729582
Dataset_0136,multi_output,ALL,elasticnet,99,4,0.7972079644100332,4.622316737205022,0.010922298528367255,2.9041942308732493,0.768851561912993,4.854639176794667,0.011316175237283605,3.3158842128013952,0.9024364898755219,0.24222821754406126,0.07340249016486705,0.1733152648282552,0.8245290012525384,0.40885570084430517,0.17035654201846048,0.3538742301305648,0.9406338487628394,1.2980757116544066,0.059003441438836665,1.0567788361502246,0.9025161449858532,1.9344937144749466,0.12726932332072013,1.766734757831878,0.9054196683561857,0.2933889895440998,0.07103849625765128,0.21501199002251034,0.9007809487928696,0.32284813351621894,0.12229095966523441,0.28106657491346027,0.7225896050762763,8.235306356889634,0.1395814636760955,6.621298989786498,0.7458685643045373,8.52899917216953,0.17057998344339062,8.079412184204442,0.20073510514869475,2.488638995402039,0.2221999103037535,1.9994993166232717,0.10684513466155265,2.52009482402265,0.2896660717267414,2.0030455413424244,0.9471521854493773,6.984059530626136,0.061263680093211724,6.302306631738618,0.928849520670711,7.8643908343198055,0.08738212038133117,6.6601753933640895,0.9614888482013373,4.9940213859153815,0.05095940189709573,3.961148586963366,0.9725716187228872,4.473884545833591,0.0612860896689533,4.066880807822909
Dataset_0136,multi_output,ALL,svr_rbf,42,0,0.5342848719056601,14.622183274884858,0.03406846056590135,7.889367817879465,0.4167736929297841,16.067882253193634,0.037976559331585044,9.245716990805544,0.9661001194227058,0.1514794822849891,0.045902873419693666,0.11126757064083373,0.9038405596509561,0.24780399030362135,0.11800190014458159,0.17074447300905754,0.6408616435612349,3.1769699432636647,0.14440772469380295,2.288512278139354,0.5386186845176486,4.077192257669313,0.26304466178511693,3.775674701326494,0.9768987947933548,0.14794414678005305,0.0358218273075189,0.11488492184238634,0.9451838196847058,0.21445280234120542,0.08682299689927343,0.18436482023916012,0.2666277040354148,13.558987607340221,0.21869334850548744,10.882526019169195,0.17760492663833194,14.395844747925876,0.3062945691048059,13.0661399235211,0.5894334887482204,1.9247805506272961,0.1718554063060086,1.2509096358239946,0.10827902693830849,1.561639372557469,0.26924816768232224,1.2761631819994987,0.10771060059431858,28.326993440836137,0.2529195842931798,22.53211346402897,0.12568320247225095,29.26769928056954,0.2567342042155223,21.820421885069557,0.19236175218437157,22.28340755011415,0.22738170969504234,18.04536083551152,0.1182056306062863,26.91151616827387,0.3242351345575165,24.426509950473932
Dataset_0136,multi_output,ALL,svr_rbf,42,1,0.524179179192645,14.302164341707453,0.03379528436131251,7.872960100033195,0.3819557265730695,16.827437712300835,0.039207431935275365,9.714123529804741,0.9707684202158176,0.14218915661225348,0.04308762321583439,0.10822455662085223,0.9296808444608898,0.19925121618082048,0.09533551013436387,0.19168586403255125,0.6524643462213651,3.3164022767150105,0.15074555803250048,2.388796797923692,0.5281941452369178,3.2978184284212375,0.2442828465497213,3.05526637776526,0.9719941739104334,0.1692196217188425,0.04097327402393281,0.12724214929905028,0.8887415290916593,0.2463585328830554,0.1276469082295624,0.20451628026605043,0.27604182873345495,12.579626876814267,0.24665935052576993,10.489873730148092,0.19185201281217046,17.60985047568238,0.28402984638197387,14.845717825117376,0.4584469422292974,1.782888406579255,0.1876724638504479,1.154726542902217,-0.11160686179716217,3.7185322274499377,0.3575511757163402,2.739333028328969,0.14785816702563592,27.220806028442276,0.23877900024949364,22.176719924450676,0.10007299307545348,31.906992979225674,0.3038761236116731,23.31063055570635,0.1916803760125111,22.768793833546873,0.23233463095455992,18.66513699888777,0.14675542313155798,25.083303273094057,0.3688721069572655,23.651714777416633
Dataset_0136,multi_output,ALL,svr_rbf,42,2,0.5589061955040852,15.323609226934082,0.03570272420068519,8.367302290632235,0.19574251107210136,11.781476139605664,0.029936415041559302,6.955717079336052,0.979403608090559,0.10109882766262683,0.04595401257392128,0.0883324544852326,0.46080733936835605,0.7097217626764745,0.26781953308546214,0.463941668801825,0.7411748039979584,2.6122271849365815,0.14120146945603143,1.9937443510439676,0.24326932608991714,5.171111201538772,0.32319445009617326,3.9292575189599837,0.9629366760429956,0.1686352794586925,0.04545425322336725,0.12687525302384073,0.5628126184346753,0.6951010234003795,0.2227887895514037,0.4686881527659063,0.312259367399099,14.376892630170381,0.2318853650027481,12.084089249389898,0.06414870627219516,7.1583426240196255,0.34087345828664883,6.359436600095543,0.6053684306631798,1.7480362792723716,0.16336787656751137,1.1540740058822,0.1953856780353186,2.4425500998676837,0.25711053682817725,1.757228455830002,0.11914631428816047,29.576235314592548,0.24646862762160457,23.20867590555963,0.09613840488719738,21.281212315479607,0.29557239327055007,18.51707708759525,0.192054168046643,23.501579533406883,0.24738504772007244,19.91532481504088,-0.25236449558295027,20.827795874626617,0.44314459307716203,17.194390071303854
Dataset_0136,multi_output,ALL,svr_rbf,42,3,0.5083801759305638,14.712399156372749,0.034279454685274005,7.668690289843748,-0.18075904351775815,20.15269287708358,0.04900946711353011,10.987398572361396,0.9634399492994442,0.15927953798428052,0.048413233429872506,0.11516808393271312,0.9044424919758598,0.13409106135137505,0.09577932953669646,0.10636287566408727,0.7039251128775553,3.0729843530038297,0.1463325882382776,2.291031322218395,-0.15946170649617586,3.2729743897949146,0.3272974389794915,2.503087420433362,0.9785664703499627,0.1451960128262392,0.036389978151939645,0.11519918587255527,0.6820677420163519,0.3064654663358119,0.16476637975043648,0.2623569787071422,0.21960024620730756,14.304148328228436,0.23071206981013606,11.333519286811493,-0.19671821040158477,14.236181695504811,0.33107399291871653,12.551705562843278,0.4608215520729787,2.1009657614073523,0.18758622869708502,1.4216047722110277,0.6583482490097256,1.3463679199863607,0.19512578550526966,0.9004968846334057,0.13633458644586693,27.1195339625792,0.22599611635482666,20.389943765100984,-1.04947529569418,37.479131153922516,0.543175813824964,31.029623681400533,0.09597331426083167,23.689687608616588,0.26321875120685095,18.01436561275907,-2.1045165750343036,34.970360316116604,0.5464118799393219,29.55815660284795
Dataset_0136,multi_output,ALL,svr_rbf,42,4,0.5207235344040748,15.266007672267493,0.03556851740975651,8.211048805082639,0.4324088465279643,13.222651840018148,0.033826175083187894,8.215871164826579,0.9801046457965708,0.12300876931749515,0.037275384641665195,0.09321274642130134,0.7590918091624506,0.2699304289889013,0.15878260528758903,0.23344778824553045,0.6949524745258628,3.215822403799761,0.14617374562726185,2.4117336862594247,0.6176437660700365,2.5819713434273637,0.17564430907669137,2.0455481732822767,0.9585826141127198,0.1949460098726492,0.047202423697978016,0.13971300025312658,0.8802893980324471,0.34997563222661204,0.10509778745543905,0.2957250787931036,0.24113528068905798,13.213640620255813,0.21312323581057763,10.70694079859258,0.21036339213790967,16.559701445851058,0.33795309073165425,14.749518674862133,0.47574092485978425,1.9787287586137718,0.17667221059051536,1.2122780414788976,0.26496801431714845,2.483116653358294,0.33555630450787755,2.15307062881597,0.08749404573467601,29.510456419598896,0.24592047016332413,22.54600187296072,0.16755559064869552,24.320305011167623,0.32865277042118407,22.136899530111503,0.20705475510985116,23.907730525433603,0.24395643393299596,20.367461489612424,0.12694995532706266,18.577968517905525,0.30963280863175874,15.896888279675535
Dataset_0136,multi_output,ALL,svr_rbf,123,0,0.5211676029191062,15.878157539041506,0.03699477525405757,8.461084661829148,0.36442617017082324,12.043192870055481,0.03058200322512819,7.222064406359239,0.9490802731944578,0.19168348323844667,0.05808590401165051,0.11356340552353075,0.9168744989947395,0.20220622098976715,0.10110311049488357,0.1524901559223598,0.6725854982436406,3.2411537427328674,0.14732517012422125,2.366090448617349,0.5109971356470875,3.5804111217473786,0.21061241892631638,2.8928093702726247,0.9670167981109888,0.18453249164022942,0.04468099071191996,0.12535240299633596,0.8693017832841413,0.28199081337896076,0.12324773312017515,0.2484312312653396,0.2712999294071067,13.708306150869651,0.22110171211080082,11.139412672537365,0.15700176484221107,13.683539748187098,0.2792559132283081,11.978390222185006,0.5211102433530638,1.969222897189447,0.1758234729633435,1.2077622485919608,-0.041250465124961444,2.460664839977532,0.3370773753393879,1.8403300872557764,0.09647745956748954,30.613507186030827,0.2551125598835902,23.526418640854917,-0.0608077213674898,23.269637755571488,0.41552924563520516,18.618270425911156,0.17060301855699722,25.005059825686264,0.25515367169067615,20.74899281368258,0.19886619492003443,16.357247286499057,0.3338213731938583,14.823729351702413
Dataset_0136,multi_output,ALL,svr_rbf,123,1,0.5137090170309084,15.966504348112618,0.03720061590892968,8.300494302162935,0.325512538859714,12.777946916041502,0.03318947250919871,7.919563178374754,0.9577745725396933,0.17612513809478558,0.053371253968116844,0.12002333734374976,0.8857979320172682,0.19358957496188955,0.14891505766299198,0.1874634572073089,0.7015506986011825,3.092851355587078,0.14058415252668535,2.382593127809942,0.5191495503630998,2.999206548661503,0.24993387905512524,2.413098355011109,0.9740498016522601,0.16078811760438952,0.038931747603968406,0.1298008868171486,0.7918988597436037,0.339355744942502,0.16237116982894834,0.28786073475654145,0.22580664976411724,13.757127968743701,0.2456629994418518,10.951686889199898,0.07592483671766048,15.74549749348438,0.3027980287208535,13.602665214951248,0.5108271740345705,1.9240665340395464,0.1717916548249595,1.3066274193072662,0.30052061230674365,2.3629554639344255,0.2655006139252164,1.5020964998784694,0.0822596288579488,31.054684774854067,0.25878903979045054,23.327082310217207,-0.093836870774622,20.324087175733336,0.333181756979235,18.89126701652454,0.1436945937665861,24.850114222191237,0.25357259410399224,19.885646144445342,-0.2008671483557558,21.61506056408031,0.4002788993348205,18.55249097029406
Dataset_0136,multi_output,ALL,svr_rbf,123,2,0.5335232194174712,14.410594900945892,0.03357547740201745,7.986011474064688,0.46892933245958773,16.07419018584842,0.037983388515438504,8.8363423086281,0.9791637834765881,0.12076470009956744,0.03659536366653559,0.09526756144524774,0.9062659735944811,0.22872737512977004,0.11493837946219601,0.17856299345496782,0.6723970727178823,3.163120658270219,0.1437782117395554,2.3034436949749417,0.7004703667875556,3.078889854266421,0.1924306158916513,2.748527478887181,0.9581426974904492,0.19500354312170978,0.04721635426675782,0.13135729496459791,0.9099810942538711,0.30760688375692974,0.0904726128696852,0.22611576547191398,0.2737941989705218,13.995863560409292,0.22573973484531115,11.60888941618328,0.1513195795510539,12.15802669971783,0.2827448069701821,9.963504167980814,0.5094487056446214,1.9849893344934482,0.17723119057977216,1.2998466771308828,0.28741592422337203,2.0583540315304383,0.278155950206816,1.4274408928116842,0.1417859977103857,27.37396748740514,0.22811639572837616,21.838013286005182,0.143713108341617,30.843431413994402,0.29097576805655095,24.274033720614025,0.1999300799118492,22.236013571223133,0.22689809766554217,18.62526238774868,0.1833392804651638,26.37534708840928,0.30316490906217564,23.036211141176103
Dataset_0136,multi_output,ALL,svr_rbf,123,3,0.5274672777851063,13.339149673560794,0.031520474665187724,7.3378903534938775,0.4018200652984621,21.443093118773515,0.049960608384840434,11.867970653752808,0.9620261296903427,0.14870128378136782,0.04519795859616044,0.09970508854264785,0.9055008171348091,0.31324888794632694,0.12048034151781807,0.24487444491254481,0.6640900023008449,3.062920655311654,0.1458533645386502,2.261249454171755,0.5805050187201752,4.225790112456776,0.2224100059187777,3.650277390415803,0.9737627448667208,0.15168083153161876,0.03801524599789944,0.11550324823746012,0.930624917505469,0.2861455992952986,0.09475019844215184,0.23204826128819445,0.2444182768345634,13.212055360591355,0.22393314170493822,10.714740075473582,-0.1448856878261009,17.569819733291983,0.32536703209799966,14.707429137686189,0.5356439277851877,1.9683095606387873,0.1757419250570346,1.3823543973409371,0.6051648067841855,1.1868762677975295,0.22824543611490955,0.9845688565262544,0.1238430671117674,25.207064327205533,0.2378024936528824,19.773597618111275,-0.1036622029880434,41.73384835628871,0.34778206963573927,33.300279576151674,0.18848679590631745,20.549332218704855,0.22832591354116505,17.01808259257949,0.0394927877587401,33.89373174935554,0.37245859065225867,29.956316909289008
Dataset_0136,multi_output,ALL,svr_rbf,123,4,0.5387013861030698,14.972499878232869,0.03488466886820333,8.122732578420814,0.3564073946741866,13.833159775032916,0.033681908388198,8.332026341528522,0.9749032530869439,0.12427022069172639,0.04779623872758708,0.10030759111291164,0.7878020011115431,0.41136003413680045,0.14691429790600016,0.24866524666886655,0.7271128358522234,2.901106850913885,0.15268983425862553,2.204711572405984,0.4291013710781626,3.904526039188169,0.24403287744926055,2.695284839728243,0.9600106540825976,0.18600372072856766,0.05013577378128509,0.13992170484428307,0.8063661532794563,0.4587775387007356,0.14704408291690244,0.30452563697783674,0.2849530395706802,13.511558087374633,0.21792835624797796,10.964903863463299,0.07430505358787942,13.969491624243853,0.3554578021436095,12.205662433259969,0.5267752622155767,1.7210179960207865,0.16548249961738334,1.0277529420941824,0.17928620144759488,3.2983933760047295,0.29449940857185086,2.8488442472286897,0.10064542719207958,28.524244088193253,0.2377020340682771,22.41826607854547,0.11098656013481967,26.894801796715143,0.3021887842327544,22.829637882418176,0.19650923072138826,23.698253123374585,0.24945529603552194,20.003264296479568,0.10700442207984995,19.862343498324606,0.32036037900523556,17.19156410441788
Dataset_0136,multi_output,ALL,svr_rbf,7,0,0.5381684664555481,14.523486822171815,0.034318258086417336,7.966909508877017,0.3547044500794527,16.04623223356639,0.03741252560868825,9.158177056369482,0.9710572442519995,0.12307914496237868,0.051282977067657776,0.09506679413473741,0.7815481271509386,0.48219779361141807,0.16073259787047273,0.29769009921271206,0.6858376919736028,2.98033644136663,0.15685981270350682,2.261290038007856,0.4824242635911449,4.357549350800817,0.2394257885055394,3.403792865615701,0.9512441948507304,0.1935688614031105,0.0521748952569031,0.1385265033476271,0.8185401999328248,0.5125851962196293,0.1366893856585678,0.3490603250387143,0.2762717766515139,13.229259841750396,0.22422474308051518,10.898981564844686,0.09664294287176822,15.660825042452743,0.30116971235486045,12.746866544692214,0.5703257446893766,1.8324865798576053,0.17126042802407526,1.1590934611875692,0.057218496163037535,2.532181943178879,0.2979037580210446,1.8561430957751388,0.11680975220987411,27.80064667735897,0.24386532173121903,22.087572101817493,0.12697936777537344,30.316208050718934,0.2833290472029807,24.017136751286145,0.19563286056173956,22.72310244943597,0.239190552099326,19.127836098799147,0.11957775307108076,24.741496127689043,0.3054505694776425,21.43654971296575
Dataset_0136,multi_output,ALL,svr_rbf,7,1,0.5331540493735574,13.936632905744233,0.032471942276717146,7.5444413018987815,0.39921331014731853,18.3850760809933,0.044819785667950515,11.076432372937589,0.9517338044219739,0.17480961541132375,0.05313362170556954,0.11185370353071879,0.9031435494096003,0.2841943346002021,0.11841430608341752,0.2403528031276881,0.6526824631071522,3.1462006786216143,0.14981907993436258,2.2957920749070357,0.5332887871250682,4.271882478080084,0.22483591989895177,3.6039903866497736,0.9612114906309752,0.18691232309087297,0.04684519375711102,0.12967781260005665,0.9157207615946503,0.30266767363076275,0.10095652889618503,0.2589427789950819,0.2642947902218502,13.256104927355995,0.21380814398961281,10.676348402188397,0.12629621768439958,15.717844036962939,0.334422213552403,14.375326275927735,0.5717908359078079,1.657908278064422,0.15210167688664425,1.0892294530168551,0.06743074465038112,3.3131996222301465,0.3640878705747414,2.4977687767548464,0.13047933132614153,26.68014909142979,0.238215616887766,20.412049545835636,0.09324571705089668,34.87137807720096,0.3452611690811976,30.897344076209986,0.1998856299990014,21.43223624994647,0.23813595833273857,18.09613812121278,0.15536739351623352,29.556976867911356,0.3248019436034215,25.66130151289801
Dataset_0136,multi_output,ALL,svr_rbf,7,2,0.5281073312789826,14.710916632616186,0.034275201846729234,7.886587744737893,0.31923366119883695,16.877511724716275,0.039890124615259454,9.390603275060228,0.9664919053709172,0.15190744979699333,0.04603256054454344,0.11321854250110847,0.9553682889425981,0.15471642041717668,0.07735821020858834,0.12049396854290721,0.680315096996715,3.1193861315751636,0.141790278707962,2.288069530487666,0.515335114924665,3.6239527630374933,0.2415968508691662,3.1940569356379416,0.9781746323002828,0.14461278985530981,0.03501520335479657,0.11939246754970324,0.9137914268895948,0.23134678824986896,0.10563780285382146,0.17875250814737434,0.2490935747218821,13.200619116848625,0.2129132115620746,10.58019769915872,-0.4279710026186576,17.863996664238115,0.4014381272862498,15.286993805394104,0.49069115644924655,2.0877317601570633,0.18640462144259495,1.4758348743136083,0.7132995618028237,1.063761757385648,0.1834071995492496,0.8934291090531968,0.12691058295147306,28.77751824111407,0.23981265200928392,22.43801074371988,-0.3611181549418292,30.15891680016865,0.3916742441580344,21.76596915730747,0.20507437016236096,22.32358379705635,0.22779167139853418,18.191390355434567,-0.07406960660733675,27.403067228574212,0.3703117193050569,24.29452744133859
Dataset_0136,multi_output,ALL,svr_rbf,7,3,0.516726992088181,15.238122158494136,0.03550354650161728,8.143419087567608,0.42703178157758154,15.004252925210828,0.03648982933731566,8.39458424005341,0.977983517373481,0.12632455093771808,0.03828016695082366,0.10205138318303578,0.9024205333176646,0.20003189502113092,0.10051854021162358,0.157056924273325,0.6581734101940027,3.232408421365738,0.14692765551662446,2.3680027283954455,0.6271655079677039,3.3991270672643314,0.20600770104632313,2.869512023624318,0.9658008900742105,0.17793635922764203,0.04308386421976805,0.1177626464415439,0.8864744319707167,0.33488035406115496,0.11162678468705166,0.2926921536792401,0.2662170178962213,13.894439830409572,0.2481149969715995,11.755933904325216,0.05995601946408957,12.768414274351919,0.28186344976494304,9.505960947187917,0.5285671557369025,1.805638638257737,0.16121773555872654,1.1612877423298167,0.2807522179123002,2.790196535626464,0.26828812842562155,2.138859824929919,0.06140190985695093,29.09635063901084,0.24246958865842366,22.380781556399103,0.11810692981430027,29.46853757597297,0.3134950805954571,22.5120604944993,0.15894504348549843,23.916376719239913,0.2440446604004073,19.118113651899087,0.11434683059629502,22.91232663481573,0.31822675881688517,21.285947312179854
Dataset_0136,multi_output,ALL,svr_rbf,7,4,0.5331640299789084,16.046025839292724,0.03738589431335677,8.707752430679207,0.43555574340644426,9.149254876386085,0.023592714998416926,5.358958181417184,0.9657406372413165,0.1628109639386014,0.04933665573897012,0.11423022911034984,0.9495045605920578,0.1127907761002054,0.07519385073347025,0.09914707718080207,0.7360501389695608,3.0629982282092265,0.13922719219132848,2.306323345803614,0.5993177857228495,2.1031318722699366,0.2092668529621828,1.7115935066834769,0.9745885613411434,0.16835078642491602,0.04076290228206199,0.13784458140830938,0.8307778901598352,0.18538787758991385,0.1495063528950919,0.147919899400666,0.2901549416903355,14.06244107091153,0.2268135656598634,11.753336719106853,0.08246072636962665,10.868814180850999,0.31053754802431427,8.649070422743074,0.4881965966473111,2.1006328058052657,0.1875565005183273,1.3319412140906304,0.3062019181808332,1.6155574599407243,0.2937377199892226,1.2731972062023924,0.09287559924813371,30.82853990637891,0.2569044992198243,23.665089241046747,0.08898794238339536,18.630002734007256,0.3157627582035128,16.429602133524952,0.18454173471455826,25.30462466203728,0.2582104557350743,21.645501684187966,0.19163938043651219,10.661784558959997,0.29210368654684926,9.202177024184921
Dataset_0136,multi_output,ALL,svr_rbf,2024,0,0.5123665626619297,15.239026144776894,0.035505652713832464,7.795799096630801,0.27447965469428165,16.796247560680513,0.041452769221058054,10.195870640987483,0.9706488446709444,0.13744339960975177,0.04164951503325812,0.10305117068725002,0.7441215894925891,0.3674515481862854,0.16778609506223077,0.2806440962093698,0.6393849596299175,3.1928522453696386,0.14512964751680177,2.254220087448732,0.21324462608319605,4.376800998461046,0.30184834472145144,4.18134268163292,0.9723735181133154,0.16263657061295747,0.03937931491839164,0.12769968545229152,0.9067178366999767,0.23565947926465572,0.10567689653123573,0.18728266000435367,0.2609032869360012,13.52770455981861,0.24156615285390373,11.352182458498325,0.07839465606763218,14.808256869797598,0.2847741705730307,11.63252990048807,0.5544709513692753,1.8748127925121254,0.16739399933143978,1.237076261690639,0.4169470330084887,1.962175081691612,0.23359227162995383,1.5019064924614314,0.0720922698928963,28.951481556922378,0.2584953710439498,21.062604974978942,-0.004167976693688846,31.265916351696877,0.3256866286635091,28.040750340136654,0.11669210802115926,24.303369726848086,0.247993568641307,18.433759037659428,-0.43390018179822243,27.47286759591499,0.40401275876345577,25.546638315979582
Dataset_0136,multi_output,ALL,svr_rbf,2024,1,0.5341738518506949,14.743792584067641,0.03435180005607558,8.097514295493385,0.5205226488388284,15.248852281509297,0.03604077589579129,8.33130891582738,0.9662633956117396,0.16008728029120656,0.04851129705794138,0.10505201704305579,0.9198754777625703,0.15713508330025905,0.08729726850014391,0.13372968126994722,0.727925446272598,3.090065793409652,0.14045753606407507,2.396823501319703,0.7595571654101643,1.7529573372042189,0.13912359819081094,1.4943135071022624,0.9784085720878758,0.1501511241984526,0.03635620440640499,0.12355763176229184,0.9275023846550783,0.18197619749743935,0.08087830999886193,0.14378526836451222,0.25954489698702754,13.237710720705083,0.21351146323717876,10.806155245926039,0.19844976796612257,15.984895192472155,0.34010415303132246,13.764970401880769,0.46875572753024297,2.108232620673274,0.18823505541725663,1.3943146193467442,0.5775052707445909,1.3678625978885914,0.23583837894630885,1.1791743317006755,0.12066971796723802,28.2633819559295,0.23552818296607916,22.021519018299497,0.0916437399408524,29.669055085153772,0.34102362166843414,24.112025285922446,0.21764920649814212,23.098893240463795,0.23570299224963057,19.835178034756368,0.16912473539241923,22.06628770498587,0.28109920643294106,17.49116393455105
Dataset_0136,multi_output,ALL,svr_rbf,2024,2,0.5253272805946418,15.211213363398468,0.035440851266072854,8.336848042487134,0.17731896717191759,12.448801574964698,0.03163609040651766,7.497603221362248,0.9820843497569196,0.11702840504379897,0.035463153043575446,0.09549233294282747,0.7894351934466104,0.21642533667700276,0.16648102821307906,0.1243147218229006,0.6640395433323787,3.365633971613055,0.15298336234604795,2.4475975777165946,0.08593232037388332,3.1130343474303284,0.29647946166003125,2.415758758203832,0.9595328904175764,0.19563441443664376,0.04736910761177815,0.13451300093190938,0.852520242063207,0.29098771045247185,0.12651639584890081,0.22649435674604668,0.26450832756624343,13.825534358441937,0.2229924896522893,11.381548472383757,0.002727574595210336,12.88276639491284,0.3857115687099652,11.023958307701701,0.5037942246825403,1.7858097009540481,0.16383575238110534,1.0936222888834128,0.09150772000361473,3.0414924444121594,0.28425163031889344,2.6113430727183222,0.10429333073787461,29.168000083351618,0.24306666736126348,23.089761810722802,0.0494830062148246,23.03269138351186,0.29912586212353065,19.356957519807914,0.19903829766896064,23.731432277853976,0.24215747222299977,20.11540081382864,-0.6303732864939273,19.216266788953057,0.4367333361125695,16.724395812535025
Dataset_0136,multi_output,ALL,svr_rbf,2024,3,0.5344236066403047,13.241876432710121,0.0312906175304476,7.208821605291738,0.16235267321342278,21.9174396357529,0.05106579598264888,12.709121206396224,0.9770433713342946,0.10108500535600576,0.04615753669224008,0.08785463413073474,0.640841336428859,0.714864651441952,0.21662565195210667,0.4766035765669491,0.725024635174106,2.5475928788962867,0.14557673593693066,2.0118021265255717,0.4017537020198396,5.694505349207172,0.25884115223668963,4.393471832306064,0.9599840026248408,0.1633774819567818,0.045764000548118154,0.11950280200613833,0.7343370046225322,0.7088551003647334,0.17163561752172724,0.5311146743713847,0.2674071567351948,12.925951069197982,0.21908391642708444,10.44007765019981,-0.8546222470660538,18.657410591456614,0.4442240617013479,15.885087449512678,0.5013467860908458,1.8291520016760294,0.17094878520336726,1.2673099758925321,0.3106310743677506,2.550897863071954,0.26851556453388986,1.8794879807553269,0.13276178632313518,25.15103345318982,0.22062310046657738,19.433275292292084,-0.17771749656533342,42.23317571557605,0.3947025767810846,35.40409827285815,0.17739750819971667,20.44268594156882,0.2349734016272278,17.101928755995296,0.08124533868636519,34.509868765383864,0.3521415180141211,30.39398465840302
Dataset_0136,multi_output,ALL,svr_rbf,2024,4,0.5290532244072935,15.65879289590766,0.03648367403519958,8.657668874854556,0.31401754995198833,9.702563417280805,0.025006606745569086,5.785391491165564,0.9711580182035499,0.14417627042515516,0.04368977891671368,0.10908003274756867,0.9293064092898258,0.18128790927286326,0.09541468909098066,0.15843401934012483,0.6821642394920091,3.1646844692548646,0.1438492940570393,2.2667942727213073,0.5288284198190162,3.593551313734643,0.23957008758230952,3.2554185553145487,0.9713275652068355,0.1720967477746852,0.04166991471542015,0.13255334016343015,0.8795838500067898,0.24731350121843437,0.11292853936914814,0.1921005368253653,0.30383508768869427,13.969619039728158,0.22531643612464772,11.623028895160873,0.20070805550215587,10.592605826809915,0.27875278491605043,8.89781937488213,0.41429757596693595,2.2556145682561137,0.20139415788001017,1.4303690128365827,-0.49250048698346616,1.7810166823317644,0.3562033364663529,1.4014217562102762,0.15279101382728588,30.38450325095541,0.25320419375796177,24.985138892464185,0.06708982662872287,14.03350424865399,0.305076179318565,10.423116210397195,0.2077990704657433,24.142552512483462,0.2463525766579945,20.056717677887956,0.08510677540087375,18.26625187673191,0.32618306922735557,16.16942998518931
Dataset_0136,multi_output,ALL,svr_rbf,99,0,0.5271122692349709,15.046605984218004,0.0350581467047648,8.259571604907,0.44631509994580776,15.264841734494512,0.03721316853850442,7.90467981069989,0.9631596259486941,0.16473485796495627,0.05007138539968276,0.11736852648214834,0.9669795101404237,0.1160827186150223,0.061096167692116995,0.09552107575194184,0.6576741304079174,3.324757322275904,0.15832177725123353,2.5232803276067446,0.5267375975912723,3.0824714265277025,0.20016048224205854,2.4640804650583537,0.9792663387077364,0.1438037855688058,0.03604104901473829,0.11345092487367651,0.8880424970262706,0.2634155683917516,0.10289670640302799,0.20229665194170432,0.2710306618085111,14.319193986286123,0.2309547417142923,12.095149705224701,0.20119654946108512,11.113167965781182,0.258445766646074,8.415844184987666,0.5312948643134666,2.0441906779969403,0.1825170248211554,1.3031843917179222,0.4881766429557718,1.3070999772907121,0.24205555135013188,1.0919413077612383,0.11392294768551359,29.00647116050965,0.2417205930042471,22.631761862683447,0.08255116545346863,27.40078201135832,0.33828125939948545,21.587602240145195,0.17343731577295685,22.871537596444078,0.2541281955160453,19.032805495760368,-0.029478263007638006,27.304017868791583,0.3156533857663767,21.475472749253136
Dataset_0136,multi_output,ALL,svr_rbf,99,1,0.5043607295399416,14.688319131576936,0.03422255156471793,7.711581540561023,0.27757070178701926,19.601853284635155,0.04631927333971775,10.73148315423383,0.9763728226027791,0.1263284609585132,0.038281351805610056,0.09655984612752443,0.8945141083996064,0.19952537555405964,0.10026400781611038,0.1487383197362897,0.6779449321812445,3.062391180997637,0.13919959913625624,2.2038327911271263,0.557598259884083,3.6155190877191927,0.21912236895267834,3.0621056377588167,0.9617615165838476,0.18311159350659845,0.04433694758029018,0.12412051183493042,0.9047648400963507,0.3205297206018788,0.09427344723584669,0.2447809467721552,0.2295403380811064,14.2204971186882,0.2293628567530355,11.651733562364472,0.2213402485393441,12.885767129007254,0.28635038064460566,10.680710683775057,0.5178453698491408,1.8537709755800273,0.16551526567678818,1.230844348413994,0.020815787810735564,2.406319983658514,0.30078999795731426,1.8397233072852661,0.09936279061143904,26.89906551579484,0.22415887929829034,20.328820079720682,-0.17669141811360722,38.232694263208614,0.36068579493593034,31.601159402765063,0.06769733687003354,23.90775131919815,0.24395664611426685,18.345159644338437,-0.47934691410737806,32.293060499197814,0.37118460343905535,27.54316378154417
Dataset_0136,multi_output,ALL,svr_rbf,99,2,0.5484755259397656,14.890034740871872,0.03469253201507892,8.024915296933425,0.236754582825685,14.484125764949836,0.03676174052017725,8.87278810057538,0.9812586460064732,0.10059540404673896,0.038690540017976525,0.09010767049544867,0.7832599193433817,0.4465432500935254,0.14404620970758886,0.34483512427586216,0.685708100838775,2.9054123193711727,0.15291643786164066,2.144158097414039,0.2865024184124513,5.11032950049385,0.24334902383304047,4.215180935546054,0.9689534925711647,0.1573862761821185,0.04242217686849555,0.124298874813711,0.8449815848941625,0.43698132352617053,0.10951912870330088,0.2894155248219238,0.2763092098358496,13.984382489796822,0.22555455628704552,10.923734787577493,-0.12570234412599302,13.733345019998378,0.34333362549995944,12.78267843414022,0.6205956224635529,1.7595487780301662,0.16444381103085667,1.15503070246685,-0.10786857713711906,2.4638724827911527,0.32851633103882033,1.884800350417945,0.1178209017196834,28.65872252974233,0.25588145115841365,22.849856165351092,0.06812278776507996,25.77318938747945,0.3032139927938759,20.288951958248397,0.18868270814286003,22.8808716815998,0.24085128085894525,18.887220780415344,-0.09201370937216824,24.14727207815823,0.33537877886330875,22.303654376577274
Dataset_0136,multi_output,ALL,svr_rbf,99,3,0.5278714217474333,15.299035557123162,0.035645469611190965,8.174450997505671,0.26488121631441025,12.828911317880095,0.032827306340532485,8.1821083280736,0.9602084448410865,0.17620013609213409,0.05339398063398003,0.11830216891215191,0.8647354393750172,0.17186437454724776,0.12276026753374839,0.14816331767917718,0.71813548422726,3.184315174748408,0.14474159885220036,2.347407572564447,0.33253538458471543,2.419702200941748,0.2533719582137957,2.096099608613297,0.9774058791209106,0.1565271614960038,0.03790003910314862,0.13086610933216847,0.8247833565780522,0.23686674899033808,0.13115545348302218,0.19123066263516897,0.2577094024081392,12.339072025955574,0.2285013338139921,10.10483882543787,0.12584032509530707,18.81889019823634,0.31896424064807355,16.87781283986829,0.466170971893208,1.8003612639660658,0.18951171199642797,1.1478916587711612,-0.5006373289089243,3.832635605220726,0.42584840058008067,2.7968004662318213,0.09951882481252161,29.660503728755284,0.24717086440629404,22.53211953773322,0.13061873726001938,23.439570668042705,0.3498443383289956,21.778625920689226,0.21595094492890754,24.35135585318483,0.24848322299168196,20.83973110978868,0.07629260021668471,15.09546157542447,0.3354547016760993,13.386025480798224
Dataset_0136,multi_output,ALL,svr_rbf,99,4,0.5206402152585758,14.58430171097621,0.03446196056468859,7.9480771262659475,0.3836498095874469,15.906243339255216,0.03707749030129421,9.197979939432987,0.9194806874002592,0.22005490544346257,0.06668330467983714,0.12218542234894407,0.8877354501482878,0.32703083506486497,0.13626284794369375,0.2927197768573345,0.6775046327612214,3.025466280193246,0.13752119455423847,2.220059180233596,0.5200538436328231,4.2923708257290265,0.28239281748217276,3.6839514375866123,0.9437143994445897,0.22632996030688987,0.054801443173581085,0.1492100806727143,0.8998008833572286,0.32443872909365673,0.12289345799002147,0.31583001923560455,0.2725939901577249,13.33542425285684,0.22602413987892947,10.835833198786057,0.21424968446011172,14.99723370802468,0.2999446741604936,13.284680821138375,0.4766337503275011,2.013814155111319,0.17980483527779634,1.2962181080211792,0.05051224628541229,2.5983531799860473,0.29866128505586753,1.9032819932220608,0.15688358859677165,27.895759352359008,0.2446996434417457,22.452232904255812,-0.03119097210675359,29.939581427252502,0.33266201585836114,21.59425824459118,0.1976704581219625,22.79468187654354,0.23259879465860753,18.56080098954332,0.1443875313350177,24.987524667951394,0.3422948584650876,23.31113728339975
Dataset_0136,multi_output,ALL,gpr,42,0,0.9939859003866035,0.6793929684915867,0.0015829286311546756,0.4602388928034217,0.8752167245299118,2.6465946259667437,0.006255246102497621,1.5276309310684992,0.9965148220091241,0.048569900010502924,0.01471815151833422,0.03809205370674672,0.9230827380306486,0.22162780231897924,0.10553704872332345,0.14742747710600795,0.9946172480265852,0.3889415987857549,0.01767916358117068,0.32689681818547,0.9405534582462833,1.4635059312706127,0.09441973750132986,1.0194317732370504,0.9959119642895682,0.06223544640082403,0.015069115351289112,0.04926622796804102,0.9115825876760268,0.27236182840103107,0.11026794672106519,0.23753824531158207,0.9964155699900293,0.9479273768343583,0.015289151239263844,0.8154415610278585,0.9665556593602476,2.9030747836151227,0.0617675485875558,2.220869206416749,0.9769965746811992,0.45560209780496563,0.04067875873258622,0.34499866530622497,0.4248927714300831,1.254124559058732,0.21622837225150549,0.9655399517435121,0.9986058179264622,1.1197146550224244,0.009997452276985933,0.9400261500180785,0.9760791328219282,4.841084161029034,0.0424656505353424,3.537694668747527,0.9988393057832555,0.8447575357820554,0.008619974854918932,0.7069507734115318,0.9837707241441662,3.6509347949689452,0.04398716620444512,2.5649151949170674
Dataset_0136,multi_output,ALL,gpr,42,1,0.9879920693868597,0.8999735617187768,0.0021265915919630833,0.595211366868499,0.8989873113775996,3.236634407186524,0.007541262394712188,2.0969886488565757,0.9938794433069731,0.06506325662174528,0.019716138370225844,0.05274356651028963,0.9484430090291466,0.170611357638794,0.08163222853530815,0.14579472013707467,0.9931717378283395,0.4648604685137951,0.021130021296081596,0.37366701925622314,0.9032815976433907,1.4931369215738879,0.1106027349313991,1.2464676000566104,0.9937285205458357,0.0800776884180131,0.019389270803393005,0.06196474247817303,0.8798470947519974,0.2560166460725435,0.13265111195468576,0.19201613055339056,0.9887864004743511,1.5656098447166247,0.03069823224934558,1.2916547147796544,0.9607150758895345,3.8826047352628548,0.06262265702036862,3.248803261984051,0.9498802099373252,0.5423857568681975,0.05709323756507342,0.43319899923106736,0.6540297501973503,2.074508973914368,0.19947201672253542,1.7836234023142805,0.9980204786204713,1.3119737210014504,0.011508541412293424,1.1302114235179959,0.9689044253584959,5.931049212902778,0.05648618298002646,4.714051930751152,0.9984776949947204,0.9880963637684894,0.01008261595682132,0.8230391023060891,0.9776902267732817,4.055977514297318,0.05964672815143115,3.3481634961994695
Dataset_0136,multi_output,ALL,gpr,42,2,0.9824670295347363,1.0476262833971406,0.0024408813685860686,0.683866535285112,0.7291970703906931,3.8898188679779326,0.009883925468118239,2.501493988590728,0.9880603208054538,0.07697449972974796,0.03498840896806725,0.060575795341096306,0.6660974167691684,0.5585036631782249,0.21075609931253772,0.36392668759483504,0.9839005088747624,0.6514989850641695,0.035216161354819975,0.4745115845267241,0.9123546945539168,1.7598576379105506,0.10999110236940941,1.439006764171834,0.9824973732045886,0.11588517211012504,0.031235895447473058,0.09502945397864145,0.9056479556989907,0.3229161573716039,0.10349876838833458,0.2524218505631049,0.9910098224890994,1.643753993420337,0.026512161184198982,1.3513615543620299,0.2868873331990006,6.24867783651055,0.29755608745288337,5.046769195151045,0.9365560192820219,0.7008898033093953,0.0655037199354575,0.4610732341863359,0.47238592101920895,1.9779157513149839,0.20820165803315618,1.6522606845188983,0.9974304030015978,1.597436167749034,0.013311968064575285,1.3665076846626436,0.9269557991021998,6.049761709665132,0.0840244681897935,4.776598930904137,0.9978147590856301,1.22223746305174,0.01286565750580779,0.9780064399383119,0.9340503723923665,4.77951812634121,0.10169187502853638,3.9794738072312392
Dataset_0136,multi_output,ALL,gpr,42,3,0.9902671174197939,0.8062394991099888,0.0018785141757962415,0.524224393419812,0.8298613582646056,3.025824040628951,0.007358521499584025,1.9735456607278092,0.9935131855858076,0.06709224576232493,0.020392779866968067,0.05449974776690356,0.9353380559627705,0.11030413650941134,0.0787886689352938,0.0816582143637588,0.9934293418293924,0.4577875736361378,0.021799408268387516,0.32922450453801405,0.7475790980525445,1.5271336938462379,0.1527133693846238,1.4049303580869028,0.9954291330928756,0.06705128888129379,0.01680483430608867,0.05607175475185487,0.7894635129259167,0.24938936681319265,0.1340803047382756,0.2340184613103405,0.9938908747479938,1.2655897759933405,0.020412738322473235,0.9644892134960127,0.8898439322154531,4.3191847859389005,0.10044615781253258,4.130690975755722,0.9587649375316637,0.5810132562294805,0.05187618359191791,0.4582759513458008,0.5324968030585109,1.5749407578158483,0.22825228374142728,1.38148463841832,0.9981277626877539,1.262670127898251,0.010522251065818758,1.0867732999071888,0.976699536714591,3.996229751155955,0.057916373205158765,2.980908683823949,0.998714586463071,0.8932852093359092,0.009925391214843435,0.7202362821329089,0.9376085689224536,4.957532719660674,0.07746144874469803,3.6011282933356688
Dataset_0136,multi_output,ALL,gpr,42,4,0.9745406563082416,1.303134345118173,0.0030361937211513816,0.8438676634310073,0.8103176593555349,2.2748083776579433,0.00581941258034777,1.5234421433448624,0.9923066223375202,0.07649248356115627,0.02317954047307766,0.05781794499538048,0.6056185278930273,0.34536976388890833,0.20315868464053435,0.2873752308259268,0.984240704175407,0.7309315484199183,0.033224161291814464,0.5772518845667463,0.8905275840521251,1.3815597798592147,0.09398365849382412,1.1297175101251042,0.9820607670435024,0.12829949387923967,0.031065252755263843,0.10048063874730698,0.9213578802320139,0.2836606573805655,0.08518338059476442,0.2600229432100309,0.977320666337712,2.2843121772996784,0.036843744795156105,1.8818423052839952,0.9528974626614487,4.044464397770157,0.08254008975041137,3.1608988415526533,0.8920014828607503,0.8980948035708989,0.08018703603311597,0.6800349930893714,0.3217386598049564,2.3852974027287894,0.3223374868552418,1.9949858187753329,0.996249381648578,1.8919493698782832,0.015766244748985695,1.5832687524930642,0.9866944729146436,3.0747332089466495,0.04155044876954932,2.6975500119045415,0.9976049697542209,1.31393007561131,0.013407449751135815,1.0263771248411853,0.9933890279305295,1.6166325331583749,0.026943875552639582,1.1335446470204462
Dataset_0136,multi_output,ALL,gpr,123,0,0.9727287170421224,1.3748054068167281,0.003203181283356776,0.909777391044764,0.8278517688491119,3.3757046942284172,0.008572129746644026,2.150634626090722,0.9815162146710935,0.11548806856867083,0.03499638441474874,0.08833692818142842,0.9343673050647568,0.17967493375892127,0.08983746687946063,0.1571323838618409,0.9859253840720603,0.6719995044308419,0.03054543201958372,0.5606073315484339,0.9123934817804593,1.5154632394197445,0.08914489643645555,1.197512887736801,0.9860619014799983,0.11995772044162265,0.029045452891434054,0.09879855340551513,0.848818144201344,0.3032843253853563,0.1325543380180753,0.27948862913215233,0.9807539939458468,2.227817947331675,0.035932547537607655,1.8859669014162965,0.8736339306258043,5.297858612835095,0.10811956352724685,4.7852904730079135,0.8822908513778328,0.9762975789076592,0.08716942668818387,0.7355443104990362,0.322737448259653,1.984510453076556,0.27185074699678846,1.5065374756808265,0.9956925274390875,2.1137559871903093,0.01761463322658591,1.7712456645489485,0.9266154265151432,6.120313572700065,0.10929131379821544,4.970269315010995,0.9968601463089373,1.5385137377482347,0.01569911977294117,1.2279420477136893,0.9763966454966229,2.8076602601515654,0.05729918898268501,2.1582112182045243
Dataset_0136,multi_output,ALL,gpr,123,1,0.9584377704143577,1.6069116626935227,0.0037439693911778256,1.049373256197517,0.8844125037456324,2.465302545323384,0.0064033832346061925,1.567185114422965,0.9758436356097023,0.13321407249364786,0.040367900755650866,0.10015335667752,0.8984205218116249,0.1825778005410001,0.14044446195461546,0.15518741410978945,0.9774925127166604,0.8493511349138506,0.03860686976881139,0.6752212854076202,0.8969563387147756,1.3883916820793418,0.11569930683994516,1.2411842373898654,0.9821452980389478,0.13337054091328793,0.03229310917997286,0.1164156659607488,0.8327727380966097,0.3042086194983362,0.14555436339633313,0.2576346847605307,0.9709848957400875,2.663269567055393,0.04755838512598916,2.2107688405373134,0.9335899151063114,4.221042801887155,0.08117390003629144,3.4974725078542326,0.812085694825364,1.1925287151131565,0.10647577813510327,0.8771820474501074,0.6815193470945065,1.5944452210111197,0.17915114842821572,1.262192835687636,0.9940516928452288,2.5001375335875036,0.02083447944656253,2.105632703850476,0.9785969760525923,2.84297040378413,0.046606072193182455,2.3224456592692246,0.9964606631245135,1.5976255478691126,0.016302301508868494,1.260238893498833,0.9690316893430071,3.471104847824401,0.06427971940415557,2.2341784618894747
Dataset_0136,multi_output,ALL,gpr,123,2,0.988017285070515,0.9585010196820156,0.002233226979687828,0.6231025637644951,0.881043997502731,1.816149571143221,0.004291570148498833,1.2041086688359162,0.9955461741417155,0.05583380076035842,0.016919333563744976,0.04671314781623625,0.8469227897442944,0.29229728340458067,0.14688305698722648,0.19892763062918958,0.9926314685139402,0.4743865240529523,0.02156302382058874,0.3622395422165822,0.9342181951118075,1.4428698142895735,0.09017936339309834,1.3373913267819322,0.9908920122885269,0.09096369680076202,0.02202510818420388,0.07171849238419635,0.9499884105710747,0.2292791240926726,0.06743503649784487,0.188905415985771,0.9892182478895908,1.7053538830978139,0.027505707791900223,1.3980460820662277,0.9700763050822866,2.2829616205093957,0.05309213070952083,1.7452245708321823,0.951586086229048,0.6235927549245976,0.05567792454683908,0.48886601450304534,0.47917682167104536,1.7597345855899933,0.23780197102567477,1.4056945276607584,0.9977337586934215,1.4066725888276685,0.011722271573563904,1.2098495609607374,0.9945088706424451,2.469925637013999,0.023301185254849047,1.7240874333392315,0.9985132477373626,0.9585444636133579,0.009781065955238345,0.7842851064044406,0.9924165896961633,2.5416141935604677,0.029213956247821467,1.8285297766223485
Dataset_0136,multi_output,ALL,gpr,123,3,0.9946538365951021,0.6434794925088025,0.0015205451275049093,0.409229860300775,0.8717305567699126,3.555631997054069,0.008284324317460552,2.308951090092552,0.9974569316692217,0.03848143876411129,0.011696485946538387,0.030236688587447,0.9477330145907494,0.23296422680723147,0.08960162569508905,0.14918323632020622,0.994093286166847,0.40616009035406575,0.01934095668352694,0.3194351575309096,0.9577110106350786,1.3417085616566484,0.07061624008719203,1.0536446628071567,0.9974277501545937,0.04749283300356077,0.011902965665052823,0.035211799275114,0.9252099578466635,0.2971031140936586,0.09837851460054918,0.2626607084232206,0.9940672368658403,1.1707338282050241,0.01984294624076312,0.8890970829433156,0.9485189428318279,3.725717920971852,0.06899477631429356,3.073477781665846,0.9814347494527701,0.3935666088933799,0.03513987579405178,0.31250441273999274,0.374036661603238,1.494417576936095,0.2873879955646337,1.2388162332918922,0.998955546716956,0.8703137169480262,0.008210506763660624,0.7212656818723256,0.975584546965913,6.2073001002931685,0.0517275008357764,5.452366712237579,0.9991413551394857,0.6684311883776102,0.007427013204195669,0.5568581991563203,0.9733197629159182,5.648900368878727,0.06207582822943656,4.9325082959019655
Dataset_0136,multi_output,ALL,gpr,123,4,0.9950714916527234,0.6189798931008833,0.0014421712327606787,0.3976528535536864,0.8425234513861312,3.2149283592561617,0.007827923932934409,2.03848303748495,0.9973060037083545,0.040715226098912226,0.015659702345735473,0.02813090543764175,0.9133163075402639,0.26291789992176084,0.09389924997205745,0.20260236546879012,0.9958689390651946,0.3569463711205389,0.01878665111160731,0.29341361918772213,0.8671897450004148,1.8832354847873893,0.11770221779921183,1.6952453330443749,0.9939444324632472,0.07238138807697808,0.019509808107002178,0.05946888076321207,0.9665626013187341,0.19064602395492772,0.061104494857348625,0.17532671878967537,0.9959848659879919,1.0124840090896738,0.016330387243381837,0.8338669380699418,0.8597293209874877,5.437886076038523,0.13836860244372834,4.331929157211682,0.9841588328452029,0.31488014757335114,0.030276937266668382,0.2287633850780128,0.33566731292161656,2.9675592087978617,0.26496064364266625,2.5720340218663558,0.9990698112176487,0.9173482133558222,0.007644568444631851,0.7637649350913327,0.9716851457644228,4.799780200460695,0.05393011461191793,3.2247818655733176,0.9991675562814238,0.7627870797704148,0.00802933768179384,0.5761613112479416,0.9835137261699783,2.6987775491703605,0.04352867014790904,2.067461800440454
Dataset_0136,multi_output,ALL,gpr,7,0,0.9901982228832316,0.7892526542054732,0.0018649637386707778,0.5196537973425386,0.8672651798380995,3.7054863701966037,0.008639511238509218,2.3486741908001685,0.9919809730956527,0.06478513469147473,0.026993806121447802,0.05136719651080535,0.9299404665930284,0.27307437790837374,0.09102479263612459,0.16543723913616223,0.9902110601688718,0.5260851986828778,0.027688694667519886,0.4436690139395831,0.976320435906525,0.9320564403252662,0.05121189232556407,0.8541998928491576,0.9895335569374859,0.08968542835071917,0.024173969905854225,0.07620897793037283,0.9770357529473311,0.18234839728763141,0.04862623927670171,0.1591423765326967,0.9925974539256545,1.3379452797002276,0.02267703863898691,1.105021933566022,0.8997911797346736,5.216003709933124,0.10030776365256007,4.466112820702623,0.9697044287947327,0.4865872320584751,0.04547544224845562,0.34836956764220967,0.3578976585693555,2.0897363999232823,0.24585134116744498,1.4735499693694576,0.9984991808368671,1.1460193458241172,0.010052801279158924,0.9343067618682568,0.958584905800036,6.603009951454874,0.06171037337808294,5.606615041053672,0.998860906423357,0.8551064216262537,0.009001120227644776,0.6786331299405199,0.9712858593157461,4.46815639542327,0.055162424634855184,3.7156619959574115
Dataset_0136,multi_output,ALL,gpr,7,1,0.9915308922997903,0.7574478748962598,0.0017648311351528688,0.4816969757515997,0.8189909308234157,4.038370402469697,0.009844881527229881,2.628677652669417,0.9945363139433974,0.05881480366256318,0.017876840019016165,0.04542716661385444,0.9370522859415483,0.22910845824935105,0.09546185760389626,0.17087814214348526,0.9894008437511803,0.5496151701910434,0.02617215096147826,0.4158659886359666,0.9848209787061181,0.7704014013145796,0.04054744217445155,0.7213010920309577,0.9940083445095066,0.07346150261174704,0.01841140416334512,0.054444576306628446,0.9362527011076435,0.26323075609989666,0.08780212011337446,0.22396626928187427,0.9917173556938059,1.406528455874628,0.02268594283668755,1.1047601784004835,0.886393586207402,5.667770971359365,0.12059087173105033,4.845617901863826,0.973320602627512,0.4138286260697548,0.037965928997225215,0.330524977637879,0.0456830100614557,3.351609279797325,0.36830871206564014,2.87136065458918,0.9989614191248682,0.9220796933276179,0.008232854404710874,0.79172154535163,0.9646100308715501,6.8891302305919,0.0682092102038802,6.173329973991729,0.9987713664482613,0.8398517629362028,0.009331686254846698,0.629134397314756,0.978123922868192,4.756755326353712,0.052272036553337495,3.3942895347848645
Dataset_0136,multi_output,ALL,gpr,7,2,0.99583084789759,0.5404162204136281,0.0012591244650830107,0.3599809030590718,0.9134696698360454,3.3251555102539023,0.007859029804428982,1.9849844423181078,0.9971649445636629,0.044186030095250524,0.013389706089469856,0.034778878131068114,0.9824120933702463,0.097122916675046,0.048561458337523,0.08836001304895415,0.9954959794841314,0.3702612417916804,0.01683005644507638,0.26562630891939226,0.9278771945909924,1.3979706582849996,0.09319804388566663,1.0834225281221097,0.9968689041602906,0.054773954986481944,0.013262458834499261,0.045742129049963456,0.9041312072158997,0.24396463484436096,0.11139937664126073,0.17214289718639073,0.9974629076327901,0.7673076524460064,0.012375929878161393,0.6427921579899128,0.8261492065802298,6.233145622712718,0.1400706881508476,4.966416667483107,0.9852968814190546,0.35472256761947946,0.03167165782316781,0.2807045244807789,0.8057268571394198,0.8756621498024553,0.15097623272456123,0.7369632777824459,0.9991796032844086,0.8821367847542881,0.007351139872952401,0.7342115559898358,0.980348930348013,3.623772486564362,0.04706198034499171,3.1576939628672482,0.9993467147387912,0.6399589205035823,0.006530193066363084,0.5160107668525512,0.9676421996075167,4.756335250721818,0.06427480068542998,3.689891749736497
Dataset_0136,multi_output,ALL,gpr,7,3,0.9739658809367713,1.2626607361910531,0.002941893607155296,0.8224104816279914,0.8793440073031107,2.2719329947286133,0.0055252632474734635,1.6182434068101357,0.9901457325808687,0.08451347640483604,0.025610144365101832,0.07184150203464623,0.801553521872455,0.2852605578158651,0.14334701397782168,0.20914687137902271,0.9892420738662836,0.5734394767793408,0.02606543076269731,0.4383652938988611,0.9203315455630113,1.571276278740956,0.09522886537823975,1.395413299420907,0.9864139877950225,0.11215103833907604,0.027155215094207274,0.08577624137100653,0.8975002228903861,0.3182030139482486,0.10606767131608287,0.28911703877634676,0.9833395422755896,2.093633646494083,0.03738631511596576,1.6374827366249134,0.8798532414624128,4.564770081002291,0.10076755145700422,4.362907971322211,0.8753992980901062,0.9282846431120556,0.08288255742071926,0.710717341431998,0.6693096123821454,1.891935450989103,0.1819168702874138,1.604194380880729,0.9956917173126179,1.9712912060547094,0.01642742671712258,1.6924371764357269,0.996747384663719,1.7896453301323063,0.019038780107790493,1.5148702867325596,0.99752881463691,1.2963905595798597,0.01322847509775367,1.1202530795987873,0.9901125222876447,2.4209181706334277,0.03362386348101983,1.952053999159172
Dataset_0136,multi_output,ALL,gpr,7,4,0.979626040181017,1.2448357636031513,0.0029003629161303618,0.8263439697400005,0.7668783985741678,2.1117810336730316,0.005445541603076409,1.3873259685208619,0.9870768021177673,0.09999516571738563,0.03030156536890474,0.07709955733960148,0.9196879458432553,0.14224528316594354,0.09483018877729568,0.12511913014753176,0.989273863063984,0.6174583887587497,0.028066290398124985,0.47063452871935657,0.8116348626549237,1.4420048987081153,0.14348307449831998,1.316046245910361,0.9866419767953961,0.12205950929410453,0.0295543606038994,0.10560563297829384,0.7858754924209438,0.2085383669747975,0.16817610239903033,0.1664965860760053,0.9849165183392977,2.0498861147841403,0.033062679270711944,1.7259938775766188,0.9383400849199247,2.8175478072860045,0.08050136592245727,2.3304748732120584,0.915344287474146,0.8543320391608294,0.0762796463536455,0.6369439153032784,-0.03790092368452669,1.9759857615748848,0.35927013846816086,1.5840859035971604,0.996574827581156,1.8943523051415225,0.015786269209512687,1.6487052769416217,0.9572639278805115,4.035042913376261,0.06839055785383492,3.344915140523678,0.997554005895371,1.3858835293332015,0.014141668666665322,1.1194249993212322,0.9932473999841429,0.9744573624379166,0.026697461984600455,0.8441439001792393
Dataset_0136,multi_output,ALL,gpr,2024,0,0.9785316944581064,1.1678016600122458,0.0027208799161515516,0.7554115911907363,0.8823637586841377,3.2974638814804105,0.008138068267924703,2.2158699547693512,0.9881665150607225,0.08727053121915225,0.02644561552095523,0.07142889067919313,0.7926169381350647,0.3308033512066946,0.15105175854186967,0.22839650083270202,0.9891663354972968,0.5534069313724098,0.02515486051692772,0.42350549148998035,0.8973172712671541,1.5811957649378896,0.10904798378881997,1.2915224531562206,0.989194793316834,0.10171194422082562,0.024627589399715648,0.07985445910640276,0.9100943663155054,0.23135509187504658,0.10374667797087288,0.18681031726011033,0.9862851260487181,1.84276257996673,0.03290647464226303,1.5074097251396203,0.9170892170026125,4.441574543947325,0.08541489507591009,4.041369681688925,0.9030953503255562,0.8743638695706358,0.07806820264023534,0.638121276003307,0.7300435847103723,1.3351515909875658,0.15894661797471024,1.1194606554677433,0.9960568471995198,1.8872967850925106,0.0168508641526117,1.5990388223352616,0.9669671742179213,5.670754438243078,0.059070358731698726,4.548936221930418,0.9977568937580976,1.2247159121311837,0.012497101144195753,0.9685224735813895,0.9624177591403339,4.447703920642681,0.06540741059768648,4.0945938530493375
Dataset_0136,multi_output,ALL,gpr,2024,1,0.9810745618571254,1.1687000529999334,0.0027229730964583726,0.7612171038889921,0.8656073780266936,2.3002433693436135,0.005436642328866966,1.5154563204770675,0.988513514708943,0.09341136592414984,0.02830647452246965,0.06754915777963069,0.9053635018320197,0.17077321889740693,0.0948740104985594,0.1495157563782528,0.9904417818254978,0.5791782354818032,0.026326283430991058,0.48567843577412545,0.8335191924726117,1.458637967488857,0.11576491805467111,1.1134536186095059,0.9889982048432918,0.10718146358255491,0.025951928228221528,0.09034193285800668,0.8896753711250589,0.2244858455439015,0.09977148690840067,0.17796255901826719,0.9849832282507869,1.8851756040276522,0.03040605812947826,1.539853134679157,0.958870208147579,3.6209512418747387,0.07704151578456891,3.198794505752125,0.9207042375440967,0.8145099390701483,0.07272410170269182,0.608508001842798,0.4952328601580601,1.4951245210970672,0.2577800898443219,1.0081065561179285,0.9964013550115036,1.8080798882210418,0.015067332401842016,1.5320839386411178,0.9849482893138951,3.819166033068339,0.04389846015021079,3.2518790300580838,0.997479610815757,1.3110649633959808,0.013378213912203885,1.004505125648109,0.991642223137632,2.21312909301734,0.02819272729958395,1.7084822174053085
Dataset_0136,multi_output,ALL,gpr,2024,2,0.9720778281016255,1.2864167880464707,0.002997243215392523,0.8511411250601448,0.8572623749404684,2.2344532373676294,0.00567840721059118,1.3717170902330402,0.989945012992108,0.08767297735772739,0.02656756889628103,0.06998674339135696,0.573170851956829,0.30813586036399,0.23702758489537695,0.2121936266183289,0.9819588126634566,0.7799295213850773,0.03545134188113988,0.6229961585051103,0.961604577077413,0.6380202512345413,0.060763833450908696,0.5208286920068039,0.9812153741147461,0.13328934601369946,0.032273449397990185,0.11046955835966535,0.9272156142448303,0.20442196093799564,0.08887911345130246,0.17342273159809757,0.9822633855278873,2.1469820278275606,0.03462874238431549,1.8282483296240128,0.9002146307403708,4.0750755113820105,0.12200824884377275,3.2406042175045706,0.8757383391505644,0.8936610865105815,0.08198725564317262,0.6532029479340111,0.6715716792737085,1.8287166590941548,0.17090809898076215,1.5888626045985645,0.996277729254052,1.8803025203037231,0.01566918766919769,1.6086775315853914,0.9789089992728793,3.4309417041463885,0.04455768446943362,2.49887068826884,0.9971461430085641,1.416557402899281,0.014454667376523275,1.064406606021466,0.9881502720172483,1.6382481443214312,0.03723291237094162,1.3672370710360764
Dataset_0136,multi_output,ALL,gpr,2024,3,0.9817259852724735,1.0758448647957466,0.002542226576232299,0.7052278564941232,0.8651537976493013,4.829517047022,0.011252369634254427,2.821908317277252,0.9904269130714144,0.06527677426072336,0.029806746237773223,0.05044158541028045,0.7795146476124288,0.5601063814491224,0.16972920649973408,0.3735137970549453,0.9868826777839574,0.556423836281045,0.031795647787488286,0.40294879429721625,0.9117122782874755,2.187591112357754,0.09943595965262518,1.9013647746063802,0.9847978246209957,0.1006997157180988,0.028207203282380612,0.0845020765336577,0.92002575197805,0.3889260372487001,0.09417095332898308,0.3245280251070713,0.9875471903450295,1.6852519822401366,0.028563592919324348,1.4091132741454093,0.7554979118006014,6.774307758963615,0.16129304188008606,4.72167656745826,0.9294957888344281,0.6877934162681844,0.06427975852973686,0.5132391298344842,0.7664101746620546,1.4848896476231825,0.15630417343401923,1.1313634875405223,0.9960522826286159,1.696913317729082,0.014885204541483175,1.4309500560284663,0.9541662233495057,8.331553699375348,0.07786498784462942,6.207111478811961,0.9968792196228726,1.25914153341626,0.014472891188692643,1.0454000792093485,0.968749595854993,6.3646034387169665,0.06494493304813231,5.0938000903616265
Dataset_0136,multi_output,ALL,gpr,2024,4,0.9821347011155767,1.0922909302057324,0.0025449462493143814,0.7223052980938335,0.8529140585041285,2.290281291971405,0.005902786834977848,1.5717494968655121,0.9890206608046073,0.0889547900325261,0.026955996979553365,0.06815060459583794,0.9294340204187486,0.18112421123395003,0.09532853222839476,0.16476077331860575,0.9882839864064207,0.6076016850318686,0.027618258410539484,0.4377120462127478,0.9288581973410608,1.3963578791595894,0.09309052527730596,1.2942932868589412,0.9892823754251036,0.1052179040773422,0.02547649009136615,0.08684718516622189,0.8845036815058148,0.24220858223463526,0.11059752613453668,0.2118862158052088,0.9890405954982133,1.7527580721672356,0.028270291486568316,1.4944339420379396,0.874768085654575,4.192833370829617,0.11033772028498992,3.6621685196303235,0.9238698133759783,0.8132139638401518,0.07260838962858499,0.6650606117274405,0.41389415576818445,1.1160888580883719,0.22321777161767437,0.9789667675050246,0.9975165439258892,1.6450727374711385,0.013708939478926154,1.3601094658998112,0.9582192400370473,2.969849103075168,0.06456193702337322,2.6191442485759517,0.9979289323728241,1.2344191515459417,0.01259611379128512,0.9438232310168364,0.980721028803469,2.6515887239270954,0.04734979864155527,2.0710266663645274
Dataset_0136,multi_output,ALL,gpr,99,0,0.9877670423165886,0.9288401231462966,0.002164170001971846,0.617955864552639,0.9014820130501208,3.0660725786004583,0.00747457966504256,1.9013815920069779,0.992207568029822,0.07576349488745167,0.02302841789892148,0.05786043797760979,0.9746078244458671,0.10179484154991784,0.0535762323946936,0.08672663475515256,0.9901370079330473,0.5643446769815612,0.02687355604674101,0.4570744163049437,0.9213043816799429,1.2569654299381094,0.08162113181416292,1.177183588322162,0.9930630640374843,0.0831794724691904,0.020846985581250727,0.06041868332477485,0.901302850645447,0.24732450118019977,0.09661113327351555,0.2209467552184049,0.9927697724176038,1.4260669852992705,0.023001080408052748,1.137409226175533,0.8942615117368453,4.0432859883776695,0.09402990670645743,3.442071071578683,0.9501975821187402,0.6663413454331797,0.05949476298510533,0.5225223428654386,0.6794675202979301,1.0343911073696854,0.19155390877216397,0.8618850113512533,0.997804419305393,1.4438891539701304,0.012032409616417753,1.2226114307076748,0.969495048761279,4.996399987003162,0.06168395045682916,4.257264221316596,0.99818988237403,1.070313155194743,0.0118923683910527,0.8677945145124981,0.969934953783534,4.666044827588787,0.05394271476981257,3.2635938615065943
Dataset_0136,multi_output,ALL,gpr,99,1,0.9663090448252961,1.4467397704580445,0.0033707823170038317,0.9398833922893306,0.859557947635745,2.141390711094577,0.005060116522353025,1.5135611642855886,0.9876045152814852,0.09150125301671794,0.027727652429308466,0.07649437547906275,0.777109756298171,0.29003237400861,0.14574491156211558,0.22182734668759221,0.9850508611965139,0.659786893021672,0.02999031331916691,0.5165944877654581,0.9219928433437499,1.5182016865638812,0.092012223428114,1.2542195618216365,0.9792107957323005,0.13501575385741807,0.0326914658250407,0.10971454492423618,0.9325565079256128,0.2697364713387667,0.07933425627610785,0.2455307267947791,0.9768731481797285,2.463758211000906,0.03973803566130493,1.9901426041167112,0.9348649194849505,3.7268669814959727,0.08281926625546607,3.2669928747823422,0.8449605315929666,1.0511968301591663,0.09385685983563985,0.8078083199702505,0.46419512503716087,1.7800184622364734,0.22250230777955918,1.392583535869145,0.9938642389574756,2.2202223423647736,0.01850185285303978,1.8546487408842958,0.994711729796713,2.5630697764717323,0.024179903551620117,2.1137882538212125,0.9965992228366022,1.4439406910021204,0.014734088683695107,1.2237806728853,0.9914747515638574,2.451476379077665,0.0281778894146858,2.099985850222413
Dataset_0136,multi_output,ALL,gpr,99,2,0.9934968847995138,0.6415272241812151,0.001494704622975804,0.41875893225313854,0.8062892866886766,4.013414282926902,0.010186330667327163,2.6940161482689384,0.9958120665971181,0.04755295840790194,0.018289599387654596,0.03728575411743104,0.8688332391084419,0.34738079972881836,0.11205832249316723,0.27210674704322624,0.99293204256868,0.4357005845788531,0.022931609714676476,0.32919104150677225,0.9362598460493052,1.527422573010582,0.07273440823859914,1.2445806249174507,0.9943828403420596,0.06694511135504565,0.0180445044083681,0.05494992888314211,0.8716531626324551,0.397615966400785,0.0996531244112243,0.3628920868770726,0.9961006701465022,1.026506629274906,0.016556558536692034,0.8804548846762024,0.7359804521459935,6.650933218599312,0.1662733304649828,5.616607507333951,0.9770802922287517,0.4324686993077956,0.040417635449326694,0.29292130457770144,0.3280751463132554,1.9188209773611085,0.2558427969814811,1.5806791063184487,0.9990799591251466,0.925511899591589,0.00826349910349633,0.7426967900434749,0.941019973361342,6.483974547084979,0.0762820534951174,5.801433158552649,0.9990903225883387,0.7661625233967078,0.008064868667333766,0.5938128219672456,0.9622031872099434,4.492433116122888,0.06239490439059567,3.979813806839769
Dataset_0136,multi_output,ALL,gpr,99,3,0.9587369001566168,1.6283906682543334,0.0037940136725403855,1.0773374242597227,0.7730273312658804,2.324068574179411,0.005946951315709855,1.5771506112189384,0.979846151634837,0.12539775934357852,0.03799932101320561,0.0926739409801456,0.7625032981512944,0.22773125540735786,0.16266518243382702,0.21192415076378532,0.983678895635019,0.7662502242890976,0.034829555649504435,0.6258487918356425,0.6251401950617376,1.81335249146936,0.1898798420386765,1.6995080628475299,0.9828689251662198,0.13629637078333032,0.03300154256254972,0.11677786885817168,0.7518563568391069,0.28188242447695605,0.1560810766760554,0.25654695686778045,0.9624703704768259,2.7744867697030413,0.05137938462413039,2.386226089094453,0.9529386242550709,4.366474551884421,0.07400804325227832,3.5939238453869313,0.8125456601376811,1.0668572602633553,0.11230076423824792,0.8339028319360388,0.3408023444350403,2.540197499613846,0.2822441666237607,1.827584592072034,0.9938788762975881,2.44543870386256,0.020378655865521334,2.0656607674864436,0.991093626520146,2.3724385163412793,0.03540953009464596,1.7975210764215848,0.9958694217481473,1.7674899634401104,0.018035611871837862,1.4202716796271633,0.9868568735987668,1.800646776873073,0.04001437281940162,1.653045594172923
Dataset_0136,multi_output,ALL,gpr,99,4,0.9945958740653806,0.6652475369272933,0.0015719459757261185,0.41859016996302906,0.8816499621071557,3.453069039151252,0.008049111979373549,2.107481714567335,0.9964634844557446,0.046117824321024216,0.013975098279098248,0.03559896588561465,0.9809763057021311,0.13462162013831094,0.05609234172429623,0.12970831057968019,0.9950681324870141,0.37414183983422356,0.01700644726519198,0.27415671180896756,0.9689583696976678,1.0916244052421997,0.07181739508172365,0.9025308872138912,0.9937584069416537,0.07536871660970207,0.018249083924867328,0.06075504054009517,0.9844002877172041,0.12801446315892245,0.04849032695413728,0.10196415820970195,0.9933947120380472,1.2707621544827274,0.02153834160140216,1.026755167037762,0.9549279636527422,3.5918853607866463,0.07183770721573293,2.605788593943221,0.985011213106203,0.3408001484346235,0.03042858468166281,0.25535209361764727,0.3624584600046341,2.129157270124063,0.2447307207039153,1.7753834750786894,0.9991588797307893,0.8810964789353797,0.0077289164818892956,0.7744106542544817,0.9548457392040841,6.265064431711356,0.06961182701901507,5.403373789247878,0.9993162896982121,0.6654159485658641,0.006789958658835348,0.5031025565966354,0.9649826087716259,5.055063059849744,0.0692474391760239,3.833622787698284
Dataset_0136,multi_output,ALL,random_forest,42,0,0.8634299642083996,4.516434220012527,0.010522912907764508,2.788663304549992,0.7773574664082743,6.2397850626443825,0.014747778451062118,3.8535311081349226,0.8973765098703147,0.2635591621596588,0.07986641277565419,0.20040232048374929,0.910878942195204,0.23856267626670236,0.1136012744127154,0.1983783366402111,0.8468837475656863,2.0744016834043766,0.09429098560928985,1.8234400770030257,0.712038329034365,3.221057902441486,0.20781018725428943,2.283059540343917,0.8838271988584139,0.3317666283006026,0.0803309027362234,0.2665458897864693,0.8443219781082728,0.3614023673759986,0.14631674792550547,0.27516964517195974,0.8364466291040789,6.403166039521312,0.10327687160518245,5.203073379629629,0.7776068943392392,7.486133441466477,0.15927943492481866,6.627928604497368,0.7070570750884801,1.6258518412885625,0.14516534297219308,1.147216976095994,0.42332048151783497,1.2558377191635703,0.21652374468337418,1.0819621693121642,0.9429755691966178,7.161072897672688,0.06393815087207758,5.562672571806494,0.8851170738073407,10.609182432757773,0.09306300379612081,8.574713293650802,0.9294430197752058,6.586324998729959,0.06720739794622407,5.317291917044581,0.8882185658556638,9.581628848562945,0.11544131142846921,7.933506167328035
Dataset_0136,multi_output,ALL,random_forest,42,1,0.8521201177076941,4.4183505360407125,0.010440336805389208,2.791745011758086,0.7247028711207472,6.349133443685702,0.014793293048965962,4.037368939753752,0.902725097360077,0.2593825390573787,0.07860076941132688,0.18635573920013596,0.8129068602276316,0.3250072801240079,0.15550587565742008,0.2803275989222418,0.851815361525711,2.165554481530214,0.09843429461500973,1.796673282735787,0.5712267817396219,3.1438289082890334,0.23287621542881728,2.8541482790357873,0.8962958410962285,0.32563015265146733,0.07884507328122696,0.2655719349207627,0.8503254467890832,0.28574263867527594,0.14805318066076475,0.2305857002204137,0.8238706608015269,6.204786970561585,0.12166248961885462,5.117459607282889,0.718265021482019,10.39754013587896,0.16770226025611226,8.848614285317865,0.611366421599416,1.5103368389531961,0.15898282515296802,1.098209085056069,0.2849017572134491,2.9824886230457124,0.28677775221593393,1.9748903402814129,0.9419055181555291,7.107428167065944,0.06234586111461354,5.972509795759811,0.9145586425165084,9.831421231392731,0.09363258315612125,7.649859348323673,0.9368619234153692,6.363471995523135,0.06493338770941974,5.105435637351151,0.9207355878769178,7.645168861112394,0.11242895383988814,6.423157026174871
Dataset_0136,multi_output,ALL,random_forest,42,2,0.8660883326814616,4.273053302489118,0.009955855783991422,2.7236468653648878,0.31652979883585275,6.294211621028313,0.01599342299842031,4.0856154647348095,0.9035413814476283,0.21878677414081782,0.09944853370037172,0.17738022047237587,0.4294254348536314,0.7300831755742855,0.2755030851223719,0.5649515651412085,0.8097608615753894,2.23953371125243,0.12105587628391513,1.8787927858221012,0.5320887155330182,4.066258343917809,0.2541411464948631,3.761023298460811,0.8739364753239829,0.31100758193774775,0.08382953691044413,0.24127723616294208,0.522122503875424,0.7267288618296301,0.2329259172530866,0.5916003637050788,0.9051071969621695,5.340345131630046,0.0861345988972588,4.4578804601847715,-1.2126182803740684,11.006831219758633,0.5241348199885063,7.586473512334235,0.6830502207026925,1.566569823047006,0.14640839467729028,1.1364517191620647,0.2843306663545738,2.3035932917975743,0.24248350439974467,1.5305103054353033,0.9528768340207462,6.840821138754088,0.05700684282295074,5.738400843409473,0.8990054038218712,7.1136823114239265,0.0988011432142212,6.360169243454932,0.9343453587376219,6.699442221645268,0.07052044443837124,5.435344792340488,0.7613541477865189,9.091904900983474,0.19344478512730795,8.204579964612103
Dataset_0136,multi_output,ALL,random_forest,42,3,0.8527830236808178,4.759872198991,0.011090361376059555,2.960464352198985,0.5376539128365077,8.05763370609356,0.0195954127093715,4.70754150102582,0.8950674811550399,0.2698433014069947,0.08201924054923852,0.2077210658307208,0.5821923511390872,0.2803855407818727,0.2002753862727662,0.21833459561602425,0.8407908105920754,2.2534276990063034,0.10730608090506207,1.9622737473254772,0.2175686201706929,2.6886701899251872,0.26886701899251875,2.179571636432367,0.8955157470553899,0.3205776665809844,0.08034527984485824,0.26059228788708133,0.5334909585038252,0.37123103751381065,0.19958657930850032,0.2991233340891884,0.8532278220044803,6.203336106085218,0.1000538081626648,4.926784811165856,0.6802840377381019,7.358337986529849,0.1711241392216244,5.9283352229780695,0.6380543717281573,1.721370597356688,0.15369380333541857,1.2774998631636574,0.5224828968727167,1.5917189813956891,0.23068391034720132,1.1852108843537432,0.9271680414106305,7.875360673018144,0.06562800560848453,6.436252147915966,0.7046850801172745,14.226919202222252,0.20618723481481524,12.039116780045415,0.9196568918199508,7.0622489551270355,0.07846943283474483,5.652126542104135,0.5228734453138549,13.709446139061788,0.21421009592284043,11.103098053665935
Dataset_0136,multi_output,ALL,random_forest,42,4,0.8560516297136284,4.462845355060297,0.01039805534729799,2.737371653061224,0.6487663655218104,7.821347638270565,0.02000856392496947,4.838344536551133,0.9015311677554956,0.27365893315470113,0.08292694944081853,0.21205390941434035,0.7330634254494484,0.28413851303291254,0.16714030178406622,0.25857987528344634,0.8542863310120066,2.2225853639274584,0.10102660745124811,1.84062101350118,0.8423701902157589,1.6578166837622859,0.11277664515389697,1.5221313303098998,0.8743286336331764,0.3395792750590983,0.08222258476007223,0.25638000556467805,0.7481137989837406,0.5076608675460166,0.15245071097477975,0.396489344671199,0.815619363008105,6.513253255179542,0.10505247185773454,5.086733794015686,0.536212351086065,12.69107629440886,0.25900155702875227,11.223009807256217,0.6546312753740422,1.606034205560316,0.14339591121074252,1.1212923964605006,0.1088061645089311,2.7341988123981342,0.36948632599974784,2.3292080309901744,0.951135175093815,6.828986379026167,0.056908219825218063,5.556292099981764,0.7217546735653093,14.060647998791602,0.19000875674042705,12.058409486016663,0.9408294621187573,6.530847023635735,0.06664129615954831,5.088228352490419,0.8510439548434203,7.673751295202942,0.12789585492004904,6.080583881330329
Dataset_0136,multi_output,ALL,random_forest,123,0,0.870245848008094,4.575248191330503,0.010659944527797071,2.823656384986895,0.6393495553549544,6.9659978753084,0.0176891769306968,4.505981430783166,0.9081900970177937,0.2573868912650931,0.07799602765608883,0.18759223033910577,0.8136197762130842,0.3027800729493096,0.1513900364746548,0.2515277946127947,0.870581639881747,2.037739306539625,0.09262451393361931,1.7220170304232865,0.607386460170448,3.2081881649766903,0.18871695088098178,2.7046363921957646,0.9022583701987231,0.3176627033630143,0.07691590880460394,0.25458390482203025,0.7022795698488553,0.42560277221693715,0.1860151976472627,0.35528706965488166,0.8265186064239698,6.688609484756625,0.10788079814123588,5.413162117346943,0.6098380984669245,9.309096985695831,0.18998157113664962,7.910469560185181,0.6918027610209603,1.5797613159262778,0.14105011749341767,1.1185664983164954,0.3475490037300587,1.9478199463271006,0.2668246501817946,1.7110189424001943,0.9511679078034868,7.116988382149891,0.05930823651791576,5.806497693774476,0.7930069286521197,10.278960348991218,0.18355286337484317,8.997818001442944,0.9412015537099778,6.6577824170711475,0.0679365552762362,5.263175219885929,0.6017670504031907,11.532574947030822,0.23535867238838412,9.611112254990402
Dataset_0136,multi_output,ALL,random_forest,123,1,0.8619755880949602,4.696511654774168,0.010942478226407662,2.8740138295196838,0.583552862985356,7.949559529762287,0.020648206570811137,5.026779165469064,0.90499951117036,0.2641783596740621,0.08005404838607943,0.20881563127166639,0.7203712429414808,0.3029255452909445,0.2330196502238035,0.23800396567718027,0.8550009096510637,2.1557897543740885,0.09799044338064039,1.8309111990180935,0.585159056863459,2.7857501906721973,0.2321458492226831,1.9397653069813774,0.8899207250304093,0.331158868630976,0.08018374543122905,0.27373789299397977,0.614218259928623,0.4620498245169592,0.22107647106074604,0.33901541798941665,0.7987743592744045,7.01366015117552,0.12524393127099143,5.212103312268827,0.47887507308499977,11.824251591458257,0.22738945368188956,11.268033560090672,0.696132955767742,1.5164591809756294,0.13539814115853835,1.148706396269757,0.44563737027914374,2.103609138585183,0.23636057736912172,1.883951653439144,0.945295676319138,7.58189967548967,0.06318249729574725,6.206382635882629,0.528825121292458,13.339078660167267,0.21867342065847978,12.079634920634915,0.9437049794516035,6.371607830368,0.06501640643232653,5.237439738932833,0.711783916507327,10.589320202983409,0.19609852227747052,7.439049333470739
Dataset_0136,multi_output,ALL,random_forest,123,2,0.8564857347685718,4.550310386986876,0.010601841535384147,2.7532945823177024,0.7312929704492409,5.634685126268486,0.013314787982392036,3.7922255766142383,0.9123473448675666,0.24769264699741028,0.07505837787800312,0.1949070936407144,0.9383343430360344,0.18552019451353816,0.0932262283987629,0.15889677927892082,0.8417342546191257,2.198544879486607,0.09993385815848214,1.8441126289259886,0.8561884573285414,2.1333942865541426,0.13333714290963392,1.9067550547336307,0.8945650273483325,0.30949185839889515,0.07493749598036202,0.23261427477567123,0.8022822769093473,0.4558815178695662,0.1340827993734018,0.35027704543340515,0.8740531157222406,5.828590676996702,0.09400952704833392,4.578046108776285,0.8004335797194538,5.8956912905576715,0.13710909978041097,5.200402420991692,0.613518614106813,1.761895942974244,0.15731213776555752,1.2295212307807142,-0.10123220170949776,2.558830208042878,0.34578786595174027,1.509015956926674,0.9378971639340581,7.3636928625384375,0.06136410718782031,5.790010092716994,0.9019449924721679,10.437294296934379,0.09846504053711679,9.742773249237539,0.9212846227818658,6.974655311403891,0.07116995215718257,5.40385064660755,0.921099345388639,8.198183844886659,0.09423199821708803,7.677458529697806
Dataset_0136,multi_output,ALL,random_forest,123,3,0.8469740131645435,4.793242110849879,0.011326454100640088,2.881226896278058,0.8061253890042749,8.344765657705866,0.019442604048708914,5.003155784684337,0.8808991282136475,0.26334783765164155,0.080044935456426,0.19267444840918968,0.8507876150820797,0.39362071624551,0.15139258317135001,0.3150735436653291,0.8374151730895358,2.1309059797453904,0.10147171332120906,1.854096656456573,0.7832988139111645,3.037212524450461,0.15985329076055058,2.501106648642371,0.89117285397195,0.30891580006060465,0.07742250628085329,0.24206001166266577,0.8441889324812943,0.42882931513713635,0.14199646196593915,0.3961114996802127,0.8211236119975189,6.428448530242617,0.10895675474987487,5.194534007690908,0.7028751835580784,8.950673301353627,0.1657532092843264,7.653854141229128,0.6793850618701768,1.635534516865427,0.14602986757727027,1.2140384866251264,0.7493491851588434,0.945653595922008,0.18185646075423234,0.7364411506482954,0.9128938117244794,7.94796276062493,0.07498078076061254,6.053736775995419,0.861628887467202,14.77723109984715,0.12314359249872625,12.336203529275044,0.9059284512844965,6.996471430429579,0.07773857144921754,5.417447887106524,0.8507491053712619,13.360648680225014,0.14682031516730784,11.08329997964998
Dataset_0136,multi_output,ALL,random_forest,123,4,0.8620364353642496,4.1957857434971935,0.009775828852509771,2.6868629841009133,0.6475506101817027,6.116168472818221,0.014892058614117899,3.913392078609219,0.9092118971780125,0.23635937041345134,0.09090745015901976,0.18748983579638753,0.6400502900088751,0.5357625676890837,0.19134377417467277,0.38213217309145786,0.824890783040725,2.323949430759967,0.1223131279347351,1.9581799808429183,0.6525820549270296,3.045895133762352,0.190368445860147,2.65746902872261,0.8881797634592012,0.31103530282020503,0.08383700884641646,0.25049526929392507,0.6864996421538638,0.5837548891491708,0.18710092600934963,0.43458223733937934,0.8848205406721662,5.422825979501412,0.08746493515324857,4.539754415252677,0.4295497228263143,10.966184615585506,0.2790377764780027,8.646762509448196,0.6338531387415751,1.5138378158081744,0.14556132844309372,1.0168779054917005,0.3485289567610007,2.93869247191733,0.2623832564211902,2.459885166288739,0.9445838046010347,7.080550482384079,0.05900458735320066,5.824283114395155,0.9356273840456332,7.237103170705996,0.08131576596298873,6.263182917611492,0.948715119857033,5.98715581047563,0.06302269274184874,5.030960367633631,0.8400162205492023,8.40705348375986,0.13559763683483644,6.549730517762657
Dataset_0136,multi_output,ALL,random_forest,7,0,0.8522526021059609,4.64004174370466,0.010964181814046927,2.9641274185342317,0.6544908280027065,7.096688005708379,0.016546253219184844,4.476529663505807,0.890800807457062,0.2390695390976495,0.09961230795735394,0.1839458538617468,0.6518755730597114,0.6087158096555153,0.2029052698851718,0.44119312049062015,0.8234344531486033,2.2342987139943804,0.11759466915759897,1.8937656896344275,0.7041880692132277,3.2943004307869326,0.18100551817510616,2.9605414178992255,0.861704936857609,0.3260060558851588,0.08787225226015062,0.25569046749811025,0.7411195376237083,0.6122453327669077,0.1632654220711754,0.47818815244708723,0.8358032004614314,6.3012997019198975,0.10680168986304911,5.4622334230914635,0.4966962265854551,11.689609680483303,0.22480018616314043,9.177540393518523,0.6952521793018993,1.543268318110857,0.14423068393559413,1.1203634465402323,0.20899696057111816,2.3194149753096727,0.27287235003643207,1.574489420995669,0.9450643360282847,6.933538872772565,0.06082051642782951,5.667316068851826,0.8742467060515324,11.505945428527342,0.10753220026661067,9.518025342712832,0.9137083014868358,7.44260508233163,0.07834321139296453,6.165576980261815,0.9043127229141923,8.15656970949583,0.10069839147525717,7.185729796476692
Dataset_0136,multi_output,ALL,random_forest,7,1,0.8620306151652881,4.42316442976402,0.010305842237153754,2.729431238864134,0.7561613650077461,6.390433260612566,0.015578823160927758,3.9980584872044127,0.8906077675108187,0.26317039113978424,0.079991000346439,0.20073304643313275,0.8931798990722031,0.29845415755426186,0.12435589898094242,0.23935258881330207,0.8401247649159362,2.134586027076514,0.1016469536703102,1.7842520388615222,0.7703950943269406,2.9963032157444798,0.15770016924970945,2.493901058201083,0.9056702635772831,0.29148130193058525,0.07305295787733966,0.23636219695310984,0.8247498511145743,0.43645043961472624,0.14558053356061582,0.39286675170068036,0.8481622120121526,6.022183039653723,0.09713198451054392,4.7782388934500855,0.772941037290723,8.012724153397581,0.17048349262548046,6.615378968253959,0.6845912094621065,1.4228837444772318,0.13053979307130567,1.031885055190658,0.21437832334398876,3.0409815502586253,0.3341737967317171,2.103443660241877,0.9326142043650909,7.427325848726118,0.06631540936362605,6.153812032475873,0.9531296133787446,7.928181258940222,0.07849684414792299,5.999125094482273,0.9324438843136278,6.227644138952057,0.06919604598835619,4.920735408684558,0.8643557365270477,11.84477474480862,0.13016235983306176,10.142341288737713
Dataset_0136,multi_output,ALL,random_forest,7,2,0.8613220061281651,4.5797298192470395,0.010670386344937185,2.8028360947470707,0.6464096295904378,8.420171373625635,0.01990113773014804,5.070163915083767,0.893236550963804,0.2711536806827579,0.08216778202507816,0.20708382768572395,0.7977854233204361,0.329322095143606,0.164661047571803,0.2501967683639104,0.8550531565643231,2.100450514817311,0.09547502340078685,1.7515204154561883,0.6877267282263566,2.9089024486424107,0.19392682990949403,2.2197689720332545,0.8754848630050601,0.34541166117343525,0.08363478478775672,0.26573445751757974,0.6830321612505041,0.44360440035396703,0.20255908691961969,0.3366631638493799,0.8062501551442502,6.705359574488009,0.10815096087883885,5.2504315345574035,0.3457177564808789,12.092093645340176,0.27173244146831854,10.649848828420234,0.723220979216143,1.5390427156481121,0.13741452818286717,1.1790503756779618,0.507418762790895,1.394341416307142,0.2404036924667486,1.1901568439496966,0.9466718621163096,7.112170926326428,0.05926809105272023,5.675273588480481,0.7417815307582436,13.135949704137655,0.17059674940438513,10.108323696145046,0.9293364758872653,6.6557701156691484,0.0679160215884607,5.290758463854157,0.7614050443057498,12.915570410320694,0.17453473527460397,10.73618913282485
Dataset_0136,multi_output,ALL,random_forest,7,3,0.8568331468751548,4.489325905009622,0.010459752807571348,2.7724229610253763,0.6926319986655175,6.1233067850278555,0.01489167242643998,4.073591596730544,0.9213460892754992,0.2387668088606051,0.07235357844260762,0.17856066959860095,0.7321633219830557,0.3314019458739583,0.16653364114269265,0.30878123899909526,0.8543881697578289,2.109704546176236,0.09589566118982891,1.7857896995246088,0.6073443357434312,3.4883117552050926,0.21141283364879349,3.247883392533396,0.8970634662137443,0.3087038662083394,0.07474669883979163,0.23370182412351392,0.7426942093005211,0.5041590975712757,0.16805303252375858,0.42495354820840464,0.8718123045894932,5.807382006008283,0.10370325010729077,4.382150434495251,0.6587290553248564,7.693297659417894,0.16982997040657605,6.505543880722418,0.5782044591188863,1.707937261614105,0.15249439835840226,1.2229682767743106,0.371736357639726,2.607753238275346,0.2507455036803218,1.897546399367826,0.933151356428295,7.765063084625978,0.06470885903854981,6.337023028376452,0.9303123954418915,8.28377676845327,0.08812528477077947,6.96347894697891,0.9418661827423356,6.287784066744923,0.06416106190556044,5.2667667942849,0.8054443152251402,10.738888022527089,0.14915122253509847,9.16695377030376
Dataset_0136,multi_output,ALL,random_forest,7,4,0.8818205022020075,4.381634124251354,0.01020883999126597,2.808634844797972,0.6495065273679304,4.125685015627882,0.010638692665363285,2.6645451399416937,0.9073819626601767,0.2676959459112435,0.08111998360946773,0.20933002355243743,0.8268561312372273,0.20885797634563164,0.13923865089708773,0.1610101501408637,0.8546720444802621,2.2727967971817007,0.10330894532644094,1.9687008998026316,0.6821111226970693,1.8732862212324854,0.18639663892860556,1.659689715179013,0.9093364875194077,0.3179924385306771,0.07699574782825111,0.2579690052246605,0.5066162499810974,0.3165521011195894,0.25528395251579805,0.2547104985913556,0.8561611753331984,6.330193661909746,0.10209989777273784,5.179322506675958,0.6931858986862407,6.285031963148367,0.17957234180423906,5.360139309764299,0.7406455627024955,1.4953587635531158,0.1335141753172425,1.0460366966048018,0.12455638247809409,1.8147631499808954,0.3299569363601628,1.6132605373462445,0.9550739958816244,6.860699980302175,0.05717249983585146,5.783062119553512,0.8653121007211929,7.1633330854140205,0.12141242517650883,5.975399299113617,0.9494722868368879,6.298887501074493,0.06427436225586217,5.216022662171802,0.8479078057745906,4.624670455573761,0.12670330015270578,3.6276064694564627
Dataset_0136,multi_output,ALL,random_forest,2024,0,0.8538330875304162,4.4829838786703515,0.010444976418150866,2.7977666507531587,0.6620542590402102,7.2273052673267175,0.017836830295236104,4.696909666997362,0.868017083590185,0.2914540863113561,0.08831942009435034,0.22739136432350718,0.8159456011845325,0.31164227071267436,0.14230240671811614,0.2726256448412693,0.8260663886202071,2.2174235743476833,0.10079198065216742,1.8617942541915684,0.4313854653248801,3.72088219447348,0.2566125651361021,3.035896453372999,0.8737539471891772,0.34766768106699103,0.08418103657796393,0.2814721400312657,0.7160426650221763,0.4111612283468754,0.184377232442545,0.37387538227513517,0.8677316105669908,5.722706951490738,0.10219119556233461,4.276811082766455,0.5336353833776444,10.534022544478521,0.20257735662458695,9.779591402116425,0.6705355321052555,1.612219565377332,0.14394817548011893,1.2279369507146298,0.44046293676901394,1.922198264764286,0.22883312675765313,1.469082142857139,0.9413285191148093,7.280009093741482,0.06500008119412037,6.1050070861678085,0.8270578177761634,12.975330993655033,0.13515969785057327,11.151450727513264,0.9293985315262884,6.870958186554797,0.07011181823015099,5.603953677076876,0.8698499438270608,8.276881036514274,0.12171883877226873,6.795845916005301
Dataset_0136,multi_output,ALL,random_forest,2024,1,0.8703227122132683,4.425719772137678,0.01031155585307008,2.7731125009383044,0.8207184604557562,5.616929681972563,0.013275655121655785,3.4404807879278514,0.9114968077988356,0.2592899058383084,0.07857269873888134,0.20344826628352508,0.9410414463992076,0.13479191517055544,0.07488439731697523,0.113697968631897,0.8773079212893073,2.0750665326783264,0.09432120603083302,1.7534480523626932,0.761718615497136,1.7450604843232815,0.13849686383518098,1.5845241118669569,0.8979642038131372,0.3264105480615765,0.07903403100764564,0.25906451395730656,0.8285991370580068,0.2798074201028144,0.12435885337902862,0.24583849357520599,0.8286709987220322,6.367646752373761,0.10270397987699614,5.338919594964417,0.7832496484804718,8.312359663733895,0.17685871624965735,7.27329100529098,0.6913992151638854,1.6068299262019212,0.14346695769660012,1.1743584838533105,0.6023144626501398,1.327094121855593,0.22880933135441256,1.082459948979592,0.949844739682489,6.7500401700533565,0.056250334750444636,5.371870552818836,0.879603019656591,10.80148347202632,0.12415498243708413,9.256637566137515,0.9355750990231908,6.628530939970596,0.06763807081602649,5.310678042328041,0.9485028934487407,5.493546125672608,0.0699814793079313,4.526916421012816
Dataset_0136,multi_output,ALL,random_forest,2024,2,0.8540524321353515,4.61779089689002,0.010759065463397065,2.847271502723692,0.6328481541831537,5.085497932629888,0.012923755864370745,3.4032396008530297,0.9162514692679677,0.2530250951070119,0.07667427124454906,0.19848633825944206,0.7197377994305565,0.249687886239672,0.19206760479974772,0.2142853741496593,0.844653394914929,2.2886199772276448,0.10402818078307476,1.979340745301956,0.5342434278389481,2.2221544024940765,0.21163375261848347,1.6518652116402055,0.8973180775675144,0.31163136184374746,0.0754555355553868,0.24031523216566394,0.6985933078478757,0.4159919099727802,0.18086604781425228,0.2750200914588076,0.8475301214718517,6.294845467745817,0.1015297656088035,4.7454665891260905,0.7000033660134481,7.065784979776575,0.2115504484963046,6.256532294028724,0.5962448183830086,1.6108805022473238,0.1477872020410389,1.0886835956029912,0.17703985513456533,2.8947797303646086,0.27054016171631856,2.304823063114136,0.9403316264638637,7.528281474233847,0.06273567895194872,6.172244572158328,0.9184832699887103,6.745095772982708,0.08759864640237283,5.489154572940241,0.936037516878326,6.706265335981363,0.06843127893858533,5.506363446451376,0.6818360530279718,8.4888913885609,0.19292934974002043,7.630996598639435
Dataset_0136,multi_output,ALL,random_forest,2024,3,0.8406083504578385,4.504392123264773,0.010643900194392052,2.7416902335144795,0.5822635706803508,9.374670222733572,0.021842195299938427,5.99323231683943,0.8952877204125246,0.21588948528439963,0.09857967364584458,0.17587211868272232,0.6598712913437033,0.6956684286370828,0.21080861473850995,0.5283504232804228,0.8058818454037638,2.1405048184365034,0.12231456105351449,1.8198524197226749,0.6853042009591739,4.130108567660409,0.18773220762092768,3.7394674414209823,0.8660911317318732,0.29886843201793256,0.08371664762407074,0.234629813309615,0.76149488571804,0.6716465434794074,0.16262628171414223,0.552536055366592,0.8559651113789155,5.731456786335623,0.09714333536162073,4.795415868454677,-0.1448415950314137,14.65872969620117,0.3490173737190755,12.845423374905545,0.6271695384443416,1.5816346822166696,0.14781632544081025,1.089334544334977,0.37939715119714235,2.4203273080574297,0.2547712955849926,1.8740308390022669,0.9206992438330623,7.6054566633628005,0.0667145321347614,5.863101167670126,0.8512533257485291,15.009174538616241,0.14027265923940413,12.26167819349962,0.9131638620003898,6.641913210343239,0.07634383000394528,5.213625702426564,0.8833657348272808,12.295794856671764,0.12546729445583432,10.151139890400584
Dataset_0136,multi_output,ALL,random_forest,2024,4,0.8699015251538394,4.551658062854586,0.01060498150711693,2.8473936399746966,0.4768985562797365,6.7265916698074815,0.017336576468575983,4.240305272987393,0.919277785932616,0.2412002593207748,0.07309098767296206,0.17703545110381325,0.7284846030877857,0.35528432826601497,0.18699175171895527,0.2909433125472411,0.8586145443149465,2.110723785104451,0.09594199023202049,1.8040328639432115,0.5898512100050404,3.352779747586797,0.2235186498391198,2.733875408850409,0.9045924374073468,0.3139292459334563,0.07601192395483203,0.24712513789786103,0.6433252214837695,0.4256392380865542,0.19435581647787867,0.3713918796468075,0.8513022305328821,6.4562557336178665,0.10413315699383656,5.016700374019359,0.6713088565580587,6.792725968105749,0.17875594652909865,5.72437883597883,0.6617192827473783,1.7142138574166277,0.15305480869791319,1.2553568876366306,-0.41042942559823414,1.7313562006433352,0.34627124012866706,1.2453957869511445,0.950119648256401,7.372616051233898,0.06143846709361581,6.2133041332868935,0.5674329393813731,9.555929535451368,0.20773759859676885,7.724412543805345,0.9436847468853052,6.436926217438358,0.0656829205861057,5.21820063193511,0.5483164890403621,12.834570933137156,0.2291887666631635,11.59173914313197
Dataset_0136,multi_output,ALL,random_forest,99,0,0.8744612345483755,4.53224814276524,0.01056000406059144,2.8813124903891896,0.737842850662154,5.978689904080405,0.014575060712043895,3.2685152594847176,0.9006711963117789,0.2704961528437469,0.08221767563639724,0.2118763294509722,0.7136123414583311,0.34186368061612926,0.1799282529558575,0.28784846966690597,0.8452295705348188,2.2355484418590925,0.10645468770757584,2.0023696520906284,0.5169455349102834,3.114197186081528,0.20222059649880045,2.68038453357984,0.9038831373129959,0.3096222144118585,0.07759955248417506,0.24784968316240738,0.6954298432410763,0.4344687161830898,0.1697143422590195,0.3783340930284991,0.852517712278733,6.44071192406403,0.10388245038812952,5.332112862038755,0.7874645564970734,5.73236182435611,0.13331074010130486,4.586906268037511,0.7395027976139098,1.5239582844244512,0.13606770396646886,1.1771369584449956,0.7289380848396558,0.9512244567863902,0.17615267718266484,0.6794853760822512,0.941555841562457,7.449544300241815,0.062079535835348455,6.007572356215192,0.9416502866302224,6.910212367555743,0.08531126379698448,5.3502866161615685,0.9378683862239351,6.270667623963317,0.06967408471070352,5.1902695913213766,0.7808593070584356,12.597358366402155,0.14563420076765496,8.916361459836445
Dataset_0136,multi_output,ALL,random_forest,99,1,0.8512196510590927,4.526710995420351,0.010546856932479849,2.7347768749718595,0.6657905988636603,6.388494035581574,0.015096042051044622,4.266991752510521,0.9006531895556914,0.25904323107975546,0.07849794881204711,0.2055924001924008,0.8832366231166824,0.20992021921616807,0.10548754734480809,0.1876151549508691,0.8448266709437742,2.1257105863716053,0.0966232084714366,1.7896030775737553,0.678114678437537,3.083989081120313,0.18690842915880684,2.75087885487527,0.8856312262169824,0.31667898535931716,0.07667772042598478,0.24535454931084272,0.8080240199478549,0.4550856004147191,0.13384870600432913,0.3527601058201074,0.8743475914350629,5.742820403073362,0.09262613553344133,4.278347010333223,0.697763002795186,8.028052945400454,0.17840117656445453,7.044392630385515,0.5984579850627347,1.691719690687821,0.15104640095426974,1.1940897509578552,-0.21070288922753733,2.6757156936254827,0.33446446170318533,1.9969781934996262,0.9275879493263721,7.627244584038898,0.06356037153365748,6.135369731800763,0.8767542069686117,12.373417377110318,0.11673035261424829,11.076840513983313,0.9270329448730317,6.6884221563460295,0.0682492056770003,5.295081604634178,0.9273445500072872,7.156625467954664,0.08226006285005362,6.459476814058954
Dataset_0136,multi_output,ALL,random_forest,99,2,0.8619235954815575,4.488573004094078,0.010457998611589183,2.8459714908410345,0.40143476629364205,8.216852290091772,0.020854955050994346,5.261723631672926,0.9178382558534471,0.21062624358856444,0.08101009368790942,0.16473267569595176,0.5117724610397539,0.6702009667580511,0.21619386024453263,0.5892914420103705,0.8445417823284126,2.0433747483228935,0.10754603938541545,1.6755403878209818,0.4567368120099573,4.459208604766009,0.2123432668936195,4.241960783132212,0.8780114872826577,0.3119751142624628,0.08409032729446438,0.2379778478048134,0.5830312004424885,0.7166762444082313,0.17961810636797776,0.6227766475350048,0.8792245333861578,5.712893566920797,0.09214344462775478,4.811673925595473,0.4554314706022702,9.551923059990958,0.23879807649977397,6.5869022855451265,0.6432101422884273,1.7063039348518192,0.15946765746278685,1.1565110669821865,-0.5864851934272106,2.9484387928197195,0.3931251723759626,2.0888682921575765,0.9380874632096106,7.592201840226741,0.0677875164305959,6.322256192083804,0.8552760204162446,10.156850667789886,0.11949236079752808,7.385828802150172,0.932551504022189,6.597255962541233,0.06944479960569719,5.553108339904029,0.5342805929719907,15.769437351965607,0.21901996322174455,15.316437169180018
Dataset_0136,multi_output,ALL,random_forest,99,3,0.8678566712728817,4.322694914554618,0.010071516576315514,2.7161836874918537,0.6999544680473325,6.912680948563109,0.017688538762955754,4.360023566056585,0.9018376513314353,0.27674721145201825,0.08386279134909644,0.22100884783798583,0.9103668304936456,0.139903386030561,0.09993099002182927,0.0999399697656843,0.863378879572105,2.216944214710265,0.10077019157773931,1.950449890530921,0.829623713672206,1.2225098578196436,0.12801150343661194,0.9489581254724117,0.8986593980206575,0.331500147226195,0.08026637947365496,0.2720290171501555,0.8388235969449851,0.22717845983496007,0.12579095228956813,0.18510932747543077,0.7981001241670538,6.435222175728894,0.11917078103201656,5.067487967524181,0.5946065333309201,12.815542543541861,0.21721258548376035,12.20620797430082,0.7085167891909289,1.3303482410045522,0.1400366569478476,0.9711391625615758,0.03621830733970688,3.071489205606094,0.3412765784006771,2.543985884353745,0.9533602833497025,6.75023908065173,0.05625199233876442,5.645259259259256,0.7850999149459411,11.653672482188702,0.1739354101819209,10.776485071806551,0.9511435732782879,6.078723362115189,0.06202778940933866,4.8859116675789025,0.9049423796039229,4.842533734139724,0.10761186075866053,3.7594786092214485
Dataset_0136,multi_output,ALL,random_forest,99,4,0.8605810196023438,4.548829842979736,0.01074865274806176,2.78915579198507,0.7890655026923639,6.483588785435721,0.015113260572111238,4.2162636903682165,0.8800188635378023,0.2686194840375698,0.08139984364774842,0.1877384090909089,0.7662769186259557,0.4718654564065945,0.19661060683608106,0.3859237339380198,0.8473714727106706,2.081365893621604,0.09460754061916382,1.646972172463547,0.7033643302726587,3.3745250918596184,0.22200822972760642,3.1790823696145014,0.8807938942447744,0.3293765265882201,0.07975218561458114,0.2631933837056962,0.8419475217399754,0.4074754049918825,0.15434674431510698,0.3194535328798183,0.7990357579209106,7.009350692583196,0.11880255411157958,5.6944684044882345,0.698835858881836,9.284756261923846,0.18569512523847692,8.408308427815568,0.7329609051875768,1.4384804250835017,0.12843575223959838,1.0948157276790877,0.7466890201839916,1.3420864930572876,0.15426281529394112,1.1791550170068024,0.9493993978086355,6.83395727067306,0.05994699360239526,5.484399317476948,0.8282258885642556,12.219544818081564,0.13577272020090628,9.992282123960747,0.9344868458060364,6.51360470352078,0.06646535411755898,5.152503128991066,0.9381189805778742,6.719909329812182,0.09205355246318057,6.04964062736206
Dataset_0136,multi_output,ALL,extra_trees,42,0,0.9115257194067603,3.6571001660966767,0.0085207366404862,2.4066775011337964,0.7499290076086987,5.8404008677489925,0.013803830932992181,3.527762464285703,0.8939004754416391,0.2679855930505817,0.08120775546987326,0.22095503968254063,0.8829596139952329,0.27338847634864144,0.1301849887374483,0.24675791666666597,0.8316311102231737,2.1752698215939237,0.09887590098154199,1.936976190476196,0.6545018466877637,3.5282069780206244,0.2276262566464919,2.7343611111111414,0.926361339705786,0.2641395343936619,0.06395630372727891,0.22166703174603106,0.7008082759915804,0.5010166155522641,0.2028407350414024,0.3902258611111167,0.8770446114074312,5.5518637213800766,0.08954618905451736,4.959466666666677,0.6646559713836677,9.19268107103167,0.19558895895812065,6.879855555555597,0.9266436206187868,0.8135952500100033,0.07264243303660745,0.6870220238095192,0.5020546563834196,1.1669630289051183,0.20120052222502036,0.9748493055555576,0.9605866898683543,5.953454935227481,0.05315584763595965,4.942214285714338,0.9215055284471616,8.769477295014532,0.07692523942995204,7.449305555555426,0.964512188582151,4.671031248900099,0.04766358417244999,3.8784412698412716,0.9230171603720659,7.951544043259673,0.09580173546095992,6.018981944444414
Dataset_0136,multi_output,ALL,extra_trees,42,1,0.8788024788662732,3.8885825639341043,0.009188522126498356,2.5005725451560017,0.681522231517261,6.261961056623343,0.014590183966596013,4.430690612244908,0.893147853733938,0.2718516415331296,0.08237928531306957,0.20563678160919488,0.7458410270450364,0.378806027666034,0.18124690318948997,0.3310952380952387,0.8395429715154439,2.2534446458257538,0.10242930208298881,1.9166252873563188,0.3260292233351336,3.9415370260099647,0.2919657056303678,3.5694158730158967,0.8973764434682929,0.3239291689624835,0.0784332128238459,0.26774689655172446,0.7462515653806351,0.37205123590950256,0.19277266109300653,0.32759301587300016,0.8230950429610661,6.218433921424386,0.12193007689067423,4.851221455938724,0.7266796339495138,10.24109081749706,0.16517888415317838,9.68059523809525,0.777109613700395,1.1437979747375122,0.12039978681447497,0.9276256704980897,0.383121604336903,2.770101743230451,0.2663559368490819,2.0058492063492026,0.9554396254370715,6.224714745635991,0.0546027609266315,5.310973180076621,0.923461037311202,9.30515303777631,0.08862050512167916,8.287380952381048,0.9659058012477044,4.676152948283807,0.047715846411059255,4.024178544061339,0.9192715292624034,7.715451108653154,0.11346251630372285,6.812904761904723
Dataset_0136,multi_output,ALL,extra_trees,42,2,0.8979460877852559,3.8608913795847517,0.00899555307452179,2.5855028418171844,0.2891717692514054,6.720860739253622,0.017077526970533913,4.381859809523825,0.9077283799619317,0.21398563453651478,0.09726619751659762,0.18839157088122624,0.5226072161296118,0.6678117583000591,0.252004437094362,0.5354809523809546,0.784950675500618,2.381094930211605,0.12870783406549216,2.0372842911877287,0.5403897105050228,4.030028146608937,0.2518767591630586,3.615161904761903,0.8850807761913284,0.2969426608502255,0.08003845305935998,0.25962065900383047,0.6800818049737318,0.5946118898317193,0.19058073392042285,0.5055329523809636,0.9063794509812817,5.304424585099106,0.08555523524353396,4.66797547892722,-2.25726221925368,13.354739465798817,0.6359399745618484,11.090076190476186,0.8832704981770588,0.9507029589833326,0.088850743830218,0.8116218390804534,0.8150142146685297,1.171166873691262,0.12328072354644863,1.004300000000008,0.9560844847921612,6.6038925149232,0.055032437624360005,5.927639846743252,0.8473661298717448,8.745222345091065,0.12146142145959812,8.07038095238104,0.9621283488924119,5.088186829164252,0.053559861359623706,4.205986206896577,0.8760055278648773,6.5535874845839635,0.13943803158689283,5.852085714285723
Dataset_0136,multi_output,ALL,extra_trees,42,3,0.8731406858342368,4.255644716629133,0.009915526262562346,2.7622337679255686,0.6831556970472011,5.215210822256469,0.012682905696149,3.254075272108813,0.8532023897128985,0.3191656066226905,0.09701082268166886,0.26119693486590034,0.7141477544254301,0.23192001190582645,0.1656571513613046,0.21117460317460315,0.7939659035412893,2.5634751479852596,0.12207024514215521,2.208663601532556,0.20061168711022348,2.7176485937253645,0.27176485937253647,2.060025396825464,0.8819013810854971,0.3408240649684805,0.08541956515500763,0.2780302452107243,0.586993202945823,0.3492953837025195,0.1877932170443653,0.32386182539682207,0.7999426969105843,7.2423689935386335,0.11681240312159086,5.930122605363985,0.8366202041252293,5.260133263034942,0.12232868053569633,4.5886428571429985,0.8724131425489067,1.0220112658084224,0.09125100587575201,0.8360743295019154,0.7459550834313924,1.1609865387036817,0.16825891865270748,0.9830206349206377,0.952489789435122,6.360671043487256,0.05300559202906047,5.52258237547896,0.8807643309813978,9.040059043875194,0.13101534846195934,8.091936507936103,0.9580694976053595,5.101921140874022,0.05668801267637802,4.298966283524941,0.8169976163109116,8.490465252470196,0.13266351956984682,6.519865079365063
Dataset_0136,multi_output,ALL,extra_trees,42,4,0.8892104332306345,4.2063553446925495,0.009800455136748718,2.6561399369770866,0.645926795275119,7.872036684572575,0.02013823659394366,4.790527313896985,0.9086201714373082,0.2636242791543692,0.0798861451982937,0.22911133004926068,0.5391521696830356,0.37334026842342866,0.2196119226020169,0.31885861678004096,0.8359814607914988,2.358059575209368,0.10718452614588037,1.9817610290093257,0.5579346618783549,2.7762627241834914,0.18886140980840074,2.4899022675737235,0.8871153364154476,0.3218403411272878,0.07792744337222465,0.260964753147236,0.7824346274847367,0.47180918004602196,0.14168443845225884,0.43330502947846633,0.8101436147710752,6.609261168925024,0.10660098659556491,5.652363546798027,0.5309190883873518,12.76329319331238,0.2604753712920894,10.217428344671275,0.8706669932451769,0.9828063965740009,0.08775057112267866,0.7980423918992894,0.5458049194314825,1.9519343933274922,0.2637749180172287,1.8607343537414887,0.9571813603669637,6.392555477838948,0.053271295648657895,5.383800766283465,0.7235762881391317,14.014546343978106,0.18938576140510954,10.933476190476094,0.9547640955869711,5.710292980691636,0.058268295721343226,4.2869357416530045,0.8416658119217403,7.911630623890548,0.13186051039817578,7.279986394557802
Dataset_0136,multi_output,ALL,extra_trees,123,0,0.9040957095735175,4.111255341604794,0.009578880106255344,2.4850009523809367,0.5751768587667125,7.785317623463898,0.01976972479295048,5.066992797619132,0.9144015513709133,0.24852758922421564,0.07531139067400475,0.1949715873015889,0.6809961483484739,0.3961186937410231,0.19805934687051155,0.3410544444444432,0.889352167246653,1.8841788844463652,0.08564449474756206,1.6026055555555665,0.46731338015682267,3.7369138865762626,0.21981846391625073,3.1914430555555366,0.9149976903970105,0.29623870622873905,0.07172850029751551,0.24618587301587422,0.5865638813319498,0.5015385692023513,0.21920392010592274,0.44700277777778596,0.8501094418329241,6.217224184258797,0.10027780942352899,4.992914285714264,0.5181737775401121,10.34499633968019,0.21112237427918754,9.152194444444602,0.8435578064820988,1.1255221634125554,0.10049305030469245,0.9154873015872939,0.5147163387358965,1.6798584732800446,0.23011759907945814,1.4174743055555545,0.9592036976488786,6.505100219550832,0.05420916849625693,5.096099206349133,0.7029801039186501,12.313005043693602,0.21987509006595718,11.055305555555975,0.9570476120361447,5.690367687661741,0.05806497640471164,4.3467428571428375,0.5554943813350821,12.184180324159536,0.2486567413093783,9.86447500000003
Dataset_0136,multi_output,ALL,extra_trees,123,1,0.8756775409323491,4.426099295692854,0.01031244011112035,2.7343496486042724,0.5905566108200736,7.337904809224452,0.0190594930109726,4.796842739229033,0.8718620952921393,0.30681255574800637,0.09297350174182012,0.2516055555555558,0.5281446544966159,0.3935042451264523,0.30269557317419415,0.3552428571428562,0.8147474056296231,2.436721605809503,0.11076007299134104,2.0833865900383115,0.417341456644745,3.301478107995677,0.27512317566630645,2.993909523809478,0.887304574222907,0.3350709325303881,0.08113097639960971,0.27869428352490094,0.49202271655652596,0.5302004859305123,0.25368444302895327,0.4708158412698437,0.7726452128699411,7.455128100234821,0.13312728750419323,5.893549042145611,0.5655156297433579,10.796669750760808,0.20762826443770785,9.663947619047631,0.8649044960454492,1.0111355316495412,0.09027995818299475,0.8434580459770189,0.7755052013095143,1.338662868959374,0.15041155831004205,1.2070833333333035,0.9531252314648585,7.018378323761406,0.058486486031345056,5.593643678160879,0.6864230786673406,10.881952248637328,0.17839265981372668,9.654619047619146,0.9651537710015246,5.0129334544954975,0.05115238218872957,4.196110344827628,0.6689435383224156,11.349063060690964,0.21016783445724008,9.232280952380973
Dataset_0136,multi_output,ALL,extra_trees,123,2,0.89737557699692,3.9017153781852136,0.009090669567067134,2.575336415982488,0.8174335422792064,4.266572827525816,0.01008193205776558,2.8282958276644234,0.922171036676828,0.23340018671450397,0.07072732930742545,0.20524636015325676,0.9095504825398776,0.22468425342906795,0.11290666001460702,0.19271904761904612,0.820586291462233,2.3408289683638883,0.1064013167438131,2.011286973180081,0.7797186237708432,2.6403600056065613,0.16502250035041008,2.22557619047621,0.9017030290188627,0.29883189687909156,0.07235639149614809,0.24554609961686036,0.8485475496169633,0.3989948935392259,0.1173514392762429,0.269432698412693,0.888698280854723,5.479245749420795,0.08837493144227089,4.729195402298843,0.8633253267840113,4.879047244233902,0.11346621498218377,4.361174603174795,0.8406812284616703,1.1312261583233498,0.10100233556458481,0.8837570881226049,0.41267524986800164,1.8687068141400343,0.25252794785676136,1.3804031746031762,0.9504080961264335,6.580294636664946,0.05483578863887455,5.7249272030651355,0.9430290284782009,7.955726659949462,0.07505402509386284,6.8541587301587255,0.9573810763776902,5.132089216736622,0.052368257313639,4.227395785440635,0.9651885348965472,5.445509259338833,0.06259206045217049,4.514606349206319
Dataset_0136,multi_output,ALL,extra_trees,123,3,0.8858296690577427,4.174514686474024,0.009864398228866523,2.718047592775065,0.6904642484311861,7.990668028186415,0.018617586272568536,4.947712671201812,0.86443164521535,0.28096449952549923,0.08539954392872318,0.22145977011494306,0.8153062995191991,0.4379268292358372,0.1684333958599374,0.3234071428571444,0.8117461175763339,2.2929588054087238,0.10918851454327257,1.9875455938697306,0.7319007912248139,3.3782540340670053,0.17780284389826342,2.6761849206348693,0.9129050925133113,0.27635535392236904,0.0692619934642529,0.2399086283524906,0.6436648592337448,0.6485069601968774,0.2147374040387011,0.5312712380952223,0.8309066868549697,6.250185103976696,0.10593534074536773,5.49850191570885,0.299852651892627,13.739817575352728,0.2544410662102357,12.167928571428662,0.903039500541726,0.899425630792042,0.08030585989214661,0.7789632183908005,0.5227071612674681,1.3049382976047315,0.25094967261629453,0.90513333333332,0.9360480530354096,6.810173935324576,0.06424692391815638,5.866137931034569,0.9242511605728554,10.93347812839662,0.0911123177366385,9.180428571428617,0.9417305876670988,5.506431451448624,0.06118257168276249,4.43381609195407,0.8955668153075947,11.176049941917368,0.12281373562546559,8.84963492063484
Dataset_0136,multi_output,ALL,extra_trees,123,4,0.893042204859044,3.91691000342858,0.009126071769404893,2.5774931778872525,0.667379504046154,6.746094849483121,0.01642584574989803,4.504921156462576,0.9013298392214675,0.24640599618840245,0.09477153699553942,0.2083390804597704,0.5814346504229717,0.5777408683074978,0.20633602439553494,0.46089285714285877,0.7950592181412311,2.5141220957395958,0.13232221556524187,2.1792965517241303,0.5513489660238784,3.461331223080587,0.21633320144253668,3.0297904761904215,0.8920358515984533,0.3056252720980079,0.08237877954124202,0.2631522452107276,0.726541239896914,0.5452019878900263,0.17474422688782892,0.46266476190475775,0.8658554400370311,5.852274424047045,0.09439152296850073,5.201517241379353,0.28071832795468676,12.313915025074776,0.3133311711214956,10.295609523809542,0.8779628502965731,0.8739724039761718,0.08403580807463192,0.7018015325670565,0.7670167264059171,1.7573932484005534,0.15691011146433514,1.686161904761916,0.954656957668085,6.404776785276772,0.05337313987730643,5.480919540229841,0.8729640186796986,10.166642637364262,0.11423193974566587,9.278285714285712,0.9643952770504671,4.988611612867474,0.05251170118807867,4.007426053639889,0.8916325989390115,6.919188513331261,0.11159981473114937,6.321042857142824
Dataset_0136,multi_output,ALL,extra_trees,7,0,0.8861088331355429,3.973416047833468,0.009388979319077194,2.614192462585055,0.751051853517588,6.177222673647057,0.014402477672294375,3.9073053650793974,0.8872158297700536,0.24296214051981435,0.1012342252165893,0.20496936507936575,0.6845285073027985,0.5794652448935862,0.19315508163119544,0.4307995833333328,0.7972012831832846,2.394533156541289,0.12602806087059415,2.0282801587301766,0.6334593838093106,3.667046463928539,0.201486069446623,3.165449999999989,0.8726547940414121,0.3128337705402414,0.0843217710351055,0.2717366031746035,0.8037674476002539,0.5330419287389687,0.14214451433039166,0.42959491666666993,0.8428260810096859,6.165070298977609,0.10449271693182388,5.439407142857121,0.5662133793121114,10.852330050121116,0.20869865481002148,7.932536111111213,0.8881808178707661,0.9348227911268416,0.08736661599316277,0.7717178571428559,0.7158266584784698,1.3902120474728643,0.16355435852621933,1.0899861111111213,0.9529243229985562,6.41838926750643,0.056301660241284475,5.5339841269842305,0.9118190907543708,9.634959896560861,0.090046354173466,8.753458333333477,0.961758703075042,4.9545791733894005,0.05215346498304632,4.049251984127031,0.9417485073658013,6.3640558624398,0.07856859089431852,5.549312499999978
Dataset_0136,multi_output,ALL,extra_trees,7,1,0.8756323446266877,4.000975672124364,0.009322154924682224,2.672238000000008,0.7342943330961235,6.27023363601879,0.015285796284784959,4.060062882086218,0.8558877962059466,0.30206065718562597,0.0918117499044456,0.24227049808429135,0.8174518274188262,0.3901574337305905,0.162565597387746,0.32055714285714476,0.7863289263587916,2.467720280648705,0.11751048955470024,2.0830053639846433,0.6562509589885143,3.6661980880391836,0.19295779410732544,3.2210857142858464,0.9157020326553403,0.27554652702653804,0.06905927995652582,0.23932500383142125,0.6226602262186918,0.6404305341733271,0.21361925756281755,0.5471671587301686,0.8430975642906612,6.12179609591619,0.09873864670832565,5.3164750957854485,0.6296856937702779,10.23283832187799,0.21771996429527637,8.0703492063494,0.8234612426010481,1.064516883943375,0.09766209944434634,0.7973977011494253,0.5442208775513582,2.3162438023571066,0.2545322859733084,1.8199428571428626,0.9483957682564542,6.499664738382073,0.05803272087841137,5.730367816092014,0.946358930995184,8.481506804957489,0.0839753149005692,6.644666666666694,0.9565530820185718,4.994257606719316,0.055491751185770176,4.296824521072812,0.9234318167300125,8.899185540413137,0.09779324769684766,7.796671428571407
Dataset_0136,multi_output,ALL,extra_trees,7,2,0.8908651592324632,4.177147682467435,0.009732403733614715,2.6236958282899323,0.6857857470892553,7.557240023389705,0.017861593059299703,4.33147246096529,0.8979025363456398,0.26516224232829694,0.08035219464493847,0.21187810071154883,0.8633576247729734,0.270711896746574,0.135355948373287,0.23213013605442206,0.8332671735400894,2.2527792098422874,0.10239905499283125,1.9004114942528914,0.7376426551438053,2.666296017547377,0.17775306783649178,2.0863430839001995,0.8983791504732235,0.31204507361341677,0.07555570789671108,0.26599926546250624,0.686618685940432,0.44108754507518033,0.20140983793387235,0.3439506734693828,0.8074130434017075,6.6852064759047245,0.10782591090168911,5.7016453201970325,0.33117207101556967,12.225767566024192,0.2747363497982965,10.097602947845825,0.8898922182626211,0.9707180297182452,0.08667125265341476,0.8506274767378159,0.534946871821325,1.3548196279507947,0.23358959102599905,1.1464465986394567,0.9554090368242468,6.503503862435104,0.054195865520292534,5.241521072796888,0.810266782614918,11.260029062616212,0.1462341436703404,8.747616780045105,0.9537929557797143,5.382137160048412,0.05491976693926951,4.193788067870842,0.8364955383157641,10.69172467366802,0.14448276586037864,7.666217006802642
Dataset_0136,multi_output,ALL,extra_trees,7,3,0.900735017963254,3.813468280019903,0.008885061230242085,2.438063958401762,0.7346874456351377,5.893251435688045,0.014332185694418747,4.1597040861677685,0.9206086763066325,0.23988346651541176,0.07269195955012478,0.2059858237547903,0.6090007020934496,0.40041286073652427,0.2012124928324243,0.38595317460317174,0.8349160012633124,2.2463415922698258,0.10210643601226481,1.933416475095789,0.5594795149781876,3.69481257016999,0.22392803455575697,3.211257142857162,0.9071531516802329,0.2931844158245377,0.07098896266937958,0.24435115708812527,0.7906757268848195,0.4547289710697595,0.15157632368991983,0.41894447619047614,0.8732714013441109,5.774236145458604,0.10311135974033223,4.816516475095784,0.5777197767413574,8.557822016065685,0.18891439329063325,7.755438095238047,0.8460818142860524,1.0317295969485787,0.09211871401326596,0.8414934865900431,0.8074415998953555,1.4436993599034882,0.1388172461445662,1.1874785714285712,0.9553266356357485,6.347796841985876,0.05289830701654897,5.324076628352527,0.9124087430673613,9.287118736646349,0.09879913549623776,8.626047619047426,0.9677874452266882,4.680538084324106,0.04776059269718476,3.700607662835273,0.8860860557854326,8.217236678823536,0.11412828720588244,7.5328095238095285
Dataset_0136,multi_output,ALL,extra_trees,7,4,0.9042084763168718,3.9811441557200413,0.009275731956477263,2.5808508091328646,0.5036859793026182,4.30100949006612,0.011090792908886333,3.023650374797579,0.8888005922916578,0.2933224098011066,0.08888557872760806,0.2408459003831418,0.4695136132709369,0.3655818522538458,0.24372123483589717,0.28326317460317346,0.8386789346923569,2.394592221282059,0.10884510096736633,2.0819775588396303,0.2921253812000967,2.7954043898182777,0.2781496905291819,2.4556117913832685,0.9094045438950362,0.31787306594601344,0.0769668440547248,0.26434364422550205,0.22143639588798636,0.3976489395054831,0.32068462863345426,0.3297286780045395,0.8436394535093,6.599978544531379,0.1064512668472803,5.4268525998905535,0.6688995854349351,6.5290454959823325,0.18654415702806665,5.8170027210884525,0.9143651293913048,0.859258588684629,0.07671951684684188,0.7289751505199817,0.20709954409457276,1.7270908980682937,0.31401652692150794,1.5513995464852477,0.9643766678025666,6.109234590679157,0.050910288255659644,5.213204159824917,0.879729716942454,6.769085857732373,0.11473026877512496,6.100337868480908,0.9701940126358813,4.83783204519786,0.04936563311426388,4.1097566502463225,0.7869976182873452,5.472925776485495,0.1499431719585067,4.628208843537466
Dataset_0136,multi_output,ALL,extra_trees,2024,0,0.8969448686832316,3.715129392270825,0.008655939870155697,2.448345599773251,0.6137719316081389,7.124400555373373,0.017582863731517,4.528057880952421,0.8539426132723816,0.30660063594245457,0.09290928361892563,0.2504884920634927,0.7824959630296427,0.33877934221013717,0.15469376356627268,0.3258999999999992,0.822213525887171,2.2418485068101224,0.10190220485500556,1.9275690476190377,0.3716538924347571,3.911437601125691,0.26975431731901317,3.413450000000015,0.920297013654665,0.2762439107698748,0.06688714546486073,0.23183626190476453,0.4787170124087977,0.5570861801891644,0.2498144305781006,0.4449051666666609,0.8800340178387293,5.450075660365082,0.09732277964937645,4.76519841269848,0.36715699724921347,12.270985370662588,0.23598048789735745,10.40816666666672,0.8780645573962015,0.980809977159843,0.0875723193892717,0.7731801587301614,0.5379153632040621,1.7468053608261713,0.2079530191459728,1.3753833333333267,0.9574833659676816,6.197233134110538,0.05533243869741552,5.238115079365083,0.8684726224890094,11.315560172035207,0.11787041845870007,9.716166666666894,0.9665789867657913,4.727377074023172,0.048238541571665024,3.952031746031736,0.8899916704414897,7.609520971052591,0.11190472016253811,6.012433333333331
Dataset_0136,multi_output,ALL,extra_trees,2024,1,0.9066933986426405,3.880416008677921,0.009041043822641941,2.5041879594964516,0.7397278683415617,5.300289816485586,0.012527274442178174,3.4592370702947703,0.9020817027998917,0.27273323792873966,0.08264643573598172,0.2266824521072805,0.8302836181515796,0.2286927073746558,0.12705150409703098,0.19577492063492105,0.8519791346425236,2.279214678484091,0.10360066720382233,1.942563218390812,0.25758620221952655,3.080267575330829,0.24446568058181165,2.5090253968253506,0.9146507006284971,0.2985299347516015,0.07228327717956452,0.2524964827586156,0.7616095342048134,0.32998725474865753,0.14666100211051447,0.2915496507936594,0.8555041478977912,5.847782500473099,0.09431907258827579,4.951695019157079,0.7826476819519788,8.32389434618321,0.17710413502517466,7.489123809523848,0.9033387626823908,0.8992854638948492,0.08029334499061154,0.7747187739463529,0.6791353284229542,1.1920453502212323,0.20552506038297105,1.0196825396825233,0.9558286584490773,6.334588496313245,0.05278823746927704,5.2045862068965985,0.9001284516901611,9.837766255447638,0.11307777305112228,8.829380952380859,0.9634706833983118,4.991271358597917,0.05093134039385629,4.176573563218424,0.9667042617499184,4.417287696383286,0.05627118084564696,3.8801222222222296
Dataset_0136,multi_output,ALL,extra_trees,2024,2,0.8861400741566955,4.11285712630737,0.009582612130259483,2.7601512249589577,0.6842844670205162,4.036490067697077,0.010257916309268303,2.5298314013605743,0.9111683417032846,0.26059068245110517,0.07896687347003187,0.23141839080459767,0.4027744561218971,0.36448897489754567,0.2803761345365736,0.3067317460317377,0.8099477700288851,2.5313913169419524,0.11506324167917965,2.240573180076629,0.46338707816863456,2.385202737677528,0.2271621654930979,1.6887555555556344,0.8972420052505028,0.3117467771478507,0.07548348114960066,0.2759980383141784,0.8064902876481231,0.3333188102988464,0.14492122186906367,0.24627536507936906,0.8555235552330595,6.127616387779619,0.09883252238354225,5.262873563218383,0.7198662113847767,6.8278657544670285,0.2044271183972164,5.651777777777874,0.816211274303733,1.0868352201036404,0.09970965322051749,0.7776183908045957,0.5611902502349416,2.1138017619280594,0.19755156653533265,1.8562809523809507,0.9519429936651131,6.756193901959087,0.05630161584965906,6.1238160919540565,0.9398390058879871,5.794583795825497,0.07525433501072075,4.305888888888993,0.9609445789122922,5.240331211028315,0.0534727674594726,4.408760919540264,0.8964439796972532,4.8429855159578565,0.11006785263540583,3.653109523809458
Dataset_0136,multi_output,ALL,extra_trees,2024,3,0.8795780015863348,4.14368954881072,0.009791558280703041,2.6219862408319883,0.6364272660093772,8.996006471809155,0.02095994052145656,6.019616367346956,0.9060336002411418,0.20451208554845096,0.09338451394906437,0.16749118773946425,0.6744401601219647,0.6806064528035934,0.20624437963745257,0.5707984126984156,0.7840305029159926,2.257768145146482,0.12901532257979897,1.8505521072797129,0.6772879295078889,4.182381069773161,0.19010823044423458,4.078073809523728,0.8759823796680651,0.2876186690010641,0.08056545350169862,0.24214927969348715,0.7795897295199623,0.6456658992044547,0.15633556881463795,0.5874947301587335,0.8590258787616278,5.670232537560801,0.09610563622984408,4.932816091954067,-0.2599475606741659,15.378000532609965,0.3661428698240468,14.052761904761905,0.8622256200823788,0.9614677420804596,0.0898567983252766,0.8142727969348609,0.804207559733148,1.359456069740983,0.14310063892010347,1.2037190476190693,0.928985164616768,7.1971602735074915,0.06313298485532887,5.995195402298932,0.8906789177858618,12.867232161271716,0.1202545061801095,11.298666666666756,0.9407628648183696,5.48579999614476,0.06305517236948,4.351426819923397,0.8887341260709801,12.009488806667077,0.12254580414966405,10.345800000000082
Dataset_0136,multi_output,ALL,extra_trees,2024,4,0.895362984965829,4.054121285033984,0.009445762546677504,2.6574099551176715,0.4876968378277991,6.379058016645515,0.01644087117692143,4.254246467120164,0.8997977833048959,0.26873232053187435,0.08143403652481042,0.2036484674329492,0.693995097568397,0.3771750981184354,0.19851320953601864,0.3342047619047602,0.8323801449468695,2.2982208827103423,0.10446458557774284,1.9626260536398465,0.5344219710922691,3.5721570616796186,0.23814380411197458,3.127876190476288,0.9037515779696225,0.3153095940723342,0.07634614868579521,0.2613399923371613,0.6443533564875981,0.4250253309033939,0.1940754935631936,0.3724197142857028,0.8394794380572224,6.708012037579964,0.10819374254161232,5.4876471264368,0.534820122930157,8.080915274009142,0.21265566510550374,7.305022222222212,0.8620680898243456,1.0946083468512744,0.09773288811172093,0.8988563218390777,-0.2352257630114727,1.6202570403287855,0.3240514080657571,1.3031738095238123,0.966249153956842,6.064558583937287,0.05053798819947739,5.449720306513345,0.5261564187439762,10.00146724390294,0.21742320095441175,8.724396825396768,0.963814706701005,5.1597844512246045,0.052650861747189845,4.33803141762452,0.715356660983669,10.18860554859866,0.18193938479640465,8.612631746031605
Dataset_0136,multi_output,ALL,extra_trees,99,0,0.8968021549790622,3.9760337926430944,0.009264041083536649,2.572906209750577,0.7334374384791982,5.32834698285881,0.012989631845097051,3.4181735000000324,0.8941137185886228,0.2792822525438709,0.08488822265771154,0.23103658730158752,0.7852308177969651,0.2960477715934268,0.15581461662811938,0.2655080555555579,0.8187964365691914,2.418930876550462,0.11518718459764105,2.1266182539682843,0.5850173415955117,2.886443306208285,0.18743138352001842,2.4801291666668135,0.8971691196538488,0.32025365571867975,0.08026407411495733,0.2659652142857165,0.7713539968138852,0.37644076238786145,0.1470471728077584,0.3387758888888871,0.8505483911946221,6.483570523415073,0.10457371811959795,5.406826587301615,0.6812994241831062,7.019551042566047,0.16324537308293133,5.902041666666731,0.8944097257783755,0.9702496757026307,0.08662943533059203,0.8259952380952397,0.49066969166155405,1.3039127040592502,0.2414653155665278,0.9660625000000092,0.9600425185925484,6.159680774470852,0.051330673120590434,5.093738095238073,0.9022264943292385,8.945046953050795,0.11043267843272586,7.71815277777776,0.9625351744762265,4.869331275121748,0.05410368083468609,4.060163492063524,0.9182643029741265,7.693498159244366,0.08894217525137996,6.256544444444464
Dataset_0136,multi_output,ALL,extra_trees,99,1,0.8921559489845189,3.921467964874982,0.009136691437266966,2.5358036406286715,0.7438170095231772,5.3935529511727776,0.01274499149595401,3.6693976643990824,0.90642436586077,0.25140659937208376,0.07618381799154053,0.2172837985769031,0.7951365470040441,0.2780565898529897,0.1397269295743667,0.23735827664399053,0.8307802224272189,2.219837361338351,0.10090169824265231,1.8477203065134131,0.6172778538376843,3.3628232553810458,0.20380747002309368,2.8527029478458394,0.9002891414336839,0.2956900701298484,0.07159565862708193,0.2458416858237594,0.8432625630645766,0.41120275682599,0.12094198730176176,0.3437326303854852,0.8696746503492122,5.848631718034128,0.09433276964571174,4.9928002189381235,0.7265625964617148,7.635990437790069,0.16968867639533486,6.32991836734691,0.8314241910378515,1.0961261369009132,0.09786840508043869,0.9035024630541871,0.35732861955496165,1.949465961397646,0.24368324517470574,1.5564070294784715,0.9483184778372781,6.443619661916899,0.05369683051597416,5.397383689107885,0.9324054389019398,9.163459971749514,0.08644773558254258,8.59233560090695,0.9581805939456178,5.063481150510593,0.05166817500521013,4.146093322386428,0.9347454478373197,6.78234063461085,0.07795793832886035,5.773328798185934
Dataset_0136,multi_output,ALL,extra_trees,99,2,0.8893212404339385,3.7717158157667003,0.00878778149060275,2.4385674765814547,0.4434504896141445,7.861900761764021,0.019954062847116805,5.318402237771325,0.9143191670218773,0.2150896423447535,0.0827267855172129,0.17315783251231517,0.5500828338096773,0.6433690953838992,0.20753841786577396,0.5469869387755077,0.8254353796159103,2.1653060742018764,0.11396347758957244,1.8092440065681383,0.4930718123282052,4.307505799892725,0.2051193238044155,4.007786507936577,0.8943481712666491,0.2903347327362554,0.07825734036017665,0.22740913957306821,0.6620805855790384,0.6451754026049961,0.16169809589097645,0.5170082040816372,0.9072061786577886,5.00756160600456,0.0807671226774929,4.255858347016977,0.29894660938525586,10.837774056788824,0.2709443514197206,8.096047165532868,0.7696307053183804,1.3710788716524838,0.12813821230397046,0.8954767925560986,-0.4200291424492726,2.789476670791567,0.3719302227722089,2.051680272108852,0.9562139715905285,6.384784200298213,0.05700700178837691,5.519384783798673,0.8225228380611955,11.247605016904583,0.1323247649047598,9.768185941043173,0.9580951095664352,5.200074361341345,0.05473762485622469,4.1894414340449115,0.6974778905849119,12.709620709779516,0.17652250985804885,12.24112063492066
Dataset_0136,multi_output,ALL,extra_trees,99,3,0.8730888119905457,4.03608267793749,0.009403734105166565,2.6202605008210216,0.6028425758957008,6.7102048470204725,0.017170432054811852,4.303976938775529,0.8701588401081709,0.3182855895706099,0.09645017865776057,0.2558616858237554,0.7284836280719964,0.24349601595993306,0.17392572568566644,0.1867206349206345,0.8084523836113702,2.625029689523779,0.11931953134198996,2.188538697318001,0.39512185156986024,2.303465668221074,0.2412005935310026,1.8927444444443873,0.8862695136986706,0.35118053314825176,0.08503160608916507,0.2932085632183834,0.7063253047963403,0.3066547417576329,0.16979775291120316,0.2309512698412758,0.8155321473773112,6.151143597334028,0.11391006661729682,4.818125670498089,0.6740272178552327,11.491832667423335,0.19477682487158196,10.845573015873013,0.8094482387492836,1.0756353113240666,0.11322476961305965,0.825518773946362,0.0659086861112862,3.0238087814555685,0.3359787534950632,2.5233777777777777,0.9603590202319507,6.223194767659168,0.05185995639715973,5.483609195402321,0.7866719423242385,11.610970036281248,0.1732980602430037,9.727888888888913,0.9614015401570614,5.403019279397993,0.055132849789775444,4.476960919540238,0.8633594005409518,5.805893498114519,0.12901985551365597,4.7205825396827
Dataset_0136,multi_output,ALL,extra_trees,99,4,0.8843589745373207,4.038704179199895,0.009543251841209582,2.586551254515605,0.7665725966953344,6.311149687668584,0.014711304633260102,4.384253979591814,0.8765160390622794,0.27251242023085215,0.0825795212820764,0.21755831417624474,0.7080144846229639,0.5274096084232289,0.21975400350967872,0.4416742857142852,0.8050763026271996,2.3521385357540874,0.10691538798882215,2.007330268199244,0.5460374964047993,4.174562491466319,0.2746422691754157,3.8498857142855587,0.8834351397870521,0.3257070947388094,0.07886370332658824,0.26854108045976816,0.7751711806405055,0.48598933077815953,0.1840868677189998,0.4340369047619039,0.8278251563951666,6.487886490444048,0.1099641778041364,5.019675095785422,0.6484918535231734,10.030823172605576,0.2006164634521115,9.215304761904877,0.8791109640230864,0.9678543134658737,0.08641556370231016,0.8105210727969312,0.8843731611576671,0.906740103949933,0.1042230004540153,0.7888857142857179,0.9539253987192919,6.521165303510477,0.05720320441675857,5.770076628352538,0.8828471797579744,10.091426170308761,0.11212695744787513,8.99309523809518,0.9646238211471688,4.786439836328713,0.048841222819680744,4.012156321839088,0.9210728207602581,7.589234536782036,0.10396211694221967,6.966895238095181
Dataset_0136,multi_output,ALL,gradient_boosting,42,0,0.9133344006527176,1.6037750444575012,0.003736661333777962,0.9476458155264372,0.839017613926315,2.6859493156040832,0.006348261204453045,1.7147685620920576,0.9634225141073194,0.15734815457944215,0.047681258963467324,0.11873286847859406,0.9817017237141885,0.10809794110848005,0.051475210051657165,0.09885956741012424,0.986407924527035,0.6180521184330438,0.0280932781105929,0.5054280120019088,0.9318778028221273,1.566662733400347,0.1010750150580869,1.2619635527184805,0.9824327782419374,0.12901256514753326,0.031237909236690863,0.07754834392216162,0.9486818480296288,0.20749748875981433,0.08400708046956043,0.18218655010841778,0.9907488408753615,1.5228709049424902,0.024562433950685327,1.1043753758035773,0.9460528167194419,3.6870692230436837,0.07844828134135497,2.7412090315225672,0.4851312744358278,2.1554488272441534,0.19245078814679942,1.7061160648641773,0.10096616816047133,1.5680296732029297,0.2703499436556775,1.1365429557127895,0.9946730536644782,2.188702712111376,0.019541988500994426,1.3703363175910883,0.9858502744361902,3.723301294776011,0.03266053767347378,3.159387273082011,0.9905244187170644,2.4136600103919554,0.02462918377950975,1.7509837260235532,0.9779926636021568,4.251461459989702,0.05122242722879159,3.423231004090013
Dataset_0136,multi_output,ALL,gradient_boosting,42,1,0.9443527857234735,2.1375301734187513,0.00505087470089497,0.9689835795862509,0.9085172445155223,3.387651943433774,0.00789312878546512,2.048863805940737,0.9903254492773826,0.08180045846172244,0.02478801771567347,0.06053269179686257,0.96869807691238,0.13293816127607883,0.06360677573018127,0.11875259730772213,0.9956477902025598,0.37112689910719493,0.016869404504872496,0.2929235650220231,0.9412238366833653,1.1639804723986067,0.08622077573323013,1.026169038662644,0.983953636067866,0.1280898877220942,0.031014500659102714,0.0784504567693231,0.9305993823883512,0.1945730709145582,0.10081506265003017,0.13245985398476798,0.9406216425921413,3.6026752193600866,0.07064069057568798,2.5754640675882445,0.8894236372087304,6.51390425643384,0.10506297187796515,5.863320169745982,0.722876957849913,1.2753810908058647,0.13425064113745944,0.9157915637008255,0.6642784598006968,2.04355129656174,0.1964953169770904,1.6389136942265734,0.9890718755277694,3.0826048284847776,0.027040393232322612,1.5183045696440758,0.9827350557908209,4.41941539074842,0.04208967038808019,2.902922883550486,0.9879721485466822,2.77742596566911,0.02834108128233786,1.3414181425824017,0.982662262824311,3.5755608083950214,0.052581776594044435,2.659508404106986
Dataset_0136,multi_output,ALL,gradient_boosting,42,2,0.9532273386839334,1.5136349412748322,0.0035266424540420136,0.8658728894584,0.7927131762218929,2.984201527855726,0.007582776083993713,1.7009041220753198,0.9851998668207645,0.08570050040248492,0.03895477291022041,0.0686495679876455,0.8820375786221928,0.3319616967875416,0.12526856482548743,0.2423066213729952,0.9839139916323997,0.6512261241801807,0.0352014121178476,0.4391797426546187,0.9564222192395473,1.2409256534055852,0.07755785333784908,1.0949613005231547,0.9749964214898814,0.13850879101123428,0.03733390593294725,0.09262732007053304,0.9351342212847419,0.2677453498024814,0.08581581724438506,0.2048044441452554,0.9745266830282655,2.7669125760418654,0.044627622194223636,2.036718119363379,0.2553071632447149,6.385540255380184,0.3040733454942945,4.09854047058112,0.7612167772359087,1.3597417556577285,0.12707866875305873,0.7955664827086086,0.5608301126272308,1.8045373613093902,0.18995130119046214,1.3102695972770124,0.9963884132243191,1.8938258143714093,0.01578188178642841,1.4991782309037787,0.9840078034933987,2.8307365762075243,0.039315785780660056,2.44604617239576,0.9963492173559941,1.5797883914144197,0.01662935148857284,1.1291907625202369,0.9752531350414241,2.9277772608104535,0.06229313320873305,2.509400248231941
Dataset_0136,multi_output,ALL,gradient_boosting,42,3,0.8877688380106089,2.1226084622509642,0.004945614907735418,1.2141033396494965,0.8014449442671049,3.619623880473097,0.008802587257959866,2.378700804040569,0.9857330593732593,0.09949975687476027,0.030243087195975772,0.06940862779416655,0.8435473560352702,0.1715769225571428,0.12255494468367341,0.15398747545658906,0.9901983817337048,0.559124412665916,0.026624972031710284,0.34554541129832594,0.6816710648983186,1.7149539403260812,0.1714953940326081,1.2646969697012562,0.987698005683135,0.11000073917867627,0.02756910756357801,0.0666290907068841,0.8848358619364529,0.18444754418828943,0.09916534633779,0.13457822688905985,0.9462463300987763,3.754114402040951,0.06055023229098308,2.8981875817814884,0.8098613624910939,5.674567431478909,0.1319666844529979,4.555570746399318,0.3189363805823804,2.361274917413696,0.21082811762622286,1.8314426601903517,0.48855643533148785,1.6472927570405824,0.2387380807305192,1.518471402470888,0.9888355270908843,3.0833907849813547,0.025694923208177955,2.2481681046960627,0.9483715613174298,5.948571230814181,0.08621117725817654,5.256629083135579,0.9967341815121222,1.423851608466464,0.015820573427405157,1.0393419010791964,0.9532709678596812,4.290387400738653,0.06703730313654145,3.766971724231295
Dataset_0136,multi_output,ALL,gradient_boosting,42,4,0.9850948541943837,1.2460964055389077,0.0029033001061018354,0.7019195065072305,0.9014264159527644,2.197677946763009,0.005622097587012047,1.4680443841842192,0.998033426490484,0.03867366474914709,0.011719292348226391,0.027453149863699348,0.8993831985980054,0.1744461203748245,0.10261536492636736,0.11251034256803265,0.990609803637108,0.5642163152740055,0.025646196148818433,0.4632447321873015,0.9366246108007988,1.0511813568886759,0.07150893584276705,0.8131639951309312,0.9844295448757697,0.11952910343248764,0.028941671533289987,0.08998105413886105,0.9084259920722348,0.3060959691738927,0.09192071146363144,0.19932562804186318,0.9682624591270358,2.702258840226631,0.043584820003655336,2.142921340965174,0.9443306418055173,4.3969038908113385,0.08973273246553752,3.8384134053675996,0.9576520222421461,0.5623796866749722,0.05021247202455109,0.4545197716002466,0.6374294929563844,1.743974941399311,0.23567228937828527,1.413900534101794,0.9977683426504177,1.459391558162872,0.012161596318023934,1.0198909994366134,0.9879527730569041,2.925734700161851,0.03953695540759258,2.760565340270091,0.9989083803377238,0.8870588381501793,0.009051620797450808,0.715425497358718,0.995838202379506,1.2826823887848875,0.021378039813081458,1.1384314438092236
Dataset_0136,multi_output,ALL,gradient_boosting,123,0,0.971222848084353,1.5232817558038971,0.0035491187227490615,0.8706971556531337,0.9108028643619208,2.554435235371409,0.006486630866864928,1.6623384333694098,0.9867361227328031,0.09783109343548986,0.029645785889542385,0.06975132862556926,0.9488319354650684,0.158645175606192,0.079322587803096,0.1166829926082886,0.9885704182866871,0.6055720816960767,0.027526003713458033,0.42552589325555296,0.9191072228510639,1.4562370246900431,0.08566100145235547,1.3108561533449183,0.968246789007088,0.18105906106334066,0.04383996635916239,0.10446735689748568,0.9545502209068236,0.1662899556849771,0.07267917643574173,0.0982262303201954,0.98554853566719,1.9304800458176035,0.03113677493254199,1.5491397950157508,0.8860952553879281,5.029861569576414,0.10265023611380436,4.321916916298212,0.8830606012313149,0.9731001317982417,0.08688394033912873,0.6675676232511752,0.7085824954182806,1.3017652588476536,0.1783240080613224,1.1166523447831347,0.9968048153030598,1.8205037366992969,0.01517086447249414,1.5174918463214644,0.9850806064069875,2.7596046758790123,0.04927865492641093,2.183483994726977,0.9895926543623278,2.8010229151593156,0.028581866481217504,1.7609362462049372,0.9733723140972924,2.9821151090104205,0.060859492020620826,2.488550401504142
Dataset_0136,multi_output,ALL,gradient_boosting,123,1,0.9761382765134152,1.7686093079135234,0.004120711341830204,0.8690847500016728,0.9147244512810034,2.336051892950267,0.006067667254416278,1.4864668677071167,0.9895278000432297,0.08771084243512711,0.026579043162159734,0.0641657811055453,0.9677751368915433,0.10283489826763081,0.07910376789817757,0.08723998991442374,0.9861477842216613,0.6663208279473988,0.0302873103612454,0.3738429086477825,0.8707641966355132,1.554865351451157,0.12957211262092974,1.0309050740507826,0.9772489343267043,0.15055129031120162,0.036453096927651724,0.08560873256208473,0.9527019508710053,0.16178549791227856,0.07740932914463089,0.14679571951999218,0.9431913573392423,3.726578423394833,0.06654604327490773,2.846513877089517,0.9239339682092289,4.517499556190995,0.08687499146521145,3.7257789366108107,0.9440935129854258,0.6504591477322283,0.058076709618948966,0.5239807925537876,0.7224024986595918,1.4885925874167127,0.1672575940917655,1.1897303884462433,0.99427075144723,2.453669354666696,0.020447244622222468,1.5504742606977402,0.973463535190705,3.1656019346721234,0.051895113683149564,2.6348132318357136,0.9984877952304126,1.0442857410718434,0.010655976949712688,0.6390068973552528,0.9920298725094371,1.7609280396478983,0.032609778511998117,1.5900047335718495
Dataset_0136,multi_output,ALL,gradient_boosting,123,2,0.9762248425119463,2.0860099946914645,0.004860228319411614,0.9268717450218308,0.893675879557272,2.947474993576036,0.006964897548562196,1.6920095518968847,0.9958981040265984,0.053582490715046976,0.016237118398499086,0.03415109073469837,0.9024128480362437,0.23338118002031186,0.11727697488457883,0.15082663416885062,0.9931638355376884,0.45692836919288365,0.020769471326949257,0.35917502250697847,0.9525569255763218,1.2253514455733254,0.07658446534833284,1.0536732930421908,0.9883080339935802,0.10306249595553481,0.02495459950497211,0.07666523611844325,0.9364091152019705,0.2585393301329208,0.07604097945085905,0.21551721864619872,0.9814637563184533,2.2360458694167438,0.036065255958334576,1.7717535248114948,0.9704994894129911,2.266761186726458,0.05271537643549903,2.0495095698728067,0.9066746813167038,0.8657962599570088,0.07730323749616151,0.6877466901501268,0.5457376387690094,1.643445834408121,0.22208727492001634,1.1678595276135142,0.9813712024982832,4.0330384270993145,0.033608653559160956,2.0908646953358536,0.9723936233393765,5.538061129538986,0.05224585971263194,4.106079085128848,0.9866942838923155,2.8675571731633824,0.029260787481259005,1.4677459554952197,0.975721516564991,4.547661462325103,0.052271970831323025,3.100601534805782
Dataset_0136,multi_output,ALL,gradient_boosting,123,3,0.9405367181605723,1.4474573493553904,0.003420348659834567,0.8971010355698298,0.8169712162677099,2.4158976704440813,0.005628838933933088,1.5872292973162667,0.9766283813075813,0.11665857914836607,0.035458534695552,0.08177668883776353,0.9670598351643661,0.18494321173836867,0.0711320045147572,0.1513939878974415,0.9785681389666497,0.7736672691052131,0.03684129852881967,0.5137377531715088,0.9544237595045206,1.3928802708695256,0.07330948794050135,1.0540288455555742,0.993082241204062,0.07788506904754884,0.01952006743046337,0.05515040584012746,0.9391151755727024,0.26806483335934095,0.08876318985408639,0.20304081249036696,0.9768736739298323,2.311441918509773,0.03917698166965717,1.8528954622517395,0.9274492526813574,4.422900686325675,0.08190556826529027,3.4995518317198298,0.6679310559454201,1.6644929806765867,0.14861544470326668,1.3003881297643063,-0.05827358766857915,1.9431060166032144,0.37367423396215665,1.6416110581700978,0.9947214870212311,1.9565327219888402,0.018457855867819246,1.5033488741138792,0.9938638873478773,3.1118382229451664,0.02593198519120972,2.842254461217798,0.9959520487492284,1.451334619750913,0.016125940219454588,0.9724099350094838,0.9951601912717243,2.405931022354564,0.026438802443456744,1.7187240841627605
Dataset_0136,multi_output,ALL,gradient_boosting,123,4,0.9508324581978612,1.4224088915444804,0.003314093409935882,0.6646711369628235,0.8025084418422616,3.660818172952218,0.008913606459586602,1.7727204188920123,0.9805962641573105,0.10927002209099773,0.04202693157346067,0.07789641749858846,0.9053692582308269,0.27470563966152134,0.09810915702197191,0.24861814678379118,0.9845941166649705,0.6893114188958194,0.03627954836293786,0.4552871002443839,0.9835709405235552,0.662361642463311,0.041397602653956936,0.4859000985122687,0.9677734838216117,0.16697681039788181,0.04500722652234011,0.07577690925908419,0.9191682005092618,0.29641667689855705,0.09500534515979392,0.22847834010404064,0.9712860880324056,2.707598921898816,0.04367095035320671,1.3753178181410002,0.6671267658735021,8.376953273880215,0.2131540273251963,5.170404804921039,0.7571180236906416,1.2329609898507328,0.11855394133180125,0.6660320268875499,0.15936769627814895,3.3381789906921044,0.2980516955975093,2.5939441254015825,0.9955100317195115,2.0154420110814284,0.016795350092345236,1.3938863130671926,0.9882677525169054,3.089618042095365,0.034714809461745676,2.3377614600886676,0.9989491992985774,0.8570103462979418,0.009021161539978334,0.6085013736419662,0.9946884789636294,1.5318466355991984,0.02470720379998707,1.343935956432696
Dataset_0136,multi_output,ALL,gradient_boosting,7,0,0.9037534700805322,2.908791720198716,0.006873326370979953,1.378211632131801,0.8428156992853035,4.40519269414951,0.010270908589763372,2.53798899988046,0.96745954263548,0.1305047614440713,0.0543769839350297,0.07707840908674443,0.8710660107481465,0.37045123135163366,0.1234837437838779,0.24665354623063354,0.9531189693192199,1.151295558354183,0.060594503071272794,0.7117877438212342,0.9327574926661238,1.5706423721664013,0.08629903143771435,1.2346408435520129,0.9814664817168566,0.11934418541135268,0.032168244046186706,0.08313916168041269,0.9475935748692355,0.27546607001214046,0.07345761866990412,0.19807629056043718,0.9483102708318035,3.535492501151072,0.05992360171442495,2.75587929471624,0.7929720194660597,7.497205927208135,0.1441770370616949,4.766629847585897,0.5380139836998946,1.9001397856769475,0.17758315753990164,1.3965697196570777,0.4524726476647235,1.9297110804266777,0.22702483299137385,1.5228194865581175,0.9918495215973684,2.6706643936819336,0.023426880646332752,2.05161516809842,0.9841098467459639,4.090031642687677,0.038224594791473616,3.463602984683611,0.9460555207631034,5.884559641634259,0.061942733069834305,2.571411927862475,0.9187383028368712,7.516633898844774,0.09279794936845401,6.333499999992513
Dataset_0136,multi_output,ALL,gradient_boosting,7,1,0.9626713408838385,1.7521781853263199,0.004082523323764114,0.939251178652358,0.8813297876986524,2.9919319514020355,0.007293837034134655,2.088940486072265,0.9846077361811607,0.09871770093237335,0.030005380222605887,0.07249763863184415,0.9677965519760716,0.1638710846141148,0.06827961858921448,0.1374803784810788,0.9904341541307952,0.5221373415858085,0.024863682932657546,0.3828102204897874,0.952617201949351,1.3611485677666098,0.07163939830350578,1.1805294468231133,0.9944821490751852,0.07049711942895522,0.017668450984700556,0.04345344017588122,0.9503295501016794,0.23235647767755446,0.0775038284448147,0.1965667985364114,0.9535911589006978,3.329387763920475,0.05369980264387863,2.4927691678035866,0.9044804641389906,5.197050883477374,0.11057555071228455,4.7128737031218355,0.8271935087234715,1.0532041153829155,0.09662423076907482,0.791568268044557,0.4156599616907086,2.6226472344266156,0.2882029927941336,2.1894496777685766,0.9904124880029274,2.801568576003562,0.025014005142888946,1.9613130715454465,0.9852488698993432,4.447714985854547,0.04403678203816383,3.9471423204283673,0.9979781911726318,1.0773616119377387,0.011970684577085985,0.8303464438754028,0.9931759141344232,2.6567355771744934,0.02919489645246696,2.2585410773464716
Dataset_0136,multi_output,ALL,gradient_boosting,7,2,0.9815638221982426,1.649877794473318,0.0038440768743553543,0.811459472408975,0.831361083594819,2.8498046862286914,0.006735534592835479,1.8698572041265393,0.9911895278546151,0.0778939625693854,0.02360423108163194,0.06104283484208661,0.9914253102033926,0.0678147006901206,0.0339073503450603,0.05922386831025544,0.9775765315665775,0.8261510669981847,0.03755232122719022,0.5064758154592887,0.9550555956501168,1.1035691846449764,0.07357127897633177,0.9553904215208381,0.9893271449994775,0.1011267906184474,0.024485905718752397,0.08420445180597927,0.928347020826398,0.21091398254658894,0.09630775458748356,0.18606816709222254,0.9733568091206694,2.4865346081387028,0.04010539690546295,1.8662526347882298,0.9285464082792321,3.9960504892988915,0.08979888739997509,3.447564775124517,0.956720342167069,0.6085916630293723,0.05433854134190824,0.5088153836325207,0.06834788342728126,1.9175958552799957,0.33061997504827506,1.4456415435560577,0.9968749706405452,1.7216744194261886,0.014347286828551572,1.3622906315632848,0.9820590216927948,3.462508804059023,0.04496764680596134,2.8006667967807255,0.9859014290387452,2.972954170164474,0.030336267042494633,1.2911345547714344,0.9657463450845165,4.893689626978459,0.0661309409051143,4.19444485650116
Dataset_0136,multi_output,ALL,gradient_boosting,7,3,0.9729151421366257,1.325351517868745,0.0030879578701508504,0.7507570965164015,0.9205566626755707,2.5280350887823984,0.00614809477074442,1.6053593951700893,0.9932792955668948,0.06979449877036449,0.021149848112231664,0.053844507831968404,0.923554323865448,0.17705022879496365,0.08896996421857471,0.13587039146894808,0.9831919224973543,0.7167741417114407,0.032580642805065486,0.4996253708792418,0.9350627846755658,1.4185876957069987,0.08597501186103022,0.9906110929661784,0.9918324945983406,0.08695649253588912,0.021054840807721336,0.06969697286900622,0.9443810703666853,0.2343981295370608,0.07813270984568693,0.166536285949866,0.9797984516455274,2.3054173296907465,0.041168166601620475,1.7291010986538526,0.8609312469723395,4.911087352279703,0.10841252433288529,4.261503654293587,0.8697541062931337,0.9490802619957237,0.08473930910676106,0.782119747154357,0.8053861135062882,1.451384371645159,0.1395561895812653,1.0800352733956113,0.9978046055549465,1.4071972221846283,0.011726643518205236,0.7749247804428298,0.9965668391175159,1.8386442020221956,0.019560044702363784,1.5493105928933752,0.9947451188001826,1.8904476236245114,0.019290281873719502,1.345987197783555,0.9780142602251527,3.610005744613126,0.050138968675182305,3.0536484752230604
Dataset_0136,multi_output,ALL,gradient_boosting,7,4,0.9807966198991565,0.9094387554543626,0.0021189160192319726,0.5441498096965488,0.8374806933033446,2.0055456310130833,0.005171597810760916,1.249722396235254,0.9923074879282552,0.0771486090765881,0.02337836638684488,0.05696143908381545,0.9452895563712668,0.11740392742767634,0.07826928495178422,0.09615879771068932,0.9805037296115539,0.8324569747783077,0.03783895339901399,0.5594578453265636,0.8966895866540049,1.0679195130858739,0.10626064806824619,0.820228091611278,0.9805752918436617,0.14718981998552524,0.03563918159455817,0.1124375839510548,0.9136456590822714,0.13243258816107864,0.10680047432345058,0.104325242558981,0.9892534454742099,1.7302687221758712,0.027907560035094696,1.369423589662188,0.86455001831622,4.175988633892485,0.11931396096835672,3.2568208852040255,0.9244573271469055,0.8070393901305599,0.07205708840451429,0.6003306289411796,0.2747190136503368,1.6518058801472664,0.30032834184495755,1.4212368401957074,0.9991255668689638,0.9571562371572132,0.00797630197631011,0.6425491515744048,0.9906719223706795,1.885154425462251,0.031951769923089,1.5483956884896202,0.999353490420545,0.7125026969200895,0.007270435682858056,0.46788842933663577,0.976799096678633,1.806257967065995,0.0494865196456437,1.5008912278764757
Dataset_0136,multi_output,ALL,gradient_boosting,2024,0,0.9633444987804471,2.3053562831713776,0.005371286773465466,1.0842536388890418,0.8767834118305918,3.259230488026453,0.008043709094564163,2.1239579019424117,0.9868942146427401,0.09184231324292182,0.027831004013006613,0.06611688941444031,0.9281255657304892,0.19474686673516498,0.08892550992473287,0.1778713519617387,0.9770058304174855,0.8062426495185554,0.03664739315993434,0.5400310084563742,0.796315128393694,2.226980060926198,0.15358483178801366,1.6992798494250163,0.9666912838999634,0.17858063508842,0.04323986321753511,0.10196984115091696,0.8004266118863743,0.3446965401335327,0.1545724395217635,0.26997082587109245,0.9632650541909868,3.015873881687461,0.053854890744418946,2.2744643524056594,0.8535652112092871,5.902738987782729,0.11351421130351401,4.602530946679741,0.8857243831897283,0.9495037461663458,0.08477712019342373,0.6620076998157328,0.81206812129782,1.113996891458147,0.13261867755454135,0.9197602580983772,0.9900716264954549,2.9947284624554786,0.02673864698620963,1.8351672152462564,0.9882533978405056,3.3816145851157824,0.0352251519282894,2.899676818621728,0.9737590986267697,4.188898266227252,0.042743859859461754,2.1100184657339125,0.9587298464559731,4.660822625415555,0.06854150919728758,4.298615262939189
Dataset_0136,multi_output,ALL,gradient_boosting,2024,1,0.9847683281574957,1.221590358146879,0.002846203071171666,0.6886924096783689,0.9288113134246886,2.149871970709019,0.005081238408671754,1.3108030390552863,0.9930657265711267,0.0725782719310064,0.021993415736668607,0.05607000729866332,0.9716973261315238,0.09339081537391075,0.051883786318839296,0.07346205574394864,0.9896668859305863,0.6021980925778992,0.027372640571722694,0.42369485359719466,0.9899597644561544,0.35820972941887863,0.028429343604672887,0.29549823504063355,0.9803690055604449,0.14317231783886725,0.03466642078422936,0.11073303274504939,0.9687678393197239,0.11944108512019488,0.05308492672008661,0.08955801885971557,0.9728394504614493,2.535320088141515,0.040892259486153465,1.8675462204173747,0.9428175143650893,4.269489361918662,0.09084019918975877,3.8763980709583694,0.9614205057472825,0.5681325388982312,0.050726119544484936,0.45142002240143847,0.6447887030677298,1.2542243023877562,0.21624556937719933,0.9231343264180631,0.9973928510173703,1.5389731309473236,0.012824776091227697,1.1974027548676256,0.9926430121022072,2.6700883320204456,0.030690670482993627,2.3387907293927697,0.9986238718142106,0.9687681518810259,0.009885389304908428,0.7139799764212353,0.9910050345303913,2.2959430508164447,0.029247682176005665,1.5787798369735029
Dataset_0136,multi_output,ALL,gradient_boosting,2024,2,0.984699259227934,1.2791225445842775,0.0029802482399447286,0.6636627245881274,0.8959359980905749,1.878978427723826,0.004775040477061819,1.133563014082701,0.9945872298335721,0.0643257401238179,0.019492648522369063,0.04807526738171013,0.7917662535574188,0.21522403307423044,0.1655569485186388,0.14591694101732627,0.989434494715875,0.5968537639054416,0.027129716541156437,0.4036148147203165,0.8682740201296413,1.1817631806568312,0.11254887434826963,0.5978498241711553,0.989077307196455,0.10163868131858637,0.024609850198204934,0.06914836809302052,0.932130779368326,0.19739896460797654,0.08582563678607677,0.14538907288848144,0.9739066297526774,2.604102858380868,0.04200165900614303,1.8357973167564905,0.9078496942458469,3.916071535510614,0.11724765076379082,3.109665842668053,0.9511589007488573,0.5602695057846538,0.05140087209033522,0.4429454578081495,0.7931835226505747,1.4511713299088547,0.1356234887765285,1.2426892547639208,0.9988577221343985,1.0416207654660823,0.008680173045550686,0.7868668633954775,0.9973268355982282,1.2214553051348023,0.015863055910841587,1.1735885263334223,0.9958725302137025,1.703570167438317,0.01738336905549303,1.0591909839617266,0.9810208810839879,2.0733065402239648,0.04712060318690829,1.519841636736547
Dataset_0136,multi_output,ALL,gradient_boosting,2024,3,0.898141789854617,2.1306106801076017,0.005034643257420075,1.2012479780030745,0.7473093688247342,4.708111349357092,0.01096950454183852,2.662265472143234,0.98063494537058,0.09284147829099644,0.04239336908264678,0.06923676963869768,0.9203666780409003,0.3366108152732878,0.10200327735554177,0.26700328463270073,0.9850257877989329,0.5945044700893276,0.03397168400510443,0.4483390332392738,0.9497762784845063,1.6499486964513341,0.07499766802051519,1.221797474304712,0.9665258021280083,0.14942747737809803,0.04185643624036359,0.06433358700730063,0.9429867559289972,0.32838235464713467,0.07951146601625537,0.23100463629051685,0.9342899498869317,3.871213030417615,0.06561378017656974,2.932324092716418,0.4783468263557966,9.894971861460151,0.2355945681300036,6.9625438362977565,0.4398330471812377,1.9386938265544789,0.18118633893032515,1.3814157721791491,-0.029949556990986226,3.1179934321364993,0.3282098349617368,2.3747690834464743,0.9871999223117061,3.0555749047550287,0.026803288638202007,2.1534803069288255,0.9760243937188678,6.025845257200937,0.05631631081496203,5.343956194521866,0.9934830743049221,1.8195514108462902,0.02091438403271598,1.359606284311857,0.9936142062350578,2.877073615190598,0.02935789403255712,2.234783795508611
Dataset_0136,multi_output,ALL,gradient_boosting,2024,4,0.9165769718663336,1.5105143564494776,0.0035193717531441697,0.9300798322486156,0.8043193463914138,2.4738577474851358,0.006375922029600865,1.5713126307436558,0.9857936830707605,0.10118636328090742,0.030662534327547706,0.06670205210168825,0.9594487919250266,0.13730321874044907,0.07226485196865741,0.10397128543569731,0.9841153404208903,0.7074862310699915,0.03215846504863598,0.5390860313190268,0.9316859180909132,1.3683255148212927,0.09122170098808619,1.0797390836995626,0.9736679278806664,0.16492363349070688,0.03993308316966268,0.12891104702346023,0.9479260358001629,0.1626356602364451,0.0742628585554544,0.1531082140798214,0.9709878475877272,2.8517961129431844,0.04599671149908362,2.2897163806033856,0.8795581431304993,4.111864689842577,0.10820696552217307,3.484878812629599,0.505131216464916,2.0733442173088723,0.18512001940257788,1.6591337529720653,-0.020148425209112197,1.4724563470281933,0.29449126940563863,1.0695263233471153,0.9991205246525399,0.978968457278127,0.008158070477317725,0.767747580946093,0.9802185317542254,2.043503931248088,0.04442399850539321,1.7802369890632608,0.9972222629868348,1.4295885917063451,0.014587638690881073,1.0592619807745887,0.9515464292481814,4.203655623225269,0.07506527898616552,3.327727706950534
Dataset_0136,multi_output,ALL,gradient_boosting,99,0,0.9035245135227515,2.591035929627976,0.006037037045662705,1.525193088515546,0.7347887232582231,3.085139210248542,0.007521060970864315,2.0134325985030435,0.983081625755269,0.11163562394556777,0.03393180059135799,0.07930171561511752,0.8984693599307454,0.2035515326339667,0.10713238559682457,0.17561291575759672,0.9856029735949711,0.6818306056733611,0.03246812407968386,0.5252431383694781,0.973027327266859,0.7358851669106931,0.047784751098096934,0.5614223605978896,0.8376127486654131,0.4024466201136629,0.10086381456482779,0.32462315260305896,0.49975388188909786,0.5568095826348054,0.2175037432167209,0.4830881496839292,0.9224809655206931,4.669475696182592,0.07531412413197729,3.8366575542531214,0.878672473037655,4.331093754924246,0.10072311057963362,3.7422923096734504,0.6261895479484858,1.8255648604487715,0.1629968625400689,1.4303704292477761,-0.048727197114021736,1.8710268594972406,0.34648645546245194,1.3247909684294343,0.9935435087657174,2.476038739553449,0.02063365616294541,1.8917118428210142,0.9818617380096616,3.852741458494148,0.04756470936412528,3.643231250444124,0.9761602244087118,3.884262268982306,0.04315846965535895,2.5884437866992553,0.9604634797875643,5.350781171077424,0.06185874186216675,4.1635902349348815
Dataset_0136,multi_output,ALL,gradient_boosting,99,1,0.9394535281989355,2.266395677049947,0.005280511829100529,1.0271720668215558,0.7594633261058557,4.04590731014001,0.009560498381672559,2.4993103420562193,0.9914719778240617,0.07589609736066749,0.022998817382020455,0.055934003704391395,0.9586912685260125,0.12485958216445738,0.06274350862535547,0.08414595019854706,0.9817746087453338,0.7285074993607983,0.03311397724367265,0.5377916958290501,0.9207137413818512,1.5305982335695192,0.09276352930724359,1.0657833828375638,0.986301512682934,0.10959779543254622,0.026536996472771482,0.0772661047290682,0.9030628740254092,0.3233811618503,0.09511210642655882,0.25530715885353356,0.9765539775384421,2.480700956725274,0.04001130575363345,1.803989636227854,0.8642941887427631,5.37942228711675,0.11954271749148333,4.468158393495851,0.6770354811052939,1.5171911957888826,0.1354634996240074,1.1217889314519531,-0.24869660060446708,2.717375410624814,0.3396719263281017,1.7392301899701323,0.9774555996204799,4.255803762979642,0.03546503135816369,2.267687985887139,0.9662744326026936,6.4726666861566775,0.06106289326562903,5.359654613074919,0.985581539876002,2.973169765318315,0.03033846699304403,1.3257461099214343,0.9519033780667274,5.822794706713201,0.06692867478980691,4.522892705962987
Dataset_0136,multi_output,ALL,gradient_boosting,99,2,0.9212469903626012,1.9021098975306798,0.004431756518011836,0.9069959803085161,0.5455078912972088,4.759524257150889,0.012080010804951495,2.4888449087994533,0.9929988369355891,0.06148409060498859,0.023647727155764846,0.04934581214332048,0.9369593878964472,0.2408264170211993,0.07768594097458043,0.1683828603416643,0.9853097803390974,0.6281383724869499,0.03305991434141842,0.5099924344218622,0.9445895844614565,1.4241257989346954,0.0678155142349855,1.2287642351188595,0.9567686551191007,0.18572050560880385,0.05005943547407112,0.09348592413309013,0.9260637761533458,0.3017865376879862,0.07563572373132485,0.1523345015088271,0.9676330288849861,2.9574526571945805,0.04770084930959001,1.9959510579564308,0.5382654787654765,8.79550375580222,0.21988759389505552,4.7853259966953,0.5600917191334833,1.89465966977989,0.17707099717569066,1.2549682136171785,-1.4304364692225295,3.649356085181887,0.4865808113575849,2.4756754460680432,0.9878350308356776,3.3653787803905106,0.030048024824915275,1.6210259957253863,0.9218249919803275,7.46487923834566,0.08782210868641953,5.910008779705728,0.9980918812902738,1.109634355117531,0.011680361632816116,0.824202424162344,0.9812884890459372,3.160883280718941,0.04390115667665196,2.7014225421577507
Dataset_0136,multi_output,ALL,gradient_boosting,99,3,0.9689698790678726,1.4991459045028601,0.0034928842136599724,0.8174118947380956,0.901144776026981,3.4153858854662396,0.008739472583076354,2.2534830878969276,0.9823771217544683,0.11725981467407155,0.03553327717396108,0.08835883138828246,0.9306324301220384,0.12307563608546,0.08791116863247142,0.08963359246391474,0.9865323157693626,0.6960529946598606,0.03163877248453912,0.44163560523652295,0.8645732881192397,1.0899334040145248,0.11412915225282985,0.7951564554874803,0.9867774313453008,0.11974293561070849,0.028993446879106172,0.08369699158113875,0.9664875413925427,0.1035904134562756,0.057359032921525804,0.07884336034575526,0.9531381825965042,3.100309730108803,0.05741314315016302,2.3463734064393984,0.9011432489599388,6.328514661583154,0.10726296036581616,5.178164796117711,0.8794083272610795,0.8556915178094803,0.09007279134836635,0.6836872204469695,0.751303394301675,1.5602514184968133,0.17336126872186813,1.3382888409521723,0.9965656651154317,1.831734494591704,0.015264454121597533,1.2512377671726147,0.969436752419631,4.394852101186131,0.06559480748039001,4.184922239912445,0.997990109632961,1.2329279945874059,0.012580897903953121,0.8268934409017419,0.9244367768738005,4.317520644218749,0.09594490320486108,4.109372329999017
Dataset_0136,multi_output,ALL,gradient_boosting,99,4,0.9764747795802186,1.286789655896157,0.003040618279527781,0.6923659005261827,0.9258438724887016,2.5829688527494317,0.0060209064166653415,1.6092934784170738,0.9803705291551804,0.10865139861531736,0.032924666247065866,0.07698386632088859,0.9493625153989136,0.21963595952833623,0.09151498313680677,0.18120586929745283,0.9899782364447545,0.5333381534042132,0.024242643336555146,0.4104035700864551,0.9130643179932493,1.8268378796181457,0.12018670260645693,1.452560039695263,0.9821057707107284,0.12761446204975344,0.0308993854842018,0.09105464851919548,0.9963460188052836,0.06195607531794157,0.023468210347705135,0.04893195901814984,0.9754652073445128,2.44911732487624,0.041510463133495594,1.8484994479535106,0.9029261626899877,5.271327219525541,0.10542654439051083,4.377512630216722,0.9138635770698469,0.816977223449601,0.07294439495085724,0.5958884059288464,0.7372817541070875,1.3667800028549788,0.15710114975344586,1.1044559642252216,0.998441517097214,1.1993486137340634,0.010520601874860206,0.7484885080707441,0.9966414733970862,1.7086400017564431,0.018984888908404923,1.2780921730880956,0.9950986192392935,1.7816252733157252,0.018179849727711483,1.0752428568036387,0.9852848650293029,3.276927314482909,0.044889415266889166,2.822295713378612
Dataset_0136,multi_output,ALL,xgboost,42,0,0.9919052776781344,0.7317245936861295,0.001704856928439258,0.48224803835518515,0.8842711832250281,1.9995411700120305,0.004725930442004326,1.2446060560430798,0.9908379059400252,0.07875027898654607,0.023863720905013965,0.059450383356639304,0.9777558379889669,0.11918465855232015,0.05675459931062864,0.08561778664588936,0.993060398257214,0.44162076362566705,0.020073671073893958,0.35023901803152924,0.9565348091979233,1.2514168103245058,0.08073656840803263,0.9358352661132798,0.9934035002721302,0.07905643805429576,0.019141994686270158,0.06478098705836717,0.9525559931410192,0.19951153995029566,0.08077390281388486,0.17945470571517952,0.9918156072334443,1.432379989574745,0.02310290305765718,1.145000784737723,0.9387944309978622,3.9272845968028354,0.08355924674048586,2.843966484069824,0.9759025572738264,0.4663102252894978,0.04163484154370516,0.39261003221784324,0.3744066408372615,1.3080137951672073,0.22551961985641503,0.9652705430984496,0.9991684173591517,0.8647694180498524,0.007721155518302254,0.7105091639927456,0.9943393065326769,2.3549895915426777,0.02065780343458489,1.9412193298339844,0.999148557411148,0.7235205140107231,0.007382862387864522,0.6531458990914482,0.9955112638794865,1.9200677057162185,0.023133345852002635,1.7608782768249505
Dataset_0136,multi_output,ALL,xgboost,42,1,0.9844632801177668,0.8441178339866193,0.0019946073581914446,0.5275288571653693,0.9593025489184903,1.7835298354219176,0.0041555717407719605,1.1430461185416394,0.9917815245368388,0.07539385781522791,0.022846623580372094,0.06376558090078419,0.98872495781915,0.07978536665947308,0.038174816583479945,0.05345057964324949,0.9957559939308605,0.3664844228153355,0.016658382855242522,0.29439544677734375,0.9547454197079396,1.0213541275557403,0.0756558613004252,0.9698431832449776,0.9932253349542041,0.08322818807109135,0.020152103649174663,0.07379639092807115,0.9666930462083988,0.13479336739039258,0.06984112300020341,0.11631802804129496,0.9854761919641878,1.7817684830906892,0.03493663692334685,1.4147021589608024,0.9682615145437502,3.4898223518629647,0.05628745728811233,2.5522890363420743,0.926595279869876,0.6563955806002585,0.06909427164213247,0.5467806585903826,0.8439063008205016,1.3934411341585473,0.13398472443832188,1.0612312589372905,0.999059362617797,0.9043908398525498,0.007933252981162717,0.7640359812769396,0.9955327667633872,2.2480271294931495,0.021409782185649043,2.0554330008370534,0.9993492729506038,0.6460228707651435,0.006592070109848403,0.535225782723262,0.997253836566305,1.4230204810598206,0.02092677178029148,1.1927577427455358
Dataset_0136,multi_output,ALL,xgboost,42,2,0.988430711215038,0.7163231346771528,0.0016689728207762182,0.4697813208537735,0.8581572086217852,2.28499523919423,0.005806111648314649,1.2553512194302618,0.9854180506252362,0.08506645586586224,0.0386665708481192,0.07018559521642227,0.8407365418546962,0.38572181994232324,0.14555540375182013,0.27662270750318246,0.9916758816449107,0.4684646147545883,0.025322411608356122,0.3664117747339705,0.9664097560042262,1.0894813171327318,0.06809258232079574,0.8592289515904018,0.9860262007499329,0.10354604221812197,0.027909984425369804,0.07966793073456864,0.9491017893854277,0.23717307039074606,0.07601700974062374,0.15615328761509492,0.9938285202253034,1.3619066562587832,0.021966236391270696,1.057424190126616,0.47299274002092573,5.371769362733018,0.2557985410825247,3.9724086216517867,0.9635420764468092,0.5313130640406938,0.049655426545859235,0.43929036896804274,0.7898488577809515,1.2482899629357103,0.13139894346691686,1.1207552773611889,0.9993262928817251,0.8179496539518338,0.006816247116265282,0.6548388250942888,0.9961893295106936,1.381802888077372,0.019191706778852388,1.1614554268973214,0.9991979559313486,0.740465869627981,0.007794377575031379,0.620650561102505,0.9918214457955766,1.6831243668964317,0.03581115674247727,1.2408342633928575
Dataset_0136,multi_output,ALL,xgboost,42,3,0.9879806451027846,0.9059909918487155,0.0021109322021685395,0.5399693501665087,0.8982281894198255,1.9102233773902202,0.004645484867194115,1.3710921985275888,0.9911572108826407,0.0783341664827646,0.023809777046433014,0.05831591639025459,0.9085169178789876,0.1312012021749719,0.0937151444106942,0.09731312138693672,0.9970303566271808,0.30775967278473526,0.014655222513558821,0.2379206164129852,0.7574529861115273,1.4969674883149047,0.14969674883149048,1.0744267054966505,0.9930073306928754,0.08293337465137506,0.020785306930169185,0.06686356406376279,0.8734074229206272,0.19338303281941632,0.10396937248355714,0.16417583193097787,0.9868425879878212,1.8573283179360436,0.029956908353807155,1.3789114064183727,0.9667796320089176,2.3719186606967786,0.0551608990859716,2.188084847586495,0.9501560035713835,0.6387915181246717,0.05703495697541712,0.48263347231108555,0.8153241328696332,0.989867358013315,0.14345903739323407,0.8614507130214145,0.9985505940054807,1.1109755074797243,0.009258129228997703,0.9691719844423491,0.9886990608887617,2.783078383372708,0.040334469324242145,2.598475864955357,0.9991204319521095,0.7389302242160394,0.00821033582462266,0.5859684911267508,0.9774171732603241,2.982581137097859,0.04660283026715405,2.6137183053152904
Dataset_0136,multi_output,ALL,xgboost,42,4,0.9897780757798206,0.8229581782910312,0.0019174235281710886,0.4741891835710685,0.9108240914483423,1.8450938840615378,0.0047201173805616215,1.244925545887071,0.9965520933245368,0.05120802036297356,0.015517581928173808,0.04112397300785986,0.8621534800224189,0.2041850614210186,0.12010885965942274,0.15470102514539447,0.9948520028214569,0.4177605761370189,0.01898911709713722,0.31844203554350786,0.9694112639422757,0.7302946115537285,0.04967990554787268,0.473001316615513,0.9897835454488827,0.09682179102542549,0.023443532935938375,0.07374379190905346,0.9533586706798186,0.21845246986003497,0.0656013423003108,0.1481691000802176,0.9857828229050657,1.8086186142936136,0.029171267972477637,1.3185622642780166,0.9649201472647279,3.4903400958468715,0.07123143052748718,3.2518718174525674,0.9626355395165856,0.528253818634903,0.04716551952097348,0.4313518195316709,0.6390629307365645,1.7400420646454389,0.23514081954668092,1.3028247560773578,0.9992790770837565,0.829473447812941,0.006912278731774508,0.684777621565194,0.9911045262665539,2.5140617331390023,0.03397380720458111,2.266972133091518,0.9995614493584598,0.56224632810989,0.005737207429692755,0.4513227791621766,0.9957576212260368,1.295040569636096,0.021584009493934932,1.11693867274693
Dataset_0136,multi_output,ALL,xgboost,123,0,0.9871848843228607,0.8260018414819811,0.001924515008112724,0.5269741210280632,0.9424101014063615,1.9823760421495877,0.0050339665874799076,1.3014246900081632,0.9882435804345038,0.09210414994457315,0.027910348468052473,0.06664634781224386,0.9804215346682396,0.09813336657355469,0.049066683286777345,0.07405721545219424,0.9949548437159338,0.4023351612379051,0.01828796187445023,0.3273780277797153,0.9256210728174944,1.3963752769500344,0.08213972217353144,1.220856094360352,0.9895008783490991,0.10411251153053151,0.025208840564293344,0.08576163291931158,0.990613053013825,0.07557224290304024,0.033029826443636466,0.060511447429657084,0.989099240522432,1.6766320658304288,0.027042452674684334,1.3251170567103796,0.9369263529195027,3.7429075248863346,0.07638586785482315,2.8474241256713846,0.95004662871039,0.6360034988341418,0.056786026681619806,0.49765517711639395,0.7880448076788132,1.1101889223675856,0.1520806742969295,0.9549953460693359,0.999259224525832,0.876570575964899,0.007304754799707491,0.7070410592215401,0.988475255303708,2.4254199370240155,0.043311070304000276,2.1288986206054688,0.9991897940018337,0.7815277436606529,0.007974772894496458,0.6792195456368582,0.9867686334429472,2.1021322788299686,0.042900658751632015,1.8232299804687493
Dataset_0136,multi_output,ALL,xgboost,123,1,0.9903798368408806,0.8958178743949431,0.0020871805088418993,0.5112269269633175,0.9294240644225003,1.3741236639731484,0.0035691523739562296,1.0103504222753095,0.9911874138048717,0.08046110788552516,0.024382153904704593,0.059109264899944454,0.9762019761435706,0.08837215181582288,0.06797857831986376,0.07713617256709503,0.995971649291195,0.3593249727762765,0.016332953308012568,0.2680903993803882,0.931259230078034,1.1339882602177376,0.09449902168481146,0.6589351109095978,0.9922777206115055,0.08771146503697143,0.021237642866094777,0.06935755473169797,0.9447734328075191,0.1748203559936855,0.08364610334626102,0.1449857766287669,0.9830985448116208,2.0326617175189403,0.03629753066998108,1.5785979698444232,0.98546932640003,1.974447597802157,0.03797014611157994,1.9367941720145094,0.9713829420310548,0.46537324954593756,0.041551182995173,0.3812889296433021,0.6824630045420834,1.5920812998637044,0.1788855393105286,1.2732337951660158,0.9993398781523234,0.8328739144347886,0.006940615953623238,0.6918387577451509,0.9943956568124682,1.4547793601000931,0.023848841968853986,1.2905622209821428,0.9994007091835921,0.6574047801397763,0.0067082120422426155,0.530305612498316,0.9914058241737965,1.8285679015074388,0.03386236854643405,1.6908057076590401
Dataset_0136,multi_output,ALL,xgboost,123,2,0.9910759557842684,0.8713707862064544,0.002030220843910658,0.4981046272897954,0.9317513488909446,1.8587219529672938,0.0043921688909645635,1.3118355393409729,0.9964475484279368,0.04986486635324367,0.015110565561588992,0.03569423576881145,0.9440954091848686,0.1766417042517228,0.0887646755033783,0.1116615843772889,0.9945156619837165,0.40926440899547734,0.018602927681612605,0.3103997592268321,0.9715019291371242,0.9496902649888312,0.05935564156180195,0.8004006522042418,0.992072084936096,0.08486651691779915,0.02054879344256638,0.06523703068700333,0.9444298847267414,0.24168507630074482,0.07108384597080729,0.1809578841073174,0.9864404794762154,1.912458454903739,0.030846104111350626,1.395224367339035,0.9598675068375495,2.6438637577009065,0.06148520366746294,2.339062282017299,0.9696646130372379,0.4936177115173105,0.04407300995690273,0.4043853562453696,0.7170114040694818,1.2971389044810544,0.17528904114608843,0.9380718231201174,0.9990495320519166,0.9109796742430457,0.007591497285358714,0.794531460466056,0.9921153425966628,2.9596779324332045,0.027921489928615137,2.7470528738839284,0.9993417705767605,0.6377957263712487,0.006508119656849476,0.4812601812954604,0.9932379656841834,2.400026489720705,0.027586511376100055,2.0656416756766185
Dataset_0136,multi_output,ALL,xgboost,123,3,0.9879210552318188,0.8040515997052642,0.001899977787058447,0.5309302186308235,0.8856447275025154,2.371407055237756,0.005525179532240811,1.4587007364448237,0.9863255485593482,0.08923335937031376,0.027122601632314218,0.06851686822957004,0.9809894601309752,0.14049883931076823,0.05403801511952625,0.12147074937820433,0.9902669193966991,0.5213740860939285,0.024827337433044216,0.43384588833512894,0.9734095829574224,1.0639154417492325,0.05599554956574908,0.8439383370535722,0.9948083372577341,0.06747217930577752,0.016910320628014414,0.058917643316860856,0.968100836183479,0.19403271668186414,0.06424924393439209,0.16624995640345994,0.9910993351074524,1.4339727149539885,0.024304622287355738,1.179932219406654,0.93237684447866,4.270059815926554,0.07907518177641766,3.173555646623884,0.9558361796827499,0.6070174201188593,0.05419798393918387,0.4800675984086661,0.3567803030196044,1.514876349949049,0.29132237499020175,1.1836940492902486,0.9984714518508648,1.052860616131423,0.009932647321994555,0.8365015490301724,0.991826670875973,3.591450149107709,0.02992875124256424,2.8924952915736606,0.998639614767883,0.841358085064969,0.009348423167388544,0.6587297636887125,0.9960293948714941,2.17920166677738,0.02394727106348769,1.8295011247907362
Dataset_0136,multi_output,ALL,xgboost,123,4,0.9890447083107964,0.69706522369269,0.0016241035034778425,0.45383703256240615,0.9145178368597613,2.7355970758609915,0.006660815865256858,1.4764930321245775,0.9923393581157588,0.06865796617821583,0.026406910068544554,0.05363786105451912,0.9197922833257781,0.2529062312740621,0.09032365402645075,0.20120542049407955,0.9939469967454243,0.43207349339611184,0.02274071017874273,0.3356096991177263,0.9823168264362993,0.6871774955347691,0.04294859347092307,0.4903564453125,0.989448612399152,0.09554418712201163,0.02575315016765812,0.07386916167160573,0.952169278437761,0.22801581837323046,0.07308199306834309,0.16260826928274966,0.9936645878997368,1.2718198093208324,0.02051322273098117,0.9709266399515085,0.8213284248626495,6.137258107057148,0.15616432842384603,4.3982539585658476,0.9555450947329095,0.5274867275436738,0.050719877648430174,0.41544978043128705,0.7420167745224866,1.8492784814336922,0.16511415012800826,1.4556358609880717,0.9992003156356236,0.8505659106510511,0.007088049255425426,0.7058326458108837,0.9902043144074352,2.8231347217644727,0.03172061485128621,2.2834385463169644,0.9991679926469695,0.762587127734832,0.008027232923524547,0.6215334398993128,0.9937969560259197,1.6554202526351982,0.026700326655406423,1.3439527239118303
Dataset_0136,multi_output,ALL,xgboost,7,0,0.9881060602135608,0.7684444351853186,0.0018157949791713578,0.49793052150035394,0.9381007629183035,2.1429819970232256,0.004996460706512534,1.2069799540724075,0.9871545598889973,0.08199531244127989,0.03416471351719995,0.06395597636699678,0.9196768955006656,0.29239340681944087,0.09746446893981364,0.18824959397315974,0.9916640351225867,0.48547424129231925,0.025551275857490487,0.3845905303955079,0.9894236368967514,0.622907465939761,0.034225684941745105,0.5015613555908214,0.9868526936150361,0.1005172783773757,0.027093606031637657,0.07465843718392508,0.973612721228458,0.19546686516328535,0.05212449737687609,0.12264938831329353,0.9914578513414575,1.437246814272859,0.02436011549615015,1.1674120766775948,0.9201986207742264,4.654683067599504,0.08951313591537507,3.2569360733032227,0.9615926269653382,0.5478711579401427,0.05120291195702269,0.43676402228219163,0.7730886755742236,1.2422742009541894,0.14614990599461053,1.0344640493392947,0.9989509493291043,0.9581334419830776,0.008404679315641032,0.7009833199637276,0.9945092234611016,2.4042493633825317,0.022469620218528333,2.0264511108398438,0.9990697052324069,0.7727708928339613,0.008134430450883802,0.6571492876325331,0.9961955669926983,1.6263927307475974,0.02007892260182219,1.3185481071472172
Dataset_0136,multi_output,ALL,xgboost,7,1,0.9871444085485762,0.7941629250122039,0.0018503761155017682,0.4916307185506585,0.9211433195533169,2.3345300213565117,0.005691199466983207,1.41374739592416,0.9940107110369554,0.06157882766781978,0.018716968895993856,0.047387706493509214,0.9704060611006868,0.15709144246077456,0.0654547676919894,0.1346714224134173,0.9934598283201188,0.43173537872505247,0.02055882755833583,0.3230180937668371,0.9718557032109003,1.0490359702403098,0.0552124194863321,0.8473007202148446,0.9958692507108788,0.06099592315487516,0.015287198785682998,0.052783743891222784,0.9569566476592898,0.21630112662837253,0.07214847452580804,0.1925973799569265,0.9894584173242115,1.5867807635970554,0.02559323812253315,1.2210307680327313,0.9545329687740187,3.5855779307233067,0.07628889214304908,2.417644827706474,0.9390291106119457,0.625595745299997,0.05739410507339422,0.4851309348796976,0.6091871981703463,2.1448229451654792,0.23569482913906367,1.6503273010253905,0.9989004646434033,0.9487524203026961,0.008471003752702645,0.7762903673895474,0.9867193402278104,4.220210641203225,0.041784263774289364,3.6340114048549106,0.9992830771925192,0.6415457778342204,0.0071282864203802265,0.5357734154010643,0.998345317730165,1.3082278697717096,0.014376130437051753,1.019678715297155
Dataset_0136,multi_output,ALL,xgboost,7,2,0.9905723821877419,0.9484087183997928,0.0022097127642120057,0.5623309318185439,0.86544955498316,2.3146472604317854,0.005470686032691527,1.5032167699580288,0.9910346438440735,0.07857564953857862,0.02381080289047837,0.058176806548546116,0.9901873221999364,0.0725451544937625,0.03627257724688125,0.06238627093178888,0.9937648306385415,0.4356444649620407,0.019802021134638213,0.3321885733768858,0.9703608308997088,0.8961789995740831,0.059745266638272204,0.6482129778180804,0.9915842878440089,0.08979897022429419,0.02174309206399375,0.07452037745508659,0.9505286559594222,0.17525285469696836,0.08002413456482575,0.15350365447998066,0.9850212474191238,1.8644005127227143,0.030070976011656682,1.453013347757273,0.9566681013284344,3.1118796616566398,0.06992988003722786,2.9529898507254466,0.9758921500749361,0.45421694199072093,0.04055508410631437,0.398527191425192,0.22526400351082976,1.7486667908228384,0.3014942742797997,1.232311711992536,0.9989204361258778,1.0119245851888936,0.008432704876574113,0.7580345416891163,0.9853990768874167,3.1236184746985582,0.04056647369738387,2.6671578543526784,0.9977890793676313,1.1773002692641796,0.012013268053716119,0.8618556844777071,0.9797388940963727,3.7636959853760747,0.05086075655913615,2.805955069405692
Dataset_0136,multi_output,ALL,xgboost,7,3,0.9881540476729833,0.7594465137710602,0.001769446677006198,0.4501155759219465,0.9341917876936908,2.081985408024676,0.005063317220809543,1.208330529183757,0.9965306876373936,0.0501459076431757,0.015195729588841122,0.03833826821425866,0.9125202785589179,0.18939727445763657,0.09517450977770683,0.11668830973761425,0.9945214216656045,0.4092203723871275,0.018600926017596706,0.28278719145676184,0.9660675366232641,1.0254560522287244,0.06214885165022572,0.7542964390345982,0.9935658480361252,0.07717967680546053,0.018687573076382698,0.059379543041360845,0.9451730781563336,0.23272324307827433,0.07757441435942478,0.17618273707798554,0.990685658814986,1.5654287145205128,0.0279540841878663,1.1240891555259964,0.8672224075474658,4.798718490539588,0.10593197550860017,3.940938677106583,0.9430597766020773,0.6275242376780362,0.05602894979268181,0.5097410004714439,0.8547885205087965,1.2537068668596787,0.12054873719804604,0.8650944301060266,0.9993552199212289,0.7626135090133765,0.006355112575111471,0.6176378973599138,0.997982925218004,1.4093265017000147,0.014992835124468242,1.2608468191964286,0.9993597210334668,0.6598843307450686,0.0067335135790313125,0.5188359753838904,0.995587767243054,1.617210523169049,0.02246125726623679,1.3442662920270638
Dataset_0136,multi_output,ALL,xgboost,7,4,0.9895770700633347,0.7698867845285736,0.0017937716321728184,0.4412705759391407,0.8439615474054477,1.6923334964557586,0.004363933719586793,1.1089596965361614,0.9923004179824704,0.07718405336400913,0.023389107080002768,0.04953429707165425,0.9274021998372046,0.13524126913686207,0.09016084609124136,0.11735580648694713,0.9971524063447348,0.3181449508062603,0.014461134127557286,0.2657090811893857,0.8515000820152673,1.2803525752993776,0.1273982661989431,0.7873825073242183,0.9924459696955765,0.09178884060343072,0.022224900872501386,0.07502654884601463,0.8419482166486282,0.17916471372456044,0.14448767235851656,0.15537930079868875,0.9900282291650518,1.6667293323548498,0.026882731167013705,1.2274862355199347,0.9185378756404226,3.23852831346877,0.092529380384822,2.7330054146902905,0.9560747177361217,0.6153976583081295,0.05494621949179728,0.46382672540072734,0.38904937403433504,1.5160339210395217,0.27564253109809483,1.3772628239222937,0.9995382766347114,0.6955213372616835,0.005796011143847363,0.5027844659213362,0.988933243567223,2.0533407775417953,0.03480238606003043,1.645538330078125,0.999499472884677,0.6269210254060988,0.006397153320470396,0.5045266776249323,0.9903598400950536,1.164312197990051,0.031898964328494546,0.946793692452567
Dataset_0136,multi_output,ALL,xgboost,2024,0,0.9892418656947789,0.7757968523486956,0.0018075415944750596,0.49741869565175495,0.9352296747411899,2.565881588641644,0.006332539274517248,1.4651389493261064,0.9917247709859793,0.07297956982937417,0.02211502116041642,0.05431951241833825,0.9635182102532897,0.13874627348003046,0.06335446277626962,0.11359426259994503,0.9916653292985668,0.4854015134587351,0.022063705157215233,0.3656564440046033,0.9389785010675636,1.2189289099541252,0.08406406275545691,0.7697568893432614,0.9965768418302055,0.05724913114875585,0.013861775096551053,0.047216837065560534,0.9206268776184088,0.21738138004294805,0.0974804394811426,0.15370200157165514,0.9910168386235261,1.4913791774484593,0.026631771025865343,1.110072326660156,0.8794542238849128,5.355591527028884,0.10299214475055546,4.01236629486084,0.9554524898662974,0.592831966014764,0.0529314255370325,0.47715843064444413,0.8644521980540565,0.946084638695927,0.11262912365427703,0.7787881135940555,0.9990304204332666,0.9358583594527349,0.008355878209399419,0.7971616472516742,0.990591423918814,3.0264250882905586,0.03152526133635999,2.256755828857422,0.9992263688256112,0.7192459406127157,0.007339244291966487,0.6303456715175086,0.9889862883912841,2.407749954875038,0.03540808757169173,2.1710092544555657
Dataset_0136,multi_output,ALL,xgboost,2024,1,0.9906392745882353,0.7902250915238975,0.0018411581815561452,0.4896673893623163,0.9282305266803411,1.9669532189305179,0.004648908577004296,1.3334794510335342,0.9919018021736724,0.07843327205121804,0.023767658197338802,0.057392729890757596,0.9655089755400855,0.10309639528771398,0.05727577515984109,0.09066097225461696,0.9943544379121066,0.4451202556349758,0.0202327388924989,0.35912428231074894,0.973131287723034,0.5859881764162356,0.046506998128272636,0.5032063075474339,0.991410491403192,0.09470481612362325,0.022930948213952362,0.0769840692980537,0.9146781880825323,0.19741618723320947,0.0877405276592042,0.17809198325020933,0.9876632426628023,1.7086929684919432,0.027559564007934568,1.382272707182785,0.955584324541149,3.7628123136005596,0.08005983645958638,3.3788990565708708,0.9703827755788628,0.49778702980721856,0.04444527051850166,0.4176445336177431,0.7037622668573937,1.1453863806856242,0.19748041046303863,0.8921554565429689,0.9993538316455804,0.7661626127367468,0.00638468843947289,0.5856796790813578,0.9937391425444486,2.4631593923724586,0.028312176923821365,2.312098911830357,0.9994083407414314,0.6352230378424177,0.0064818677330858955,0.5485737241547678,0.9912095014737438,2.269698203935595,0.02891335291637701,1.979243469238282
Dataset_0136,multi_output,ALL,xgboost,2024,2,0.9884778781029284,0.8935402608896057,0.0020818738604138063,0.5058411899975367,0.9013880352853455,1.4709242080393898,0.0037380538959069626,1.0135098220864118,0.9960459885972563,0.054978635522651274,0.016660192582621598,0.04091088286761577,0.8086330529508011,0.20632348896502148,0.1587103761269396,0.17068679332733164,0.9934165344182302,0.47114011749605333,0.021415459886184242,0.35177880648908927,0.8583428515190809,1.2255018849920762,0.1167144652373406,0.9061061314174107,0.9907504901194626,0.09353055736315136,0.02264662405887442,0.07490657924783645,0.9130943001243416,0.22337397366628872,0.09711911898534294,0.1384118979317801,0.9849458888530452,1.9779741202914423,0.03190280839179745,1.4608026438745956,0.9701480163056388,2.2288909668111723,0.0667332624793764,1.743321228027343,0.9556107037685201,0.534125608096463,0.04900234936664799,0.41064668195001,0.774831137586758,1.5141897018919295,0.1415130562515822,1.278246661594936,0.9993680535450978,0.7747541113056621,0.006456284260880517,0.604424838362069,0.9915042173598794,2.177541506631373,0.028279759826381468,1.8016880580357142,0.9992074874188864,0.7464851239132072,0.0076171951419715025,0.5974178971915409,0.9931626711509195,1.2444250029207888,0.028282386430017927,1.0561079842703671
Dataset_0136,multi_output,ALL,xgboost,2024,3,0.9844194881180789,0.8016949537977834,0.001894409021474476,0.5060425449145839,0.9305990752610694,2.5776203475156207,0.006005639206699955,1.4598150080661383,0.9833249348542177,0.08615221611621075,0.03933891146858939,0.0694435188688081,0.8761800011696619,0.41973583330984454,0.12719267676055895,0.3204655000141688,0.9939218293442533,0.37876477029035793,0.021643701159449025,0.3015539761247304,0.9590945459093998,1.4890408230628323,0.06768367377558328,1.2763421194893974,0.9845215774479109,0.10161053184479145,0.028462333850081636,0.08347105841801081,0.9560620132976871,0.2882783399856632,0.06980105084398625,0.23441326795305528,0.9903985983097582,1.4797845595578731,0.02508109422979446,1.130145526754445,0.8456636557330675,5.382174088528823,0.12814700210782912,3.0090894426618298,0.9416354575371471,0.6257848258077604,0.05848456315960378,0.45407721420814257,0.8869259429386329,1.0331150919944019,0.10874895705204231,0.9699698039463586,0.9986429516113032,0.9949111513152503,0.008727290801010968,0.8267232960668104,0.9936705880049802,3.0960991393398163,0.02893550597513847,2.664341517857143,0.9984910677219623,0.8755436864877808,0.010063720534342308,0.6768832239611399,0.9965967797740566,2.1003349386492123,0.02143198916988992,1.7440834045410156
Dataset_0136,multi_output,ALL,xgboost,2024,4,0.9873529077303145,0.8255166585956947,0.0019233845726833521,0.5279568658697192,0.9182345930867939,1.9348723366448595,0.0049867843727960295,1.1981078326556143,0.9915435752629017,0.07806828370578542,0.023657055668419826,0.05906773484986405,0.9882805513402797,0.07381292410317997,0.0388489074227263,0.051045138495309006,0.994634915807317,0.41116610604913484,0.018689368456778856,0.3288983575228986,0.9535534789781603,1.12826444381874,0.07521762958791599,0.9098179408482139,0.9911819805370399,0.09543900499344744,0.02310871791608897,0.08188640489249394,0.9798103497928699,0.10126744536776551,0.046240842633682895,0.09151544134957477,0.9899093497299553,1.6818531568371757,0.027126663819954447,1.35975683804216,0.8984154581324648,3.7762775500552577,0.09937572500145415,2.7338566371372752,0.9456634171451055,0.6870250012453958,0.061341517968338914,0.5656779486557532,0.6399003922013515,0.8748267835097094,0.17496535670194188,0.8107552664620535,0.9994091772184025,0.8023899495891421,0.006686582913242851,0.6397915544181034,0.9876662266212181,1.613593731776046,0.03507812460382709,1.4748927525111608,0.9991279384114795,0.8010121242986371,0.008173593105088134,0.6606192227067615,0.9800156945412133,2.6996580983392984,0.04820818032748747,2.3148716517857144
Dataset_0136,multi_output,ALL,xgboost,99,0,0.9907764283262958,0.8742372800894137,0.002036946993381518,0.522142346506216,0.9153264188180836,1.79241701497648,0.004369617296383423,1.1791780541624344,0.9923534455041795,0.07505098289006347,0.022811848902754856,0.0537656878573554,0.9635580359116557,0.12194856735252496,0.06418345650132892,0.10174781680107116,0.9935654060251103,0.4558276496416212,0.021706078554362913,0.35550362723214285,0.9819435904413413,0.6020932466470598,0.03909696406799088,0.4300867080688491,0.99155237150896,0.09179091987870633,0.023005243077370004,0.06945418003627234,0.9655533910066185,0.1461127366028259,0.057075287735478875,0.11074009656906125,0.9877227697664597,1.8582927905420419,0.029972464363581322,1.435863930838448,0.9485908093346925,2.819280553265144,0.06556466402942195,2.584402084350586,0.972044091075741,0.4992388289949543,0.04457489544597806,0.3854875223977226,0.5644176750255294,1.2058238816762736,0.22330071882893954,1.0294056177139284,0.9991013422753634,0.9237539496133781,0.007697949580111484,0.7466561453683036,0.994290563336847,2.161566797316249,0.026686009843410484,1.6790733337402344,0.9990955721282574,0.7565618420995781,0.008406242689995312,0.6082653318132673,0.9889308666699012,2.8312275669054916,0.032730954530699324,2.3187907218933095
Dataset_0136,multi_output,ALL,xgboost,99,1,0.9888263077009858,0.8153418358823902,0.001899678089194758,0.46290403070590763,0.9304324335685995,1.6833252407240817,0.003977705618573411,1.0642409666217105,0.9961507872316735,0.05098955749854655,0.015451381060165623,0.04126868987905569,0.8906200346862578,0.20317479890332435,0.10209788889614291,0.1448727900641305,0.9933377051673679,0.44046106105707394,0.02002095732077609,0.3249736391264818,0.9861702032598889,0.6392491276394556,0.03874237137208822,0.4215639386858255,0.992175561557246,0.08283084683718193,0.020055895117961728,0.05974345950422625,0.9491558373738537,0.23420178290075483,0.06888287732375141,0.17910961968558173,0.9895062826854846,1.6596041271231567,0.026767808501986397,1.179024952855603,0.9435323577129417,3.4700540747052635,0.07711231277122808,3.267153058733259,0.9523873662091484,0.5825376645253434,0.05201229147547709,0.4667793865861563,0.7499705110397563,1.215953012662271,0.15199412658278388,0.819647489275251,0.9985862578669724,1.065730390853108,0.008881086590442566,0.8069710567079741,0.9976112925210676,1.7226025886491165,0.016250967817444496,1.2473362513950892,0.9996401931890073,0.4696723108386378,0.004792574600394263,0.36156703028185605,0.9959667983864303,1.6861614550210544,0.01938116614966729,1.3700036185128357
Dataset_0136,multi_output,ALL,xgboost,99,2,0.9847350134669897,0.9576165511926702,0.002231166242294199,0.5987598741653517,0.7519162241072129,3.3113757580646426,0.008404507000164067,2.1019749757611024,0.9906097487732318,0.07120594642453032,0.027386902470973203,0.05389768797775793,0.8936566576444399,0.31278726791082034,0.1008991186809098,0.21847846508026114,0.9926784797762105,0.4434470939821292,0.023339320735901538,0.35638143605199335,0.9555037171602746,1.2761875883562104,0.06077083754077192,1.127992902483259,0.988264125137742,0.09676498179882594,0.026082205336610764,0.08026507226352037,0.9559530511881642,0.23293199395200878,0.05837894585263378,0.2038940119062152,0.9887684174528145,1.7421568293858058,0.028099303699771063,1.3698538944639007,0.7701529576298923,6.205603244639572,0.1551400811159893,4.669914463588169,0.936242441759277,0.7213000797870487,0.06741122241000455,0.5294129864922884,-0.26268763783446714,2.630401656139906,0.3507202208186541,2.108485630580357,0.9984353280034947,1.2069522836943778,0.010776359675842659,0.9348460230334051,0.9815775004742527,3.6237906172204717,0.04263283079082908,3.0711757114955356,0.9981465533661578,1.0936220104613807,0.011511810636435587,0.8666620188745958,0.9692573224879342,4.051584256593884,0.05627200356380394,3.3138836451939175
Dataset_0136,multi_output,ALL,xgboost,99,3,0.9852101556774275,0.868813462219474,0.0020242624935216075,0.5070250608298579,0.9220936260440151,2.147466348206174,0.005495052068081306,1.4460701701300482,0.9922570559942873,0.07772555689375535,0.023553199058713743,0.05732806789463965,0.9735986843704281,0.07592881699146142,0.054234869279615294,0.06424683502742222,0.9969842127439303,0.3293792183128114,0.014971782650582337,0.24862991859172934,0.8004151445275041,1.3231576371407099,0.1385505379204932,0.8645553588867188,0.9917830112385038,0.09439485685998232,0.022855897544789908,0.07972219796016307,0.9291904447931052,0.1505782877307366,0.08337668202144882,0.1433012330191476,0.9819810903690396,1.9224708931785246,0.035601312836639344,1.4454330970501075,0.9651800579166008,3.755888112775155,0.06365912055551111,3.301703316824777,0.934697817800832,0.6296836466143455,0.06628248911729953,0.5445333283523034,0.8195672990406876,1.3289764412472849,0.1476640490274761,1.046467890058245,0.9993829137617213,0.7764511436531062,0.006470426197109218,0.599853515625,0.9833485074621001,3.243927192647225,0.04841682377085411,2.937404087611607,0.9993849878336779,0.6820141463868004,0.0069593280243551055,0.5736753003350616,0.98335524419768,2.026366045354141,0.04503035656342536,1.7648124694824219
Dataset_0136,multi_output,ALL,xgboost,99,4,0.9870649029268203,0.8601014070973726,0.002032375725655417,0.530090739933728,0.9400219410736163,2.292408103753281,0.005343608633457532,1.465128222523903,0.989693022488168,0.07873116705994956,0.02385792941210593,0.058002448986316575,0.9894337088242289,0.1003295053032141,0.04180396054300588,0.08332047462463381,0.9942979271423179,0.40229715186280685,0.01828623417558213,0.3203076592807111,0.9535499314999397,1.3353470606837008,0.0878517803081382,1.0440582275390622,0.9900479284180667,0.09517001563635372,0.023043587321151023,0.08215515610267385,0.9979294295329972,0.04663862657495713,0.017666146429908002,0.04320514025006946,0.9873179176794956,1.760814793908086,0.029844318540815016,1.359256454993938,0.9180992218583917,4.841867396152278,0.09683734792304556,4.111845833914621,0.950021132868938,0.6223142369613387,0.05556377115726239,0.48073666342373567,0.7333600645274516,1.3769434230025228,0.15826935896580724,1.1593355178833007,0.99902735742217,0.9474821893439133,0.008311247274946608,0.7344928609913793,0.9947367261353723,2.1389673599991794,0.02376630399999088,1.8675275530133928,0.9990490344685855,0.7847648306353349,0.008007804394238111,0.675683935757341,0.993044505136933,2.2529352001915233,0.030862126030020868,1.9466048104422424
Dataset_0136,multi_output,ALL,ann,42,0,0.9018731489384446,3.1704787590170938,0.007386949578325009,1.9902900633982674,0.6871467874699208,3.923105010929525,0.00927228790103882,2.576690959164073,0.9472153775534056,0.18902029550111296,0.05727887742457969,0.15131990994409134,0.9418918159727119,0.19263313096058024,0.09173006236218106,0.16117204439550387,0.951431901537792,1.1683091036945512,0.05310495925884324,0.9207723516327978,0.8836752521423432,2.0472328860121216,0.1320795410330401,1.4769342359985949,0.9273739406151845,0.2623171642392997,0.06351505187392244,0.21271334813713058,0.9230940231859313,0.25401384422252404,0.10283961304555626,0.21761730463654372,0.9079744595150401,4.803073164642017,0.07746892201035512,4.092462756206082,0.862298777415749,5.890685036210181,0.1253337241746847,5.377806688018994,0.6317102169472453,1.8229900402827026,0.16276696788238418,1.3440743967549267,-0.7289242431228988,2.1744741112572807,0.3749093295271173,1.7396391160619102,0.9642637843504042,5.668940455559947,0.05061553978178524,4.5917233268723106,0.969241868208836,5.489517194306229,0.048153659599177445,4.647094138613518,0.9831423620500402,3.2193746909221552,0.03285076215226689,2.6189643542405325,0.9587500184867722,5.820581634059447,0.0701274895669813,4.416573186423448
Dataset_0136,multi_output,ALL,ann,42,1,0.8837045056899161,3.9561123926314674,0.009348091665008194,2.248114916670488,0.7671540662394533,4.6503223783443834,0.01083511353560051,3.0270086848842332,0.9525528301321433,0.18115298353809065,0.05489484349639111,0.14915847361762938,0.8529947615548119,0.2880915783924055,0.13784286047483518,0.24541385651212602,0.9437952256176464,1.3336876395932318,0.06062216543605599,1.0418876511280517,0.830091838925918,1.9790291782669998,0.14659475394570368,1.639333069451506,0.9537776998355523,0.21739637735801237,0.05263834802857442,0.1773633131592185,0.7015029067816739,0.4035256249825308,0.20908063470597454,0.34412214324186635,0.901516521582298,4.639730041549342,0.09097509885390867,3.7924622619946096,0.8886078540751277,6.537888443118173,0.1054498135986802,6.034010232950733,0.5339121485177846,1.6540077738174692,0.17410608145447046,1.1891731877240344,0.18972131037451023,3.174776440467826,0.3052669654295987,2.210075720698855,0.9143657619136412,8.629164673044096,0.07569442695652716,6.90269036474041,0.934158019450068,8.630454697321989,0.0821948066411618,6.742885089273751,0.9860113522303469,2.995272442495448,0.030564004515259674,2.484069164329464,0.9730017725140638,4.461856380206417,0.06561553500303553,3.9732206820607945
Dataset_0136,multi_output,ALL,ann,42,2,0.8865654628949711,3.792424304265291,0.008836030531838983,2.1933056362085526,0.6712199680477432,5.260652293957905,0.013367176455235432,2.923325603767481,0.94975287765085,0.15790873100163655,0.07177669590983479,0.14014899164987768,0.8389087761400862,0.38792884820432433,0.14638824460540545,0.3067257406103985,0.928192187180668,1.3759210610499195,0.07437411140810375,1.1005082441416254,0.926562181021289,1.6109167345793258,0.10068229591120786,1.223184629215599,0.9298814492585287,0.2319491148096725,0.06251997703764757,0.18779402392960515,0.9100935454128332,0.31521694422188856,0.10103107186598992,0.2484767191900646,0.9527794013630836,3.7671978685779766,0.060761255944806074,2.9980377997662604,0.08897623971560786,7.062751253096386,0.33632148824268504,5.691504630860665,0.5334776055734769,1.9006002304204623,0.17762618975892172,1.29738423785089,0.21707329955390986,2.409406919316138,0.2536217809806461,1.7978107932210885,0.933246131155874,8.141964894870316,0.06784970745725263,6.703290751804265,0.7599109493349356,10.968104381014516,0.15233478306964607,8.219380911307033,0.9786285880823158,3.822280344696463,0.04023452994417329,2.9259754043173456,0.9570147851555411,3.8586686807417925,0.0820993336328041,2.9761958019675165
Dataset_0136,multi_output,ALL,ann,42,3,0.9223243185116924,3.1863799801915267,0.007424171066873708,1.908896627648975,0.7835350785049091,4.508564992981439,0.010964409029624122,2.478875787172272,0.9535571377839268,0.1795213399118493,0.05456575681211225,0.14003839577123595,0.7515274920961252,0.2162253417756448,0.15444667269688914,0.14775269478741793,0.9609250578833987,1.11637148359169,0.053160546837699524,0.9011541072887125,0.7540545848868823,1.5074182456792935,0.15074182456792934,1.2339268368414602,0.9114746963695417,0.29508120956164785,0.07395519036632778,0.21986049137986194,0.34176587324364416,0.4409653286297495,0.2370781336719083,0.39022749381866245,0.9400894780094511,3.9632821824882534,0.06392390616916538,3.3609125801512216,0.953646634360073,2.80180695421042,0.06515830126070744,2.507300713686677,0.7547368386060246,1.4169968140653741,0.1265175726844084,1.0920453628890663,0.8815468737377147,0.7927663238289864,0.11489367012014294,0.7180799811113635,0.9482567094232796,6.637988260008477,0.055316568833403974,5.224720241713156,0.8168502264183536,11.203955201738879,0.16237616234404173,10.476016333698965,0.987230311506224,2.8155215781361025,0.03128357309040114,2.4235452143495726,0.985353864791571,2.40195371921418,0.03753052686272156,1.8788264562613628
Dataset_0136,multi_output,ALL,ann,42,4,0.8714312113557462,3.790639346154649,0.008831871729158083,2.2771210471274728,0.7647103899727395,4.501186872918773,0.011514931882626691,2.770576832029638,0.9477112169454195,0.19941806732570955,0.06042971737142714,0.15876620831049407,0.8466144548203702,0.21538640073996448,0.12669788278821442,0.19854202347815295,0.9348129844635054,1.4865819399704534,0.06757190636229334,1.1537713661006304,0.8949984088983248,1.3530544383350085,0.09204451961462641,1.1265542406522988,0.9434624756445428,0.22776731503550862,0.055149470952907655,0.17554946949280126,0.9069107711095263,0.30861797395104096,0.09267807025556786,0.28353095688755964,0.8692916727126389,5.483930449046155,0.08845049111364765,4.366929526661813,0.859704192235398,6.980093055691377,0.1424508786875791,5.284154654057411,0.4758645242425116,1.97849549219895,0.17665138323204913,1.325107660177418,-0.020556629269168347,2.9259207408141648,0.39539469470461686,2.047101087944839,0.9442297624429083,7.295571535510704,0.0607964294625892,6.001369477687417,0.9069816935042625,8.12972042965808,0.10986108688727136,7.614200196766286,0.9846458430386961,3.326823346122896,0.03394717700125404,2.7583536214617355,0.9583198385104632,4.059227103027017,0.06765378505045029,2.8399546644209193
Dataset_0136,multi_output,ALL,ann,123,0,0.8964114794577548,3.840638589733793,0.008948365772911913,2.1852549316872527,0.6765578530836548,6.459132774643896,0.01640206392748577,3.5085934816978246,0.9648800443551353,0.15919104718705626,0.04823971126880493,0.1257004418984584,0.8411759088631462,0.2795024147086032,0.1397512073543016,0.2277631987715236,0.9474356434674391,1.298662657310316,0.05903012078683254,1.003678796952642,0.8589732202934557,1.922772891429754,0.11310428773116199,1.431796271096319,0.9443268359780548,0.2397449076469078,0.05804961444235056,0.2085576348454998,0.8781195334684588,0.27231225290213923,0.11901759305163427,0.24292145723881775,0.9109181717072167,4.7929616068803504,0.07730583236903792,3.9696756034236143,0.774840165782435,7.071810026197823,0.14432265359587393,6.34766015931654,0.5837542196579797,1.8359126954439229,0.1639207763789217,1.3093422393517786,-0.15098252527947476,2.587076223171661,0.35439400317420006,1.7365948886391591,0.9381786328241128,8.00779402080758,0.06673161684006317,6.167716658957119,0.5705395060806524,14.805834689910494,0.2643899051769731,11.656829731764205,0.9853868082143455,3.319091420995264,0.033868279806074125,2.5121131463816573,0.9632391623769094,3.5038894035539765,0.07150794701130564,2.916588665058205
Dataset_0136,multi_output,ALL,ann,123,1,0.9144110964998599,3.0794567725670356,0.0071748759845457494,1.8206275449687543,0.8133169611726495,4.148348025578408,0.010774929936567293,2.644398590162875,0.9573293750929633,0.17705117806249554,0.053651872140150166,0.14656492982081107,0.8295020154978135,0.23654000786833115,0.1819538522064086,0.21254927550999167,0.9495281765426613,1.2718862208620958,0.05781301003918617,1.0334164986191565,0.8022424696094322,1.923392319162279,0.16028269326352326,1.7805925779653973,0.9606970139191376,0.19787748584855816,0.04791222417640634,0.16161980829925168,0.7845051817397037,0.345331656316882,0.16523045756788615,0.28957038433698645,0.9228163546853366,4.34375880002501,0.07756712142901803,3.723042445073379,0.8809031695533373,5.652659688762623,0.10870499401466582,4.893822927090828,0.6534162364658793,1.6195450414202222,0.14460223584109128,1.1590485063789995,0.610373381132576,1.763568713206289,0.19815378800070665,1.3958673352918132,0.9628195743043014,6.250638547111878,0.05208865455926565,4.824383276169926,0.8377247636808307,7.828181654595469,0.12833084679664702,6.872072776221622,0.994270944488739,2.03261703728482,0.020740990176375713,1.6963173504197564,0.9479677469948526,4.4993035091162135,0.08332043535400395,3.0663148547234846
Dataset_0136,multi_output,ALL,ann,123,2,0.8430054550800449,4.9451335053482595,0.0115217462845952,2.780372653118264,0.6547528313596161,5.5455691173011115,0.013104206425721571,3.4784452663585883,0.943964440651616,0.19804433862132956,0.060013435945857445,0.14000697498782028,0.9041748215660913,0.23126468954635365,0.11621341183233853,0.2136794336866086,0.9026897329219075,1.7239362582063398,0.07836073900937908,1.3652875433386296,0.9553710875373852,1.1884540832400246,0.07427838020250153,1.0510732801217009,0.9219818874103373,0.2662285358840102,0.06446211522615258,0.2173420680051193,0.9014255190592186,0.32189292761386773,0.09467439047466697,0.2670804568779562,0.8623617361975183,6.093115856748835,0.09827606220562636,4.724436929998617,0.48287139066086027,9.490526013254641,0.22070990728499165,8.39384733676728,0.4208339576244071,2.156837917251706,0.19257481404033092,1.477354589181976,-0.5455006969242988,3.0313537524156087,0.40964239897508226,1.7168986714345258,0.8701456348626839,10.648004493247479,0.08873337077706232,8.701415450556516,0.9366295431407184,8.390666498916042,0.07915723112184946,7.001925202856755,0.9790607958918437,3.5972700692346025,0.03670683744116941,2.8367650157591715,0.948298154477338,6.636366659951732,0.07628007655116933,5.704612482765291
Dataset_0136,multi_output,ALL,ann,123,3,0.9222956923970359,2.9284608558562155,0.006919967049921348,1.7238362175734478,0.888405096093404,4.062659024179015,0.009465654762765646,2.373389746030821,0.9431646985115123,0.18192038672231367,0.05529495037152392,0.1520694013369096,0.9276892831921096,0.2740165819198726,0.10539099304610486,0.24627323802242115,0.9413349714575396,1.2800116570158044,0.06095293604837164,1.0381697784921666,0.9529749944951376,1.4148453292719674,0.07446554364589301,1.1375266526816372,0.9377522795653002,0.23363248458511734,0.058554507414816374,0.19781673456984747,0.8850431697623042,0.3683432409615364,0.1219679605832902,0.3362594230251251,0.9573975239683834,3.13723522819504,0.053173478443983735,2.622138779596178,0.9352670769391691,4.1778116024181795,0.07736688152626259,3.417247866376613,0.7437474405881328,1.462183717265697,0.13055211761300867,1.0962967134471195,0.5808264045979918,1.2229099450230614,0.23517498942751183,1.0573179021445895,0.944883094566473,6.322280085090026,0.05964415174613232,4.8875375171022615,0.9501010118878391,8.87393448934388,0.07394945407786566,7.2179364595862285,0.9877898381219099,2.5206388691220694,0.02800709854580077,2.072824598469652,0.9869337317792772,3.953164232739064,0.04344136519493477,3.2011666803791323
Dataset_0136,multi_output,ALL,ann,123,4,0.9093641513711619,2.978078957295188,0.006938674178227372,1.7385335183790236,0.7961611855506826,3.6214041329500883,0.008817638502435082,2.0243685255336152,0.9361376302457495,0.19823524370295267,0.07624432450113565,0.15473326079063182,0.9389260136704024,0.2206884411974116,0.07881730042764701,0.17057704136866464,0.9521622125709394,1.2146683428600389,0.06392991278210731,0.9547553640985652,0.8383439073875634,2.077709674987877,0.12985685468674232,1.6754343649596666,0.9342020876731029,0.23859181368316007,0.06431046190920757,0.17987294945524795,0.9371524853736259,0.26136989558286394,0.08377240243040511,0.21251429910765068,0.9562502536155987,3.342149864655517,0.05390564297831479,2.7933819899535743,0.7265281136466932,7.592818147110194,0.19320147957023395,4.639129485170733,0.6416761859503468,1.497578264008474,0.14399791000081483,1.0349475576687355,0.15944605743580376,3.3380233996772817,0.29803780354261444,2.6327282905302143,0.9575165708030126,6.19952553420581,0.051662712785048415,4.739520010597007,0.9824442374599747,3.779410225412646,0.04246528343160276,3.1561027772054167,0.987604118739383,2.943503738527344,0.0309842498792352,2.3125234960894034,0.990287483880715,2.071436909797121,0.03341027273866324,1.68409342039296
Dataset_0136,multi_output,ALL,ann,7,0,0.8771366414822739,3.5526578042647183,0.008394749064897728,2.0596727502356282,0.8172048420564586,5.535256537478365,0.012905704214218619,3.1001935235091542,0.9385619646410883,0.17932184167455423,0.07471743403106425,0.14721045595933763,0.9323995239430912,0.2682391781658158,0.08941305938860528,0.19827846249211858,0.9357507736624656,1.347789922648991,0.07093631171836794,1.1098716253531922,0.954716866838442,1.2889129706486913,0.07081939399168632,0.9734722604635291,0.9371038369714516,0.2198540170490061,0.05925984287035205,0.1836270691488216,0.9588558722198356,0.24407864033645052,0.06508763742305347,0.22316384352060714,0.9431548216230083,3.7076148154620334,0.06284092907562769,2.955501018566991,0.8399099692530235,6.592756885234289,0.12678378625450556,4.431839045858089,0.4687466108541668,2.0376143623756344,0.19043124882015278,1.3930715967668073,0.2026812343995532,2.3286561947790645,0.27395955232694874,1.400863715625536,0.9354868065712492,7.5136685974892226,0.06590937366218616,6.0708338222431735,0.8688103897366729,11.752015240149987,0.10983191813224287,10.041315897585243,0.9811516760524875,3.478378477052786,0.036614510284766165,2.557593663611075,0.9630600380045916,5.067907461526529,0.06256675878427813,4.432421439018956
Dataset_0136,multi_output,ALL,ann,7,1,0.8400311275460232,5.029111451501896,0.011717680867452401,2.8726743893741884,0.6781313404131336,7.888960874389517,0.01923198652947225,4.301967808864081,0.9217064984972221,0.22264176762547166,0.0676722697949762,0.16332414685053703,0.8295912856495954,0.3769615383498053,0.15706730764575216,0.32059155702083464,0.8899619620289462,1.7709018157729808,0.08432865789395147,1.463556490464638,0.9119256381959562,1.8557519749943483,0.09767115657864991,1.5642786733764475,0.9163905702235147,0.27441890115383755,0.06877666695584901,0.23033398935709343,0.9379979266763582,0.25960248398400654,0.08659188925417162,0.23519686823111627,0.8582215133627933,5.819279079546582,0.0938593399926868,4.826528655616011,0.7629886286472485,8.186447080371039,0.17417972511427743,6.795338835594644,0.46888245657128014,1.8464087296346126,0.16939529629675346,1.4154077666651153,-0.43234388251817646,4.1061111861016695,0.45122100946172194,3.104595149288458,0.8524875153868287,10.98911419156044,0.09811709099607535,9.043508988878337,0.7527425971652489,18.2095391322718,0.18029246665615645,14.360212390167232,0.972567376751577,3.9684884644670646,0.044094316271856275,2.9660606877875844,0.9840171890757047,4.0658623461298316,0.04467980600142672,3.7335611883698365
Dataset_0136,multi_output,ALL,ann,7,2,0.9207146838211125,2.737106666167271,0.006377228951927472,1.685123159045229,0.8362446269909517,3.963393100491718,0.009367509100665842,2.5173326542567422,0.945901037285659,0.19301838402750263,0.05849041940227353,0.16084142678946958,0.8295130733359066,0.30238495645864627,0.15119247822932314,0.2724867174670395,0.9392918135936672,1.3593512872717595,0.061788694875989064,1.0933506620870872,0.9352540518239257,1.3245490580375845,0.08830327053583896,0.9001709441955147,0.9459189430830224,0.22763996242320775,0.055118634969299696,0.19833268687582856,0.9112542683732082,0.23472642443577635,0.10718101572409881,0.21455877609133545,0.9251419771944842,4.167931437087718,0.06722470059818901,3.318071910219609,0.7829585211775306,6.964505804354445,0.15650574841245946,6.516156305889156,0.7263427418692056,1.5303387494990233,0.13663738834812708,1.148225155330526,0.47917109608691233,1.4337642052517021,0.24720072504339688,1.1549386903543204,0.9775383257436216,4.615779332234673,0.03846482776862228,3.5196369084096504,0.950279903368786,5.764130541534113,0.07485883820174173,4.7919527021614305,0.9848679479781276,3.0799919393079698,0.03142848917661194,2.357403363604432,0.9652814747703925,4.9267848466128665,0.06657817360287657,3.7710644436384024
Dataset_0136,multi_output,ALL,ann,7,3,0.8777973141991103,4.046499054869721,0.00942800338972442,2.3509719487696006,0.756926942823463,5.04606775938558,0.01227186400298057,3.2175399884232454,0.9653161403084807,0.15855411028547267,0.048046700086506876,0.1295689287314961,0.7888509288168886,0.2942487434354521,0.1478636901685689,0.24063459963126865,0.9429608248346363,1.3204134111045056,0.060018791413841165,1.0017472323419891,0.843262620195777,2.203919103078083,0.13357085473200503,1.8590877683476694,0.9540324228505214,0.20629234155755832,0.049949719505462065,0.17272028510852244,0.8339363590211195,0.4050233917502347,0.13500779725007825,0.35898011347759134,0.8701299379259874,5.845366533542263,0.10438154524182612,4.768773272785279,0.746249633339873,6.633858714747635,0.14644279723504713,5.635053730017804,0.49925224356299736,1.8609316724950766,0.16615461361563186,1.3389279504006952,0.23033466507771527,2.886333385979878,0.27753205634421907,2.2332757910506764,0.9281916431428996,8.047966931669762,0.06706639109724802,6.277565575665366,0.9098080778627492,9.423981830049824,0.10025512585159387,8.182768210425268,0.9846979867682497,3.2259489085742334,0.03291784600585952,2.7675003963538565,0.9460463154501181,5.655199178368443,0.07854443303289504,4.012979706012445
Dataset_0136,multi_output,ALL,ann,7,4,0.917933148632577,3.3918338206307204,0.007902688305290588,2.013823602692374,0.709175099144295,4.188544688222234,0.010800785683914993,2.512095580174712,0.9462188497864791,0.2039900809922706,0.06181517605826382,0.17548385174982795,0.9145897017533062,0.1466907153034348,0.09779381020228986,0.11535637560859392,0.9453202813238138,1.3941168055643378,0.0633689457074699,1.0017983879762316,0.6677681886535772,1.915080699714075,0.1905552935038881,1.714861534697113,0.9452854619231922,0.24703124742781427,0.05981386136266689,0.18550507137304403,0.5841941364284582,0.2906016557213414,0.23435617396882383,0.2554663320490569,0.9254906528124732,4.556006269853791,0.07348397209441598,3.9607405654671104,0.8328180854544021,4.639428433698161,0.13255509810566174,3.7096526244748764,0.7188302777507294,1.5569792861706369,0.13901600769380687,1.0478263085733541,0.23977738418494077,1.691127120134518,0.307477658206276,1.3338380140072947,0.9556728200275253,6.814823042478332,0.05679019202065276,5.559422663045764,0.7670572227307633,9.420533116833102,0.1596700528276797,8.179449577766864,0.9887136968038248,2.976972939196751,0.030377274889762766,2.1659883706612897,0.9580209748046177,2.4296488076984812,0.0665657207588625,2.276044602619184
Dataset_0136,multi_output,ALL,ann,2024,0,0.8426246962135341,5.009319680165435,0.01167129468817669,2.8461378383765927,0.7188181878583083,6.140308457750106,0.015154146098744062,3.6508143075668946,0.9515317774974567,0.17661998145071503,0.053521206500216675,0.13545233918175498,0.825254104066287,0.30365941552473225,0.13865726736289144,0.24428432374756212,0.9357245084428859,1.347968074952755,0.06127127613421613,1.0276089465207885,0.5588928467991467,3.2772456230051765,0.22601693951759838,2.9819451798253542,0.930067046334585,0.25875952922040596,0.06265363903641791,0.21924334435663337,0.7973358388129066,0.3473554256089636,0.15576476484706886,0.3053618937780327,0.848466488338105,6.12530640631908,0.10938047154141214,5.166623602694995,0.8993665427934147,4.8933090260162295,0.09410209665415827,4.623873915928645,0.3835588065116615,2.20529006930965,0.1969008990455045,1.7077241968605235,0.24196360733662758,2.2373234747978326,0.26634803271402774,1.9350564085101294,0.8704317881430299,10.818514447090068,0.09659387899187562,8.762384583332372,0.8416522846776445,12.415776289314858,0.12933100301369643,9.920330248855052,0.9785924582270146,3.7835008736303277,0.03860715177173804,2.903927855689083,0.8672620905221301,8.358763160126783,0.12292298764892327,5.54484818232349
Dataset_0136,multi_output,ALL,ann,2024,1,0.939638969054064,2.42589423265814,0.0056521300854103914,1.4662336068396098,0.7970278388836708,3.4275805708154667,0.008101112197625777,2.161233085366787,0.9477456280795269,0.19923583684216017,0.060374496012775815,0.15109808940687355,0.6026274164546785,0.34993661267214704,0.1944092292623039,0.32403332575978705,0.9463800059798528,1.3717884576485788,0.06235402080220813,1.0611917018584969,0.8206844508703544,1.5138205699080964,0.12014448967524567,1.290876140190201,0.9546846959193185,0.21752558993894264,0.05266963436778272,0.16791769199113918,0.8871451666788109,0.22704545205536314,0.10090908980238361,0.21597620776341955,0.9632689826810996,2.9483565310352136,0.04755413759734215,2.3121237565656223,0.9478694156214592,4.076530703555791,0.08673469582033598,3.5377523765508028,0.7985733867981374,1.2981647844028994,0.11590757003597317,0.8577731605496661,0.38486234159902444,1.650509333094755,0.2845705746715094,1.4040535582617957,0.9725348155864143,4.99504462666421,0.04162537188886842,4.257189084139666,0.9401410525080308,7.616231676704566,0.08754289283568467,7.186451396232193,0.9942852683340986,1.9741871894227752,0.020144767239007908,1.456341763365803,0.9958650284533381,1.556673828730158,0.019830239856435134,1.1694885928093097
Dataset_0136,multi_output,ALL,ann,2024,2,0.8826501096371554,3.4908128322763563,0.008133301100364298,2.138966114397852,0.6962792401888699,4.048844471064803,0.0102893125058826,2.754061259949075,0.9652669432997476,0.16294704952565844,0.049377893795654076,0.1409040444269004,0.6661001044628134,0.27253566931333595,0.20964282254872,0.251548717310048,0.941923321328685,1.3993414127575814,0.06360642785261733,1.1088745780933993,0.8565713790315252,1.233140743685487,0.11744197558909401,0.903610563984943,0.9392435522587426,0.2397123166266054,0.058041723154141744,0.20121415327975467,0.7893132422558128,0.3477979831848693,0.15121651442820405,0.2952237377170433,0.9043655861678976,4.985401569519693,0.0804097027341886,3.935033964345366,0.7875970601740079,5.945419291417901,0.17800656561131437,5.163479109678229,0.4909265994256766,1.8088163426530097,0.1659464534544046,1.1954728077172088,-0.058920561706493846,3.2836571978538047,0.3068838502667107,2.812252622800578,0.9565803360414925,6.421950852715337,0.05351625710596115,5.220775205336485,0.9121067457120827,7.003941628251793,0.09096028088638693,6.1784761900921366,0.9802444289378471,3.7270298307415883,0.03803091664022029,3.1704880475858506,0.9211867113923404,4.22498546251604,0.09602239687536454,3.6738378780605467
Dataset_0136,multi_output,ALL,ann,2024,3,0.8844992899719372,3.0542587235078003,0.007217228014621802,1.8043596228780565,0.8382168510710759,4.232562160917828,0.009861514820405004,2.6569974468127673,0.9574807190911495,0.13757060249614564,0.06281762671056879,0.11677887266957616,0.8700349431608546,0.43002524280024834,0.1303106796364389,0.34438515010869913,0.937661149735262,1.2130048208633208,0.06931456119218976,0.8807138197510972,0.9344759545170602,1.8845876764584184,0.08566307620265538,1.6729860596101713,0.9204447318490971,0.23036147320145908,0.06452702330573083,0.17962117053861626,0.9302647419126128,0.363176837306582,0.08793628021951139,0.30211520425630906,0.9420280629506224,3.6361356585294518,0.06162941794117715,3.1184909572928934,0.8078233682389246,6.005842311583464,0.142996245513892,4.49888523367521,0.502386550901911,1.8272439819381907,0.1707704656017001,1.2458389810362198,0.37857048467115084,2.421938755481663,0.2549409216296487,1.8200855212511826,0.9440215621101756,6.389943517079418,0.05605213611473174,5.217889079649857,0.9539410558549093,8.351993828931743,0.07805601709282003,7.406228460551769,0.9874722531653427,2.522780297250653,0.02899747468104199,1.8711844792081354,0.9924074091420192,3.1371734351082963,0.032011973827635674,2.5542964982360314
Dataset_0136,multi_output,ALL,ann,2024,4,0.9248879090423144,2.8828202785561627,0.0067167294467757755,1.7919595268462791,0.8621548118649942,3.005697827213625,0.007746643884571199,2.058350477519668,0.9692823869592709,0.14879042021284658,0.045088006125105023,0.12513845474053548,0.8064906561433516,0.29993682508476277,0.15786148688671725,0.2902751103311138,0.9625909083751927,1.0857194487011825,0.04935088403187193,0.8630862659602431,0.9254781442208226,1.4291444853940782,0.09527629902627188,1.191561328783911,0.9561062495680434,0.21293238640376835,0.05155747854812793,0.18155550311832744,0.816677142866038,0.3051502749503987,0.13933802509150628,0.25502925991802056,0.9349929375702816,4.268829098253397,0.0688520822298935,3.5233640843099523,0.7768492032888333,5.596922771888335,0.1472874413654825,5.044616450122431,0.6880121801953492,1.6462477704019782,0.1469864080716052,1.2379643729989267,0.8266779151719562,0.6069287339059363,0.12138574678118726,0.5308191634605615,0.9747370702257429,5.246850877901112,0.0437237573158426,4.505917204232537,0.9128750358632978,4.288619560570406,0.09323086001240012,3.9203745175460165,0.9884936304023209,2.9096092643149913,0.02968989045219379,2.106690802563432,0.9700355855006596,3.3057281364792317,0.05903085957998628,3.1757775124756216
Dataset_0136,multi_output,ALL,ann,99,0,0.8487551974920685,3.968871810621919,0.00924735387735483,2.3765529718558214,0.8134231949447576,4.117177565833959,0.010037000404275864,2.4663909404913515,0.9339244725456675,0.22061945609364178,0.0670575854387969,0.1705529481809311,0.9154389180570925,0.18576379733598716,0.09777041965051955,0.13532364164421007,0.9395355523648506,1.3973015346286508,0.06653816831565004,1.1109750411071617,0.824661765586019,1.8762312797334435,0.1218331999826911,1.4111201454013464,0.9380017108068041,0.24866929998343054,0.06232313282792745,0.19004634504895937,0.8172336117159872,0.3365603898393233,0.13146890228098568,0.2982976433097355,0.8960045813175447,5.408427915947332,0.08723270832173116,4.585217383795915,0.871874894365845,4.450768754260963,0.10350625009909216,3.6935353799287096,0.3157000628793257,2.4699877389319504,0.2205346195474956,1.553810353727993,0.38009346808430466,1.4385066133849291,0.2663901135898017,1.2636424288621348,0.9335946696531159,7.9407335424017935,0.06617277952001495,6.394009772046867,0.8982314845454361,9.125963987550838,0.11266622206852886,7.761611796772996,0.984525332877171,3.129450759528065,0.03477167510586739,2.6312589590829205,0.9864282222586187,3.1349912883535724,0.03624267385379853,2.7012055475203285
Dataset_0136,multi_output,ALL,ann,99,1,0.7788233187078669,6.640569226380759,0.015471969306572131,3.5161046545362153,0.5560591601985585,9.067620302593813,0.02142683027149463,4.6740812239034994,0.8914457005337231,0.2707813809267937,0.08205496391721022,0.20839950646587155,0.7552444548882432,0.30392555457739484,0.15272640933537432,0.2358313945482887,0.8792369228591247,1.8752651466915464,0.08523932484961574,1.3924125812757195,0.6923031251117917,3.0152532074205762,0.18274261863155009,2.465492887569409,0.9156817874594911,0.27191064375191143,0.06583792826922795,0.2297909799690321,0.8408695958830503,0.41432985705776965,0.12186172266404988,0.342447497230573,0.7651826087448608,7.850638056273846,0.12662319445602976,6.2470915225681205,0.6032597933330319,9.197917772167536,0.20439817271483413,6.988265068542061,0.30783763756351423,2.2210937873354006,0.19831194529780363,1.7134436806235396,-0.5978628729448783,3.0739084542305353,0.3842385567788169,2.4109835686241428,0.7380346073611707,14.507220458406998,0.12089350382005831,10.54113209014364,0.6479035021991353,20.913872859478253,0.19730068735356843,15.391074160597205,0.9543439664331834,5.290653957316632,0.05398626487057788,4.280462220707588,0.9506965229195361,5.895395769164209,0.06776316976050815,4.8844739902128165
Dataset_0136,multi_output,ALL,ann,99,2,0.9005734875796708,3.4713951286316247,0.008088059479570421,1.994987526239014,0.5662771408805324,5.8003189336071195,0.014721621658901318,3.285558824154237,0.9522752486188912,0.1605275194206066,0.06174135362331024,0.13129360569100304,0.8766831457762276,0.33682563127807036,0.10865342944453883,0.3151381741882165,0.9249771829517477,1.4195080632743418,0.07471095069864957,1.1332517491677887,0.9645828728538756,1.1385688970806611,0.05421756652765053,1.0127873142765307,0.9519156420238185,0.1958675067418075,0.05279447621072979,0.1655311044607239,0.9360804615823609,0.28060024417253426,0.07032587573246472,0.221453560793367,0.9370136837081808,4.125626195208771,0.06654235798723825,3.065624425256737,0.37394185571526317,10.241695993966488,0.2560423998491622,8.488941958238485,0.6081366191727426,1.7882057318558555,0.16712203101456594,1.234634819226432,-1.0151135470128585,3.322950457395529,0.44306006098607054,2.5758273270972816,0.9415871218691643,7.374502862818281,0.06584377556087752,6.182189161537855,0.853980225138796,10.202219342740602,0.12002610991459531,7.589076161935046,0.9881089147131512,2.770052156814419,0.029158443755941253,2.0523878183325595,0.9737849721100617,3.7413573595807073,0.05196329666084316,2.7956872725507327
Dataset_0136,multi_output,ALL,ann,99,3,0.896254645325902,3.6207351167212645,0.008436009125632023,2.156532905595834,0.5622081643070088,5.901167459681558,0.015100223796523945,3.578786871035344,0.9628682884260849,0.17020929279504451,0.051578573574255916,0.1421512415309351,0.6852146523612506,0.26218093221871397,0.18727209444193854,0.23201333383776498,0.9474074930813027,1.3754910854830378,0.0625223220674108,1.1107229996060735,0.33456083043554063,2.416028073977161,0.2529872328771897,1.9826356181005005,0.9601053850525719,0.20799319424010193,0.050361548242155434,0.15664987571127864,0.5193565830571294,0.392308682888394,0.2172251843235847,0.3053584383124902,0.8973233061696064,4.589141592920607,0.08498410357260384,3.849876918714329,0.8623265390753384,7.46833411682478,0.12658193418347083,6.518163232613345,0.5762981792004637,1.6039422686192357,0.168836028275709,1.112412840136451,-0.1630148394506461,3.3740559907107617,0.3748951100789735,2.5272954452795906,0.940802178450076,7.604909775196719,0.06337424812663933,6.351251779266788,0.7513365665187567,12.535754481970704,0.18710081316374186,10.562246473298794,0.9889776869012088,2.887273341743492,0.029461972874933594,2.372664684204983,0.9456768181516922,3.6607644517324855,0.08135032114961079,2.923795555804923
Dataset_0136,multi_output,ALL,ann,99,4,0.9129203919779937,3.0763139042580847,0.007269172741630635,1.8957172142349275,0.7442394963078585,5.1324311617211045,0.011963709001680896,3.319163443698113,0.9469729651969868,0.17857871610792833,0.05411476245694798,0.13861595390508386,0.9253007586980527,0.2667629301410653,0.11115122089211053,0.22055962520291228,0.9451781720018096,1.2474045768513444,0.05670020803869747,1.004698686157198,0.8942707348366841,2.0146452411807707,0.13254245007768226,1.8128275331055497,0.9533914451864395,0.20595683706512585,0.04986848355087793,0.18584941109859365,0.9665085648848466,0.1875718336041313,0.07104993697126184,0.15108319157595762,0.9336170843147302,4.0285295746049155,0.06828016228143924,3.271719296437452,0.7915041435641601,7.725339808085441,0.15450679616170881,6.727030903298421,0.6674768728171427,1.605193752728664,0.143320870779345,1.042937448833594,-0.22577419418803268,2.952288094795857,0.33934345917193764,2.176386192699246,0.965796966280428,5.618582092049248,0.04928580782499341,4.797193278307316,0.9418726960201835,7.108308426629211,0.07898120474032456,6.067219247841828,0.9780092380484182,3.773786118135066,0.03850802161362312,2.8290064249052524,0.9159937703391157,7.829615410351821,0.10725500562125782,6.079037412162875
Dataset_0136,multi_output,ALL,lightgbm,42,0,0.9905669673227033,0.9718004477757919,0.0022642135316304564,0.5697159146651606,0.8900518703227125,2.398636870702651,0.005669196101873436,1.3732788444557034,0.9848001204218421,0.10143195627901226,0.030736956448185537,0.07356144008263413,0.9864874200886236,0.09289267504911528,0.04423460716624537,0.06860186565575548,0.9890908069617791,0.5537051003998469,0.025168413654538493,0.44882724136112423,0.9647760787087754,1.1265488806017798,0.07268057294205031,0.8576378653712506,0.9940803325929862,0.07489091245640934,0.018133392846588218,0.0591506919110686,0.9333744484749303,0.23642736899038386,0.09571958258719991,0.16122553227559455,0.9872539363451512,1.7875288314300846,0.028831110184356204,1.3244831897232439,0.9025060413420027,4.95662150522302,0.10546003202602171,3.565417801955526,0.9825632910827367,0.39666302474441123,0.03541634149503672,0.2840442549585366,0.4567851843458216,1.2188550543437198,0.2101474231627103,0.8254217255610115,0.997935560571189,1.362538202577679,0.012165519665872135,1.0108234053778509,0.9889859042790677,3.2849487343545762,0.028815339775040142,2.940109022813168,0.9982447232832392,1.0388335340524293,0.010600342184208461,0.7871211792416654,0.9974480150197653,1.447749962981369,0.017442770638329747,1.1945380975576185
Dataset_0136,multi_output,ALL,lightgbm,42,1,0.9837298382318489,1.0286693698120328,0.0024306932178923273,0.5751575606724854,0.9655320663792379,2.0981065973479835,0.00488852628753695,1.3475962316835548,0.9863251106398511,0.09725282944398426,0.02947055437696493,0.06623403189865201,0.9568682602601963,0.15604959489029094,0.07466487793793826,0.12889730973876073,0.9962011074087145,0.346733680156404,0.01576062182529109,0.29016204085231406,0.9276313391431932,1.2915771282899442,0.0956723798733292,1.089013922570197,0.9883392265623376,0.10919184511810376,0.02643870341842706,0.0727688915705717,0.9804456344466272,0.10328159364837328,0.053513779092421394,0.08758970573628501,0.9790725492147807,2.1387951332357504,0.041937159475210796,1.523063598888537,0.9566971905363244,4.07631988654117,0.06574709494421242,3.248003615445295,0.9393809729771211,0.596496823738049,0.06278913934084726,0.41654026711924114,0.949540760716471,0.7922573732514954,0.07617859358187457,0.6971090205130032,0.9987884540739693,1.026396065579967,0.009003474259473395,0.6974586293551535,0.9931953330613953,2.7745060150163563,0.026423866809679585,2.311570431412503,0.9980014467461673,1.1321561393093647,0.011552613666422087,0.9598754650229282,0.994345946490458,2.0418691987068986,0.03002748821627792,1.8709896163688395
Dataset_0136,multi_output,ALL,lightgbm,42,2,0.9877274040256119,0.8283606890985336,0.0019300109252062758,0.5211833960026643,0.808387993154606,2.88769863275408,0.007337564814519324,1.418063097435277,0.9877297254207613,0.0780328891205656,0.03546949505480254,0.06342207918699481,0.8407551717318114,0.3856992593363101,0.14554689031558876,0.28087610012954534,0.9895858231345785,0.5239865549764283,0.028323597566293424,0.40931456379634656,0.9698695965284992,1.0318478927108927,0.0644904932944308,0.9395871268132409,0.9800662144551207,0.12367193179790677,0.033334752506174334,0.08208463939818184,0.9162536619954211,0.3042264932693617,0.09750849143248772,0.18218444965929045,0.9930344676108191,1.4468711112732786,0.023336630826988364,1.1079122056922464,0.1550047349689304,6.801993249682757,0.32390444046108363,4.5796874417852536,0.9661562576332723,0.5119101253333312,0.0478420677881618,0.34994959571344714,0.7960630057821305,1.2296955689644344,0.12944163883836152,0.9550907796614508,0.9985264024483206,1.2097077156153484,0.010080897630127903,0.9784398999491432,0.9830272620888226,2.9162271586278936,0.040503154980942965,2.192266676756877,0.9989929374764103,0.8297249448679508,0.008733946788083693,0.6571607882822899,0.9977425189866256,0.8842803864937576,0.018814476308377823,0.7967491072412807
Dataset_0136,multi_output,ALL,lightgbm,42,3,0.9860781603720673,1.0432801597594663,0.0024308119009284145,0.5573716879318114,0.9351075776949207,1.982138957089392,0.0048203768411707,1.2718365536502427,0.9877792323960933,0.09208859253116237,0.027990453656888264,0.06940263613456937,0.8918489618687738,0.14265361012262706,0.10189543580187646,0.10650084396521123,0.9945934143561853,0.41526096243983485,0.01977433154475404,0.3080856514875597,0.8338056730521181,1.2391460582010956,0.12391460582010956,1.0735936080126092,0.9886958071691127,0.1054453957508747,0.026427417481422227,0.06652983590909631,0.9270697873905029,0.14678037276099618,0.07891417890376137,0.09981194491017435,0.979485688468901,2.319166431779393,0.03740591018999021,1.602808973986106,0.9732052023832993,2.130211931846948,0.04953981236853368,1.6533636280980812,0.9544171030614396,0.6108768595892161,0.054542576749037154,0.43489906177165294,0.9642411997297727,0.435575455499674,0.06312687760864841,0.4088869420916649,0.9992614667848275,0.7930388696674332,0.00660865724722861,0.6437305960528389,0.9873048829939924,2.949758930066189,0.04275012942124912,2.496153384553785,0.9983144103679121,1.0229269818862587,0.011365855354291764,0.7761450601808564,0.9682773364459853,3.534987954023844,0.05523418678162256,3.0645455239201738
Dataset_0136,multi_output,ALL,lightgbm,42,4,0.9864156687784851,1.0493308416169236,0.0024448528462649665,0.5489647233380821,0.9278072962332266,1.9216347726927607,0.004915924207451422,1.2075515394596081,0.9924022385940552,0.07601565838464779,0.023035047995347814,0.055839744823104054,0.835406469424808,0.22311688723600592,0.13124522778588585,0.18789024139531477,0.9947881311035204,0.4203441857739157,0.01910655389881435,0.33493109128454635,0.9630474409288957,0.8026747291095987,0.05460372306868017,0.7384295051144514,0.9859420148071112,0.11357547168298725,0.02750011420895575,0.08027843414417991,0.9419160017050807,0.24378094230397798,0.07320749018137476,0.15343779834040458,0.9740732511452772,2.442386214894441,0.03939332604668453,1.7294637255336949,0.9515647196583942,4.1012833453718045,0.08369966010962866,3.4969699348462506,0.9591952437906663,0.5520376278800574,0.04928907391786227,0.3484720950585489,0.8145174613433839,1.2473706443049657,0.1685636005817521,0.9015649601655397,0.9992831915322669,0.8271030770864158,0.006892525642386798,0.6555408969571772,0.9934850360166751,2.1515300016093875,0.02907472975147821,1.8967693319633636,0.9992256104764984,0.747130536218481,0.007623780981821235,0.6382270755653238,0.9947139445553489,1.4455879192490584,0.024093131987484306,1.0777990043919334
Dataset_0136,multi_output,ALL,lightgbm,123,0,0.9855236952283521,1.0417468732777193,0.0024271828361549846,0.537813685176987,0.9462518473400005,2.1646795482154437,0.0054969008334571955,1.3279559000521897,0.9886868450036972,0.09035111758337191,0.027379126540415733,0.06326357896339548,0.9744419915573994,0.11212201123197958,0.05606100561598979,0.09384328594146726,0.9931498283857796,0.4688148960343626,0.021309768001561938,0.33855069653861036,0.9287896920370924,1.366308052679265,0.08037106192230971,1.132340973837632,0.9869712823137939,0.11597844353769632,0.02808194758781993,0.07486585016753018,0.9908102294341424,0.07477431851993957,0.03268108326920435,0.070541239060676,0.9805840245593737,2.2376337109928457,0.03609086630633622,1.3906947647095989,0.9230158390956797,4.135098085884369,0.08438975685478305,3.256951110618086,0.9514600741300131,0.6269409785680226,0.05597687308643059,0.45343216269643244,0.836513930133409,0.9750238439516373,0.13356491013036126,0.8399627877931295,0.9989163335988225,1.0602087767106116,0.008835073139255098,0.7645798274261243,0.9835046949114966,2.9016930042843825,0.05181594650507826,2.2136549500730354,0.9988974786069857,0.9116752930380291,0.00930280911263295,0.6793089157372175,0.9866865542107839,2.108642363947658,0.043033517631584854,1.688396953041301
Dataset_0136,multi_output,ALL,lightgbm,123,1,0.9878030451320159,1.0051021310689294,0.002341803660458829,0.5331103947839136,0.9476973566883647,1.566932808421626,0.004069955346549678,1.0157323169978114,0.9880247287695375,0.09379441922020165,0.028422551278848986,0.06791925564536415,0.9591382252080803,0.11579867633923861,0.0890759048763374,0.10296502285229006,0.9980007957202948,0.25313508952030667,0.011506140432741212,0.2029430399581135,0.9114426616379254,1.2871040000176637,0.10725866666813864,1.010257222160947,0.984533532533875,0.12413069190738628,0.030055857604694015,0.08968597817279088,0.9553740317865403,0.1571490651022765,0.07519094024032369,0.14906300440571854,0.9773709548246894,2.3519938047773112,0.04199988937102341,1.687119810200362,0.9760308717877281,2.5358809284047403,0.04876694093086039,1.8677870931750757,0.9680727449692589,0.49155227985171146,0.04388859641533138,0.35454192657203565,0.852337166109097,1.0856845940309168,0.12198703303718168,0.6712622845046017,0.999352104541173,0.8251248653601307,0.006876040544667756,0.7182047662569999,0.9938596566630644,1.5227587284378998,0.024963257843244258,1.2501279176150806,0.9992664545652826,0.7273233922297353,0.00742166726765036,0.6113579866817296,0.9856988836261172,2.358815348431052,0.043681765711686145,2.0586636742709663
Dataset_0136,multi_output,ALL,lightgbm,123,2,0.9876082414089621,1.3081609751327146,0.003047905347466716,0.7340111535396033,0.9227331280745499,2.4159105895108177,0.005708808311894935,1.4857171522176176,0.987689960604677,0.09282400394056874,0.028128486042596587,0.0681343720828775,0.9506072152454069,0.16603561906640568,0.08343498445548025,0.11984350378088758,0.9937683174404139,0.436259133930653,0.0198299606332115,0.3364338886480233,0.9615102794518573,1.103688796692088,0.0689805497932555,0.9192348968039609,0.9853106513516282,0.1155202588486907,0.027971006985155134,0.07193051792849993,0.927875561967311,0.2753406963973559,0.08098255776392821,0.1711920810233273,0.9800234644054289,2.3212928297557327,0.037440206931544075,1.8093570706858408,0.9531400678275272,2.856878884684206,0.06643904382986525,2.2215052427978685,0.9744611597546033,0.45291483951890743,0.04043882495704531,0.33535465252955515,0.6963233011876724,1.3437168177733771,0.18158335375315907,1.0381530027632588,0.9951721137309636,2.053139528860248,0.017109496073835398,1.4664027051690223,0.9855831228105455,4.002106487276481,0.037755721578080007,3.01935336737122,0.9968320225750197,1.3992135369095655,0.014277689152138423,1.050464867733405,0.9840923480315278,3.681123519540821,0.04231176459242323,2.9107379709827987
Dataset_0136,multi_output,ALL,lightgbm,123,3,0.9878281698609525,0.9702160953117156,0.002292625287250917,0.6183787993885433,0.9381114393298304,3.182606060117687,0.007415205172687994,1.9530654674870982,0.9828649626430475,0.09988834424725028,0.030361198859346593,0.06712309789561066,0.9897402501997785,0.10321525652882728,0.0396981755880105,0.09166115875320757,0.9904944087587157,0.5152450747678372,0.024535479750849392,0.3814788367540945,0.9887497425313648,0.692031349465769,0.03642270260346153,0.4784373290879265,0.9950072906928159,0.06616672541285444,0.01658313920121665,0.054515975330741234,0.9346973544628558,0.2776199698815651,0.09192714234488909,0.20684459882659492,0.9895224134687021,1.5558233702636077,0.026369887631586573,1.37595823449436,0.8810941227507665,5.662235172375227,0.10485620689583754,4.753165276900114,0.9623624513696021,0.5603746779571055,0.05003345338902728,0.4064285444440058,0.7980617774229319,0.8488027591239253,0.16323129983152412,0.7160024962486633,0.9964042361252125,1.614830342775609,0.015234248516751028,1.2752485155157764,0.981730545387933,5.369491265838566,0.04474576054865472,5.1196379187195555,0.9981414259685708,0.9834218434475724,0.010926909371639693,0.7678983912852144,0.9927062825531823,2.953544647823677,0.03245653459146897,2.3057094938736244
Dataset_0136,multi_output,ALL,lightgbm,123,4,0.9865384045061727,0.7979904869458642,0.0018592509015514078,0.5166965692923478,0.9020987968763252,2.968612705357149,0.0072281780018435575,1.568589151162936,0.9901758868434531,0.07775082968867188,0.029904165264873803,0.0629325950599441,0.847950222350732,0.3482124926443254,0.12436160451583052,0.2592580697684791,0.992653377672339,0.476009946610682,0.025053155084772738,0.3943454258482119,0.9668624704068599,0.9406951128605211,0.05879344455378257,0.6974327900238961,0.9848754700722723,0.11439062271166292,0.030833051943844454,0.0854909705243922,0.9472796167519523,0.23938712548856275,0.07672664278479575,0.1325933073081663,0.9909120911952222,1.5232462947273917,0.02456848862463535,1.2154863092451564,0.7668241781801489,7.011136351002944,0.17840041605605456,5.401251755095211,0.9490813570669706,0.5645339987601279,0.05428211526539692,0.3670288279286201,0.8024618829224002,1.6181994040818353,0.14448208965016388,1.1541433295588235,0.9989097611168458,0.993137781889188,0.0082761481824099,0.8764119701622333,0.9960236984690378,1.7986797280250197,0.020209884584550784,1.6091406110063124,0.9991608875761055,0.7658363281185698,0.00806143503282705,0.6151798862778761,0.9872895090531449,2.3696652341371913,0.03822040700221276,1.7263041953796627
Dataset_0136,multi_output,ALL,lightgbm,7,0,0.9886388153064262,0.9844297916219603,0.002326157352603876,0.6542620351733847,0.9209302433205042,2.9446785736327468,0.006865653004506288,1.6079691570128223,0.9872263812541877,0.081765765225316,0.03406906884388167,0.06614084818960257,0.8694156375933287,0.37281460638848457,0.12427153546282821,0.23980580595623618,0.9904701085152212,0.5190775323236773,0.027319870122298803,0.40103621659557426,0.9755780671091449,0.9465539600177005,0.05200845934163189,0.8097637920665974,0.9789758887795037,0.12711041943805576,0.03426156858168619,0.07882012388363381,0.9492830399742892,0.27098949294802516,0.07226386478614004,0.16839976575030857,0.9892836200593124,1.609799705078078,0.02728474076403522,1.3776854196189565,0.8939271004618569,5.3664506169912585,0.10320097340367805,3.6215660094986877,0.9794287428951179,0.40096046445842787,0.037472940603591395,0.3150764471973379,0.7875983522181818,1.2018999622342226,0.14139999555696736,0.9324978971165183,0.9974893159140051,1.4822579922143377,0.013002263089599455,1.278981066267765,0.9748760047675418,5.142886930603316,0.04806436383741417,3.9986793261974753,0.9975976497276358,1.2418199461929624,0.013071788907294341,1.0620941244608233,0.9958335011191862,1.7020256032262346,0.021012661768225117,1.4850715025039305
Dataset_0136,multi_output,ALL,lightgbm,7,1,0.9856046859516209,0.9110079038857124,0.0021226214587611834,0.5685614446751696,0.944009867513672,2.3857766308502297,0.005816130255607581,1.4121651005452966,0.9872573554158652,0.08982010701646058,0.027300944381902916,0.0650296950093121,0.9878011918725834,0.10085788143054561,0.04202411726272733,0.08391779367971365,0.9932313774489328,0.4392110040591015,0.020914809717100073,0.30706549959841983,0.9788625910287868,0.9091196694143363,0.04784840365338612,0.7768868334664794,0.995720423775272,0.062085012553954946,0.015560153522294472,0.04625305464037833,0.9245937115976354,0.28629220262251287,0.09549439713893024,0.22721373844298576,0.9892478424146036,1.6025508827740471,0.025847594883452372,1.2402882397817365,0.9118052844267014,4.993811546560849,0.10625130950129466,3.8948403720085127,0.9377006637783709,0.6323743281899287,0.05801599341192007,0.47689131805326246,0.8154765546292495,1.473780594676054,0.1619539115028631,1.0992839465579978,0.998432184499789,1.1329109493002048,0.010115276333037543,0.9269165831990979,0.9967883648470799,2.075331147260474,0.02054783314119281,1.8554113218105337,0.9976429543285118,1.1632564026142156,0.012925071140157951,0.9174857224439801,0.992741374193668,2.7400172336565216,0.030110079490731006,1.9476016978508537
Dataset_0136,multi_output,ALL,lightgbm,7,2,0.9893387759628952,1.0243019344918163,0.0023865375920126197,0.5818694889512617,0.8668708061270409,1.960680824335575,0.004634083725680867,1.2177767557972519,0.9834044926594985,0.10690535823725617,0.03239556310219884,0.07864791180936087,0.9783994448980875,0.10763340920507611,0.053816704602538054,0.09136245940187902,0.9919453220682479,0.49514473241838153,0.02250657874629007,0.39957922734956586,0.9731152166210668,0.853522592496702,0.056901506166446805,0.6437620692967171,0.9857979996461989,0.11665428054665572,0.02824558851008613,0.07882121982494104,0.9807964348172765,0.10918907280637323,0.049858024112499205,0.10281122433193561,0.9778870598988428,2.265294313932847,0.03653700506343302,1.77674167591288,0.9624368479038771,2.897343248312621,0.06510883704073306,2.013318013909514,0.9887888556241802,0.30974839318161174,0.027656106534072477,0.2514284448855401,0.1946433790713109,1.78288902494163,0.3073946594726948,1.2556066037836688,0.9990383119211332,0.9550829498851297,0.00795902458237608,0.7348564823261733,0.9901567290207938,2.564705755264003,0.03330786695148056,2.2447853325019844,0.998509389922166,0.9666799114588109,0.00986408072917154,0.75301146055037,0.9885475905568746,2.829641365833584,0.038238396835588974,2.1727915873550643
Dataset_0136,multi_output,ALL,lightgbm,7,3,0.9843979710770336,1.0065249734599324,0.0023451187638861425,0.5467776270244222,0.9485941674958323,1.8163428642839896,0.004417283650584862,1.1147428759134412,0.9908551799492362,0.08141442812079155,0.02467103882448229,0.06235018097999744,0.887268295534372,0.2150022802511295,0.10804134685986408,0.1806820026220986,0.993880053024027,0.4325109808547512,0.01965959003885233,0.3231805891259555,0.9680403219457983,0.9952004323333251,0.060315177717171216,0.7852662644200551,0.9877743434144111,0.1063881837782399,0.02575985079376269,0.07375381228707431,0.9341778919259215,0.2549932721646102,0.08499775738820341,0.17861978169956302,0.9798947966547726,2.2999132734891883,0.041069879883735505,1.5670722557463799,0.9302371462120539,3.478363759642569,0.07678507195678962,2.674037739551352,0.9399008277199769,0.6446962837290231,0.05756216819009135,0.49784387938227087,0.9323085009295378,0.8559779855670014,0.08230557553528861,0.5719055614367371,0.9993326910207133,0.7758221470047871,0.006465184558373226,0.6681073285799298,0.994584462894712,2.3092523099972175,0.02456651393614061,2.1664390382926593,0.9991479057560985,0.7612494889764676,0.007767851928331302,0.6351353430693478,0.9935425530284295,1.956445595249487,0.02717285548957621,1.246249743371624
Dataset_0136,multi_output,ALL,lightgbm,7,4,0.9878043587081308,0.921257395631274,0.002146452459532325,0.46055076855762167,0.8946264833281986,2.1136508062145154,0.005450363089774408,1.1987477908634343,0.9882957605085411,0.09516244836283341,0.028837105564494977,0.0664906917195434,0.8689188924483688,0.18172620539998993,0.12115080359999326,0.14876686562418365,0.9965481698167669,0.3502762872209068,0.015921649419132128,0.29480487355038393,0.8614939178136861,1.2365192873035473,0.12303674500532813,1.0768526246064616,0.9854849822488195,0.12723579523577758,0.0308076986043045,0.09143980051694309,0.9546131181225782,0.09601032800180834,0.07742768387242611,0.06135464039199855,0.9834833922941906,2.1450595867403166,0.034597735270005106,1.3951725615527428,0.8046839913022406,5.01462836662172,0.14327509618919199,4.230015603536393,0.9618166332307341,0.5737671348717911,0.051229208470695634,0.374150150403325,0.7971786440201309,0.8734995841797683,0.15881810621450332,0.7082742843886015,0.9997006107847611,0.5600639352530206,0.004667199460441838,0.41043371248618093,0.9985595628671597,0.7407949452689098,0.012555846529981521,0.6700404130882264,0.9993009620731017,0.7408826082340231,0.007560026614632889,0.5913635896742323,0.9769372567232251,1.8008718554543839,0.04933895494395572,1.495930104408176
Dataset_0136,multi_output,ALL,lightgbm,2024,0,0.988260240296449,0.843676958403328,0.001965696548004026,0.5295590820378594,0.9243254608806116,2.6653837379733205,0.006578108388591328,1.5106661054026138,0.9859634464209647,0.09504768251829572,0.02880232803584719,0.06801732199219578,0.9435777773476416,0.17254737418484015,0.07878875533554344,0.15392956052955692,0.9936788347303309,0.42272260853091154,0.01921466402413234,0.3217732690633908,0.9201468759080961,1.3943856275012683,0.09616452603457022,1.0968049138250624,0.9947729549881025,0.07074301036553926,0.01712905819988844,0.058859278828456,0.8586664194661149,0.290073656744505,0.13007787297959864,0.21592135661329181,0.9907231109112807,1.5155653117902421,0.02706366628196861,1.198140175234914,0.8298098230278789,6.363538735114612,0.12237574490605023,5.451690776685599,0.9553769272213426,0.5933345414820659,0.05297629834661303,0.4174831467763241,0.9275077349817823,0.6918781031020814,0.0823664408454859,0.5371393095531043,0.9985523483607694,1.1435375500496563,0.010210156696871931,0.946977058394901,0.9961208642297031,1.9432803895434168,0.020242504057743926,1.6483684381052583,0.9987540594423514,0.9127652551246801,0.009313931174741634,0.6956633239748348,0.9944487312030647,1.7093880420989467,0.025138059442631568,1.4708083825064255
Dataset_0136,multi_output,ALL,lightgbm,2024,1,0.9896323349482639,1.0760183325041768,0.0025070324615661154,0.5760910771196953,0.9024234607369481,2.253956276072714,0.005327242439311543,1.4449488811268376,0.9855819069363353,0.10465501745944618,0.03171364165437763,0.0762854751428133,0.9517041384244275,0.12199594421086678,0.06777552456159264,0.10389763438053404,0.9959642286691608,0.376345770092096,0.017106625913277093,0.2912226752635449,0.8871315667721413,1.201023970057232,0.09531936270295487,1.081091968511424,0.983709894691958,0.13042169849577434,0.03157910375200347,0.09127905013951447,0.9620621086539967,0.1316404382119805,0.05850686142754688,0.09824324885316241,0.9781183479387097,2.2756400847753175,0.03670387233508577,1.7159950556804262,0.9517377902459059,3.92236515765241,0.0834545778223917,3.12385064036377,0.9873140607169986,0.32578622150029335,0.029088055491097622,0.23287026442710868,0.5839147533140268,1.357447323222377,0.23404264193489255,0.9536954491002412,0.9981200557962852,1.306834504827587,0.01089028754022989,0.9321569285867134,0.9859492727685314,3.689988473681063,0.04241366061702371,3.3951107015471638,0.9986178498884002,0.9708854988347969,0.009906994886069356,0.6928280905977463,0.9944645949796073,1.8010926872085573,0.0229438558880071,1.358752525131567
Dataset_0136,multi_output,ALL,lightgbm,2024,2,0.9869190724187947,1.0972147500892173,0.002556418336647757,0.6081673440641513,0.9204231622235268,1.5502212164795026,0.0039395710711042,1.0154246369818767,0.9918870701555257,0.07875241102811974,0.0238643669782181,0.058874541934640125,0.8499123604324326,0.1827206673344664,0.1405543594880511,0.11269234865544729,0.9922450838797683,0.5113418678874553,0.023242812176702512,0.36246143699383504,0.9549686933362364,0.6909585742008985,0.06580557849532366,0.4954836295977673,0.9859471298055561,0.11528602877383774,0.027914292681316646,0.07359391985021707,0.8913996845371697,0.24970312801375014,0.10856657739728268,0.1397930905210891,0.9763840509050354,2.477397801907891,0.039958029063030504,1.8566013970513426,0.9376630669163213,3.220882947289402,0.09643362117632939,2.9244944373479007,0.9641684822648474,0.4798846656243226,0.044026116112323176,0.33052399609240507,0.819018770531803,1.3575095341557342,0.12687004992109666,1.1095410871077334,0.9990567214419851,0.9465503705334962,0.007887919754445801,0.7969111308311219,0.9946711639978177,1.7245703812105149,0.022397017937798896,1.4843638923189897,0.9987449684788446,0.9393888295104819,0.009585600301127366,0.7782049856954972,0.9953283958129076,1.028628406800831,0.02337791833638252,0.8416039733242086
Dataset_0136,multi_output,ALL,lightgbm,2024,3,0.9813631295376563,1.0373836290688863,0.0024513424917150363,0.6292458829858931,0.9217750115583617,3.212178381873977,0.007484106201943097,1.6716678784160515,0.9839749423100925,0.0844563842744045,0.038564559029408446,0.0643373658696676,0.8741574978649967,0.4231499770031951,0.12822726575854398,0.29073157598142046,0.9910276027015192,0.4601902157596235,0.02629658375769277,0.37181948470664455,0.9849020182429867,0.9046392848232114,0.04111996749196416,0.7532958919280576,0.9805646812955795,0.11386000764433422,0.031893559564239275,0.07888829299582954,0.9555984130876274,0.2897951961750995,0.0701683283716948,0.21865361748313714,0.9893915022608656,1.555457380003146,0.026363684406832982,1.1663613786008153,0.7546680567515256,6.785794228310489,0.16156652924548784,4.061786304216221,0.9312381121864692,0.6792417639202838,0.06348053868413868,0.44941080635503516,0.9000178385633735,0.9714679541141775,0.10225978464359764,0.7482725302217769,0.9953042094788371,1.8507211545991917,0.016234396092975365,1.5000435582357141,0.9898112993410277,3.928190828063253,0.03671206381367526,3.3716283411618275,0.9980408565302313,0.9976450837917314,0.011467184871169328,0.7738602941375451,0.9932699570569944,2.953605225468906,0.030138828831315367,2.257306887919919
Dataset_0136,multi_output,ALL,lightgbm,2024,4,0.9863532023898778,1.0205016321349756,0.002377683206279067,0.5916802894442232,0.9547886131828817,1.905576671719997,0.00491128008175257,1.3090296510547699,0.9858892902522791,0.10084530111223294,0.030559182155222107,0.07252032453924355,0.9779970948841479,0.10113904134641409,0.05323107439284953,0.06290313096850819,0.9925003763104617,0.4861259135107819,0.022096632432308267,0.3891300610583582,0.9415533633419971,1.2656512996212481,0.08437675330808321,1.137721048961808,0.9868726468146297,0.1164471761496118,0.028195442166976222,0.07975711652201718,0.9944438291539281,0.05312430392868186,0.024257673026795375,0.048120877017038106,0.983480337110889,2.1519346962274484,0.03470862413270078,1.5809962084082474,0.9206426899949343,3.3376712863246474,0.08783345490328019,2.9332594865525743,0.9578803285584526,0.604879502080057,0.054007098400005095,0.41275891188584185,0.8954313043678519,0.47142389528269385,0.09428477905653877,0.38798996452869616,0.9987260466340355,1.178239638037678,0.009818663650313983,0.9143487088845079,0.9704774399648272,2.4964520170729316,0.0542706960233246,2.3216136237532266,0.9991233910483964,0.8030978467455993,0.008194875987199993,0.6922506948113465,0.9829745705724846,2.4918005287124916,0.044496438012723065,2.2715994256015386
Dataset_0136,multi_output,ALL,lightgbm,99,0,0.9906127408574118,1.0691763505859748,0.0024911492592697287,0.6476625000694181,0.8681513290321424,2.824259993942793,0.006885080433795205,1.73839531489138,0.9845460145571242,0.10669491939665936,0.0324300666859147,0.07572670187896506,0.9424564530256988,0.15324070057945768,0.08065300030497773,0.1214733540259883,0.9926081786074361,0.48855765608471863,0.023264650289748508,0.3693713396564995,0.9647236214587689,0.8415696301703028,0.05464737858248718,0.6223760497286097,0.9874894189410499,0.111704600473316,0.027996140469502755,0.07166852364198295,0.9577405112810442,0.1618366784724226,0.0632174525282901,0.11493872053197884,0.9870536414432292,1.9082609245737843,0.030778402009254587,1.4407313000665058,0.8663869851069336,4.5450879776394535,0.10569972041021986,3.582238313175912,0.9876331946433449,0.33204757287146264,0.02964710472066631,0.26271957561473763,0.388519062407077,1.4286972803320694,0.2645735704318647,1.0030127968648248,0.9974825277556286,1.5461139474476322,0.012884282895396936,1.260629540635648,0.9850557103737112,3.497113026253041,0.04317423489201285,3.0851533645937224,0.9974762100540698,1.263816635536313,0.014042407061514588,1.052790518991587,0.9721769595717638,4.4886967113809915,0.05189244753041609,3.639574605318625
Dataset_0136,multi_output,ALL,lightgbm,99,1,0.9834058110162529,1.2199451735472007,0.002842369929047532,0.7213190684132937,0.9375275891479687,2.457573787557017,0.005807258648732288,1.5910651917130962,0.9917796938918133,0.07451424051111465,0.022580072882155956,0.05564531085335021,0.9385038224238784,0.15234387883084854,0.07655471298032591,0.10783973916223158,0.9926073354960694,0.4639766184315691,0.02108984629234405,0.3735079830173304,0.9718533675546552,0.9119593206071224,0.05527026185497711,0.7819523540670222,0.9883409317655127,0.10111077387911434,0.024482027573635434,0.06304948356418354,0.897792381226032,0.3320559620898298,0.09766351826171464,0.2612514163258429,0.9769350933703206,2.4604564147402077,0.03968478088290658,1.941166626155548,0.9831663475545039,1.894635163262395,0.04210300362805322,1.5864823154598409,0.9391453226240005,0.6585820497955513,0.05880196873174566,0.5037026793098691,0.8148181679022696,1.0464545356958106,0.13080681696197632,0.9323821851330251,0.9965653681719469,1.661125116667293,0.013842709305560775,1.3656929794640604,0.9888242993838121,3.725984040703698,0.035150792836827344,3.4821038575735606,0.9984669317941074,0.9694848032698175,0.009892702074181811,0.7464684165287143,0.9677347379906294,4.769158862783378,0.05481791796302733,3.985444474270151
Dataset_0136,multi_output,ALL,lightgbm,99,2,0.9926276938234035,0.7593393517853949,0.0017691969985680217,0.4824054181193418,0.8283856486126824,2.6333317141746715,0.006683583030900182,1.447513628389542,0.9888077397226083,0.0777385718745116,0.029899450720966003,0.06329930556267974,0.8394315407919368,0.3843474762131503,0.12398305684295172,0.26963740387755236,0.9914407760259759,0.4794666179157523,0.025235085153460648,0.377058353337856,0.9598997857919337,1.211507192379426,0.05769081868473457,1.0047977561243815,0.9889506117988609,0.09389221839011155,0.025307875576849475,0.06987194473519029,0.9511862147985852,0.24521242508855032,0.061456748142493814,0.1923993198024754,0.9923362905527882,1.4390844703469963,0.02321103984430639,1.253521935872063,0.8061288015065584,5.699295737773699,0.1424823934443425,3.786126185117421,0.98891371186716,0.30077603017360904,0.028109909362019538,0.20694425059515476,0.2591348512122079,2.0148544913761937,0.26864726551682583,1.3951138324271266,0.9989369176257136,0.9948598511162258,0.00888267724210916,0.7506782211273691,0.9932743353027781,2.189557855584173,0.02575950418334321,1.5696782389357022,0.9990078091707177,0.8001562533519818,0.008422697403705071,0.6554639156050793,0.9896440108847769,2.351526205275171,0.03266008618437737,1.9148426624421353
Dataset_0136,multi_output,ALL,lightgbm,99,3,0.9840951454324474,0.9673254712083968,0.002253787211575948,0.4701903269241021,0.9189241096216099,2.582861070588672,0.006609163435487902,1.59360391720082,0.9894202694423178,0.09085484394195073,0.02753177089150022,0.06611655101476774,0.9007278190698038,0.1472338370570877,0.10516702646934835,0.1103296766753854,0.9962732092240388,0.3661536347474325,0.016643347033974205,0.27733371627184156,0.9010671703663014,0.9315753992215478,0.09754716222215162,0.8118808336982803,0.9861989375901967,0.12233430123322242,0.02962089618237831,0.08789615111350231,0.8882149921310021,0.18919436712427956,0.10475878578310054,0.16506588971369926,0.9742046968982138,2.30020126113943,0.042596319650730186,1.533182726404188,0.9400032278994246,4.93017762927623,0.08356233269959712,3.708980304533067,0.9434576364323436,0.5859297463240449,0.061676815402531046,0.36430762079706214,0.8404487115625876,1.249711640095512,0.13885684889950134,1.00138885100894,0.9996087133888953,0.6182849812089733,0.005152374843408111,0.5049841037585805,0.9726635517763387,4.156382983310981,0.06203556691508927,4.021575787916926,0.9995025550511253,0.613372134361981,0.006258899330224296,0.4575114191087722,0.9893432945458099,1.6214018596304998,0.03603115243623333,1.3360060768594428
Dataset_0136,multi_output,ALL,lightgbm,99,4,0.9846257989854978,1.0088869388528654,0.0023839483432251075,0.5586932703076342,0.9856772517176535,1.4103505151779447,0.0032875303384101275,0.8503555790787741,0.982981009435527,0.10116910865919038,0.030657305654300117,0.06512953930277732,0.98867290924308,0.10387871622400531,0.04328279842666888,0.08762007943471077,0.9941424748405968,0.4077440742633835,0.018533821557426524,0.3264693890377504,0.972686638859322,1.023973102724521,0.06736665149503426,0.7918345054057454,0.9854295523876481,0.115154215763924,0.027882376698286682,0.07372517261236933,0.993531099459193,0.08243582375371428,0.031225690815800854,0.0666464030230126,0.9797979576559384,2.2223682966084906,0.03766725926455069,1.592066506850026,0.9762511343812545,2.607295843529108,0.05214591687058216,2.168968865335468,0.9521353208859366,0.6090095579773179,0.05437585339083196,0.4018244460961486,0.9757209117530156,0.41549871502083546,0.04775847299090063,0.3224855739841535,0.9990495534315055,0.9366088775644098,0.008215867347056226,0.7688733996362183,0.995056674531378,2.07293543718675,0.02303261596874167,1.5438091073161542,0.9988447242613329,0.8649678598957414,0.008826202651997362,0.6827644386181494,0.997821393796331,1.2608808576548878,0.01727234051582038,0.9711245190521751
