dataset,mode,target,model,seed,fold,train_r2,train_rmse,train_nrmse,train_mae,test_r2,test_rmse,test_nrmse,test_mae
Dataset_0136,single_output,Si Particle Size (um),xgboost,42,0,0.9908379059400252,0.07875027898654607,0.023863720905013965,0.059450383356639304,0.9777558379889669,0.11918465855232015,0.05675459931062864,0.08561778664588936
Dataset_0136,single_output,Si Particle Size (um),xgboost,42,1,0.9917815245368388,0.07539385781522791,0.022846623580372094,0.06376558090078419,0.98872495781915,0.07978536665947308,0.038174816583479945,0.05345057964324949
Dataset_0136,single_output,Si Particle Size (um),xgboost,42,2,0.9854180506252362,0.08506645586586224,0.0386665708481192,0.07018559521642227,0.8407365418546962,0.38572181994232324,0.14555540375182013,0.27662270750318246
Dataset_0136,single_output,Si Particle Size (um),xgboost,42,3,0.9911572108826407,0.0783341664827646,0.023809777046433014,0.05831591639025459,0.9085169178789876,0.1312012021749719,0.0937151444106942,0.09731312138693672
Dataset_0136,single_output,Si Particle Size (um),xgboost,42,4,0.9965520933245368,0.05120802036297356,0.015517581928173808,0.04112397300785986,0.8621534800224189,0.2041850614210186,0.12010885965942274,0.15470102514539447
Dataset_0136,single_output,Si Particle Size (um),xgboost,123,0,0.9882435804345038,0.09210414994457315,0.027910348468052473,0.06664634781224386,0.9804215346682396,0.09813336657355469,0.049066683286777345,0.07405721545219424
Dataset_0136,single_output,Si Particle Size (um),xgboost,123,1,0.9911874138048717,0.08046110788552516,0.024382153904704593,0.059109264899944454,0.9762019761435706,0.08837215181582288,0.06797857831986376,0.07713617256709503
Dataset_0136,single_output,Si Particle Size (um),xgboost,123,2,0.9964475484279368,0.04986486635324367,0.015110565561588992,0.03569423576881145,0.9440954091848686,0.1766417042517228,0.0887646755033783,0.1116615843772889
Dataset_0136,single_output,Si Particle Size (um),xgboost,123,3,0.9863255485593482,0.08923335937031376,0.027122601632314218,0.06851686822957004,0.9809894601309752,0.14049883931076823,0.05403801511952625,0.12147074937820433
Dataset_0136,single_output,Si Particle Size (um),xgboost,123,4,0.9923393581157588,0.06865796617821583,0.026406910068544554,0.05363786105451912,0.9197922833257781,0.2529062312740621,0.09032365402645075,0.20120542049407955
Dataset_0136,single_output,Si Particle Size (um),xgboost,7,0,0.9871545598889973,0.08199531244127989,0.03416471351719995,0.06395597636699678,0.9196768955006656,0.29239340681944087,0.09746446893981364,0.18824959397315974
Dataset_0136,single_output,Si Particle Size (um),xgboost,7,1,0.9940107110369554,0.06157882766781978,0.018716968895993856,0.047387706493509214,0.9704060611006868,0.15709144246077456,0.0654547676919894,0.1346714224134173
Dataset_0136,single_output,Si Particle Size (um),xgboost,7,2,0.9910346438440735,0.07857564953857862,0.02381080289047837,0.058176806548546116,0.9901873221999364,0.0725451544937625,0.03627257724688125,0.06238627093178888
Dataset_0136,single_output,Si Particle Size (um),xgboost,7,3,0.9965306876373936,0.0501459076431757,0.015195729588841122,0.03833826821425866,0.9125202785589179,0.18939727445763657,0.09517450977770683,0.11668830973761425
Dataset_0136,single_output,Si Particle Size (um),xgboost,7,4,0.9923004179824704,0.07718405336400913,0.023389107080002768,0.04953429707165425,0.9274021998372046,0.13524126913686207,0.09016084609124136,0.11735580648694713
Dataset_0136,single_output,Si Particle Size (um),xgboost,2024,0,0.9917247709859793,0.07297956982937417,0.02211502116041642,0.05431951241833825,0.9635182102532897,0.13874627348003046,0.06335446277626962,0.11359426259994503
Dataset_0136,single_output,Si Particle Size (um),xgboost,2024,1,0.9919018021736724,0.07843327205121804,0.023767658197338802,0.057392729890757596,0.9655089755400855,0.10309639528771398,0.05727577515984109,0.09066097225461696
Dataset_0136,single_output,Si Particle Size (um),xgboost,2024,2,0.9960459885972563,0.054978635522651274,0.016660192582621598,0.04091088286761577,0.8086330529508011,0.20632348896502148,0.1587103761269396,0.17068679332733164
Dataset_0136,single_output,Si Particle Size (um),xgboost,2024,3,0.9833249348542177,0.08615221611621075,0.03933891146858939,0.0694435188688081,0.8761800011696619,0.41973583330984454,0.12719267676055895,0.3204655000141688
Dataset_0136,single_output,Si Particle Size (um),xgboost,2024,4,0.9915435752629017,0.07806828370578542,0.023657055668419826,0.05906773484986405,0.9882805513402797,0.07381292410317997,0.0388489074227263,0.051045138495309006
Dataset_0136,single_output,Si Particle Size (um),xgboost,99,0,0.9923534455041795,0.07505098289006347,0.022811848902754856,0.0537656878573554,0.9635580359116557,0.12194856735252496,0.06418345650132892,0.10174781680107116
Dataset_0136,single_output,Si Particle Size (um),xgboost,99,1,0.9961507872316735,0.05098955749854655,0.015451381060165623,0.04126868987905569,0.8906200346862578,0.20317479890332435,0.10209788889614291,0.1448727900641305
Dataset_0136,single_output,Si Particle Size (um),xgboost,99,2,0.9906097487732318,0.07120594642453032,0.027386902470973203,0.05389768797775793,0.8936566576444399,0.31278726791082034,0.1008991186809098,0.21847846508026114
Dataset_0136,single_output,Si Particle Size (um),xgboost,99,3,0.9922570559942873,0.07772555689375535,0.023553199058713743,0.05732806789463965,0.9735986843704281,0.07592881699146142,0.054234869279615294,0.06424683502742222
Dataset_0136,single_output,Si Particle Size (um),xgboost,99,4,0.989693022488168,0.07873116705994956,0.02385792941210593,0.058002448986316575,0.9894337088242289,0.1003295053032141,0.04180396054300588,0.08332047462463381
Dataset_0136,single_output,Si Particle Size (um),lightgbm,42,0,0.9848001204218421,0.10143195627901226,0.030736956448185537,0.07356144008263413,0.9864874200886236,0.09289267504911528,0.04423460716624537,0.06860186565575548
Dataset_0136,single_output,Si Particle Size (um),lightgbm,42,1,0.9863251106398511,0.09725282944398428,0.029470554376964934,0.06623403189865198,0.9568682602601963,0.1560495948902909,0.07466487793793825,0.12889730973876076
Dataset_0136,single_output,Si Particle Size (um),lightgbm,42,2,0.9877297254207613,0.07803288912056558,0.035469495054802534,0.06342207918699486,0.8407551717318116,0.3856992593363099,0.14554689031558868,0.28087610012954517
Dataset_0136,single_output,Si Particle Size (um),lightgbm,42,3,0.9877792323960933,0.09208859253116237,0.027990453656888264,0.06940263613456937,0.8918489618687738,0.14265361012262706,0.10189543580187646,0.10650084396521123
Dataset_0136,single_output,Si Particle Size (um),lightgbm,42,4,0.9924022385940552,0.07601565838464779,0.023035047995347814,0.055839744823104054,0.835406469424808,0.22311688723600592,0.13124522778588585,0.18789024139531477
Dataset_0136,single_output,Si Particle Size (um),lightgbm,123,0,0.9886868450036972,0.09035111758337191,0.027379126540415733,0.06326357896339548,0.9744419915573994,0.11212201123197958,0.05606100561598979,0.09384328594146726
Dataset_0136,single_output,Si Particle Size (um),lightgbm,123,1,0.9880247287695375,0.09379441922020165,0.028422551278848986,0.06791925564536415,0.9591382252080803,0.11579867633923861,0.0890759048763374,0.10296502285229006
Dataset_0136,single_output,Si Particle Size (um),lightgbm,123,2,0.987689960604677,0.09282400394056874,0.028128486042596587,0.0681343720828775,0.9506072152454069,0.16603561906640568,0.08343498445548025,0.11984350378088758
Dataset_0136,single_output,Si Particle Size (um),lightgbm,123,3,0.9828649626430475,0.09988834424725028,0.030361198859346593,0.06712309789561066,0.9897402501997785,0.10321525652882728,0.0396981755880105,0.09166115875320757
Dataset_0136,single_output,Si Particle Size (um),lightgbm,123,4,0.9901758868434531,0.07775082968867185,0.029904165264873793,0.06293259505994415,0.847950222350732,0.34821249264432536,0.12436160451583049,0.25925806976847904
Dataset_0136,single_output,Si Particle Size (um),lightgbm,7,0,0.9872263812541877,0.081765765225316,0.03406906884388167,0.06614084818960257,0.8694156375933287,0.37281460638848457,0.12427153546282821,0.23980580595623618
Dataset_0136,single_output,Si Particle Size (um),lightgbm,7,1,0.9872573554158652,0.08982010701646058,0.027300944381902916,0.0650296950093121,0.9878011918725834,0.10085788143054561,0.04202411726272733,0.08391779367971365
Dataset_0136,single_output,Si Particle Size (um),lightgbm,7,2,0.9834044926594985,0.10690535823725617,0.03239556310219884,0.07864791180936087,0.9783994448980875,0.10763340920507611,0.053816704602538054,0.09136245940187902
Dataset_0136,single_output,Si Particle Size (um),lightgbm,7,3,0.9908551799492362,0.08141442812079155,0.02467103882448229,0.06235018097999744,0.887268295534372,0.2150022802511295,0.10804134685986408,0.1806820026220986
Dataset_0136,single_output,Si Particle Size (um),lightgbm,7,4,0.9882957605085411,0.09516244836283341,0.028837105564494977,0.0664906917195434,0.8689188924483688,0.18172620539998993,0.12115080359999326,0.14876686562418365
Dataset_0136,single_output,Si Particle Size (um),lightgbm,2024,0,0.9859634464209647,0.09504768251829572,0.02880232803584719,0.06801732199219578,0.9435777773476416,0.17254737418484015,0.07878875533554344,0.15392956052955692
Dataset_0136,single_output,Si Particle Size (um),lightgbm,2024,1,0.9855819069363353,0.10465501745944618,0.03171364165437763,0.0762854751428133,0.9517041384244275,0.12199594421086678,0.06777552456159264,0.10389763438053404
Dataset_0136,single_output,Si Particle Size (um),lightgbm,2024,2,0.9918870701555257,0.07875241102811974,0.0238643669782181,0.05887454193464014,0.8499123604324326,0.1827206673344664,0.1405543594880511,0.11269234865544729
Dataset_0136,single_output,Si Particle Size (um),lightgbm,2024,3,0.9839749423100925,0.0844563842744045,0.038564559029408446,0.0643373658696676,0.8741574978649967,0.4231499770031951,0.12822726575854398,0.29073157598142046
Dataset_0136,single_output,Si Particle Size (um),lightgbm,2024,4,0.9858892902522791,0.10084530111223294,0.030559182155222107,0.07252032453924355,0.9779970948841479,0.10113904134641409,0.05323107439284953,0.06290313096850819
Dataset_0136,single_output,Si Particle Size (um),lightgbm,99,0,0.9845460145571242,0.10669491939665936,0.0324300666859147,0.07572670187896506,0.9424564530256988,0.15324070057945768,0.08065300030497773,0.1214733540259883
Dataset_0136,single_output,Si Particle Size (um),lightgbm,99,1,0.9917796938918133,0.07451424051111465,0.022580072882155956,0.055645310853350186,0.9385038224238784,0.15234387883084854,0.07655471298032591,0.10783973916223158
Dataset_0136,single_output,Si Particle Size (um),lightgbm,99,2,0.9888077397226083,0.0777385718745116,0.029899450720966003,0.06329930556267974,0.8394315407919368,0.3843474762131503,0.12398305684295172,0.26963740387755236
Dataset_0136,single_output,Si Particle Size (um),lightgbm,99,3,0.9894202694423178,0.09085484394195076,0.027531770891500232,0.06611655101476777,0.9007278190698038,0.1472338370570877,0.10516702646934835,0.1103296766753854
Dataset_0136,single_output,Si Particle Size (um),lightgbm,99,4,0.982981009435527,0.10116910865919038,0.030657305654300117,0.0651295393027773,0.98867290924308,0.10387871622400531,0.04328279842666888,0.08762007943471077
Dataset_0136,single_output,Si Particle Size (um),gradient_boosting,42,0,0.9629058403196588,0.15845556509761966,0.048016837908369595,0.1196968870154053,0.9815486373731261,0.1085491817219515,0.051690086534262616,0.09904879515593602
Dataset_0136,single_output,Si Particle Size (um),gradient_boosting,42,1,0.9903103696196541,0.08186418455372627,0.024807328652644324,0.06044540427809036,0.9674995325857891,0.1354593418047913,0.06481308220324943,0.11990032789889778
Dataset_0136,single_output,Si Particle Size (um),gradient_boosting,42,2,0.9850965246229667,0.08599918256865903,0.03909053753120865,0.06908847535240095,0.8808198461324671,0.3336707268320353,0.12591348182340958,0.24349143371098209
Dataset_0136,single_output,Si Particle Size (um),gradient_boosting,42,3,0.9857330593732593,0.09949975687476027,0.030243087195975772,0.06940862779416655,0.8435473560352702,0.1715769225571428,0.12255494468367341,0.15398747545658906
Dataset_0136,single_output,Si Particle Size (um),gradient_boosting,42,4,0.9980298903120621,0.038708419503091646,0.011729824091845954,0.027491130819877745,0.8992559641698479,0.174556382973505,0.10268022527853238,0.11270704595309201
Dataset_0136,single_output,Si Particle Size (um),gradient_boosting,123,0,0.9833512920083888,0.1096053941851381,0.03321375581367821,0.08239723631283365,0.935581245881245,0.178005546773584,0.089002773386792,0.13220511315884068
Dataset_0136,single_output,Si Particle Size (um),gradient_boosting,123,1,0.989543458660344,0.0876452428335256,0.026559164495007757,0.06398050747530779,0.9666921235365281,0.10454865613993258,0.08042204318456353,0.08850206577949885
Dataset_0136,single_output,Si Particle Size (um),gradient_boosting,123,2,0.9958981040265984,0.053582490715046976,0.016237118398499086,0.03415109073469837,0.9024128480362437,0.23338118002031186,0.11727697488457883,0.15082663416885062
Dataset_0136,single_output,Si Particle Size (um),gradient_boosting,123,3,0.9766283813075813,0.11665857914836607,0.035458534695552,0.08177668883776353,0.9670598351643661,0.18494321173836867,0.0711320045147572,0.1513939878974415
Dataset_0136,single_output,Si Particle Size (um),gradient_boosting,123,4,0.9805962641573105,0.10927002209099773,0.04202693157346067,0.07789641749858846,0.9053692582308269,0.27470563966152134,0.09810915702197191,0.24861814678379118
Dataset_0136,single_output,Si Particle Size (um),gradient_boosting,7,0,0.96745954263548,0.1305047614440713,0.0543769839350297,0.07707840908674443,0.8710660107481465,0.37045123135163366,0.1234837437838779,0.24665354623063354
Dataset_0136,single_output,Si Particle Size (um),gradient_boosting,7,1,0.9846077361811607,0.09871770093237335,0.030005380222605887,0.07249763863184415,0.9677965519760716,0.1638710846141148,0.06827961858921448,0.1374803784810788
Dataset_0136,single_output,Si Particle Size (um),gradient_boosting,7,2,0.9911895278546151,0.0778939625693854,0.02360423108163194,0.06104283484208661,0.9914253102033926,0.0678147006901206,0.0339073503450603,0.05922386831025544
Dataset_0136,single_output,Si Particle Size (um),gradient_boosting,7,3,0.9932755956334487,0.06981370802672487,0.02115566909900754,0.053874651656989334,0.9232803315685848,0.1773672317437177,0.08912926218277273,0.13611836664252938
Dataset_0136,single_output,Si Particle Size (um),gradient_boosting,7,4,0.9922862064746388,0.07725525178044074,0.023410682357709316,0.057094463765072705,0.9440287558283336,0.11874900723960727,0.07916600482640483,0.09850427409628655
Dataset_0136,single_output,Si Particle Size (um),gradient_boosting,2024,0,0.9868942146427401,0.09184231324292182,0.027831004013006613,0.06611688941444031,0.9281255657304892,0.19474686673516498,0.08892550992473287,0.1778713519617387
Dataset_0136,single_output,Si Particle Size (um),gradient_boosting,2024,1,0.9928879541583296,0.07350272089395991,0.02227355178604846,0.056516238473142355,0.9714067037807282,0.09386907653107057,0.05214948696170586,0.07442366458283602
Dataset_0136,single_output,Si Particle Size (um),gradient_boosting,2024,2,0.9945910907411634,0.06430279438306848,0.019485695267596508,0.04813959783713312,0.7919118696209222,0.21514876775849529,0.16549905212191948,0.1452358353108707
Dataset_0136,single_output,Si Particle Size (um),gradient_boosting,2024,3,0.98063494537058,0.09284147829099644,0.04239336908264678,0.06923676963869768,0.9203666780409003,0.3366108152732878,0.10200327735554177,0.26700328463270073
Dataset_0136,single_output,Si Particle Size (um),gradient_boosting,2024,4,0.9857843989070804,0.10121942171993355,0.0306725520363435,0.0666869258348959,0.959475028457609,0.13725879413004483,0.07224147059476044,0.10396517189882225
Dataset_0136,single_output,Si Particle Size (um),gradient_boosting,99,0,0.983081625755269,0.11163562394556777,0.03393180059135799,0.07930171561511752,0.8984693599307454,0.2035515326339667,0.10713238559682457,0.17561291575759672
Dataset_0136,single_output,Si Particle Size (um),gradient_boosting,99,1,0.9914719778240617,0.07589609736066749,0.022998817382020455,0.055934003704391395,0.9586912685260125,0.12485958216445738,0.06274350862535547,0.08414595019854706
Dataset_0136,single_output,Si Particle Size (um),gradient_boosting,99,2,0.9929988369355891,0.06148409060498859,0.023647727155764846,0.04934581214332048,0.9369593878964472,0.2408264170211993,0.07768594097458043,0.1683828603416643
Dataset_0136,single_output,Si Particle Size (um),gradient_boosting,99,3,0.982329859422694,0.11741694739225467,0.03558089314916808,0.0884322940300031,0.9297490494736294,0.12385682737084269,0.08846916240774477,0.09024228292388593
Dataset_0136,single_output,Si Particle Size (um),gradient_boosting,99,4,0.9808789027794448,0.1072352157204493,0.03249551991528767,0.07623476851084891,0.9545956354719071,0.20797741911236514,0.08665725796348547,0.16661513343741413
Dataset_0136,single_output,Hardness (HV),xgboost,42,0,0.993060398257214,0.44162076362566705,0.020073671073893958,0.35023901803152924,0.9565348091979233,1.2514168103245058,0.08073656840803263,0.9358352661132798
Dataset_0136,single_output,Hardness (HV),xgboost,42,1,0.9957559939308605,0.3664844228153355,0.016658382855242522,0.29439544677734375,0.9547454197079396,1.0213541275557403,0.0756558613004252,0.9698431832449776
Dataset_0136,single_output,Hardness (HV),xgboost,42,2,0.9916758816449107,0.4684646147545883,0.025322411608356122,0.3664117747339705,0.9664097560042262,1.0894813171327318,0.06809258232079574,0.8592289515904018
Dataset_0136,single_output,Hardness (HV),xgboost,42,3,0.9970303566271808,0.30775967278473526,0.014655222513558821,0.2379206164129852,0.7574529861115273,1.4969674883149047,0.14969674883149048,1.0744267054966505
Dataset_0136,single_output,Hardness (HV),xgboost,42,4,0.9948520028214569,0.4177605761370189,0.01898911709713722,0.31844203554350786,0.9694112639422757,0.7302946115537285,0.04967990554787268,0.473001316615513
Dataset_0136,single_output,Hardness (HV),xgboost,123,0,0.9949548437159338,0.4023351612379051,0.01828796187445023,0.3273780277797153,0.9256210728174944,1.3963752769500344,0.08213972217353144,1.220856094360352
Dataset_0136,single_output,Hardness (HV),xgboost,123,1,0.995971649291195,0.3593249727762765,0.016332953308012568,0.2680903993803882,0.931259230078034,1.1339882602177376,0.09449902168481146,0.6589351109095978
Dataset_0136,single_output,Hardness (HV),xgboost,123,2,0.9945156619837165,0.40926440899547734,0.018602927681612605,0.3103997592268321,0.9715019291371242,0.9496902649888312,0.05935564156180195,0.8004006522042418
Dataset_0136,single_output,Hardness (HV),xgboost,123,3,0.9902669193966991,0.5213740860939285,0.024827337433044216,0.43384588833512894,0.9734095829574224,1.0639154417492325,0.05599554956574908,0.8439383370535722
Dataset_0136,single_output,Hardness (HV),xgboost,123,4,0.9939469967454243,0.43207349339611184,0.02274071017874273,0.3356096991177263,0.9823168264362993,0.6871774955347691,0.04294859347092307,0.4903564453125
Dataset_0136,single_output,Hardness (HV),xgboost,7,0,0.9916640351225867,0.48547424129231925,0.025551275857490487,0.3845905303955079,0.9894236368967514,0.622907465939761,0.034225684941745105,0.5015613555908214
Dataset_0136,single_output,Hardness (HV),xgboost,7,1,0.9934598283201188,0.43173537872505247,0.02055882755833583,0.3230180937668371,0.9718557032109003,1.0490359702403098,0.0552124194863321,0.8473007202148446
Dataset_0136,single_output,Hardness (HV),xgboost,7,2,0.9937648306385415,0.4356444649620407,0.019802021134638213,0.3321885733768858,0.9703608308997088,0.8961789995740831,0.059745266638272204,0.6482129778180804
Dataset_0136,single_output,Hardness (HV),xgboost,7,3,0.9945214216656045,0.4092203723871275,0.018600926017596706,0.28278719145676184,0.9660675366232641,1.0254560522287244,0.06214885165022572,0.7542964390345982
Dataset_0136,single_output,Hardness (HV),xgboost,7,4,0.9971524063447348,0.3181449508062603,0.014461134127557286,0.2657090811893857,0.8515000820152673,1.2803525752993776,0.1273982661989431,0.7873825073242183
Dataset_0136,single_output,Hardness (HV),xgboost,2024,0,0.9916653292985668,0.4854015134587351,0.022063705157215233,0.3656564440046033,0.9389785010675636,1.2189289099541252,0.08406406275545691,0.7697568893432614
Dataset_0136,single_output,Hardness (HV),xgboost,2024,1,0.9943544379121066,0.4451202556349758,0.0202327388924989,0.35912428231074894,0.973131287723034,0.5859881764162356,0.046506998128272636,0.5032063075474339
Dataset_0136,single_output,Hardness (HV),xgboost,2024,2,0.9934165344182302,0.47114011749605333,0.021415459886184242,0.35177880648908927,0.8583428515190809,1.2255018849920762,0.1167144652373406,0.9061061314174107
Dataset_0136,single_output,Hardness (HV),xgboost,2024,3,0.9939218293442533,0.37876477029035793,0.021643701159449025,0.3015539761247304,0.9590945459093998,1.4890408230628323,0.06768367377558328,1.2763421194893974
Dataset_0136,single_output,Hardness (HV),xgboost,2024,4,0.994634915807317,0.41116610604913484,0.018689368456778856,0.3288983575228986,0.9535534789781603,1.12826444381874,0.07521762958791599,0.9098179408482139
Dataset_0136,single_output,Hardness (HV),xgboost,99,0,0.9935654060251103,0.4558276496416212,0.021706078554362913,0.35550362723214285,0.9819435904413413,0.6020932466470598,0.03909696406799088,0.4300867080688491
Dataset_0136,single_output,Hardness (HV),xgboost,99,1,0.9933377051673679,0.44046106105707394,0.02002095732077609,0.3249736391264818,0.9861702032598889,0.6392491276394556,0.03874237137208822,0.4215639386858255
Dataset_0136,single_output,Hardness (HV),xgboost,99,2,0.9926784797762105,0.4434470939821292,0.023339320735901538,0.35638143605199335,0.9555037171602746,1.2761875883562104,0.06077083754077192,1.127992902483259
Dataset_0136,single_output,Hardness (HV),xgboost,99,3,0.9969842127439303,0.3293792183128114,0.014971782650582337,0.24862991859172934,0.8004151445275041,1.3231576371407099,0.1385505379204932,0.8645553588867188
Dataset_0136,single_output,Hardness (HV),xgboost,99,4,0.9942979271423179,0.40229715186280685,0.01828623417558213,0.3203076592807111,0.9535499314999397,1.3353470606837008,0.0878517803081382,1.0440582275390622
Dataset_0136,single_output,Hardness (HV),lightgbm,42,0,0.9890908069617791,0.5537051003998469,0.025168413654538493,0.44882724136112423,0.9647760787087754,1.1265488806017798,0.07268057294205031,0.8576378653712506
Dataset_0136,single_output,Hardness (HV),lightgbm,42,1,0.9962011074087145,0.346733680156404,0.01576062182529109,0.29016204085231406,0.9276313391431932,1.2915771282899442,0.0956723798733292,1.089013922570197
Dataset_0136,single_output,Hardness (HV),lightgbm,42,2,0.9895858231345785,0.5239865549764283,0.028323597566293424,0.40931456379634656,0.9698695965284992,1.0318478927108927,0.0644904932944308,0.9395871268132409
Dataset_0136,single_output,Hardness (HV),lightgbm,42,3,0.9945934143561853,0.41526096243983485,0.01977433154475404,0.3080856514875597,0.8338056730521181,1.2391460582010956,0.12391460582010956,1.0735936080126092
Dataset_0136,single_output,Hardness (HV),lightgbm,42,4,0.9947881311035204,0.4203441857739157,0.01910655389881435,0.33493109128454635,0.9630474409288957,0.8026747291095987,0.05460372306868017,0.7384295051144514
Dataset_0136,single_output,Hardness (HV),lightgbm,123,0,0.9931498283857796,0.4688148960343626,0.021309768001561938,0.33855069653861036,0.9287896920370924,1.366308052679265,0.08037106192230971,1.132340973837632
Dataset_0136,single_output,Hardness (HV),lightgbm,123,1,0.9980007957202948,0.25313508952030667,0.011506140432741212,0.2029430399581135,0.9114426616379254,1.2871040000176637,0.10725866666813864,1.010257222160947
Dataset_0136,single_output,Hardness (HV),lightgbm,123,2,0.9937683174404139,0.436259133930653,0.0198299606332115,0.3364338886480233,0.9615102794518573,1.103688796692088,0.0689805497932555,0.9192348968039609
Dataset_0136,single_output,Hardness (HV),lightgbm,123,3,0.9904944087587157,0.5152450747678372,0.024535479750849392,0.3814788367540945,0.9887497425313648,0.692031349465769,0.03642270260346153,0.4784373290879265
Dataset_0136,single_output,Hardness (HV),lightgbm,123,4,0.992653377672339,0.476009946610682,0.025053155084772738,0.3943454258482119,0.9668624704068599,0.9406951128605211,0.05879344455378257,0.6974327900238961
Dataset_0136,single_output,Hardness (HV),lightgbm,7,0,0.9904701085152212,0.5190775323236773,0.027319870122298803,0.40103621659557426,0.9755780671091449,0.9465539600177005,0.05200845934163189,0.8097637920665974
Dataset_0136,single_output,Hardness (HV),lightgbm,7,1,0.9932313774489328,0.4392110040591015,0.020914809717100073,0.30706549959841983,0.9788625910287868,0.9091196694143363,0.04784840365338612,0.7768868334664794
Dataset_0136,single_output,Hardness (HV),lightgbm,7,2,0.9919453220682479,0.49514473241838153,0.02250657874629007,0.39957922734956586,0.9731152166210668,0.853522592496702,0.056901506166446805,0.6437620692967171
Dataset_0136,single_output,Hardness (HV),lightgbm,7,3,0.993880053024027,0.4325109808547512,0.01965959003885233,0.3231805891259555,0.9680403219457983,0.9952004323333251,0.060315177717171216,0.7852662644200551
Dataset_0136,single_output,Hardness (HV),lightgbm,7,4,0.9965481698167669,0.3502762872209068,0.015921649419132128,0.29480487355038393,0.8614939178136861,1.2365192873035473,0.12303674500532813,1.0768526246064616
Dataset_0136,single_output,Hardness (HV),lightgbm,2024,0,0.9936788347303309,0.42272260853091154,0.01921466402413234,0.3217732690633908,0.9201468759080961,1.3943856275012683,0.09616452603457022,1.0968049138250624
Dataset_0136,single_output,Hardness (HV),lightgbm,2024,1,0.9959642286691608,0.376345770092096,0.017106625913277093,0.2912226752635449,0.8871315667721413,1.201023970057232,0.09531936270295487,1.081091968511424
Dataset_0136,single_output,Hardness (HV),lightgbm,2024,2,0.9922450838797683,0.5113418678874553,0.023242812176702512,0.36246143699383504,0.9549686933362364,0.6909585742008985,0.06580557849532366,0.4954836295977673
Dataset_0136,single_output,Hardness (HV),lightgbm,2024,3,0.9910276027015192,0.4601902157596235,0.02629658375769277,0.37181948470664455,0.9849020182429867,0.9046392848232114,0.04111996749196416,0.7532958919280576
Dataset_0136,single_output,Hardness (HV),lightgbm,2024,4,0.9925003763104617,0.4861259135107819,0.022096632432308267,0.3891300610583582,0.9415533633419971,1.2656512996212481,0.08437675330808321,1.137721048961808
Dataset_0136,single_output,Hardness (HV),lightgbm,99,0,0.9926081786074361,0.48855765608471863,0.023264650289748508,0.3693713396564995,0.9647236214587689,0.8415696301703028,0.05464737858248718,0.6223760497286097
Dataset_0136,single_output,Hardness (HV),lightgbm,99,1,0.9926073354960694,0.4639766184315691,0.02108984629234405,0.3735079830173304,0.9718533675546552,0.9119593206071224,0.05527026185497711,0.7819523540670222
Dataset_0136,single_output,Hardness (HV),lightgbm,99,2,0.9914407760259759,0.4794666179157523,0.025235085153460648,0.377058353337856,0.9598997857919337,1.211507192379426,0.05769081868473457,1.0047977561243815
Dataset_0136,single_output,Hardness (HV),lightgbm,99,3,0.9962732092240388,0.3661536347474325,0.016643347033974205,0.27733371627184156,0.9010671703663014,0.9315753992215478,0.09754716222215162,0.8118808336982803
Dataset_0136,single_output,Hardness (HV),lightgbm,99,4,0.9941424748405968,0.4077440742633835,0.018533821557426524,0.3264693890377504,0.972686638859322,1.023973102724521,0.06736665149503426,0.7918345054057454
Dataset_0136,single_output,Hardness (HV),gradient_boosting,42,0,0.9868311254661355,0.6083542419173632,0.027652465541698326,0.493472069687532,0.9413845394986016,1.453239788610153,0.09375740571678406,1.194277722718951
Dataset_0136,single_output,Hardness (HV),gradient_boosting,42,1,0.9952932571714252,0.3859470774291619,0.017543048974052813,0.3032879842029471,0.9453807995400115,1.1220643049668568,0.0831158744419894,0.9642846136029054
Dataset_0136,single_output,Hardness (HV),gradient_boosting,42,2,0.9836185591495316,0.6571790617162301,0.03552319252520163,0.4473265051413037,0.9562845794088133,1.2428838318451314,0.07768023949032071,1.1022933512308069
Dataset_0136,single_output,Hardness (HV),gradient_boosting,42,3,0.9900153115309945,0.5643217930869854,0.026872466337475493,0.33601952534882945,0.6681399680212934,1.751023108375822,0.1751023108375822,1.2998418461528973
Dataset_0136,single_output,Hardness (HV),gradient_boosting,42,4,0.990609803637108,0.5642163152740055,0.025646196148818433,0.4632447321873015,0.9366246108007988,1.0511813568886759,0.07150893584276705,0.8131639951309312
Dataset_0136,single_output,Hardness (HV),gradient_boosting,123,0,0.987062696946755,0.6442768879890718,0.029285313090412355,0.46766274190417434,0.9178658385377513,1.467368222803201,0.086315777811953,1.3109316980551178
Dataset_0136,single_output,Hardness (HV),gradient_boosting,123,1,0.9865362762085491,0.6569107387071016,0.02985957903214098,0.3648039991316959,0.8722838292980573,1.5456967962585204,0.1288080663548767,1.026761793453868
Dataset_0136,single_output,Hardness (HV),gradient_boosting,123,2,0.9931638355376884,0.45692836919288365,0.020769471326949257,0.35917502250697847,0.9525569255763218,1.2253514455733254,0.07658446534833284,1.0536732930421908
Dataset_0136,single_output,Hardness (HV),gradient_boosting,123,3,0.9785681389666497,0.7736672691052131,0.03684129852881967,0.5137377531715088,0.9544237595045206,1.3928802708695256,0.07330948794050135,1.0540288455555742
Dataset_0136,single_output,Hardness (HV),gradient_boosting,123,4,0.9845941166649705,0.6893114188958194,0.03627954836293786,0.4552871002443839,0.9835709405235552,0.662361642463311,0.041397602653956936,0.4859000985122687
Dataset_0136,single_output,Hardness (HV),gradient_boosting,7,0,0.9531189693192199,1.151295558354183,0.060594503071272794,0.7117877438212342,0.9327574926661238,1.5706423721664013,0.08629903143771435,1.2346408435520129
Dataset_0136,single_output,Hardness (HV),gradient_boosting,7,1,0.9904341541307952,0.5221373415858085,0.024863682932657546,0.3828102204897874,0.952617201949351,1.3611485677666098,0.07163939830350578,1.1805294468231133
Dataset_0136,single_output,Hardness (HV),gradient_boosting,7,2,0.9775765315665775,0.8261510669981847,0.03755232122719022,0.5064758154592887,0.9550555956501168,1.1035691846449764,0.07357127897633177,0.9553904215208381
Dataset_0136,single_output,Hardness (HV),gradient_boosting,7,3,0.9824442672131476,0.7325424377008997,0.03329738353185908,0.5136631299596476,0.9306645597606514,1.4658414453574329,0.08883887547620806,1.0332598065804848
Dataset_0136,single_output,Hardness (HV),gradient_boosting,7,4,0.9802819296442613,0.8371788204039873,0.038053582745635785,0.5604875569881799,0.885166630280471,1.1259018351910217,0.1120300333523405,0.8502998998841471
Dataset_0136,single_output,Hardness (HV),gradient_boosting,2024,0,0.9769885099427721,0.8065462455378655,0.03666119297899389,0.53894682949342,0.7971107222973515,2.2226265091131983,0.15328458683539298,1.7002999641928405
Dataset_0136,single_output,Hardness (HV),gradient_boosting,2024,1,0.987554109679791,0.6609015165817648,0.030040978026443853,0.47136378236523546,0.9896422944048369,0.36382891241101917,0.028875310508811026,0.30717859716651624
Dataset_0136,single_output,Hardness (HV),gradient_boosting,2024,2,0.989434494715875,0.5968537639054416,0.027129716541156437,0.4036148147203165,0.8682740201296413,1.1817631806568312,0.11254887434826963,0.5978498241711553
Dataset_0136,single_output,Hardness (HV),gradient_boosting,2024,3,0.9850257877989329,0.5945044700893276,0.03397168400510443,0.4483390332392738,0.9497762784845063,1.6499486964513341,0.07499766802051519,1.221797474304712
Dataset_0136,single_output,Hardness (HV),gradient_boosting,2024,4,0.9841153404208903,0.7074862310699915,0.03215846504863598,0.5390860313190268,0.9316859180909132,1.3683255148212927,0.09122170098808619,1.0797390836995626
Dataset_0136,single_output,Hardness (HV),gradient_boosting,99,0,0.9856029735949711,0.6818306056733611,0.03246812407968386,0.5252431383694781,0.973027327266859,0.7358851669106931,0.047784751098096934,0.5614223605978896
Dataset_0136,single_output,Hardness (HV),gradient_boosting,99,1,0.9817746087453338,0.7285074993607983,0.03311397724367265,0.5377916958290501,0.9207137413818512,1.5305982335695192,0.09276352930724359,1.0657833828375638
Dataset_0136,single_output,Hardness (HV),gradient_boosting,99,2,0.9853097803390974,0.6281383724869499,0.03305991434141842,0.5099924344218622,0.9445895844614565,1.4241257989346954,0.0678155142349855,1.2287642351188595
Dataset_0136,single_output,Hardness (HV),gradient_boosting,99,3,0.9880174019577294,0.6565553419689786,0.029843424634953573,0.4109980828146115,0.8755244411685961,1.0449363526629236,0.10941741912700774,0.7687460207556792
Dataset_0136,single_output,Hardness (HV),gradient_boosting,99,4,0.9904649667820872,0.5202255547818252,0.0236466161264466,0.40271068424527956,0.9185716317595327,1.7680267900999673,0.11631755198026099,1.38248860454871
Dataset_0136,single_output,wear rate,xgboost,42,0,0.9934035002721302,0.07905643805429576,0.019141994686270158,0.06478098705836717,0.9525559931410192,0.19951153995029566,0.08077390281388486,0.17945470571517952
Dataset_0136,single_output,wear rate,xgboost,42,1,0.9932253349542041,0.08322818807109135,0.020152103649174663,0.07379639092807115,0.9666930462083988,0.13479336739039258,0.06984112300020341,0.11631802804129496
Dataset_0136,single_output,wear rate,xgboost,42,2,0.9860262007499329,0.10354604221812197,0.027909984425369804,0.07966793073456864,0.9491017893854277,0.23717307039074606,0.07601700974062374,0.15615328761509492
Dataset_0136,single_output,wear rate,xgboost,42,3,0.9930073306928754,0.08293337465137506,0.020785306930169185,0.06686356406376279,0.8734074229206272,0.19338303281941632,0.10396937248355714,0.16417583193097787
Dataset_0136,single_output,wear rate,xgboost,42,4,0.9897835454488827,0.09682179102542549,0.023443532935938375,0.07374379190905346,0.9533586706798186,0.21845246986003497,0.0656013423003108,0.1481691000802176
Dataset_0136,single_output,wear rate,xgboost,123,0,0.9895008783490991,0.10411251153053151,0.025208840564293344,0.08576163291931158,0.990613053013825,0.07557224290304024,0.033029826443636466,0.060511447429657084
Dataset_0136,single_output,wear rate,xgboost,123,1,0.9922777206115055,0.08771146503697143,0.021237642866094777,0.06935755473169797,0.9447734328075191,0.1748203559936855,0.08364610334626102,0.1449857766287669
Dataset_0136,single_output,wear rate,xgboost,123,2,0.992072084936096,0.08486651691779915,0.02054879344256638,0.06523703068700333,0.9444298847267414,0.24168507630074482,0.07108384597080729,0.1809578841073174
Dataset_0136,single_output,wear rate,xgboost,123,3,0.9948083372577341,0.06747217930577752,0.016910320628014414,0.058917643316860856,0.968100836183479,0.19403271668186414,0.06424924393439209,0.16624995640345994
Dataset_0136,single_output,wear rate,xgboost,123,4,0.989448612399152,0.09554418712201163,0.02575315016765812,0.07386916167160573,0.952169278437761,0.22801581837323046,0.07308199306834309,0.16260826928274966
Dataset_0136,single_output,wear rate,xgboost,7,0,0.9868526936150361,0.1005172783773757,0.027093606031637657,0.07465843718392508,0.973612721228458,0.19546686516328535,0.05212449737687609,0.12264938831329353
Dataset_0136,single_output,wear rate,xgboost,7,1,0.9958692507108788,0.06099592315487516,0.015287198785682998,0.052783743891222784,0.9569566476592898,0.21630112662837253,0.07214847452580804,0.1925973799569265
Dataset_0136,single_output,wear rate,xgboost,7,2,0.9915842878440089,0.08979897022429419,0.02174309206399375,0.07452037745508659,0.9505286559594222,0.17525285469696836,0.08002413456482575,0.15350365447998066
Dataset_0136,single_output,wear rate,xgboost,7,3,0.9935658480361252,0.07717967680546053,0.018687573076382698,0.059379543041360845,0.9451730781563336,0.23272324307827433,0.07757441435942478,0.17618273707798554
Dataset_0136,single_output,wear rate,xgboost,7,4,0.9924459696955765,0.09178884060343072,0.022224900872501386,0.07502654884601463,0.8419482166486282,0.17916471372456044,0.14448767235851656,0.15537930079868875
Dataset_0136,single_output,wear rate,xgboost,2024,0,0.9965768418302055,0.05724913114875585,0.013861775096551053,0.047216837065560534,0.9206268776184088,0.21738138004294805,0.0974804394811426,0.15370200157165514
Dataset_0136,single_output,wear rate,xgboost,2024,1,0.991410491403192,0.09470481612362325,0.022930948213952362,0.0769840692980537,0.9146781880825323,0.19741618723320947,0.0877405276592042,0.17809198325020933
Dataset_0136,single_output,wear rate,xgboost,2024,2,0.9907504901194626,0.09353055736315136,0.02264662405887442,0.07490657924783645,0.9130943001243416,0.22337397366628872,0.09711911898534294,0.1384118979317801
Dataset_0136,single_output,wear rate,xgboost,2024,3,0.9845215774479109,0.10161053184479145,0.028462333850081636,0.08347105841801081,0.9560620132976871,0.2882783399856632,0.06980105084398625,0.23441326795305528
Dataset_0136,single_output,wear rate,xgboost,2024,4,0.9911819805370399,0.09543900499344744,0.02310871791608897,0.08188640489249394,0.9798103497928699,0.10126744536776551,0.046240842633682895,0.09151544134957477
Dataset_0136,single_output,wear rate,xgboost,99,0,0.99155237150896,0.09179091987870633,0.023005243077370004,0.06945418003627234,0.9655533910066185,0.1461127366028259,0.057075287735478875,0.11074009656906125
Dataset_0136,single_output,wear rate,xgboost,99,1,0.992175561557246,0.08283084683718193,0.020055895117961728,0.05974345950422625,0.9491558373738537,0.23420178290075483,0.06888287732375141,0.17910961968558173
Dataset_0136,single_output,wear rate,xgboost,99,2,0.988264125137742,0.09676498179882594,0.026082205336610764,0.08026507226352037,0.9559530511881642,0.23293199395200878,0.05837894585263378,0.2038940119062152
Dataset_0136,single_output,wear rate,xgboost,99,3,0.9917830112385038,0.09439485685998232,0.022855897544789908,0.07972219796016307,0.9291904447931052,0.1505782877307366,0.08337668202144882,0.1433012330191476
Dataset_0136,single_output,wear rate,xgboost,99,4,0.9900479284180667,0.09517001563635372,0.023043587321151023,0.08215515610267385,0.9979294295329972,0.04663862657495713,0.017666146429908002,0.04320514025006946
Dataset_0136,single_output,wear rate,lightgbm,42,0,0.9940803325929862,0.07489091245640934,0.018133392846588218,0.0591506919110686,0.9333744484749303,0.23642736899038386,0.09571958258719991,0.16122553227559455
Dataset_0136,single_output,wear rate,lightgbm,42,1,0.9883392265623376,0.10919184511810376,0.02643870341842706,0.0727688915705717,0.9804456344466272,0.10328159364837328,0.053513779092421394,0.08758970573628501
Dataset_0136,single_output,wear rate,lightgbm,42,2,0.9800662144551207,0.12367193179790677,0.033334752506174334,0.08208463939818184,0.9162536619954211,0.3042264932693617,0.09750849143248772,0.18218444965929045
Dataset_0136,single_output,wear rate,lightgbm,42,3,0.9886958071691127,0.1054453957508747,0.026427417481422227,0.06652983590909631,0.9270697873905029,0.14678037276099618,0.07891417890376137,0.09981194491017435
Dataset_0136,single_output,wear rate,lightgbm,42,4,0.9859420148071112,0.11357547168298725,0.02750011420895575,0.08027843414417991,0.9419160017050807,0.24378094230397798,0.07320749018137476,0.15343779834040458
Dataset_0136,single_output,wear rate,lightgbm,123,0,0.9869712823137939,0.11597844353769632,0.02808194758781993,0.07486585016753018,0.9908102294341424,0.07477431851993957,0.03268108326920435,0.070541239060676
Dataset_0136,single_output,wear rate,lightgbm,123,1,0.984533532533875,0.12413069190738628,0.030055857604694015,0.08968597817279088,0.9553740317865403,0.1571490651022765,0.07519094024032369,0.14906300440571854
Dataset_0136,single_output,wear rate,lightgbm,123,2,0.9853106513516282,0.1155202588486907,0.027971006985155134,0.07193051792849993,0.927875561967311,0.2753406963973559,0.08098255776392821,0.1711920810233273
Dataset_0136,single_output,wear rate,lightgbm,123,3,0.9950072906928159,0.06616672541285444,0.01658313920121665,0.054515975330741234,0.9346973544628558,0.2776199698815651,0.09192714234488909,0.20684459882659492
Dataset_0136,single_output,wear rate,lightgbm,123,4,0.9848754700722723,0.11439062271166292,0.030833051943844454,0.0854909705243922,0.9472796167519523,0.23938712548856275,0.07672664278479575,0.1325933073081663
Dataset_0136,single_output,wear rate,lightgbm,7,0,0.9789758887795037,0.12711041943805576,0.03426156858168619,0.07882012388363381,0.9492830399742892,0.27098949294802516,0.07226386478614004,0.16839976575030857
Dataset_0136,single_output,wear rate,lightgbm,7,1,0.995720423775272,0.062085012553954946,0.015560153522294472,0.04625305464037833,0.9245937115976354,0.28629220262251287,0.09549439713893024,0.22721373844298576
Dataset_0136,single_output,wear rate,lightgbm,7,2,0.9857979996461989,0.11665428054665572,0.02824558851008613,0.07882121982494104,0.9807964348172765,0.10918907280637323,0.049858024112499205,0.10281122433193561
Dataset_0136,single_output,wear rate,lightgbm,7,3,0.9877743434144111,0.1063881837782399,0.02575985079376269,0.07375381228707431,0.9341778919259215,0.2549932721646102,0.08499775738820341,0.17861978169956302
Dataset_0136,single_output,wear rate,lightgbm,7,4,0.9854849822488195,0.12723579523577758,0.0308076986043045,0.09143980051694309,0.9546131181225782,0.09601032800180834,0.07742768387242611,0.06135464039199855
Dataset_0136,single_output,wear rate,lightgbm,2024,0,0.9947729549881025,0.07074301036553904,0.017129058199888386,0.05885927882845613,0.858666419466114,0.29007365674450597,0.13007787297959905,0.21592135661329226
Dataset_0136,single_output,wear rate,lightgbm,2024,1,0.983709894691958,0.13042169849577434,0.03157910375200347,0.09127905013951447,0.9620621086539967,0.1316404382119805,0.05850686142754688,0.09824324885316241
Dataset_0136,single_output,wear rate,lightgbm,2024,2,0.9859471298055561,0.11528602877383774,0.027914292681316646,0.07359391985021707,0.8913996845371697,0.24970312801375014,0.10856657739728268,0.1397930905210891
Dataset_0136,single_output,wear rate,lightgbm,2024,3,0.9805646812955795,0.11386000764433422,0.031893559564239275,0.07888829299582954,0.9555984130876274,0.2897951961750995,0.0701683283716948,0.21865361748313714
Dataset_0136,single_output,wear rate,lightgbm,2024,4,0.9868726468146297,0.1164471761496118,0.028195442166976222,0.07975711652201718,0.9944438291539281,0.05312430392868186,0.024257673026795375,0.048120877017038106
Dataset_0136,single_output,wear rate,lightgbm,99,0,0.9874894189410499,0.111704600473316,0.027996140469502755,0.07166852364198295,0.9577405112810442,0.1618366784724226,0.0632174525282901,0.11493872053197884
Dataset_0136,single_output,wear rate,lightgbm,99,1,0.9883409317655127,0.10111077387911434,0.024482027573635434,0.06304948356418354,0.897792381226032,0.3320559620898298,0.09766351826171464,0.2612514163258429
Dataset_0136,single_output,wear rate,lightgbm,99,2,0.9889506117988609,0.09389221839011155,0.025307875576849475,0.06987194473519029,0.9511862147985852,0.24521242508855032,0.061456748142493814,0.1923993198024754
Dataset_0136,single_output,wear rate,lightgbm,99,3,0.9861989375901967,0.12233430123322242,0.02962089618237831,0.08789615111350231,0.8882149921310021,0.18919436712427956,0.10475878578310054,0.16506588971369926
Dataset_0136,single_output,wear rate,lightgbm,99,4,0.9854295523876481,0.115154215763924,0.027882376698286682,0.07372517261236933,0.993531099459193,0.08243582375371411,0.031225690815800792,0.06664640302301235
Dataset_0136,single_output,wear rate,gradient_boosting,42,0,0.9824877902864251,0.12881040426879684,0.03118895987137938,0.07698777503239551,0.9531025991606334,0.19835891663731486,0.08030725369931774,0.17460155422958867
Dataset_0136,single_output,wear rate,gradient_boosting,42,1,0.9840313203398213,0.1277794547098199,0.030939335280828067,0.07799239813391949,0.9305563321378773,0.19463340986487626,0.10084632635485818,0.1325297532381185
Dataset_0136,single_output,wear rate,gradient_boosting,42,2,0.9749964214898814,0.13850879101123428,0.03733390593294725,0.09262732007053304,0.9351342212847419,0.2677453498024814,0.08581581724438506,0.2048044441452554
Dataset_0136,single_output,wear rate,gradient_boosting,42,3,0.987635757999568,0.11027868806675128,0.02763876893903541,0.06716327797964171,0.879441617557154,0.1887178380511706,0.1014612032533175,0.13837083756294724
Dataset_0136,single_output,wear rate,gradient_boosting,42,4,0.9844295448757697,0.11952910343248764,0.028941671533289987,0.08998105413886105,0.9084259920722348,0.3060959691738927,0.09192071146363144,0.19932562804186318
Dataset_0136,single_output,wear rate,gradient_boosting,123,0,0.9682646284230708,0.18100819311018285,0.04382764966348253,0.10445753417331052,0.9545776263023034,0.16623981320594153,0.07265726101658283,0.09828727055640674
Dataset_0136,single_output,wear rate,gradient_boosting,123,1,0.9772489343267043,0.15055129031120162,0.036453096927651724,0.08560873256208473,0.9527019508710053,0.16178549791227856,0.07740932914463089,0.14679571951999218
Dataset_0136,single_output,wear rate,gradient_boosting,123,2,0.9883080339935802,0.10306249595553481,0.02495459950497211,0.07666523611844325,0.9364091152019705,0.2585393301329208,0.07604097945085905,0.21551721864619872
Dataset_0136,single_output,wear rate,gradient_boosting,123,3,0.993082241204062,0.07788506904754884,0.01952006743046337,0.05515040584012746,0.9391151755727024,0.26806483335934095,0.08876318985408639,0.20304081249036696
Dataset_0136,single_output,wear rate,gradient_boosting,123,4,0.9677734838216117,0.16697681039788181,0.04500722652234011,0.07577690925908419,0.9191682005092618,0.29641667689855705,0.09500534515979392,0.22847834010404064
Dataset_0136,single_output,wear rate,gradient_boosting,7,0,0.9814664817168566,0.11934418541135268,0.032168244046186706,0.08313916168041269,0.9475935748692355,0.27546607001214046,0.07345761866990412,0.19807629056043718
Dataset_0136,single_output,wear rate,gradient_boosting,7,1,0.9944821490751852,0.07049711942895522,0.017668450984700556,0.04345344017588122,0.9503295501016794,0.23235647767755446,0.0775038284448147,0.1965667985364114
Dataset_0136,single_output,wear rate,gradient_boosting,7,2,0.9893271449994775,0.1011267906184474,0.024485905718752397,0.08420445180597927,0.928347020826398,0.21091398254658894,0.09630775458748356,0.18606816709222254
Dataset_0136,single_output,wear rate,gradient_boosting,7,3,0.9919182447641772,0.08649881248945249,0.020944022394540553,0.06996479660928386,0.9408487170175315,0.24172686119147652,0.08057562039715883,0.178396703686137
Dataset_0136,single_output,wear rate,gradient_boosting,7,4,0.9805752918436617,0.14718981998552524,0.03563918159455817,0.1124375839510548,0.9136456590822714,0.13243258816107864,0.10680047432345058,0.104325242558981
Dataset_0136,single_output,wear rate,gradient_boosting,2024,0,0.9666912838999634,0.17858063508842,0.04323986321753511,0.10196984115091696,0.8004266118863743,0.3446965401335327,0.1545724395217635,0.26997082587109245
Dataset_0136,single_output,wear rate,gradient_boosting,2024,1,0.982591525346969,0.1348243283957417,0.032645115834320025,0.10202589513661468,0.9665313935332462,0.12364357115163667,0.0549526982896163,0.09869266638420258
Dataset_0136,single_output,wear rate,gradient_boosting,2024,2,0.989077307196455,0.10163868131858637,0.024609850198204934,0.06914836809302052,0.932130779368326,0.19739896460797654,0.08582563678607677,0.14538907288848144
Dataset_0136,single_output,wear rate,gradient_boosting,2024,3,0.9591972391928029,0.1649757646690671,0.04621169878685353,0.0766808870833246,0.9194681588979745,0.39027950905100706,0.09449867047239881,0.2692195742497325
Dataset_0136,single_output,wear rate,gradient_boosting,2024,4,0.9736679278806664,0.16492363349070688,0.03993308316966268,0.12891104702346023,0.9479260358001629,0.1626356602364451,0.0742628585554544,0.1531082140798214
Dataset_0136,single_output,wear rate,gradient_boosting,99,0,0.8376127486654131,0.4024466201136629,0.10086381456482779,0.32462315260305896,0.49975388188909786,0.5568095826348054,0.2175037432167209,0.4830881496839292
Dataset_0136,single_output,wear rate,gradient_boosting,99,1,0.986301512682934,0.10959779543254622,0.026536996472771482,0.0772661047290682,0.9030628740254092,0.3233811618503,0.09511210642655882,0.25530715885353356
Dataset_0136,single_output,wear rate,gradient_boosting,99,2,0.9567686551191007,0.18572050560880385,0.05005943547407112,0.09348592413309013,0.9260637761533458,0.3017865376879862,0.07563572373132485,0.1523345015088271
Dataset_0136,single_output,wear rate,gradient_boosting,99,3,0.9867866953698008,0.11970098098424498,0.028983288373909195,0.08329854809424365,0.9666993380531828,0.10326255212415944,0.05717749287052017,0.0795647589968522
Dataset_0136,single_output,wear rate,gradient_boosting,99,4,0.9805964381993364,0.13288749787630216,0.032176149606852826,0.09249546462336587,0.9957207295683307,0.06704796663813593,0.025396957059899968,0.05845232022409557
Dataset_0136,single_output,Ultimate Compression Strength (MPa),xgboost,42,0,0.9918156072334443,1.432379989574745,0.02310290305765718,1.145000784737723,0.9387944309978622,3.9272845968028354,0.08355924674048586,2.843966484069824
Dataset_0136,single_output,Ultimate Compression Strength (MPa),xgboost,42,1,0.9854761919641878,1.7817684830906892,0.03493663692334685,1.4147021589608024,0.9682615145437502,3.4898223518629647,0.05628745728811233,2.5522890363420743
Dataset_0136,single_output,Ultimate Compression Strength (MPa),xgboost,42,2,0.9938285202253034,1.3619066562587832,0.021966236391270696,1.057424190126616,0.47299274002092573,5.371769362733018,0.2557985410825247,3.9724086216517867
Dataset_0136,single_output,Ultimate Compression Strength (MPa),xgboost,42,3,0.9868425879878212,1.8573283179360436,0.029956908353807155,1.3789114064183727,0.9667796320089176,2.3719186606967786,0.0551608990859716,2.188084847586495
Dataset_0136,single_output,Ultimate Compression Strength (MPa),xgboost,42,4,0.9857828229050657,1.8086186142936136,0.029171267972477637,1.3185622642780166,0.9649201472647279,3.4903400958468715,0.07123143052748718,3.2518718174525674
Dataset_0136,single_output,Ultimate Compression Strength (MPa),xgboost,123,0,0.989099240522432,1.6766320658304288,0.027042452674684334,1.3251170567103796,0.9369263529195027,3.7429075248863346,0.07638586785482315,2.8474241256713846
Dataset_0136,single_output,Ultimate Compression Strength (MPa),xgboost,123,1,0.9830985448116208,2.0326617175189403,0.03629753066998108,1.5785979698444232,0.98546932640003,1.974447597802157,0.03797014611157994,1.9367941720145094
Dataset_0136,single_output,Ultimate Compression Strength (MPa),xgboost,123,2,0.9864404794762154,1.912458454903739,0.030846104111350626,1.395224367339035,0.9598675068375495,2.6438637577009065,0.06148520366746294,2.339062282017299
Dataset_0136,single_output,Ultimate Compression Strength (MPa),xgboost,123,3,0.9910993351074524,1.4339727149539885,0.024304622287355738,1.179932219406654,0.93237684447866,4.270059815926554,0.07907518177641766,3.173555646623884
Dataset_0136,single_output,Ultimate Compression Strength (MPa),xgboost,123,4,0.9936645878997368,1.2718198093208324,0.02051322273098117,0.9709266399515085,0.8213284248626495,6.137258107057148,0.15616432842384603,4.3982539585658476
Dataset_0136,single_output,Ultimate Compression Strength (MPa),xgboost,7,0,0.9914578513414575,1.437246814272859,0.02436011549615015,1.1674120766775948,0.9201986207742264,4.654683067599504,0.08951313591537507,3.2569360733032227
Dataset_0136,single_output,Ultimate Compression Strength (MPa),xgboost,7,1,0.9894584173242115,1.5867807635970554,0.02559323812253315,1.2210307680327313,0.9545329687740187,3.5855779307233067,0.07628889214304908,2.417644827706474
Dataset_0136,single_output,Ultimate Compression Strength (MPa),xgboost,7,2,0.9850212474191238,1.8644005127227143,0.030070976011656682,1.453013347757273,0.9566681013284344,3.1118796616566398,0.06992988003722786,2.9529898507254466
Dataset_0136,single_output,Ultimate Compression Strength (MPa),xgboost,7,3,0.990685658814986,1.5654287145205128,0.0279540841878663,1.1240891555259964,0.8672224075474658,4.798718490539588,0.10593197550860017,3.940938677106583
Dataset_0136,single_output,Ultimate Compression Strength (MPa),xgboost,7,4,0.9900282291650518,1.6667293323548498,0.026882731167013705,1.2274862355199347,0.9185378756404226,3.23852831346877,0.092529380384822,2.7330054146902905
Dataset_0136,single_output,Ultimate Compression Strength (MPa),xgboost,2024,0,0.9910168386235261,1.4913791774484593,0.026631771025865343,1.110072326660156,0.8794542238849128,5.355591527028884,0.10299214475055546,4.01236629486084
Dataset_0136,single_output,Ultimate Compression Strength (MPa),xgboost,2024,1,0.9876632426628023,1.7086929684919432,0.027559564007934568,1.382272707182785,0.955584324541149,3.7628123136005596,0.08005983645958638,3.3788990565708708
Dataset_0136,single_output,Ultimate Compression Strength (MPa),xgboost,2024,2,0.9849458888530452,1.9779741202914423,0.03190280839179745,1.4608026438745956,0.9701480163056388,2.2288909668111723,0.0667332624793764,1.743321228027343
Dataset_0136,single_output,Ultimate Compression Strength (MPa),xgboost,2024,3,0.9903985983097582,1.4797845595578731,0.02508109422979446,1.130145526754445,0.8456636557330675,5.382174088528823,0.12814700210782912,3.0090894426618298
Dataset_0136,single_output,Ultimate Compression Strength (MPa),xgboost,2024,4,0.9899093497299553,1.6818531568371757,0.027126663819954447,1.35975683804216,0.8984154581324648,3.7762775500552577,0.09937572500145415,2.7338566371372752
Dataset_0136,single_output,Ultimate Compression Strength (MPa),xgboost,99,0,0.9877227697664597,1.8582927905420419,0.029972464363581322,1.435863930838448,0.9485908093346925,2.819280553265144,0.06556466402942195,2.584402084350586
Dataset_0136,single_output,Ultimate Compression Strength (MPa),xgboost,99,1,0.9895062826854846,1.6596041271231567,0.026767808501986397,1.179024952855603,0.9435323577129417,3.4700540747052635,0.07711231277122808,3.267153058733259
Dataset_0136,single_output,Ultimate Compression Strength (MPa),xgboost,99,2,0.9887684174528145,1.7421568293858058,0.028099303699771063,1.3698538944639007,0.7701529576298923,6.205603244639572,0.1551400811159893,4.669914463588169
Dataset_0136,single_output,Ultimate Compression Strength (MPa),xgboost,99,3,0.9819810903690396,1.9224708931785246,0.035601312836639344,1.4454330970501075,0.9651800579166008,3.755888112775155,0.06365912055551111,3.301703316824777
Dataset_0136,single_output,Ultimate Compression Strength (MPa),xgboost,99,4,0.9873179176794956,1.760814793908086,0.029844318540815016,1.359256454993938,0.9180992218583917,4.841867396152278,0.09683734792304556,4.111845833914621
Dataset_0136,single_output,Ultimate Compression Strength (MPa),lightgbm,42,0,0.9872539363451512,1.7875288314300846,0.028831110184356204,1.3244831897232439,0.9025060413420027,4.95662150522302,0.10546003202602171,3.565417801955526
Dataset_0136,single_output,Ultimate Compression Strength (MPa),lightgbm,42,1,0.9790725492147807,2.13879513323575,0.04193715947521078,1.5230635988885366,0.9566971905363244,4.07631988654117,0.06574709494421242,3.248003615445295
Dataset_0136,single_output,Ultimate Compression Strength (MPa),lightgbm,42,2,0.9930344676108191,1.4468711112732786,0.023336630826988364,1.1079122056922464,0.1550047349689304,6.801993249682757,0.32390444046108363,4.5796874417852536
Dataset_0136,single_output,Ultimate Compression Strength (MPa),lightgbm,42,3,0.979485688468901,2.319166431779393,0.03740591018999021,1.602808973986106,0.9732052023832993,2.130211931846948,0.04953981236853368,1.6533636280980812
Dataset_0136,single_output,Ultimate Compression Strength (MPa),lightgbm,42,4,0.9740732511452772,2.442386214894441,0.03939332604668453,1.7294637255336949,0.9515647196583942,4.1012833453718045,0.08369966010962866,3.4969699348462506
Dataset_0136,single_output,Ultimate Compression Strength (MPa),lightgbm,123,0,0.9805840245593737,2.2376337109928457,0.03609086630633622,1.3906947647095989,0.9230158390956797,4.135098085884369,0.08438975685478305,3.256951110618086
Dataset_0136,single_output,Ultimate Compression Strength (MPa),lightgbm,123,1,0.9773709548246894,2.3519938047773112,0.04199988937102341,1.687119810200362,0.9760308717877281,2.5358809284047403,0.04876694093086039,1.8677870931750757
Dataset_0136,single_output,Ultimate Compression Strength (MPa),lightgbm,123,2,0.9800234644054289,2.3212928297557323,0.03744020693154407,1.8093570706858402,0.9531400678275272,2.856878884684206,0.06643904382986525,2.2215052427978685
Dataset_0136,single_output,Ultimate Compression Strength (MPa),lightgbm,123,3,0.9895224134687021,1.5558233702636077,0.026369887631586573,1.37595823449436,0.8810941227507665,5.662235172375227,0.10485620689583754,4.753165276900114
Dataset_0136,single_output,Ultimate Compression Strength (MPa),lightgbm,123,4,0.9909120911952222,1.5232462947273917,0.02456848862463535,1.2154863092451564,0.7668241781801489,7.011136351002944,0.17840041605605456,5.401251755095211
Dataset_0136,single_output,Ultimate Compression Strength (MPa),lightgbm,7,0,0.9892836200593124,1.609799705078078,0.02728474076403522,1.3776854196189565,0.8939271004618569,5.3664506169912585,0.10320097340367805,3.6215660094986877
Dataset_0136,single_output,Ultimate Compression Strength (MPa),lightgbm,7,1,0.9892478424146036,1.6025508827740471,0.025847594883452372,1.2402882397817365,0.9118052844267014,4.993811546560849,0.10625130950129466,3.8948403720085127
Dataset_0136,single_output,Ultimate Compression Strength (MPa),lightgbm,7,2,0.9778870598988428,2.265294313932847,0.03653700506343302,1.77674167591288,0.9624368479038771,2.897343248312621,0.06510883704073306,2.013318013909514
Dataset_0136,single_output,Ultimate Compression Strength (MPa),lightgbm,7,3,0.9798947966547726,2.2999132734891883,0.041069879883735505,1.5670722557463799,0.9302371462120539,3.478363759642569,0.07678507195678962,2.674037739551352
Dataset_0136,single_output,Ultimate Compression Strength (MPa),lightgbm,7,4,0.9834833922941906,2.1450595867403166,0.034597735270005106,1.3951725615527428,0.8046839913022406,5.01462836662172,0.14327509618919199,4.230015603536393
Dataset_0136,single_output,Ultimate Compression Strength (MPa),lightgbm,2024,0,0.9907231109112807,1.5155653117902421,0.02706366628196861,1.198140175234914,0.8298098230278789,6.363538735114612,0.12237574490605023,5.451690776685599
Dataset_0136,single_output,Ultimate Compression Strength (MPa),lightgbm,2024,1,0.9781183479387097,2.2756400847753175,0.03670387233508577,1.7159950556804262,0.9517377902459059,3.92236515765241,0.0834545778223917,3.12385064036377
Dataset_0136,single_output,Ultimate Compression Strength (MPa),lightgbm,2024,2,0.9763840509050354,2.477397801907891,0.039958029063030504,1.8566013970513426,0.9376630669163213,3.220882947289402,0.09643362117632939,2.9244944373479007
Dataset_0136,single_output,Ultimate Compression Strength (MPa),lightgbm,2024,3,0.9893915022608656,1.555457380003146,0.026363684406832982,1.1663613786008153,0.7546680567515256,6.785794228310489,0.16156652924548784,4.061786304216221
Dataset_0136,single_output,Ultimate Compression Strength (MPa),lightgbm,2024,4,0.983480337110889,2.1519346962274484,0.03470862413270078,1.5809962084082474,0.9206426899949343,3.3376712863246474,0.08783345490328019,2.9332594865525743
Dataset_0136,single_output,Ultimate Compression Strength (MPa),lightgbm,99,0,0.9870536414432292,1.9082609245737843,0.030778402009254587,1.4407313000665058,0.8663869851069336,4.5450879776394535,0.10569972041021986,3.582238313175912
Dataset_0136,single_output,Ultimate Compression Strength (MPa),lightgbm,99,1,0.9769350933703206,2.4604564147402077,0.03968478088290658,1.941166626155548,0.9831663475545039,1.894635163262395,0.04210300362805322,1.5864823154598409
Dataset_0136,single_output,Ultimate Compression Strength (MPa),lightgbm,99,2,0.9923362905527882,1.4390844703469963,0.02321103984430639,1.253521935872063,0.8061288015065584,5.699295737773699,0.1424823934443425,3.786126185117421
Dataset_0136,single_output,Ultimate Compression Strength (MPa),lightgbm,99,3,0.9742046968982138,2.30020126113943,0.042596319650730186,1.533182726404188,0.9400032278994246,4.93017762927623,0.08356233269959712,3.708980304533067
Dataset_0136,single_output,Ultimate Compression Strength (MPa),lightgbm,99,4,0.9797979576559384,2.2223682966084906,0.03766725926455069,1.592066506850026,0.9762511343812545,2.607295843529108,0.05214591687058216,2.168968865335468
Dataset_0136,single_output,Ultimate Compression Strength (MPa),gradient_boosting,42,0,0.9914274021916114,1.465957022483004,0.02364446810456458,1.0822828080597193,0.9456992333954606,3.699132475591323,0.07870494628917708,2.878803302148043
Dataset_0136,single_output,Ultimate Compression Strength (MPa),gradient_boosting,42,1,0.9392388764690648,3.644382230886569,0.07145847511542293,2.5895516478014518,0.8930568572670278,6.405996423891176,0.10332252296598672,5.784581762456518
Dataset_0136,single_output,Ultimate Compression Strength (MPa),gradient_boosting,42,2,0.9745639629968976,2.7648871589805024,0.04459495417710488,2.0321560343138203,0.25521072725228877,6.385953698310321,0.30409303325287246,4.1009069422104245
Dataset_0136,single_output,Ultimate Compression Strength (MPa),gradient_boosting,42,3,0.9439121965390104,3.8347553252974,0.06185089234350645,2.9477364210736217,0.7832073852503502,6.059263150934917,0.14091309653337014,5.075097982639065
Dataset_0136,single_output,Ultimate Compression Strength (MPa),gradient_boosting,42,4,0.9664578794349068,2.778021275807059,0.04480679477108159,2.1933185150303403,0.9445651066511861,4.387634813453345,0.08954356762149683,3.7627048434612544
Dataset_0136,single_output,Ultimate Compression Strength (MPa),gradient_boosting,123,0,0.9819673476795423,2.156449011878624,0.03478143567546168,1.7304164189502775,0.879315315279262,5.177393873581285,0.10566109946084255,4.513532637452638
Dataset_0136,single_output,Ultimate Compression Strength (MPa),gradient_boosting,123,1,0.9494301495715519,3.5160002177535987,0.0627857181741714,2.6722542018042947,0.9426406615809394,3.922878027980486,0.07543996207654781,3.0165205626490086
Dataset_0136,single_output,Ultimate Compression Strength (MPa),gradient_boosting,123,2,0.9814637563184533,2.2360458694167438,0.036065255958334576,1.7717535248114948,0.9704994894129911,2.266761186726458,0.05271537643549903,2.0495095698728067
Dataset_0136,single_output,Ultimate Compression Strength (MPa),gradient_boosting,123,3,0.9768736739298323,2.311441918509773,0.03917698166965717,1.8528954622517395,0.9274492526813574,4.422900686325675,0.08190556826529027,3.4995518317198298
Dataset_0136,single_output,Ultimate Compression Strength (MPa),gradient_boosting,123,4,0.9712860880324056,2.707598921898816,0.04367095035320671,1.3753178181410002,0.6671267658735021,8.376953273880215,0.2131540273251963,5.170404804921039
Dataset_0136,single_output,Ultimate Compression Strength (MPa),gradient_boosting,7,0,0.9483102708318035,3.535492501151072,0.05992360171442495,2.75587929471624,0.7929720194660597,7.497205927208135,0.1441770370616949,4.766629847585897
Dataset_0136,single_output,Ultimate Compression Strength (MPa),gradient_boosting,7,1,0.9535911589006978,3.329387763920475,0.05369980264387863,2.4927691678035866,0.9044804641389906,5.197050883477374,0.11057555071228455,4.7128737031218355
Dataset_0136,single_output,Ultimate Compression Strength (MPa),gradient_boosting,7,2,0.9733568091206694,2.4865346081387028,0.04010539690546295,1.8662526347882298,0.9285464082792321,3.9960504892988915,0.08979888739997509,3.447564775124517
Dataset_0136,single_output,Ultimate Compression Strength (MPa),gradient_boosting,7,3,0.9868524315188493,1.8598586782267823,0.03321176211119254,1.4152782534969597,0.8654389646156933,4.830838721278914,0.10664103137481047,4.3109291633681766
Dataset_0136,single_output,Ultimate Compression Strength (MPa),gradient_boosting,7,4,0.9881715236651494,1.815278803545766,0.02927869037977042,1.484435730530862,0.8674727073705947,4.13068897592002,0.11801968502628628,3.3152156161063817
Dataset_0136,single_output,Ultimate Compression Strength (MPa),gradient_boosting,2024,0,0.9626645533270739,3.040423986936723,0.054293285481012914,2.2917521827392062,0.8517799615275128,5.938611403690887,0.11420406545559397,4.629912805438192
Dataset_0136,single_output,Ultimate Compression Strength (MPa),gradient_boosting,2024,1,0.9747819977712772,2.4429740877020127,0.039402807866161495,1.8104136545248317,0.9481261348914893,4.0664807914542465,0.08652086790328184,3.725852133474043
Dataset_0136,single_output,Ultimate Compression Strength (MPa),gradient_boosting,2024,2,0.9739066297526774,2.604102858380868,0.04200165900614303,1.8357973167564905,0.9078496942458469,3.916071535510614,0.11724765076379082,3.109665842668053
Dataset_0136,single_output,Ultimate Compression Strength (MPa),gradient_boosting,2024,3,0.9310119013100289,3.966598649783853,0.06723048558955683,3.024454882528802,0.47320428425551997,9.943625370525991,0.2367529850125236,7.256316898328255
Dataset_0136,single_output,Ultimate Compression Strength (MPa),gradient_boosting,2024,4,0.9709500135153164,2.8536549875651605,0.04602669334782517,2.2770717461647743,0.8849716230822812,4.018394673284055,0.10574722824431723,3.3879223423828506
Dataset_0136,single_output,Ultimate Compression Strength (MPa),gradient_boosting,99,0,0.9221958089309702,4.678056230623565,0.07545251984876718,3.851807051839099,0.8782754147124182,4.338174968053642,0.10088778995473587,3.735733194066034
Dataset_0136,single_output,Ultimate Compression Strength (MPa),gradient_boosting,99,1,0.9800150940290677,2.290292128213765,0.03694019561635105,1.7442289913882723,0.8572329687767261,5.517602114989731,0.12261338033310512,4.832606329081514
Dataset_0136,single_output,Ultimate Compression Strength (MPa),gradient_boosting,99,2,0.9676330288849861,2.9574526571945805,0.04770084930959001,1.9959510579564308,0.5382654787654765,8.79550375580222,0.21988759389505552,4.7853259966953
Dataset_0136,single_output,Ultimate Compression Strength (MPa),gradient_boosting,99,3,0.953888016130646,3.0754057581807976,0.05695195848482958,2.32787964180656,0.9014979374085734,6.3171514110133105,0.10707036289853068,5.183136598693669
Dataset_0136,single_output,Ultimate Compression Strength (MPa),gradient_boosting,99,4,0.9728457471683497,2.5765425747145336,0.04367021313075481,1.9635151872315377,0.8954057320013444,5.471706824235985,0.10943413648471971,4.529662991242104
Dataset_0136,single_output,Elongation (%),xgboost,42,0,0.9759025572738264,0.4663102252894978,0.04163484154370516,0.39261003221784324,0.3744066408372615,1.3080137951672073,0.22551961985641503,0.9652705430984496
Dataset_0136,single_output,Elongation (%),xgboost,42,1,0.926595279869876,0.6563955806002585,0.06909427164213247,0.5467806585903826,0.8439063008205016,1.3934411341585473,0.13398472443832188,1.0612312589372905
Dataset_0136,single_output,Elongation (%),xgboost,42,2,0.9635420764468092,0.5313130640406938,0.049655426545859235,0.43929036896804274,0.7898488577809515,1.2482899629357103,0.13139894346691686,1.1207552773611889
Dataset_0136,single_output,Elongation (%),xgboost,42,3,0.9501560035713835,0.6387915181246717,0.05703495697541712,0.48263347231108555,0.8153241328696332,0.989867358013315,0.14345903739323407,0.8614507130214145
Dataset_0136,single_output,Elongation (%),xgboost,42,4,0.9626355395165856,0.528253818634903,0.04716551952097348,0.4313518195316709,0.6390629307365645,1.7400420646454389,0.23514081954668092,1.3028247560773578
Dataset_0136,single_output,Elongation (%),xgboost,123,0,0.95004662871039,0.6360034988341418,0.056786026681619806,0.49765517711639395,0.7880448076788132,1.1101889223675856,0.1520806742969295,0.9549953460693359
Dataset_0136,single_output,Elongation (%),xgboost,123,1,0.9713829420310548,0.46537324954593756,0.041551182995173,0.3812889296433021,0.6824630045420834,1.5920812998637044,0.1788855393105286,1.2732337951660158
Dataset_0136,single_output,Elongation (%),xgboost,123,2,0.9696646130372379,0.4936177115173105,0.04407300995690273,0.4043853562453696,0.7170114040694818,1.2971389044810544,0.17528904114608843,0.9380718231201174
Dataset_0136,single_output,Elongation (%),xgboost,123,3,0.9558361796827499,0.6070174201188593,0.05419798393918387,0.4800675984086661,0.3567803030196044,1.514876349949049,0.29132237499020175,1.1836940492902486
Dataset_0136,single_output,Elongation (%),xgboost,123,4,0.9555450947329095,0.5274867275436738,0.050719877648430174,0.41544978043128705,0.7420167745224866,1.8492784814336922,0.16511415012800826,1.4556358609880717
Dataset_0136,single_output,Elongation (%),xgboost,7,0,0.9615926269653382,0.5478711579401427,0.05120291195702269,0.43676402228219163,0.7730886755742236,1.2422742009541894,0.14614990599461053,1.0344640493392947
Dataset_0136,single_output,Elongation (%),xgboost,7,1,0.9390291106119457,0.625595745299997,0.05739410507339422,0.4851309348796976,0.6091871981703463,2.1448229451654792,0.23569482913906367,1.6503273010253905
Dataset_0136,single_output,Elongation (%),xgboost,7,2,0.9758921500749361,0.45421694199072093,0.04055508410631437,0.398527191425192,0.22526400351082976,1.7486667908228384,0.3014942742797997,1.232311711992536
Dataset_0136,single_output,Elongation (%),xgboost,7,3,0.9430597766020773,0.6275242376780362,0.05602894979268181,0.5097410004714439,0.8547885205087965,1.2537068668596787,0.12054873719804604,0.8650944301060266
Dataset_0136,single_output,Elongation (%),xgboost,7,4,0.9560747177361217,0.6153976583081295,0.05494621949179728,0.46382672540072734,0.38904937403433504,1.5160339210395217,0.27564253109809483,1.3772628239222937
Dataset_0136,single_output,Elongation (%),xgboost,2024,0,0.9554524898662974,0.592831966014764,0.0529314255370325,0.47715843064444413,0.8644521980540565,0.946084638695927,0.11262912365427703,0.7787881135940555
Dataset_0136,single_output,Elongation (%),xgboost,2024,1,0.9703827755788628,0.49778702980721856,0.04444527051850166,0.4176445336177431,0.7037622668573937,1.1453863806856242,0.19748041046303863,0.8921554565429689
Dataset_0136,single_output,Elongation (%),xgboost,2024,2,0.9556107037685201,0.534125608096463,0.04900234936664799,0.41064668195001,0.774831137586758,1.5141897018919295,0.1415130562515822,1.278246661594936
Dataset_0136,single_output,Elongation (%),xgboost,2024,3,0.9416354575371471,0.6257848258077604,0.05848456315960378,0.45407721420814257,0.8869259429386329,1.0331150919944019,0.10874895705204231,0.9699698039463586
Dataset_0136,single_output,Elongation (%),xgboost,2024,4,0.9456634171451055,0.6870250012453958,0.061341517968338914,0.5656779486557532,0.6399003922013515,0.8748267835097094,0.17496535670194188,0.8107552664620535
Dataset_0136,single_output,Elongation (%),xgboost,99,0,0.972044091075741,0.4992388289949543,0.04457489544597806,0.3854875223977226,0.5644176750255294,1.2058238816762736,0.22330071882893954,1.0294056177139284
Dataset_0136,single_output,Elongation (%),xgboost,99,1,0.9523873662091484,0.5825376645253434,0.05201229147547709,0.4667793865861563,0.7499705110397563,1.215953012662271,0.15199412658278388,0.819647489275251
Dataset_0136,single_output,Elongation (%),xgboost,99,2,0.936242441759277,0.7213000797870487,0.06741122241000455,0.5294129864922884,-0.26268763783446714,2.630401656139906,0.3507202208186541,2.108485630580357
Dataset_0136,single_output,Elongation (%),xgboost,99,3,0.934697817800832,0.6296836466143455,0.06628248911729953,0.5445333283523034,0.8195672990406876,1.3289764412472849,0.1476640490274761,1.046467890058245
Dataset_0136,single_output,Elongation (%),xgboost,99,4,0.950021132868938,0.6223142369613387,0.05556377115726239,0.48073666342373567,0.7333600645274516,1.3769434230025228,0.15826935896580724,1.1593355178833007
Dataset_0136,single_output,Elongation (%),lightgbm,42,0,0.9825632910827367,0.39666302474441123,0.03541634149503672,0.2840442549585366,0.4567851843458216,1.2188550543437198,0.2101474231627103,0.8254217255610115
Dataset_0136,single_output,Elongation (%),lightgbm,42,1,0.9393809729771211,0.596496823738049,0.06278913934084726,0.41654026711924114,0.949540760716471,0.7922573732514954,0.07617859358187457,0.6971090205130032
Dataset_0136,single_output,Elongation (%),lightgbm,42,2,0.9661562576332723,0.5119101253333314,0.047842067788161816,0.34994959571344714,0.7960630057821303,1.2296955689644349,0.12944163883836157,0.9550907796614513
Dataset_0136,single_output,Elongation (%),lightgbm,42,3,0.9544171030614396,0.6108768595892161,0.054542576749037154,0.43489906177165294,0.9642411997297727,0.435575455499674,0.06312687760864841,0.4088869420916649
Dataset_0136,single_output,Elongation (%),lightgbm,42,4,0.9591952437906663,0.5520376278800575,0.04928907391786228,0.3484720950585489,0.8145174613433839,1.2473706443049657,0.1685636005817521,0.9015649601655399
Dataset_0136,single_output,Elongation (%),lightgbm,123,0,0.9514600741300131,0.6269409785680226,0.05597687308643059,0.45343216269643244,0.836513930133409,0.9750238439516373,0.13356491013036126,0.8399627877931295
Dataset_0136,single_output,Elongation (%),lightgbm,123,1,0.9680727449692589,0.49155227985171146,0.04388859641533138,0.35454192657203565,0.852337166109097,1.0856845940309168,0.12198703303718168,0.6712622845046017
Dataset_0136,single_output,Elongation (%),lightgbm,123,2,0.9744611597546033,0.45291483951890743,0.04043882495704531,0.33535465252955515,0.6963233011876724,1.3437168177733771,0.18158335375315907,1.0381530027632588
Dataset_0136,single_output,Elongation (%),lightgbm,123,3,0.9623624513696021,0.5603746779571055,0.05003345338902728,0.4064285444440058,0.7980617774229319,0.8488027591239253,0.16323129983152412,0.7160024962486633
Dataset_0136,single_output,Elongation (%),lightgbm,123,4,0.9490813570669706,0.5645339987601279,0.05428211526539692,0.3670288279286201,0.8024618829224002,1.6181994040818353,0.14448208965016388,1.1541433295588235
Dataset_0136,single_output,Elongation (%),lightgbm,7,0,0.9794287428951179,0.40096046445842787,0.037472940603591395,0.3150764471973379,0.7875983522181818,1.2018999622342226,0.14139999555696736,0.9324978971165183
Dataset_0136,single_output,Elongation (%),lightgbm,7,1,0.9377006637783709,0.6323743281899287,0.05801599341192007,0.47689131805326246,0.8154765546292495,1.473780594676054,0.1619539115028631,1.0992839465579978
Dataset_0136,single_output,Elongation (%),lightgbm,7,2,0.9887888556241802,0.30974839318161174,0.027656106534072477,0.2514284448855401,0.1946433790713109,1.78288902494163,0.3073946594726948,1.2556066037836688
Dataset_0136,single_output,Elongation (%),lightgbm,7,3,0.9399008277199769,0.6446962837290231,0.05756216819009135,0.4978438793822709,0.9323085009295379,0.8559779855670009,0.08230557553528856,0.5719055614367369
Dataset_0136,single_output,Elongation (%),lightgbm,7,4,0.9618166332307341,0.5737671348717912,0.05122920847069565,0.37415015040332505,0.797178644020131,0.8734995841797678,0.15881810621450324,0.7082742843886012
Dataset_0136,single_output,Elongation (%),lightgbm,2024,0,0.9553769272213426,0.593334541482066,0.052976298346613035,0.41748314677632414,0.9275077349817823,0.6918781031020814,0.0823664408454859,0.5371393095531043
Dataset_0136,single_output,Elongation (%),lightgbm,2024,1,0.9873140607169986,0.32578622150029335,0.029088055491097622,0.23287026442710868,0.5839147533140268,1.357447323222377,0.23404264193489255,0.9536954491002412
Dataset_0136,single_output,Elongation (%),lightgbm,2024,2,0.9641684822648474,0.4798846656243226,0.044026116112323176,0.33052399609240507,0.819018770531803,1.3575095341557342,0.12687004992109666,1.1095410871077334
Dataset_0136,single_output,Elongation (%),lightgbm,2024,3,0.9312381121864692,0.6792417639202838,0.06348053868413868,0.44941080635503516,0.9000178385633735,0.9714679541141775,0.10225978464359764,0.7482725302217769
Dataset_0136,single_output,Elongation (%),lightgbm,2024,4,0.9578803285584526,0.604879502080057,0.054007098400005095,0.41275891188584185,0.8954313043678519,0.47142389528269374,0.09428477905653875,0.38798996452869566
Dataset_0136,single_output,Elongation (%),lightgbm,99,0,0.9876331946433449,0.33204757287146264,0.02964710472066631,0.26271957561473763,0.388519062407077,1.4286972803320694,0.2645735704318647,1.0030127968648248
Dataset_0136,single_output,Elongation (%),lightgbm,99,1,0.9391453226240005,0.6585820497955513,0.05880196873174566,0.5037026793098692,0.8148181679022695,1.0464545356958106,0.13080681696197632,0.9323821851330253
Dataset_0136,single_output,Elongation (%),lightgbm,99,2,0.98891371186716,0.30077603017360904,0.028109909362019538,0.20694425059515476,0.2591348512122079,2.0148544913761937,0.26864726551682583,1.3951138324271266
Dataset_0136,single_output,Elongation (%),lightgbm,99,3,0.9434576364323436,0.5859297463240449,0.061676815402531046,0.36430762079706214,0.8404487115625876,1.249711640095512,0.13885684889950134,1.00138885100894
Dataset_0136,single_output,Elongation (%),lightgbm,99,4,0.9521353208859367,0.6090095579773177,0.05437585339083194,0.4018244460961486,0.9757209117530157,0.415498715020835,0.04775847299090058,0.322485573984153
Dataset_0136,single_output,Elongation (%),gradient_boosting,42,0,0.4851312744358278,2.1554488272441534,0.19245078814679942,1.7061160648641773,0.10096616816047133,1.5680296732029297,0.2703499436556775,1.1365429557127895
Dataset_0136,single_output,Elongation (%),gradient_boosting,42,1,0.7421151291031722,1.23031575943,0.12950692204526315,0.8886256541567079,0.6677394108733388,2.032990530130842,0.19547985866642717,1.6063064640114149
Dataset_0136,single_output,Elongation (%),gradient_boosting,42,2,0.796832993848041,1.254241365886545,0.11721881924173319,0.6986277409343755,0.5864129079165804,1.7511892765402488,0.18433571332002618,1.2625192064603854
Dataset_0136,single_output,Elongation (%),gradient_boosting,42,3,0.3189363805823804,2.361274917413696,0.21082811762622286,1.8314426601903517,0.48855643533148785,1.6472927570405824,0.2387380807305192,1.518471402470888
Dataset_0136,single_output,Elongation (%),gradient_boosting,42,4,0.9644289778422063,0.5154202293462993,0.04601966333449101,0.4304139854206081,0.6477738916010432,1.718916481191682,0.2322860109718489,1.3835502957163681
Dataset_0136,single_output,Elongation (%),gradient_boosting,123,0,0.8748128314124054,1.0068320030272266,0.08989571455600238,0.6843022784576209,0.7120090715878045,1.2940893511334204,0.1772725138538932,1.1078757579371343
Dataset_0136,single_output,Elongation (%),gradient_boosting,123,1,0.9398123092077251,0.6749051849770099,0.06025939151580446,0.5369137077384702,0.7265450656997666,1.477443759088396,0.1660049167515052,1.1572982339557238
Dataset_0136,single_output,Elongation (%),gradient_boosting,123,2,0.9066746813167038,0.8657962599570088,0.07730323749616151,0.6877466901501268,0.5457376387690094,1.643445834408121,0.22208727492001634,1.1678595276135142
Dataset_0136,single_output,Elongation (%),gradient_boosting,123,3,0.6679310559454201,1.6644929806765867,0.14861544470326668,1.3003881297643063,-0.05827358766857915,1.9431060166032144,0.37367423396215665,1.6416110581700978
Dataset_0136,single_output,Elongation (%),gradient_boosting,123,4,0.7571180236906416,1.2329609898507328,0.11855394133180125,0.6660320268875499,0.15936769627814895,3.3381789906921044,0.2980516955975093,2.5939441254015825
Dataset_0136,single_output,Elongation (%),gradient_boosting,7,0,0.5380139836998946,1.9001397856769475,0.17758315753990164,1.3965697196570777,0.4524726476647235,1.9297110804266777,0.22702483299137385,1.5228194865581175
Dataset_0136,single_output,Elongation (%),gradient_boosting,7,1,0.8271935087234715,1.0532041153829155,0.09662423076907482,0.791568268044557,0.4156599616907086,2.6226472344266156,0.2882029927941336,2.1894496777685766
Dataset_0136,single_output,Elongation (%),gradient_boosting,7,2,0.956720342167069,0.6085916630293723,0.05433854134190824,0.5088153836325207,0.06834788342728126,1.9175958552799957,0.33061997504827506,1.4456415435560577
Dataset_0136,single_output,Elongation (%),gradient_boosting,7,3,0.8855218457540286,0.8897791621446538,0.07944456804862982,0.7338599129932565,0.831662539481537,1.349851256429891,0.1297933900413357,1.0041777754430197
Dataset_0136,single_output,Elongation (%),gradient_boosting,7,4,0.9148124409190239,0.8570114929442677,0.07651888329859534,0.6401537771271003,0.18248128690795318,1.7536976211668227,0.3188541129394223,1.520945303110545
Dataset_0136,single_output,Elongation (%),gradient_boosting,2024,0,0.8855281855122621,0.950318489257943,0.08484986511231635,0.6740677454567311,0.8178252730027621,1.0968009425622998,0.13057154078122618,0.9034153896190673
Dataset_0136,single_output,Elongation (%),gradient_boosting,2024,1,0.9564897290690692,0.603347187027375,0.05387028455601563,0.49242266490069353,0.6200399146445382,1.2971817058541797,0.22365201825072062,0.9306040066251133
Dataset_0136,single_output,Elongation (%),gradient_boosting,2024,2,0.9509558030516954,0.5614331916945476,0.05150763226555483,0.44438409365798803,0.7932612855410373,1.4508984844174293,0.1355979891978906,1.244109134768734
Dataset_0136,single_output,Elongation (%),gradient_boosting,2024,3,0.4398330471812377,1.9386938265544789,0.18118633893032515,1.3814157721791491,-0.029949556990986226,3.1179934321364993,0.3282098349617368,2.3747690834464743
Dataset_0136,single_output,Elongation (%),gradient_boosting,2024,4,0.5066265917674169,2.0702092716698224,0.18484011354194843,1.6537505415634977,-0.06997708592774265,1.5079883459769672,0.30159766919539344,1.0694099181661578
Dataset_0136,single_output,Elongation (%),gradient_boosting,99,0,0.6261895479484858,1.8255648604487715,0.1629968625400689,1.4303704292477761,-0.048727197114021736,1.8710268594972406,0.34648645546245194,1.3247909684294343
Dataset_0136,single_output,Elongation (%),gradient_boosting,99,1,0.6770354811052939,1.5171911957888826,0.1354634996240074,1.1217889314519531,-0.24869660060446708,2.717375410624814,0.3396719263281017,1.7392301899701323
Dataset_0136,single_output,Elongation (%),gradient_boosting,99,2,0.5600917191334833,1.89465966977989,0.17707099717569066,1.2549682136171785,-1.4304364692225295,3.649356085181887,0.4865808113575849,2.4756754460680432
Dataset_0136,single_output,Elongation (%),gradient_boosting,99,3,0.8781399920981597,0.8601796587704366,0.09054522723899332,0.691124933008516,0.767848818794169,1.507457601214875,0.167495289023875,1.2835889183904226
Dataset_0136,single_output,Elongation (%),gradient_boosting,99,4,0.9060465760412288,0.8532432055822645,0.07618242906984506,0.643123326813079,0.6731001223104882,1.5246174186184178,0.17524338145039287,1.2903880720659289
Dataset_0136,single_output,Temperature (°C),xgboost,42,0,0.9991683959960938,0.8647694253385677,0.007721155518302254,0.710509181022644,0.9943392872810364,2.354989630965875,0.02065780343458489,1.9412193298339844
Dataset_0136,single_output,Temperature (°C),xgboost,42,1,0.9990593791007996,0.9043908616199442,0.007933252981162717,0.7640359997749329,0.995532751083374,2.2480271485206402,0.021409782185649043,2.0554330348968506
Dataset_0136,single_output,Temperature (°C),xgboost,42,2,0.9993262887001038,0.8179496158085241,0.006816247116265282,0.6548388004302979,0.9961893558502197,1.3818028961652629,0.019191706778852388,1.1614553928375244
Dataset_0136,single_output,Temperature (°C),xgboost,42,3,0.9985505938529968,1.1109754810735064,0.009258129228997703,0.9691720008850098,0.9886990785598755,2.783078396327962,0.040334469324242145,2.598475933074951
Dataset_0136,single_output,Temperature (°C),xgboost,42,4,0.9992790818214417,0.8294733694307417,0.006912278731774508,0.6847776174545288,0.9911045432090759,2.514061767881487,0.03397380720458111,2.266972064971924
Dataset_0136,single_output,Temperature (°C),xgboost,123,0,0.9992592334747314,0.8765705863049269,0.007304754799707491,0.7070410847663879,0.9884752631187439,2.425419926416456,0.043311070304000276,2.1288986206054688
Dataset_0136,single_output,Temperature (°C),xgboost,123,1,0.9993398785591125,0.8328738893137669,0.006940615953623238,0.6918387413024902,0.9943956732749939,1.4547793907373419,0.023848841968853986,1.2905622720718384
Dataset_0136,single_output,Temperature (°C),xgboost,123,2,0.9990495443344116,0.9109796556824536,0.007591497285358714,0.7945314645767212,0.992115318775177,2.9596777176033267,0.027921489928615137,2.7470529079437256
Dataset_0136,single_output,Temperature (°C),xgboost,123,3,0.9984714388847351,1.0528606275392478,0.009932647321994555,0.8365015387535095,0.9918266534805298,3.591450096262694,0.02992875124256424,2.8924953937530518
Dataset_0136,single_output,Temperature (°C),xgboost,123,4,0.9992003440856934,0.8505659309075265,0.007088049255425426,0.7058326601982117,0.9902043342590332,2.8231348514110532,0.03172061485128621,2.2834384441375732
Dataset_0136,single_output,Temperature (°C),xgboost,7,0,0.9989509582519531,0.9581334209631966,0.008404679315641032,0.7009833455085754,0.994509220123291,2.404249276031674,0.022469620218528333,2.0264511108398438
Dataset_0136,single_output,Temperature (°C),xgboost,7,1,0.9989004731178284,0.948752394661878,0.008471003752702645,0.7762903571128845,0.9867193698883057,4.2202107479027475,0.041784263774289364,3.6340115070343018
Dataset_0136,single_output,Temperature (°C),xgboost,7,2,0.9989204406738281,1.0119246343322919,0.008432704876574113,0.7580345273017883,0.985399067401886,3.123618621688987,0.04056647369738387,2.6671578884124756
Dataset_0136,single_output,Temperature (°C),xgboost,7,3,0.9993551969528198,0.7626134459729046,0.006355112575111471,0.6176378726959229,0.997982919216156,1.4093264941476933,0.014992835124468242,1.2608468532562256
Dataset_0136,single_output,Temperature (°C),xgboost,7,4,0.9995383024215698,0.6955213554539953,0.005796011143847363,0.5027844905853271,0.988933265209198,2.0533408041401158,0.03480238606003043,1.645538330078125
Dataset_0136,single_output,Temperature (°C),xgboost,2024,0,0.9990304112434387,0.9358584018711451,0.008355878209399419,0.7971616387367249,0.9905914068222046,3.0264250118003555,0.03152526133635999,2.256755828857422
Dataset_0136,single_output,Temperature (°C),xgboost,2024,1,0.99935382604599,0.7661626057157951,0.00638468843947289,0.5856796503067017,0.993739128112793,2.4631594360701095,0.028312176923821365,2.312098979949951
Dataset_0136,single_output,Temperature (°C),xgboost,2024,2,0.9993680715560913,0.7747540683621055,0.006456284260880517,0.6044248342514038,0.9915041923522949,2.1775415720075344,0.028279759826381468,1.8016880750656128
Dataset_0136,single_output,Temperature (°C),xgboost,2024,3,0.9986429810523987,0.9949111500563758,0.008727290801010968,0.8267232775688171,0.9936705827713013,3.0960991157910702,0.02893550597513847,2.664341449737549
Dataset_0136,single_output,Temperature (°C),xgboost,2024,4,0.9994091987609863,0.8023899945356956,0.006686582913242851,0.6397915482521057,0.9876662492752075,1.613593784752272,0.03507812460382709,1.4748927354812622
Dataset_0136,single_output,Temperature (°C),xgboost,99,0,0.9991013407707214,0.9237538926864598,0.007697949580111484,0.7466561198234558,0.9942905902862549,2.1615667721919976,0.026686009843410484,1.6790733337402344
Dataset_0136,single_output,Temperature (°C),xgboost,99,1,0.9985862374305725,1.06573040124929,0.008881086590442566,0.8069710731506348,0.9976112842559814,1.7226026185006391,0.016250967817444496,1.2473362684249878
Dataset_0136,single_output,Temperature (°C),xgboost,99,2,0.9984353184700012,1.2069522868873361,0.010776359675842659,0.934846043586731,0.9815775156021118,3.623790539201911,0.04263283079082908,3.0711758136749268
Dataset_0136,single_output,Temperature (°C),xgboost,99,3,0.9993829131126404,0.7764510967086975,0.006470426197109218,0.599853515625,0.9833484888076782,3.2439271970357115,0.04841682377085411,2.937404155731201
Dataset_0136,single_output,Temperature (°C),xgboost,99,4,0.9990273714065552,0.9474821806668843,0.008311247274946608,0.734492838382721,0.9947367310523987,2.1389672759033163,0.02376630399999088,1.8675276041030884
Dataset_0136,single_output,Temperature (°C),lightgbm,42,0,0.997935560571189,1.362538202577679,0.012165519665872135,1.0108234053778509,0.9889859042790677,3.2849487343545762,0.028815339775040142,2.940109022813168
Dataset_0136,single_output,Temperature (°C),lightgbm,42,1,0.9987884540739693,1.026396065579967,0.009003474259473395,0.6974586293551535,0.9931953330613953,2.7745060150163563,0.026423866809679585,2.311570431412503
Dataset_0136,single_output,Temperature (°C),lightgbm,42,2,0.9985264024483206,1.2097077156153484,0.010080897630127903,0.9784398999491432,0.9830272620888226,2.9162271586278936,0.040503154980942965,2.192266676756877
Dataset_0136,single_output,Temperature (°C),lightgbm,42,3,0.9992614667848275,0.7930388696674332,0.00660865724722861,0.6437305960528389,0.9873048829939924,2.949758930066189,0.04275012942124912,2.496153384553785
Dataset_0136,single_output,Temperature (°C),lightgbm,42,4,0.9992831915322669,0.8271030770864158,0.006892525642386798,0.6555408969571772,0.9934850360166751,2.1515300016093875,0.02907472975147821,1.8967693319633636
Dataset_0136,single_output,Temperature (°C),lightgbm,123,0,0.9989163335988225,1.0602087767106116,0.008835073139255098,0.7645798274261243,0.9835046949114966,2.9016930042843825,0.05181594650507826,2.2136549500730354
Dataset_0136,single_output,Temperature (°C),lightgbm,123,1,0.999352104541173,0.8251248653601307,0.006876040544667756,0.7182047662569999,0.9938596566630644,1.5227587284378998,0.024963257843244258,1.2501279176150806
Dataset_0136,single_output,Temperature (°C),lightgbm,123,2,0.9951721137309636,2.053139528860248,0.017109496073835398,1.4664027051690223,0.9855831228105455,4.002106487276481,0.037755721578080007,3.01935336737122
Dataset_0136,single_output,Temperature (°C),lightgbm,123,3,0.9964042361252125,1.614830342775609,0.015234248516751028,1.2752485155157764,0.981730545387933,5.369491265838566,0.04474576054865472,5.1196379187195555
Dataset_0136,single_output,Temperature (°C),lightgbm,123,4,0.9989097611168458,0.9931377818891876,0.008276148182409897,0.8764119701622333,0.9960236984690378,1.7986797280250126,0.020209884584550704,1.6091406110063124
Dataset_0136,single_output,Temperature (°C),lightgbm,7,0,0.9974893159140051,1.4822579922143377,0.013002263089599455,1.278981066267765,0.9748760047675418,5.142886930603316,0.04806436383741417,3.9986793261974753
Dataset_0136,single_output,Temperature (°C),lightgbm,7,1,0.998432184499789,1.1329109493002048,0.010115276333037543,0.9269165831990979,0.9967883648470799,2.075331147260474,0.02054783314119281,1.8554113218105337
Dataset_0136,single_output,Temperature (°C),lightgbm,7,2,0.9990383119211332,0.9550829498851297,0.00795902458237608,0.7348564823261733,0.9901567290207938,2.564705755264003,0.03330786695148056,2.2447853325019844
Dataset_0136,single_output,Temperature (°C),lightgbm,7,3,0.9993326910207133,0.7758221470047871,0.006465184558373226,0.6681073285799298,0.994584462894712,2.3092523099972175,0.02456651393614061,2.1664390382926593
Dataset_0136,single_output,Temperature (°C),lightgbm,7,4,0.9997006107847611,0.5600639352530206,0.004667199460441838,0.41043371248618093,0.9985595628671597,0.7407949452689098,0.012555846529981521,0.6700404130882264
Dataset_0136,single_output,Temperature (°C),lightgbm,2024,0,0.9985523483607694,1.1435375500496563,0.010210156696871931,0.946977058394901,0.9961208642297031,1.9432803895434168,0.020242504057743926,1.6483684381052583
Dataset_0136,single_output,Temperature (°C),lightgbm,2024,1,0.9981200557962852,1.306834504827587,0.01089028754022989,0.9321569285867134,0.9859492727685314,3.689988473681063,0.04241366061702371,3.3951107015471638
Dataset_0136,single_output,Temperature (°C),lightgbm,2024,2,0.9990567214419851,0.9465503705334962,0.007887919754445801,0.7969111308311219,0.9946711639978177,1.7245703812105149,0.022397017937798896,1.4843638923189897
Dataset_0136,single_output,Temperature (°C),lightgbm,2024,3,0.9953042094788371,1.8507211545991917,0.016234396092975365,1.5000435582357141,0.9898112993410277,3.928190828063253,0.03671206381367526,3.3716283411618275
Dataset_0136,single_output,Temperature (°C),lightgbm,2024,4,0.9987260466340355,1.178239638037678,0.009818663650313983,0.9143487088845079,0.9704774399648272,2.4964520170729316,0.0542706960233246,2.3216136237532266
Dataset_0136,single_output,Temperature (°C),lightgbm,99,0,0.9974825277556286,1.5461139474476322,0.012884282895396936,1.260629540635648,0.9850557103737112,3.497113026253041,0.04317423489201285,3.0851533645937224
Dataset_0136,single_output,Temperature (°C),lightgbm,99,1,0.9965653681719469,1.661125116667291,0.013842709305560757,1.3656929794640567,0.9888242993838121,3.725984040703698,0.035150792836827344,3.4821038575735606
Dataset_0136,single_output,Temperature (°C),lightgbm,99,2,0.9989369176257136,0.9948598511162258,0.00888267724210916,0.7506782211273691,0.9932743353027781,2.189557855584173,0.02575950418334321,1.5696782389357022
Dataset_0136,single_output,Temperature (°C),lightgbm,99,3,0.9996087133888953,0.6182849812089733,0.005152374843408111,0.5049841037585805,0.9726635517763387,4.156382983310981,0.06203556691508927,4.021575787916926
Dataset_0136,single_output,Temperature (°C),lightgbm,99,4,0.9990495534315055,0.9366088775644098,0.008215867347056226,0.7688733996362183,0.995056674531378,2.07293543718675,0.02303261596874167,1.5438091073161542
Dataset_0136,single_output,Temperature (°C),gradient_boosting,42,0,0.9946991107818736,2.1833430563058833,0.019494134431302528,1.373566280583812,0.9856344914086084,3.751584009634351,0.03290863166345922,3.1994293533920413
Dataset_0136,single_output,Temperature (°C),gradient_boosting,42,1,0.9890005769477473,3.092644429736375,0.027128459909968202,1.5136366537357986,0.982594352551765,4.437387191668875,0.04226083039684642,2.9303308190068913
Dataset_0136,single_output,Temperature (°C),gradient_boosting,42,2,0.9969430243621129,1.7423563955101358,0.014519636629251131,1.359257590792332,0.9839008955672799,2.840182561077342,0.03944698001496308,2.3880269040314324
Dataset_0136,single_output,Temperature (°C),gradient_boosting,42,3,0.9892316030094814,3.028203011536591,0.025235025096138262,2.188811942411601,0.9509232294745951,5.7997084045721925,0.08405374499379989,5.090833071335916
Dataset_0136,single_output,Temperature (°C),gradient_boosting,42,4,0.9977681509376112,1.4594542420786807,0.012162118683989006,1.0293982905950718,0.9881739814176024,2.898749424108702,0.03917228951498246,2.7312668644430573
Dataset_0136,single_output,Temperature (°C),gradient_boosting,123,0,0.9958336443071752,2.0788433423389336,0.017323694519491114,1.8124060322134272,0.980657122096051,3.1421855833316017,0.05611045684520717,2.504843531685914
Dataset_0136,single_output,Temperature (°C),gradient_boosting,123,1,0.9945653016357603,2.3897635316014254,0.019914696096678546,1.5074455293599036,0.9758935225276584,3.0171829649262234,0.04946201581846268,2.5365913391612644
Dataset_0136,single_output,Temperature (°C),gradient_boosting,123,2,0.9813712024982832,4.0330384270993145,0.033608653559160956,2.0908646953358536,0.9723936233393765,5.538061129538986,0.05224585971263194,4.106079085128848
Dataset_0136,single_output,Temperature (°C),gradient_boosting,123,3,0.9947214870212311,1.9565327219888402,0.018457855867819246,1.5033488741138792,0.9938638873478773,3.1118382229451664,0.02593198519120972,2.842254461217798
Dataset_0136,single_output,Temperature (°C),gradient_boosting,123,4,0.9955100317195115,2.0154420110814284,0.016795350092345236,1.3938863130671926,0.9882677525169054,3.089618042095365,0.034714809461745676,2.3377614600886676
Dataset_0136,single_output,Temperature (°C),gradient_boosting,7,0,0.9918495215973684,2.6706643936819336,0.023426880646332752,2.05161516809842,0.9841098467459639,4.090031642687677,0.038224594791473616,3.463602984683611
Dataset_0136,single_output,Temperature (°C),gradient_boosting,7,1,0.9904124880029274,2.801568576003562,0.025014005142888946,1.9613130715454465,0.9852488698993432,4.447714985854547,0.04403678203816383,3.9471423204283673
Dataset_0136,single_output,Temperature (°C),gradient_boosting,7,2,0.9968749706405452,1.7216744194261886,0.014347286828551572,1.3622906315632848,0.9820590216927948,3.462508804059023,0.04496764680596134,2.8006667967807255
Dataset_0136,single_output,Temperature (°C),gradient_boosting,7,3,0.9977624329244311,1.4206487716941374,0.011838739764117812,0.8311333937682607,0.9960872313460731,1.962875273112201,0.02088165184161916,1.6944048474376163
Dataset_0136,single_output,Temperature (°C),gradient_boosting,7,4,0.999242869738791,0.8906454097148038,0.007422045080956698,0.6123061186716031,0.9915647486450785,1.7926680167388078,0.030384203673539115,1.5310038707719238
Dataset_0136,single_output,Temperature (°C),gradient_boosting,2024,0,0.9900787182027998,2.993658723709337,0.026729095747404792,1.875009795067277,0.9885797659542531,3.3343062012260614,0.03473235626277147,2.804980836832577
Dataset_0136,single_output,Temperature (°C),gradient_boosting,2024,1,0.9962870181621554,1.8365786245552094,0.015304821871293412,1.4326806831539036,0.9916515159834844,2.8443263075248653,0.03269340583361914,2.5454992544170443
Dataset_0136,single_output,Temperature (°C),gradient_boosting,2024,2,0.9988577221343985,1.0416207654660823,0.008680173045550686,0.7868668633954775,0.9973268355982282,1.2214553051348023,0.015863055910841587,1.1735885263334223
Dataset_0136,single_output,Temperature (°C),gradient_boosting,2024,3,0.9868310775819624,3.099286691059493,0.027186725360170992,2.193338249186013,0.9760953579484208,6.0169208455984915,0.05623290509905132,5.312827900528995
Dataset_0136,single_output,Temperature (°C),gradient_boosting,2024,4,0.9990541780365031,1.0152232641000367,0.008460193867500305,0.8234928999285416,0.9789833566443906,2.1063371770630694,0.04578993863180586,1.8257423114775
Dataset_0136,single_output,Temperature (°C),gradient_boosting,99,0,0.9935435087657174,2.476038739553449,0.02063365616294541,1.8917118428210142,0.9818617380096616,3.852741458494148,0.04756470936412528,3.643231250444124
Dataset_0136,single_output,Temperature (°C),gradient_boosting,99,1,0.9774555996204799,4.255803762979642,0.03546503135816369,2.267687985887139,0.9662744326026936,6.4726666861566775,0.06106289326562903,5.359654613074919
Dataset_0136,single_output,Temperature (°C),gradient_boosting,99,2,0.9878350308356776,3.3653787803905106,0.030048024824915275,1.6210259957253863,0.9218249919803275,7.46487923834566,0.08782210868641953,5.910008779705728
Dataset_0136,single_output,Temperature (°C),gradient_boosting,99,3,0.9964236394346477,1.8692261673293156,0.015576884727744296,1.274516362795831,0.9756955270803697,3.9191114893434102,0.058494201333483736,3.536349703239872
Dataset_0136,single_output,Temperature (°C),gradient_boosting,99,4,0.9932199904971359,2.501552187895975,0.021943440244701535,1.8896545967205023,0.978638397960633,4.309164598389836,0.04787960664877596,3.4139011883844597
Dataset_0136,single_output,Strain,xgboost,42,0,0.999148557411148,0.7235205140107231,0.007382862387864522,0.6531458990914482,0.9955112638794865,1.9200677057162185,0.023133345852002635,1.7608782768249505
Dataset_0136,single_output,Strain,xgboost,42,1,0.9993492729506038,0.6460228707651435,0.006592070109848403,0.535225782723262,0.997253836566305,1.4230204810598206,0.02092677178029148,1.1927577427455358
Dataset_0136,single_output,Strain,xgboost,42,2,0.9991979559313486,0.740465869627981,0.007794377575031379,0.620650561102505,0.9918214457955766,1.6831243668964317,0.03581115674247727,1.2408342633928575
Dataset_0136,single_output,Strain,xgboost,42,3,0.9991204319521095,0.7389302242160394,0.00821033582462266,0.5859684911267508,0.9774171732603241,2.982581137097859,0.04660283026715405,2.6137183053152904
Dataset_0136,single_output,Strain,xgboost,42,4,0.9995614493584598,0.56224632810989,0.005737207429692755,0.4513227791621766,0.9957576212260368,1.295040569636096,0.021584009493934932,1.11693867274693
Dataset_0136,single_output,Strain,xgboost,123,0,0.9991897940018337,0.7815277436606529,0.007974772894496458,0.6792195456368582,0.9867686334429472,2.1021322788299686,0.042900658751632015,1.8232299804687493
Dataset_0136,single_output,Strain,xgboost,123,1,0.9994007091835921,0.6574047801397763,0.0067082120422426155,0.530305612498316,0.9914058241737965,1.8285679015074388,0.03386236854643405,1.6908057076590401
Dataset_0136,single_output,Strain,xgboost,123,2,0.9993417705767605,0.6377957263712487,0.006508119656849476,0.4812601812954604,0.9932379656841834,2.400026489720705,0.027586511376100055,2.0656416756766185
Dataset_0136,single_output,Strain,xgboost,123,3,0.998639614767883,0.841358085064969,0.009348423167388544,0.6587297636887125,0.9960293948714941,2.17920166677738,0.02394727106348769,1.8295011247907362
Dataset_0136,single_output,Strain,xgboost,123,4,0.9991679926469695,0.762587127734832,0.008027232923524547,0.6215334398993128,0.9937969560259197,1.6554202526351982,0.026700326655406423,1.3439527239118303
Dataset_0136,single_output,Strain,xgboost,7,0,0.9990697052324069,0.7727708928339613,0.008134430450883802,0.6571492876325331,0.9961955669926983,1.6263927307475974,0.02007892260182219,1.3185481071472172
Dataset_0136,single_output,Strain,xgboost,7,1,0.9992830771925192,0.6415457778342204,0.0071282864203802265,0.5357734154010643,0.998345317730165,1.3082278697717096,0.014376130437051753,1.019678715297155
Dataset_0136,single_output,Strain,xgboost,7,2,0.9977890793676313,1.1773002692641796,0.012013268053716119,0.8618556844777071,0.9797388940963727,3.7636959853760747,0.05086075655913615,2.805955069405692
Dataset_0136,single_output,Strain,xgboost,7,3,0.9993597210334668,0.6598843307450686,0.0067335135790313125,0.5188359753838904,0.995587767243054,1.617210523169049,0.02246125726623679,1.3442662920270638
Dataset_0136,single_output,Strain,xgboost,7,4,0.999499472884677,0.6269210254060988,0.006397153320470396,0.5045266776249323,0.9903598400950536,1.164312197990051,0.031898964328494546,0.946793692452567
Dataset_0136,single_output,Strain,xgboost,2024,0,0.9992263688256112,0.7192459406127157,0.007339244291966487,0.6303456715175086,0.9889862883912841,2.407749954875038,0.03540808757169173,2.1710092544555657
Dataset_0136,single_output,Strain,xgboost,2024,1,0.9994083407414314,0.6352230378424177,0.0064818677330858955,0.5485737241547678,0.9912095014737438,2.269698203935595,0.02891335291637701,1.979243469238282
Dataset_0136,single_output,Strain,xgboost,2024,2,0.9992074874188864,0.7464851239132072,0.0076171951419715025,0.5974178971915409,0.9931626711509195,1.2444250029207888,0.028282386430017927,1.0561079842703671
Dataset_0136,single_output,Strain,xgboost,2024,3,0.9984910677219623,0.8755436864877808,0.010063720534342308,0.6768832239611399,0.9965967797740566,2.1003349386492123,0.02143198916988992,1.7440834045410156
Dataset_0136,single_output,Strain,xgboost,2024,4,0.9991279384114795,0.8010121242986371,0.008173593105088134,0.6606192227067615,0.9800156945412133,2.6996580983392984,0.04820818032748747,2.3148716517857144
Dataset_0136,single_output,Strain,xgboost,99,0,0.9990955721282574,0.7565618420995781,0.008406242689995312,0.6082653318132673,0.9889308666699012,2.8312275669054916,0.032730954530699324,2.3187907218933095
Dataset_0136,single_output,Strain,xgboost,99,1,0.9996401931890073,0.4696723108386378,0.004792574600394263,0.36156703028185605,0.9959667983864303,1.6861614550210544,0.01938116614966729,1.3700036185128357
Dataset_0136,single_output,Strain,xgboost,99,2,0.9981465533661578,1.0936220104613807,0.011511810636435587,0.8666620188745958,0.9692573224879342,4.051584256593884,0.05627200356380394,3.3138836451939175
Dataset_0136,single_output,Strain,xgboost,99,3,0.9993849878336779,0.6820141463868004,0.0069593280243551055,0.5736753003350616,0.98335524419768,2.026366045354141,0.04503035656342536,1.7648124694824219
Dataset_0136,single_output,Strain,xgboost,99,4,0.9990490344685855,0.7847648306353349,0.008007804394238111,0.675683935757341,0.993044505136933,2.2529352001915233,0.030862126030020868,1.9466048104422424
Dataset_0136,single_output,Strain,lightgbm,42,0,0.9982447232832392,1.0388335340524293,0.010600342184208461,0.7871211792416654,0.9974480150197653,1.447749962981369,0.017442770638329747,1.1945380975576185
Dataset_0136,single_output,Strain,lightgbm,42,1,0.9980014467461673,1.1321561393093624,0.011552613666422065,0.9598754650229263,0.994345946490458,2.0418691987068995,0.030027488216277935,1.8709896163688415
Dataset_0136,single_output,Strain,lightgbm,42,2,0.9989929374764103,0.8297249448679499,0.008733946788083683,0.6571607882822917,0.9977425189866256,0.8842803864937718,0.018814476308378125,0.7967491072412908
Dataset_0136,single_output,Strain,lightgbm,42,3,0.9983144103679121,1.0229269818862587,0.011365855354291764,0.7761450601808564,0.9682773364459853,3.534987954023844,0.05523418678162256,3.0645455239201738
Dataset_0136,single_output,Strain,lightgbm,42,4,0.9992256104764984,0.7471305362184801,0.007623780981821226,0.6382270755653228,0.9947139445553489,1.4455879192490588,0.024093131987484313,1.0777990043919357
Dataset_0136,single_output,Strain,lightgbm,123,0,0.9988974786069857,0.9116752930380291,0.00930280911263295,0.6793089157372175,0.9866865542107839,2.108642363947658,0.043033517631584854,1.688396953041301
Dataset_0136,single_output,Strain,lightgbm,123,1,0.9992664545652826,0.7273233922297353,0.00742166726765036,0.6113579866817296,0.9856988836261172,2.358815348431052,0.043681765711686145,2.0586636742709663
Dataset_0136,single_output,Strain,lightgbm,123,2,0.9968320225750197,1.3992135369095655,0.014277689152138423,1.050464867733405,0.9840923480315278,3.681123519540821,0.04231176459242323,2.9107379709827987
Dataset_0136,single_output,Strain,lightgbm,123,3,0.9981414259685708,0.9834218434475724,0.010926909371639693,0.7678983912852144,0.9927062825531823,2.953544647823677,0.03245653459146897,2.3057094938736244
Dataset_0136,single_output,Strain,lightgbm,123,4,0.9991608875761055,0.7658363281185694,0.008061435032827045,0.6151798862778761,0.9872895090531449,2.3696652341371913,0.03822040700221276,1.7263041953796627
Dataset_0136,single_output,Strain,lightgbm,7,0,0.9975976497276358,1.2418199461929624,0.013071788907294341,1.0620941244608233,0.9958335011191862,1.7020256032262346,0.021012661768225117,1.4850715025039305
Dataset_0136,single_output,Strain,lightgbm,7,1,0.9976429543285118,1.1632564026142156,0.012925071140157951,0.9174857224439801,0.992741374193668,2.7400172336565216,0.030110079490731006,1.9476016978508537
Dataset_0136,single_output,Strain,lightgbm,7,2,0.998509389922166,0.9666799114588109,0.00986408072917154,0.75301146055037,0.9885475905568746,2.829641365833584,0.038238396835588974,2.1727915873550643
Dataset_0136,single_output,Strain,lightgbm,7,3,0.9991479057560985,0.7612494889764676,0.007767851928331302,0.6351353430693478,0.9935425530284295,1.956445595249487,0.02717285548957621,1.246249743371624
Dataset_0136,single_output,Strain,lightgbm,7,4,0.9993009620731017,0.7408826082340232,0.00756002661463289,0.5913635896742326,0.9769372567232251,1.8008718554543839,0.04933895494395572,1.495930104408176
Dataset_0136,single_output,Strain,lightgbm,2024,0,0.9987540594423514,0.9127652551246805,0.009313931174741639,0.6956633239748342,0.9944487312030647,1.7093880420989467,0.025138059442631568,1.4708083825064255
Dataset_0136,single_output,Strain,lightgbm,2024,1,0.9986178498884002,0.9708854988347969,0.009906994886069356,0.6928280905977463,0.9944645949796073,1.8010926872085573,0.0229438558880071,1.358752525131567
Dataset_0136,single_output,Strain,lightgbm,2024,2,0.9987449684788446,0.9393888295104819,0.009585600301127366,0.7782049856954982,0.9953283958129076,1.028628406800829,0.023377918336382475,0.8416039733242106
Dataset_0136,single_output,Strain,lightgbm,2024,3,0.9980408565302313,0.9976450837917314,0.011467184871169328,0.7738602941375451,0.9932699570569944,2.953605225468906,0.030138828831315367,2.257306887919919
Dataset_0136,single_output,Strain,lightgbm,2024,4,0.9991233910483964,0.8030978467455993,0.008194875987199993,0.6922506948113465,0.9829745705724846,2.4918005287124916,0.044496438012723065,2.2715994256015386
Dataset_0136,single_output,Strain,lightgbm,99,0,0.9974762100540698,1.263816635536313,0.014042407061514588,1.052790518991587,0.9721769595717638,4.4886967113809915,0.05189244753041609,3.639574605318625
Dataset_0136,single_output,Strain,lightgbm,99,1,0.9984669317941074,0.969484803269816,0.009892702074181796,0.7464684165287129,0.9677347379906294,4.769158862783378,0.05481791796302733,3.985444474270151
Dataset_0136,single_output,Strain,lightgbm,99,2,0.9990078091707177,0.8001562533519812,0.008422697403705064,0.6554639156050783,0.9896440108847769,2.351526205275168,0.03266008618437734,1.9148426624421333
Dataset_0136,single_output,Strain,lightgbm,99,3,0.9995025550511253,0.6133721343619808,0.006258899330224294,0.4575114191087722,0.9893432945458099,1.6214018596305004,0.036031152436233345,1.3360060768594448
Dataset_0136,single_output,Strain,lightgbm,99,4,0.9988447242613329,0.8649678598957412,0.008826202651997359,0.6827644386181484,0.997821393796331,1.2608808576548878,0.01727234051582038,0.9711245190521771
Dataset_0136,single_output,Strain,gradient_boosting,42,0,0.9902621447782076,2.4468357716267675,0.02496771195537518,1.7778163645794736,0.9778397915546989,4.266202109190246,0.05140002541193067,3.439919468085468
Dataset_0136,single_output,Strain,gradient_boosting,42,1,0.9876108251825759,2.818834991555007,0.02876362236280619,1.3515037583686293,0.9828776321256862,3.5532836094057467,0.052254170726555096,2.5908868473557995
Dataset_0136,single_output,Strain,gradient_boosting,42,2,0.9957033218251876,1.7138481599206457,0.018040506946533114,1.1954365660571498,0.9726303643733993,3.0790195543421026,0.06551105434770431,2.6024713953039873
Dataset_0136,single_output,Strain,gradient_boosting,42,3,0.996771406952488,1.4157134632393038,0.01573014959154782,1.034366127543189,0.9544485833547277,4.235981548029434,0.06618721168795991,3.7286446305995753
Dataset_0136,single_output,Strain,gradient_boosting,42,4,0.9988798170151608,0.8985892905272168,0.009169278474767518,0.7093903277027295,0.9956621054289791,1.3095381333244989,0.021825635555408316,1.160016764750439
Dataset_0136,single_output,Strain,gradient_boosting,123,0,0.9892522854931749,2.8464576950774236,0.029045486684463506,1.8078305153460992,0.9737654623942976,2.960018309215327,0.060408536922761776,2.473839417875422
Dataset_0136,single_output,Strain,gradient_boosting,123,1,0.9984050843467569,1.072464453500784,0.010943514831640652,0.6579550722636295,0.9917215052832957,1.794670245870604,0.033234634182788964,1.6154539014334262
Dataset_0136,single_output,Strain,gradient_boosting,123,2,0.986749039375401,2.861650826366338,0.029200518636391205,1.4630029695918485,0.9758585734624189,4.534807065739111,0.052124219146426565,3.091968139811642
Dataset_0136,single_output,Strain,gradient_boosting,123,3,0.9959520487492284,1.451334619750913,0.016125940219454588,0.9724099350094838,0.9951601912717243,2.405931022354564,0.026438802443456744,1.7187240841627605
Dataset_0136,single_output,Strain,gradient_boosting,123,4,0.9989491992985774,0.8570103462979418,0.009021161539978334,0.6085013736419662,0.9946884789636294,1.5318466355991984,0.02470720379998707,1.343935956432696
Dataset_0136,single_output,Strain,gradient_boosting,7,0,0.9460555207631034,5.884559641634259,0.061942733069834305,2.571411927862475,0.9187383028368712,7.516633898844774,0.09279794936845401,6.333499999992513
Dataset_0136,single_output,Strain,gradient_boosting,7,1,0.9979781911726318,1.0773616119377387,0.011970684577085985,0.8303464438754028,0.9931759141344232,2.6567355771744934,0.02919489645246696,2.2585410773464716
Dataset_0136,single_output,Strain,gradient_boosting,7,2,0.9858971500672283,2.973405287556585,0.03034087028118964,1.2892978784363371,0.9657571061664045,4.8929208691393615,0.06612055228566704,4.194854396662326
Dataset_0136,single_output,Strain,gradient_boosting,7,3,0.9945700642826893,1.9216776645813962,0.019608955761034656,1.3591895273358452,0.9775523207819262,3.647733277098633,0.05066296218192546,3.0620189363752135
Dataset_0136,single_output,Strain,gradient_boosting,7,4,0.999400651197501,0.6860232764647223,0.007000237514946146,0.4493255284276111,0.9778428876729736,1.7651593122838403,0.04836052910366686,1.480489986002561
Dataset_0136,single_output,Strain,gradient_boosting,2024,0,0.9737574704485449,4.189028219216561,0.042745185910373074,2.1099694940962763,0.958730855074497,4.660765671171932,0.06854067163488135,4.298592111514218
Dataset_0136,single_output,Strain,gradient_boosting,2024,1,0.9984445934407592,1.0299410569932799,0.010509602622380407,0.770235392321484,0.989697841570429,2.457114944732231,0.03130082732142969,1.6218988967479564
Dataset_0136,single_output,Strain,gradient_boosting,2024,2,0.995964261789971,1.684533174123116,0.01718911402166445,1.0485152789917256,0.9816156934477466,2.0405588328975877,0.04637633711130881,1.5025276382458321
Dataset_0136,single_output,Strain,gradient_boosting,2024,3,0.995238023730858,1.5553801772050149,0.01787793307132201,1.1095498067359193,0.9949277041471203,2.564164117258268,0.02616493997202314,1.9328379807466314
Dataset_0136,single_output,Strain,gradient_boosting,2024,4,0.9972222629868348,1.4295885917063451,0.014587638690881073,1.0592619807745887,0.9515464292481814,4.203655623225269,0.07506527898616552,3.327727706950534
Dataset_0136,single_output,Strain,gradient_boosting,99,0,0.9761602244087118,3.884262268982306,0.04315846965535895,2.5884437866992553,0.9604634797875643,5.350781171077424,0.06185874186216675,4.1635902349348815
Dataset_0136,single_output,Strain,gradient_boosting,99,1,0.9860579525067548,2.923637652048792,0.029833037265804,1.2874883131421178,0.9535905075424913,5.719757291463202,0.06574433668348509,4.420359874056319
Dataset_0136,single_output,Strain,gradient_boosting,99,2,0.9980918812902738,1.109634355117531,0.011680361632816116,0.824202424162344,0.9812884890459372,3.160883280718941,0.04390115667665196,2.7014225421577507
Dataset_0136,single_output,Strain,gradient_boosting,99,3,0.9977771280625444,1.2966081613799834,0.013230695524285544,0.8723260046944113,0.9303531428363854,4.1450516586568815,0.09211225908126404,3.8075969671049603
Dataset_0136,single_output,Strain,gradient_boosting,99,4,0.9957628480357203,1.6565103890835255,0.01690316723554618,0.9996064488277838,0.9865493540578528,3.1329701275499415,0.04291739900753345,2.700861342177377
