dataset,mode,target,model,seed,fold,train_r2,train_rmse,train_nrmse,train_mae,test_r2,test_rmse,test_nrmse,test_mae,train_Si Particle Size (um)__r2,train_Si Particle Size (um)__rmse,train_Si Particle Size (um)__nrmse,train_Si Particle Size (um)__mae,test_Si Particle Size (um)__r2,test_Si Particle Size (um)__rmse,test_Si Particle Size (um)__nrmse,test_Si Particle Size (um)__mae,train_Hardness (HV)__r2,train_Hardness (HV)__rmse,train_Hardness (HV)__nrmse,train_Hardness (HV)__mae,test_Hardness (HV)__r2,test_Hardness (HV)__rmse,test_Hardness (HV)__nrmse,test_Hardness (HV)__mae,train_wear rate__r2,train_wear rate__rmse,train_wear rate__nrmse,train_wear rate__mae,test_wear rate__r2,test_wear rate__rmse,test_wear rate__nrmse,test_wear rate__mae,train_Ultimate Compression Strength (MPa)__r2,train_Ultimate Compression Strength (MPa)__rmse,train_Ultimate Compression Strength (MPa)__nrmse,train_Ultimate Compression Strength (MPa)__mae,test_Ultimate Compression Strength (MPa)__r2,test_Ultimate Compression Strength (MPa)__rmse,test_Ultimate Compression Strength (MPa)__nrmse,test_Ultimate Compression Strength (MPa)__mae,train_Elongation (%)__r2,train_Elongation (%)__rmse,train_Elongation (%)__nrmse,train_Elongation (%)__mae,test_Elongation (%)__r2,test_Elongation (%)__rmse,test_Elongation (%)__nrmse,test_Elongation (%)__mae
Dataset_3772,multi_output,ALL,linear_regression,42,0,0.7467149864497811,4.354248024820391,0.02369014159314685,2.2602866200049876,0.447180326343443,4.513164529837939,0.025851555331870422,2.3698609205301637,0.8977089248949432,0.06754940699754701,0.08443675874693375,0.052441132076278874,0.9487152799168368,0.04565526631047141,0.08614201190654983,0.036615600531654954,0.8567872039044147,1.9675186300941103,0.09837593150470551,1.5684609963125022,0.8809915037960501,2.1745639140650304,0.1359102446290644,1.7268325525430797,0.9225412507926398,0.19117001540769898,0.06612591331985437,0.1451769089746841,0.946064922525177,0.14890560115147197,0.0861223835462533,0.1300558116715338,0.7214673343556011,9.086016121652943,0.12743360619429092,7.245343609596263,0.6489268629705415,9.402167889765938,0.20090102328559692,7.555270834678101,0.33507021830130646,2.8860789816600785,0.2055611810299201,2.2900104530652095,-1.1887969374913911,2.9477998306942115,0.4211142615277445,2.40052980322645
Dataset_3772,multi_output,ALL,linear_regression,42,1,0.7015236714248139,4.298178673985431,0.024449252980576968,2.2076564113456505,0.7062138667640221,4.953090886775278,0.02694973005481951,2.6062198990243326,0.9339102422908696,0.05474781961258414,0.06843477451573017,0.0434870540209822,0.7768930408854746,0.09162033347790673,0.17619294899597446,0.06307364276894316,0.866822459303293,2.0366594145218424,0.09698378164389726,1.5743024244340469,0.9119392938451668,1.5929802456634452,0.10619868304422968,1.2524962713562442,0.9367928828271518,0.1788377385300624,0.06186016552406171,0.1384663615018391,0.8525393982020468,0.20201517474187064,0.14953010713683987,0.15083449408692992,0.6555656571343418,9.009246617351012,0.1586134967843488,7.140822594312301,0.7929925544896944,10.221783286395615,0.14336301944453878,8.409362444815867,0.11452711556841311,2.6499458719056546,0.22082882265880457,2.1412036224590847,0.196705046397727,3.9489115753379735,0.3164191967418248,3.1553326420936787
Dataset_3772,multi_output,ALL,linear_regression,42,2,0.7566946648420522,3.893680656061361,0.021184334363772366,2.126242445968266,0.22917213889057958,6.44429797074213,0.040108906272123795,2.692320523004765,0.9101425105872862,0.05533295901975816,0.08783009368215583,0.04674690811089913,0.7992145812199893,0.1078005951727266,0.1608964107055621,0.08892597901015406,0.8533893349984552,1.9881486611879373,0.11045270339932985,1.5146409007655122,0.8974612968632936,1.8738803125556172,0.11711751953472607,1.6025391886389773,0.9141118724579341,0.18279960940465195,0.07038875987857217,0.1444256302048922,0.9337825268520356,0.18937482405762995,0.08671008427547162,0.1384912238419918,0.8118199992715627,7.981085457370865,0.11193668243156894,6.700177181836523,-1.3490331418388317,14.005630667344734,0.5386781025901821,9.28970950270572,0.29400960689502276,2.849001166468645,0.20292031100204022,2.225221608923505,-0.1355645686435889,2.815720169050608,0.33520478202983434,2.3419367208269812
Dataset_3772,multi_output,ALL,linear_regression,42,3,0.7324971931829769,4.666574889447825,0.025390798680275453,2.3665140619111935,0.33354226731049214,2.762432029521509,0.01571349277315989,1.6805844875977178,0.9091589575773517,0.06459596800869899,0.0817670481122772,0.049116966840253365,0.6920503449255941,0.060147983993151785,0.1718513828375765,0.04344387560845094,0.9410984103374995,1.4458496295616587,0.06884998236007898,1.2560267351210561,-1.1149399764429009,3.716430129490155,0.530918589927165,2.661802670051366,0.9354427435012725,0.17734269702176414,0.06349541604789266,0.13178047084279074,0.7028604011300568,0.20739226411711228,0.15928745323894947,0.176288871089052,0.6838763104813619,9.879631192166572,0.13856425234455222,7.978601376623423,0.8925887474442281,4.519575977506325,0.1024963369431075,3.6697872929156574,0.1929095440173988,3.0251263243575015,0.21546483791720095,2.4170447601284413,0.4951518194954825,1.9672580749873871,0.23759155495016754,1.851599728324062
Dataset_3772,multi_output,ALL,linear_regression,42,4,0.768987994473162,4.126623153295556,0.022451703772010643,2.040590184739579,0.5559576731624591,5.345698881750023,0.0314600922890185,3.0866186573204892,0.9172730259954924,0.0625697442192913,0.07821218027411413,0.04502883866391304,0.8421371951199753,0.06876624483444341,0.1250295360626244,0.06402151300812522,0.8840093797287809,1.9957770855750767,0.09503700407500365,1.5776378096621324,0.811230502195354,1.8928201234025293,0.1261880082268353,1.6626668370982227,0.954083456724748,0.14446044992204776,0.04996902453201237,0.109318883866415,0.8262718769854225,0.29970924183051406,0.12857539332068382,0.254577228299791,0.719331835620217,8.655069782320487,0.12138947801291006,6.564910313723433,0.6823742826282162,11.038124298929443,0.2164338097829303,10.263189387364216,0.37024227429657197,2.495385809839374,0.19995078604482164,1.9060550777820022,-0.3822254911166718,4.167129970072427,0.4134057509992487,3.188638320832091
Dataset_3772,multi_output,ALL,linear_regression,123,0,0.7267693184349104,4.5371707293295245,0.024685368494719934,2.2593243409834356,0.6899080871705771,4.035296519041064,0.02296696937416656,2.299585945623872,0.9439340222211984,0.05129133701617957,0.06411417127022447,0.03832472943076307,0.6860309787457398,0.09993822547982051,0.19987645095964102,0.07969680508886205,0.8785440711443011,1.9883446428811782,0.09468307823243706,1.5230431495664856,0.8669814101831398,1.898960461230419,0.11170355654296582,1.700728646988539,0.9420267163551073,0.17133632516325728,0.05926541859676834,0.12819454116443935,0.8408115491492877,0.22893398129122003,0.13708621634204793,0.17904942274086,0.6899886473912844,9.521453601006826,0.13354072371678577,7.315987601021021,0.7475317729422677,8.314344547267552,0.14637930540964,7.206954743229085,0.17935313506266137,2.878543225808773,0.22418560948666455,2.2910716837344687,0.30818472483244974,2.9362076701467514,0.24468397251222931,2.331500110072016
Dataset_3772,multi_output,ALL,linear_regression,123,1,0.7289075444114914,4.362184712187312,0.024659043031019286,2.2271883561472174,0.6737566966677917,4.551422640455968,0.02476964702288962,2.546318107972856,0.9118169691747954,0.0653811594545426,0.08172644931817825,0.050267436536310786,0.8356128690691664,0.057174780436297805,0.17325691041302368,0.047896201492267816,0.8855072530291586,1.8883909105005618,0.0944195455250281,1.451204540304099,0.7655362411366514,2.4397763197323328,0.17426973712373806,2.23651840977796,0.9313998050740013,0.18448686226001462,0.06381420347976985,0.13579511850123263,0.903824173037328,0.1688019973767305,0.11538072274554373,0.15108550222065759,0.6914796141848157,9.125159835682108,0.1416950285043806,7.129820859434179,0.7431306457438771,9.455227880832537,0.15811417860923974,8.098346396669404,0.22433408059468551,2.875831177283927,0.2048312804333281,2.3688538259602665,0.12067955435193556,2.862103146575954,0.30975142278960544,2.197744029703991
Dataset_3772,multi_output,ALL,linear_regression,123,2,0.7596902137333857,4.220795746796004,0.022964068263307966,2.2350240308511653,0.5556306790084097,4.986063680470629,0.029331511738753042,2.4226752202158637,0.9057011237364395,0.06405080553229206,0.08006350691536507,0.04680215860722928,0.9225633577684729,0.059337987091562336,0.09570643079284248,0.053131422558225165,0.8559946781477186,2.0676791621831065,0.09846091248490983,1.6386079982634973,0.9478113274301341,1.4120270206900998,0.08306041298177058,1.2130082181458894,0.9453010952580033,0.1577098784813576,0.05455201607795143,0.1262432190686083,0.8718576128609816,0.2569056351080572,0.10794354416304924,0.19269474578896467,0.7460543192375984,8.80327340901553,0.12346807025267223,7.184446813576774,0.42265795246545224,10.503241943686296,0.24889198918687913,8.407515240485873,0.34539985228716885,2.6969777414339466,0.19209243172606455,2.179019964739717,-0.3867368554829922,3.4529294796895553,0.38884340987494986,2.2470264741003665
Dataset_3772,multi_output,ALL,linear_regression,123,3,0.7234157720659743,4.656901808809097,0.025338167521677446,2.3811977851336885,0.5933556459613009,2.762548360772595,0.015822155559980497,1.5632931255918159,0.8933235678934889,0.06428393477336862,0.081372069333378,0.050058088878930374,0.9408185650348946,0.06198112768486002,0.09535558105363082,0.043062590778204034,0.9032454757773606,1.7219817922622325,0.08199913296486822,1.4678849844905852,0.7409064411075292,2.9662443855896763,0.19774962570597843,1.6948774345734523,0.9205779193119606,0.18652431051006127,0.06678278213750853,0.1414701720136725,0.948470680859547,0.17262772890433487,0.08165928519599565,0.13633331819801484,0.647103641114199,9.83802314463795,0.15182134482465973,7.878807702239802,0.9245025564456281,4.8098069099062855,0.07745260724486772,4.092690393541929,0.25282825623286254,2.939868679797005,0.2093923561108978,2.3677679780454524,-0.5879200136410947,2.4883482411906255,0.4231884763929636,1.849501890867479
Dataset_3772,multi_output,ALL,linear_regression,123,4,0.7658188601350338,3.539409728869182,0.019256853802335046,1.9288883360658489,0.5424959133510561,7.105497295913531,0.04019628497999395,3.397950126459475,0.9065328700214603,0.06230353945884952,0.0958515991674608,0.04892569308859879,0.8988421746971567,0.06974118866347101,0.10409132636338958,0.05533386844335403,0.8888302647671631,1.8934600377007698,0.09965579145793525,1.422503483963461,0.7941241692062588,2.2057633787058495,0.1378602111691156,1.825580828434395,0.9243786768504282,0.18139705911555712,0.06984869430710708,0.1404865620388041,0.936364486986878,0.18410234711180368,0.08429594647976361,0.14951891466041342,0.826902408898483,7.218268235583811,0.10123798366877716,6.105779568745673,-0.002734642929339559,15.301670518414221,0.33856998602531746,11.623787957491414,0.28245008013763384,2.6290173610640477,0.19217963165672866,1.9267463724927076,0.08588337879432628,3.659943833806396,0.3177034577956941,3.3355290632678005
Dataset_3772,multi_output,ALL,linear_regression,7,0,0.731448385790493,4.032509182585439,0.021939658229518166,2.1586045695241016,0.6969121963185995,5.575600428144753,0.03173002747635302,2.352901799052492,0.8954125988496078,0.0614831484658362,0.09759229915212096,0.047655251278476585,0.9110723102435628,0.07492369729181214,0.10406069068307242,0.06360229601113591,0.8510730972680758,2.079288139254424,0.109436217855496,1.6418025342561198,0.9459958480228846,1.4251534665657317,0.07917519258698509,1.1900580995443342,0.92427248767241,0.17137531802756267,0.06598972584811807,0.1335623650304511,0.9298829842872047,0.22304145890012678,0.08496817481909591,0.1722622814578859,0.7389671261821034,8.254549177419925,0.12738501817006057,6.689115447392193,0.5944182876544952,12.127837631978418,0.1915930115636401,8.481002593055907,0.24751661898026822,2.9684138142309346,0.21142548534408365,2.280887249663268,0.10319155138484992,2.503144340212819,0.27090306712259954,1.8575837251931957
Dataset_3772,multi_output,ALL,linear_regression,7,1,0.7408337434621334,4.3964577445678525,0.02392109333787395,2.170946348446788,0.6386415394222013,4.248016934452155,0.02401366271595339,2.569631771051481,0.9120935174574167,0.060746940633204925,0.07689486156101889,0.04677780524202577,0.8996508441365305,0.07221057687265127,0.12035096145441876,0.055650911233888885,0.9119205551413501,1.6672078470930145,0.07939084986157212,1.3492311675850728,0.6711872821028102,3.0165192992971943,0.20110128661981294,2.1030513043637313,0.932897828155414,0.1739167527772456,0.06226879798684055,0.13515790223531712,0.9063824671885995,0.22331901360489614,0.1063930507884212,0.16391005096045067,0.6821695645380028,9.353301466324423,0.13118234875630327,7.256016119145993,0.7680981622545335,7.952370657612524,0.18889241467013124,6.982111331339553,0.2650872520184838,2.5192133585318377,0.1841530232844911,2.0675487480255326,-0.05211105857146747,4.222980685324355,0.38671984297842077,3.543435257359781
Dataset_3772,multi_output,ALL,linear_regression,7,2,0.7185110838353259,4.3345928893791426,0.02358320396833048,2.288645565586781,0.7158261520803194,4.5818359208501365,0.027418903808085555,2.2453666623000297,0.9044149727486501,0.06570794189500793,0.08213492736875991,0.05070277114754157,0.915606187889574,0.054097788543211595,0.10607409518276784,0.04461139744092497,0.8584790953761187,2.021244046127399,0.10106220230636995,1.601161893667424,0.8998192117179326,1.8199174516878918,0.11374484073049324,1.540518471889182,0.9363448246693732,0.1732373106955385,0.05992297153079851,0.1290999295973678,0.8235606937191251,0.23475647226157811,0.15313533741785923,0.1969580319531137,0.7057835839312924,9.00445317481739,0.1262896658459662,7.201318028397401,0.6035253575755952,9.788821856509669,0.2034040905248763,7.503802585001602,0.18753294245119467,2.9569484967363873,0.23029193899816097,2.46094520512417,0.33661930949937013,2.403108817038788,0.2503238351082071,1.9409428252153262
Dataset_3772,multi_output,ALL,linear_regression,7,3,0.7506290272232732,4.586610996548737,0.025927704898523102,2.2890850144922132,0.6773983914159956,3.2072210403141086,0.017450465424202127,1.8503732308961272,0.9295345640663788,0.05628904087849612,0.07036130109812015,0.045484072081941614,0.7812372943402425,0.08978408810202057,0.14481304532583963,0.054430379884665876,0.8910390419042574,1.8286536662840693,0.08707874601352711,1.3807392273435177,0.8293610213525434,2.4072308609151305,0.14160181534794886,1.9695860906082803,0.940092938248131,0.16566614640165395,0.05730409768303492,0.12576064340854218,0.8784418545760604,0.24679451449154952,0.11752119737692836,0.20957713165127917,0.673519955088457,9.76370016823567,0.15161025105956014,7.87934275979516,0.8715693748436918,5.526941089673886,0.1060935039768478,4.015634420346885,0.31895863680914194,2.5456970035145554,0.18131745039277458,2.014098369831905,0.02638241196744029,3.875632473008808,0.3105474737987827,3.0026381319895257
Dataset_3772,multi_output,ALL,linear_regression,7,4,0.7612485977941807,4.117675930177802,0.022403024647322096,2.1527723189603902,0.3244512727736417,5.433189357120642,0.03197874842331161,2.9010341872936474,0.9166403699671481,0.06480402012061418,0.08100502515076771,0.04792392052223029,0.8318246078268964,0.05391689697110007,0.1418865709765791,0.047500218158770015,0.8873263714099229,2.010817981478081,0.09575323721324194,1.5797975419340735,0.7622518854452691,1.7288242941712197,0.15716584492465635,1.5407005830247118,0.9327317309674378,0.19325767306936284,0.06684803634360527,0.15115505508908206,0.878716568785421,0.10852472616922827,0.12502848637007874,0.0898094585587353,0.783527734263546,8.468522705931258,0.11877310948010181,6.6654119131416465,-0.20223683104288304,11.83319065317283,0.31387773615843056,10.887271313832544,0.2860167823628488,2.9959074526919736,0.2133837217017075,2.3195731641149195,-0.6482998671464952,2.1377122886914743,0.39152239719624066,1.9398893628934755
Dataset_3772,multi_output,ALL,linear_regression,2024,0,0.725762655641323,4.53277761631304,0.025623389577801244,2.2381383060190903,0.6911627822344392,3.6708640510188366,0.01997314353892397,2.3358704310870513,0.8929631107463313,0.06763708864544678,0.08454636080680847,0.051654840652834884,0.9397868449320551,0.04387386215407374,0.08124789287791433,0.03770876473842464,0.8737718536395117,1.8301347003290545,0.08714927144424069,1.451192740647033,0.772893213109823,2.5441193813125293,0.16960795875416862,2.2772986449548753,0.9370082397373921,0.17295885631629648,0.05982665386243392,0.12959751360311728,0.8531038510145829,0.2070088221764602,0.13261295462937867,0.17301332022612415,0.6656953007843006,9.553134944238918,0.14834060472420682,7.292985686592538,0.8325482498538964,7.203928618158603,0.12046703374847162,6.592030337678553,0.25937477329907976,2.843254256800944,0.20251098695163416,2.2652607485999288,0.057481752261838936,2.993711054056211,0.2969951442516083,2.5993010878372793
Dataset_3772,multi_output,ALL,linear_regression,2024,1,0.7218645424897241,4.375541129712185,0.02380599091247108,2.3045977312951544,0.7681812690785582,4.380719944513152,0.025771972846882884,2.119844427077843,0.9152997060267706,0.064830919652624,0.08103864956578,0.04749729222802874,0.8440297164818404,0.056198212497304605,0.12217002716805347,0.05134951996184709,0.8741726699531315,2.0911685661820094,0.09957945553247664,1.653215610106545,0.8942329832142891,1.3320269026352156,0.09514477875965825,1.207495959433274,0.9369586601012331,0.18034668111803065,0.06238211038326899,0.14159761832589327,0.8716291300888153,0.1795206216588182,0.11398134708496394,0.12233934718862598,0.7067112680389209,9.072520532322656,0.127244327241552,7.275412585775775,0.7254307756247437,9.466338838962628,0.18561448703848296,7.43843851175868,0.17618040832856496,3.0010761626252966,0.2337286731016586,2.4052655500395295,0.5055837399831026,2.1289160587471816,0.22176208945283143,1.7795987970467855
Dataset_3772,multi_output,ALL,linear_regression,2024,2,0.777218931056743,4.166167858860452,0.02266685450957808,2.0639750870664715,0.5477003658596017,5.096591038028858,0.028839922125559407,2.8359766213742845,0.9100233656255942,0.06527214169038098,0.08159017711297623,0.04941397085274626,0.8659987739873357,0.054114110878877485,0.12025357973083886,0.04398412128677744,0.8770453895184427,2.059648844426122,0.0980785164012439,1.5744564261975849,0.8133825508990411,1.4551758551427634,0.13228871410388757,1.290267605184687,0.9361925396602238,0.17421494270747098,0.06026113549203424,0.13548394680755968,0.8498562004193534,0.2055228815689975,0.12765396370745183,0.152531519542689,0.7405669991675837,8.791316650687605,0.12330037378243486,6.793693480205248,0.5153778377106455,10.36083131185891,0.24610050621992663,8.77760479624745,0.4222663613118709,2.2848982531533095,0.16702472610769808,1.7668276112692187,-0.3061135337183669,4.512944804731083,0.35147545208186,3.915495064609818
Dataset_3772,multi_output,ALL,linear_regression,2024,3,0.7370049349582134,4.012574922190383,0.021832389804616045,2.161412073148507,0.5983885693958422,6.019668341991807,0.03743574839547143,2.5147722751891957,0.9117071988509018,0.052477471483902194,0.08464108303855193,0.042116729717786835,0.8499242443184077,0.11295796564855203,0.14119745706069003,0.10444757833797959,0.9210466951882612,1.4586002255202692,0.08103334586223718,1.2339431406157109,0.6091930703203222,3.786848508160359,0.23667803176002244,2.7362219029156285,0.9082543596808179,0.17613079762048314,0.07048051125269435,0.13521005698311872,0.9448133138438195,0.2261655566612282,0.07823090856493539,0.20763505761395823,0.742325137818773,8.377441388551254,0.12928150290974158,7.114901659209343,0.27532573386154624,12.613565328617353,0.26115042088234686,7.150057624977809,0.2016912832523129,2.8567416319248538,0.2034716262054739,2.2808887792165753,0.3126864846351156,2.7705364920560838,0.2653770586260617,2.3754992121006038
Dataset_3772,multi_output,ALL,linear_regression,2024,4,0.7411997627576307,4.408249782298586,0.023983948761145735,2.309843848095183,0.6414591955979474,4.262787253275685,0.024254835011525946,2.108819938011876,0.936786236864826,0.054384925422825775,0.06798115677853221,0.04336794894209999,0.6869452180138331,0.09771147303806196,0.20356556882929577,0.06660637265680386,0.877029761613345,1.9740157628225778,0.0987007881411289,1.5104738490329144,0.8689070611546906,1.9723038071699652,0.12326898794812283,1.8675018081232813,0.9347734163534185,0.18237731129184406,0.06308450753782223,0.13710297512849295,0.8826932053891291,0.1801196682722691,0.11749489124088008,0.14664475655416112,0.732107132418141,9.161565999645264,0.1284932117762309,7.438672021325035,0.5636707571389121,9.148452440476188,0.19887940087991712,7.041078270239922,0.22530226653842256,3.0489476404428895,0.21716151285205765,2.4196024460473717,0.2050797362931721,1.7973927904480553,0.2899020629754928,1.4222684824852134
Dataset_3772,multi_output,ALL,linear_regression,99,0,0.7591863891205886,4.4927294476071875,0.024444906946010054,2.324288250649006,0.22116611425641475,4.13236406931801,0.02569878152560951,2.0820181125026553,0.9139618842644099,0.06436749368001603,0.0814778401012861,0.04783539576572151,0.8557534329424297,0.06182983463694863,0.12881215549364297,0.04946684995995586,0.932909826706215,1.541805992755244,0.07341933298834495,1.2916662048782663,0.21620838175538648,3.371198372173743,0.3064725792885221,2.432954643242743,0.9273942579642563,0.18972533611843495,0.06792887079070355,0.14655972563335448,0.9201384982607199,0.15573334556856308,0.08690476873245705,0.11824252943307068,0.7516322827272275,9.449160336692513,0.13252679294098896,7.746520451208338,-0.641439099693381,8.362135232519147,0.3981969158342451,5.997304837793823,0.2700336939408341,3.03630594337216,0.21626110707778914,2.38885947575935,-0.24483064198308102,2.01588791655051,0.3968283300296278,1.8121217020836844
Dataset_3772,multi_output,ALL,linear_regression,99,1,0.7400955632870395,4.618008740559869,0.025125183572142922,2.31862347346066,0.6196784442773206,3.0485875493718506,0.017342212579622564,1.8452102142196005,0.9000441125455664,0.06514070651703795,0.08142588314629742,0.047253605581648976,0.9252427421509742,0.05341330419334283,0.08615049063442391,0.048705596479798365,0.8709294359101646,1.909262745404368,0.09091727359068419,1.4700812621928898,0.8548582641873065,2.2439985761644636,0.13199991624496846,1.7694779131553031,0.943921809330758,0.1566729727617591,0.05419334927767523,0.11802506497432823,0.8728276073866023,0.26468002986145595,0.11121009658044367,0.24631354590514917,0.6750779039723336,9.787011286295295,0.13726523543191158,7.815187618441056,0.8925403391458219,5.366282475919203,0.11179755158165006,4.65369204340405,0.31050455467637506,2.6777527440629556,0.1907231299190139,2.142569816113377,-0.447076731484102,3.5445739533076956,0.36922645346955163,2.5078619721537008
Dataset_3772,multi_output,ALL,linear_regression,99,2,0.7783433315064264,3.7407574572779363,0.020352325665277126,1.9788844512047306,0.05714254752114778,7.159749600563759,0.04101833056753801,3.182062290497131,0.9253832882008144,0.052337840822356686,0.080519755111318,0.04329810015318699,0.8462180821453471,0.09663665113304738,0.12884886817739652,0.0665956617036253,0.8479457392615914,2.0490431753489,0.11383573196382778,1.6039258523073885,0.930702533229394,1.5821486048523303,0.07534040975487287,1.2109688791995186,0.9181163838907052,0.18027901713375546,0.0694181814146151,0.13537190892587028,0.9413498862505623,0.1873086404080173,0.06706360200788306,0.1568983055538052,0.8075395333244704,7.637490493717943,0.107117678733772,6.061697191896208,-0.18170131246891263,15.501482101605289,0.3460152254822608,11.736125551435325,0.39273171285455055,2.7205244018802626,0.193769544293466,2.050129202740999,-2.250856451550652,3.66967396242848,0.6116123270714133,2.739723054593381
Dataset_3772,multi_output,ALL,linear_regression,99,3,0.7065146152831551,4.036058175530135,0.022958237631001903,2.0387690810907992,0.6078074505434664,5.960456396048957,0.032446686968148925,3.331856615736176,0.9113066264461225,0.06735098044982164,0.08418872556227705,0.05199890157198926,0.8688228593185396,0.04249030229708288,0.12140086370595107,0.03387966699510874,0.8891498231924122,2.008441996201022,0.09564009505719152,1.538765235036764,0.6350907197525071,1.9063574025188184,0.2118174891687576,1.6943718534708532,0.9386610594736983,0.18151979843476876,0.06278789292105456,0.14191305070238008,0.8050706532840098,0.1842221376103965,0.13656199971119085,0.11765020236822872,0.6780371939335423,8.430379731630646,0.13318135437015238,6.469098167906975,0.6951344790736129,12.42117875927986,0.19168485739629415,11.168374664386546,0.11541837336999994,2.5112149883938844,0.2325199063327671,1.9920700502358866,0.03491854128866234,4.436167119046135,0.31596631902037997,3.6450066914601416
Dataset_3772,multi_output,ALL,linear_regression,99,4,0.724265198564741,4.235622789450917,0.023044737701038723,2.1761095177843433,0.7168321883413697,5.263278815204061,0.030969572316587594,3.0674998813116834,0.9114599511254413,0.059517020621848084,0.0743962757773101,0.04504325974040943,0.8845226947426671,0.08263889176493547,0.13773148627489246,0.07267601880204055,0.8644915810376601,1.9500293261343153,0.0928585393397293,1.455621508813752,0.8995692733919727,2.1069997715728164,0.13168748572330102,2.0504137774529676,0.9305657591880142,0.17779649319607735,0.061499997646515855,0.1412042388333765,0.9295714139227402,0.19042266136632421,0.10304256567441782,0.1243955966520656,0.7107948673897707,8.79910267204732,0.13578862148221174,6.889755553394335,0.6670392651625405,11.2192676482993,0.19511769823129224,10.812921784923981,0.20401383408281903,2.9052583358161415,0.20692723189573656,2.3489230281398448,0.2034582944869282,2.855873746316902,0.2735511251261401,2.2770922287273616
Dataset_3772,multi_output,ALL,ridge,42,0,0.7458004265784215,4.361261295760366,0.0237282986711663,2.2698324843509794,0.46472352366895076,4.478759062454876,0.025654479679544484,2.3678057768311382,0.8966180697538403,0.06790863289148621,0.08488579111435776,0.052569746782614994,0.9574406782225985,0.04159050894723775,0.07847265839101462,0.035133686392669394,0.8557553349260346,1.9745940367603498,0.09872970183801749,1.6049860841011174,0.8661224636444503,2.3064128497794023,0.14415080311121264,1.8277953206370015,0.9214329515509568,0.1925328122134519,0.06659730619628222,0.1466613134755102,0.9512137848265001,0.1416197894097559,0.08190849589922261,0.11996418785982821,0.7205501856298827,9.100962985198128,0.12764323962409718,7.245319574097631,0.6561213286429597,9.305330912973306,0.19883185711481416,7.481655323367232,0.33464559103139235,2.8870003663544868,0.20562680672040504,2.299625703298023,-1.1072806369917552,2.8923872715902457,0.4131981816557494,2.37448036589896
Dataset_3772,multi_output,ALL,ridge,42,1,0.7007149665793487,4.30350652863823,0.024479559321036574,2.206855313485783,0.7068833767489455,5.085673597793372,0.02767111158274864,2.694480273049737,0.9328502916571608,0.05518509736554449,0.06898137170693061,0.044001612978658095,0.785895702564442,0.08975279914368367,0.17260153681477627,0.06288511460345632,0.8658556966510182,2.0440383084300646,0.09733515754428879,1.6303570810889365,0.9076652745449949,1.6311798180537487,0.10874532120358324,1.3291511515427215,0.9357520799820926,0.1803041463534932,0.062367397562605745,0.1380334872868491,0.8745299644198496,0.18634425290351905,0.1379306091069719,0.1387847909157098,0.654728156306946,9.020193072898623,0.15880621607215886,7.078068289809311,0.7804558657600952,10.526757179036611,0.14764035314216847,8.762072895970036,0.11438860829952535,2.6501531184627516,0.22084609320522933,2.1438160962651605,0.1858700764553466,3.975454145842196,0.318546005275817,3.1795074122167617
Dataset_3772,multi_output,ALL,ridge,42,2,0.7558544382629802,3.9003395748983705,0.02122056351957764,2.1370206693143112,0.23820903176589678,6.332372718337858,0.03941229052304636,2.6836736937016363,0.9090963913371236,0.055654119637095774,0.08833987243983457,0.04650619828766871,0.775602668667435,0.11396301151270077,0.17009404703388176,0.09252148844969162,0.8522903123845186,1.995586526565566,0.11086591814253144,1.551845995216282,0.88459944061936,1.9879336961837364,0.12424585601148352,1.7722693494527928,0.912972782729994,0.18400780492755797,0.0708539872651359,0.14345714379592817,0.9155186943276337,0.21390269136064197,0.09794079274754672,0.1579030374120968,0.8111507329524706,7.995265313963026,0.11213555840060345,6.707738753043707,-1.2588098988663514,13.734028325312163,0.5282318586658524,9.060763151403957,0.293761971910794,2.8495007841049733,0.202955896303773,2.2355552562279724,-0.12586574591859345,2.8036698931015476,0.3337702253692319,2.334911441789642
Dataset_3772,multi_output,ALL,ridge,42,3,0.7317068840915665,4.672201463099371,0.02542141282495985,2.3781160878772303,0.3886082669007278,2.701126291760412,0.01536476844004785,1.6078924175566462,0.9081647742181447,0.06494848202555153,0.08221326838677409,0.04969628922112372,0.7400652367836267,0.055260320200699,0.15788662914485427,0.03996999826845941,0.9400717984083662,1.4583952548980055,0.06944739309038121,1.2649515706617747,-0.9153021345140679,3.5366786074418424,0.5052398010631204,2.5448260612864266,0.9344398093117342,0.1787149483913786,0.06398673411793006,0.13438054236508315,0.7360209867428302,0.1954775949488889,0.15013640165045225,0.1694022156171821,0.6831526408927173,9.890932941844163,0.13872276215770216,8.017661391592638,0.894822378355183,4.472336515657884,0.10142502586819103,3.4208960090433203,0.1927053976268701,3.0255088896376643,0.2154920861565288,2.423890645545533,0.4874348671360672,1.982236500889189,0.23940054358565085,1.8643678035678428
Dataset_3772,multi_output,ALL,ridge,42,4,0.7680988199611744,4.134238296997702,0.022493135457005993,2.0513483892538664,0.5563506948273929,5.325763462023964,0.03134276990362503,3.0862073830621624,0.9163067019367181,0.06293411816979133,0.07866764771223916,0.04498370140506163,0.8359881877170392,0.07009272838772436,0.12744132434131702,0.06573074681375678,0.8831143601270107,2.0034623061803014,0.09540296696096673,1.6041652309101968,0.8064688869792161,1.9165441640733063,0.12776961093822042,1.6405440228406494,0.9530675237633465,0.14604984645788147,0.050518798498056544,0.10965968906439481,0.8129969450245453,0.3109491844025581,0.1333973335060309,0.264776164117236,0.7182899157658222,8.671119937715165,0.12161458538169938,6.575587419331447,0.6846182560279392,10.999063922431896,0.2156679200476843,10.280717488150312,0.36971559821297406,2.49642905655365,0.2000343795315425,1.9223459055582308,-0.35831880161177554,4.13093587201588,0.4098150666682421,3.1792684933888578
Dataset_3772,multi_output,ALL,ridge,123,0,0.7260629852106277,4.541977467184886,0.02471152049610928,2.2660337405628623,0.684113832833318,4.088008069243631,0.023266978197174906,2.3407099477650126,0.942993106857253,0.05171993925137068,0.06464992406421334,0.039685754812164395,0.6813650199141206,0.10067808816632176,0.20135617633264352,0.08144063287802228,0.8776780764245007,1.9954206149761669,0.09502002928457938,1.5626251140630367,0.8570744285652481,1.968406186007852,0.11578859917693247,1.7294465207841387,0.9411183945297932,0.17267335188171304,0.05972789757236702,0.12701110122610465,0.8388747519600638,0.23032245563608528,0.1379176381054403,0.18089555200712104,0.6893466191153974,9.531307886437279,0.13367893248860138,7.305337561997557,0.7409646409440223,8.421785538893593,0.1482708721636196,7.372334924066164,0.17917872912619404,2.8788490871833816,0.22420943046599542,2.295509170715448,0.3022903227831354,2.9486896723403966,0.24572413936169976,2.3394321090896177
Dataset_3772,multi_output,ALL,ridge,123,1,0.728128838263895,4.367913962134468,0.024691429972495578,2.249870710672545,0.670598728598241,4.594405277413133,0.02500356613558168,2.546463548453393,0.9108336138825418,0.06574469121151806,0.08218086401439757,0.050799357366957495,0.8427871940365775,0.05591322689171192,0.16943402088397555,0.046386691312308395,0.8845835225240914,1.895993400891333,0.09479967004456666,1.49068720399175,0.7542206497959251,2.4979563551270827,0.17842545393764878,2.276954557889291,0.9304785970382744,0.18572143620547665,0.06424124393133056,0.13515340091614544,0.8950266431406759,0.17635353083227173,0.12054239974864779,0.1538915739061894,0.6906716524265571,9.137100634124959,0.14188044462926958,7.199114468217953,0.7382616455264035,9.544419890747557,0.15960568379176518,8.08181740382429,0.22407680544801067,2.876308069801845,0.20486524713688353,2.3735991228699174,0.12269751049162281,2.8588171340280635,0.30939579372598097,2.1732675153348846
Dataset_3772,multi_output,ALL,ridge,123,2,0.7587801345535053,4.227481474289337,0.02300044327687343,2.242780410161093,0.5635278307138408,4.961471768591299,0.029186844923767864,2.4067511236016315,0.9046057402483345,0.06442174114548854,0.08052717643186068,0.047596567420171175,0.9280591456065473,0.05719358883519405,0.09224772392773234,0.05193686888173426,0.8549214262231273,2.075369923921723,0.09882713923436776,1.6740186818438478,0.9436235211813123,1.4675869987672552,0.08632864698630913,1.2676439919110192,0.9441128773471936,0.1594136322037532,0.055141346317451816,0.12890313713629672,0.8784823516241125,0.2501767253400906,0.10511627115129858,0.1890662921113571,0.7452493845073744,8.817214292305678,0.12366359456249199,7.174742937505622,0.4287308443049478,10.447855648295532,0.24757951773212167,8.266040807506183,0.34501124444149733,2.6977781622799766,0.19214944175783308,2.188640726899527,-0.3612567091477159,3.42106004121019,0.38525450914529163,2.259067657597863
Dataset_3772,multi_output,ALL,ridge,123,3,0.7224526517821994,4.663275108215797,0.025372844595548165,2.387663604651872,0.6125819415997861,2.702171812372733,0.015476356313704082,1.5221827608382172,0.8921654862470936,0.06463192676144718,0.08181256552081921,0.0500179369086618,0.9476356530745647,0.0583021504282014,0.08969561604338679,0.042648289098491894,0.902090747242711,1.7322269146701563,0.0824869959366741,1.4599761371266964,0.7696679074641892,2.796764172453256,0.18645094483021707,1.6477419879855506,0.9193771502051513,0.18792903584741633,0.06728572712044983,0.14421389843502005,0.9637147347721382,0.14486000833924667,0.06852412882651211,0.11835273831335247,0.6461672722955895,9.85106651448391,0.15202263139635663,7.9108371459771165,0.9261125222584013,4.758246531093258,0.07662232739280608,3.9327525142194935,0.25246260292045164,2.940587953005311,0.20944358639638966,2.3732729048118664,-0.5442211095703628,2.453870222356702,0.4173248677477385,1.8694182745741978
Dataset_3772,multi_output,ALL,ridge,123,4,0.7649210778405168,3.548649264195148,0.019307123309005157,1.9395182931445896,0.5461836548049206,6.993374301336472,0.039561997518450374,3.3529785563661414,0.9055094484978461,0.06264370818552262,0.09637493567003481,0.049525864737523725,0.8864570582087653,0.07388727913216225,0.1102795210927795,0.05689711782665654,0.8877915110543763,1.9022855760431676,0.10012029347595619,1.4615975889110306,0.8000082060373457,2.1740139562135528,0.13587587226334705,1.770403499167953,0.92326057808197,0.18273316124707198,0.07036317337199537,0.14085801643614407,0.9253221122926093,0.1994369221244799,0.0913172720350183,0.1580464992615424,0.8259386355348486,7.2383352913665595,0.1015194290514244,6.109370664162922,0.030366684397640675,15.046988918193156,0.33293481398812164,11.446493187309626,0.282105216033543,2.629649055654528,0.1922258081618807,1.9362393314753275,0.08876421308824178,3.6541721348349157,0.3172024422599753,3.333052478264929
Dataset_3772,multi_output,ALL,ridge,7,0,0.7305339023695829,4.039224014379625,0.021976191590748775,2.1807962887595265,0.6948705136256106,5.586853020369192,0.03179406453658771,2.384153901622919,0.8942946128416395,0.0618108867142148,0.09811251859399177,0.048885108186690236,0.8999793619061122,0.07945944109844136,0.11036033485894634,0.06465768895163154,0.8499960173980154,2.0867935820556456,0.10983124116082345,1.688976680521234,0.9429326564492444,1.4650143766715058,0.08138968759286143,1.1612764859608546,0.923104475543632,0.17269189700897908,0.06649668733499386,0.13415952082653784,0.9200859369012849,0.2381143074626893,0.09071021236673878,0.18342987692128698,0.7380643584385429,8.268810807980843,0.12760510506143277,6.739966920577586,0.5927279068609381,12.153084514347494,0.19199185646678507,8.664992664935852,0.24721004762608478,2.969018437532328,0.2114685496817897,2.291993213685584,0.11862670601047309,2.4815097809834694,0.26856166460860065,1.8464127913449704
Dataset_3772,multi_output,ALL,ridge,7,1,0.7399476228401259,4.401933298380061,0.02395088578475467,2.1788169495049727,0.6449895836635988,4.284772665520249,0.02422143960158422,2.5547977533809187,0.9110136127243953,0.06111893063348827,0.07736573497909907,0.04722413274905309,0.90112597490012,0.07167786482790155,0.11946310804650256,0.0555344908558303,0.9107940360123506,1.6778356068758973,0.07989693366075701,1.3452413121903346,0.6939686127174629,2.910146083559298,0.19400973890395318,2.1099138702634304,0.9317015176901565,0.17546021459507544,0.06282141589512191,0.13591480937033018,0.9204200273464914,0.20589651598953201,0.09809267079062982,0.15204071214563872,0.6814349235754288,9.364104950785963,0.13133387027750298,7.294377246683205,0.7599064470000993,8.091606755600791,0.1921996854061946,6.9198650563134345,0.26479402419829867,2.5197158874193524,0.18418975785229186,2.07132724653194,-0.050473143646179386,4.219692260035642,0.386418705131469,3.536634637326261
Dataset_3772,multi_output,ALL,ridge,7,2,0.7177143132248643,4.340281913748786,0.023614156222789912,2.2927955176509753,0.7150509228403091,4.611560806555267,0.02759678529400836,2.267195700732285,0.9033758992696344,0.06606412127609035,0.08258015159511294,0.05108080632215549,0.9281564354421216,0.04991351395608024,0.09786963520800047,0.040305036602020124,0.8575239636253529,2.02805331562439,0.10140266578121951,1.6271193338005527,0.8869596378654478,1.9331975555897678,0.12082484722436049,1.6196230882241878,0.9353465877732644,0.17459037556330415,0.060390998119441076,0.1274558929356523,0.8303109721132044,0.23022198000616156,0.15017741683376493,0.18631200828373615,0.7049981464107815,9.016464267930301,0.12645812437489903,7.195468506554239,0.5998600212857873,9.83396570280069,0.20434214447378063,7.527008523162165,0.18732696904528856,2.9573232898747914,0.23032112849492142,2.462853048642277,0.32996754749498414,2.415126831251605,0.2515757115887089,1.9627298473893173
Dataset_3772,multi_output,ALL,ridge,7,3,0.7497398047313556,4.592309990328731,0.025959920804571684,2.306410562435507,0.6806173142011218,3.2510901593846424,0.017689156969283654,1.8433297404404745,0.9284437333713033,0.05672305511432857,0.07090381889291071,0.04589010052083766,0.791735199570581,0.08760334115044706,0.14129571153297912,0.05363468988424057,0.8899742533618767,1.8375669305936502,0.08750318717112619,1.4237623015414687,0.8319576600486037,2.3888450530181005,0.14052029723635884,1.9427856151777019,0.9389519613883385,0.16723632602408633,0.05784722449812741,0.12805277966485692,0.8815171058048701,0.24365273837683096,0.11602511351277667,0.2066369346982729,0.6727504597220659,9.77519964632279,0.15178881438389427,7.911315663012519,0.8648004656655562,5.6707191026861885,0.10885342360468737,3.998463976033946,0.3185786158131938,2.5464071537680883,0.18136803089516298,2.023031967437855,0.03307613991599778,3.862286795544829,0.3094781086173741,3.0151274864082103
Dataset_3772,multi_output,ALL,ridge,7,4,0.7604942314617267,4.125750609706636,0.022446956527239586,2.1592504781372157,0.3413535513847191,5.304165440808486,0.031219337497401335,2.8386461273949672,0.915757427304599,0.0651463172117755,0.08143289651471937,0.0485738079467578,0.8258778744319996,0.05486187486214559,0.1443733549003831,0.04868076776742263,0.88651901705174,2.018009304283353,0.09609568115635014,1.605929392437235,0.7517535833482225,1.7665820374528087,0.16059836704116442,1.5662512659198577,0.9318758927565829,0.1944831731906214,0.0672719381496442,0.15167052456543242,0.8706791353666933,0.1120630042200562,0.1291048435714934,0.09548965946133858,0.7826243949352033,8.486173894135433,0.11902067172700467,6.655170968560378,-0.14280224981589296,11.536986669992407,0.306020866578048,10.572021393480398,0.28569442526050903,2.9965836892189324,0.21343188669650515,2.334907697176276,-0.5987405864074267,2.1053298213044345,0.3855915423634495,1.9107875503458194
Dataset_3772,multi_output,ALL,ridge,2024,0,0.7248046172714585,4.539642797551408,0.02566219783805205,2.261487069325381,0.6897563377966799,3.7171765202802143,0.020225129333914873,2.354693550976741,0.8918178427738509,0.06799797583816722,0.08499746979770902,0.05158076559377398,0.938525005140519,0.044331193625303696,0.08209480300982165,0.03896864963766388,0.8726933063217857,1.8379367968233322,0.08752079984873011,1.4853263129192118,0.7479683751228485,2.6800935261663565,0.17867290174442377,2.4468025053924087,0.9358569018117091,0.174532335043849,0.06037092184152507,0.1273033710753125,0.8602024446181709,0.20194515473221175,0.12936909335823937,0.1731928258312856,0.6646774326911875,9.567667256982586,0.148566261754388,7.365193099058101,0.8288296662548649,7.283477854515782,0.12179728853705322,6.525814255642755,0.2589776027587597,2.8440165218672755,0.20256527933527602,2.278031797980503,0.07325619784699677,2.9685532415882196,0.2944993295226409,2.588689518379591
Dataset_3772,multi_output,ALL,ridge,2024,1,0.7211138680965984,4.381730135573131,0.023839663414434876,2.2979596429174953,0.7654062675391557,4.433629543732294,0.026083242403413896,2.1665313614916335,0.9143857640588863,0.06517975385446076,0.08147469231807594,0.04841195526062496,0.8541813347631863,0.054338560677378224,0.11812730582038743,0.04885191047984029,0.8733300566865594,2.0981587259870227,0.09991232028509632,1.685349577269009,0.8892286161082845,1.363175146778915,0.09736965334135107,1.2213155641684372,0.9360213347839953,0.18168246955539905,0.06284416103611175,0.14313592968805447,0.8726714133632448,0.17879034424023607,0.11351767888268956,0.11450295984939096,0.7058600048553794,9.085677373960575,0.12742885517476263,7.199184964671402,0.7189226584706983,9.577872154346105,0.18780141479110016,7.651200518744409,0.17597218009817184,3.001455413921343,0.23375820980695813,2.4137157876983846,0.4920273149903649,2.157905119117811,0.22478178324143866,1.7967858542160895
Dataset_3772,multi_output,ALL,ridge,2024,2,0.7764706061900009,4.172458076517843,0.022701077674199363,2.078528783309752,0.5526102195349768,5.051137031969567,0.028582712946862647,2.8126596285691408,0.9091617771426422,0.06558391006170242,0.08197988757712801,0.04972149901296584,0.8743477177341078,0.052401211983630826,0.11644713774140185,0.04437088356926172,0.8762418163366001,2.0663683288236125,0.09839849184874346,1.5976258375970973,0.8162502664137692,1.443951861046369,0.13126835100421538,1.2663010526610532,0.9353235884226936,0.17539718980445568,0.06067007603059691,0.13671964395367003,0.8402901125207407,0.2119690147751908,0.1316577731522924,0.15838260230620108,0.7397944478646585,8.804396510296057,0.12348382202378762,6.828022839852569,0.5246981689042025,10.26071703630486,0.24372249492410594,8.690556712160442,0.4218314011834101,2.285758210565139,0.16708758849160377,1.78055409613246,-0.2925351678979362,4.489425214021666,0.34964370825713903,3.9036868921487438
Dataset_3772,multi_output,ALL,ridge,2024,3,0.7358266329847358,4.0204274443283605,0.02187511531818032,2.157548263580952,0.6069157719945515,5.896246720383768,0.03666820099741149,2.5029199115609337,0.9102917419636519,0.05289644255908857,0.08531684283723963,0.04197791432715428,0.8389167156063253,0.1170272044758379,0.14628400559479737,0.10554645108370266,0.9194276778658981,1.473479370623025,0.0818599650346125,1.2190984377844079,0.6463493415506179,3.60233451486385,0.22514590717899063,2.6464902135071435,0.9066436682339172,0.177670151697293,0.07109649927862866,0.1369338169426895,0.9395055428193103,0.23679204033558474,0.08190662066260282,0.21266847747650175,0.7413392597676676,8.393452361877815,0.12952858583144777,7.099773213997028,0.30293107409572784,12.370985637919768,0.2561280670376764,7.14857136344699,0.2014308170925435,2.8572076319966535,0.20350481709377874,2.289957934853482,0.3068761859007766,2.782222401360367,0.2664963985977364,2.401323052290331
Dataset_3772,multi_output,ALL,ridge,2024,4,0.7404754697283636,4.413331757207731,0.024011598243785258,2.3120368782367935,0.6371458245801825,4.263374123240436,0.024258174243188827,2.120857838732167,0.9358119523302909,0.0548024277497236,0.0685030346871545,0.04410618488992092,0.6839864638856739,0.09817213416190483,0.2045252795039684,0.06979200885015076,0.8761073166633372,1.9814058386434372,0.09907029193217186,1.5378024060652962,0.8599596448710533,2.038500230799387,0.1274062644249617,1.9335232543619685,0.9338436173237399,0.18367259758843102,0.0635325484567385,0.1384842315451575,0.881721201944639,0.18086436410058548,0.11798066803691164,0.14692596689967896,0.7314935990543846,9.172050996591079,0.12864026643185245,7.415391044315802,0.5651416088670635,9.133019855558604,0.19854390990344792,7.019645025805955,0.22512086327006586,3.049304590430662,0.2171869366403605,2.4244005243677926,0.19492020333248283,1.8088421751099564,0.29174873792096073,1.4344029377430818
Dataset_3772,multi_output,ALL,ridge,99,0,0.7583509653210059,4.499428121652175,0.024481354380826898,2.337693480625153,0.26757542171231974,3.9945186015731053,0.024841533591872543,2.014243140985843,0.9129554967286939,0.06474285240180506,0.08195297772380387,0.04884702101043387,0.8786675981723614,0.05670661704526793,0.11813878551097484,0.04451824776847722,0.9318030654700322,1.5544712682652624,0.07402244134596488,1.317036429857747,0.2907363989463806,3.206917868495774,0.29153798804507036,2.333228799472119,0.9263095002240411,0.19113736638705364,0.06843443121627414,0.14905379975845734,0.9352763309046149,0.14019884689405843,0.07823596366855935,0.11332178435954454,0.750914395953132,9.462806499408305,0.13271818372241664,7.772757540734757,-0.5365615737997032,8.090582367411345,0.3852658270195879,5.768693342563758,0.2697723682291303,3.0368493888731574,0.21629981402230464,2.4007726117643675,-0.23024164566205485,2.0040403377516576,0.39449612947867263,1.8114535307653186
Dataset_3772,multi_output,ALL,ridge,99,1,0.7391269458409317,4.624669050604037,0.02516142029708399,2.3336177322512395,0.6265365644799095,3.011135836272034,0.01712916455015663,1.805187257280501,0.8989034130488182,0.0655113458992806,0.08188918237410076,0.048307265078387826,0.9338206803178809,0.05025553635976242,0.08105731670929422,0.047113808487567264,0.8698120930425863,1.9175090256164218,0.09130995360078199,1.4980629608993061,0.8505820264135342,2.2768155128447374,0.13393032428498455,1.8290927353425133,0.9426858824042238,0.15839004883008126,0.054787287730917074,0.1201050959132718,0.879114833333856,0.25805439537128594,0.10842621654255712,0.24018810123766152,0.6741579920155212,9.800855874603302,0.137459409180972,7.845598079887427,0.8966804447283586,5.261893588099473,0.10962278308540568,4.3815348651484465,0.31007534869350895,2.678586055365376,0.19078248257588146,2.156015259477804,-0.42751516239408205,3.52053467821159,0.3667223623137073,2.5280067761863156
Dataset_3772,multi_output,ALL,ridge,99,2,0.7775084521678813,3.7475093935534765,0.020389060900726202,1.9953684768458337,0.08495630061117723,7.035258589406422,0.040305119389323525,3.1348680974009477,0.9243391392333584,0.052702763413043585,0.08108117448160553,0.0435288968652066,0.8416841950482483,0.09805085198918335,0.13073446931891114,0.07080973262266878,0.8469566783288067,2.0556965357621277,0.11420536309789599,1.6375609187169557,0.9260768189823435,1.634101078489158,0.07781433707091229,1.1963661522811293,0.9170705039321453,0.18142669451913984,0.0698601057062533,0.13613061212088912,0.9343243093974641,0.19821006605650016,0.07096672612119592,0.15607727936788088,0.8068118167779262,7.651916012916851,0.107320000181162,6.092316054347498,-0.13971344453401113,15.223594237686935,0.3398123713769404,11.550413251911932,0.39236412256717057,2.7213476682012745,0.19382818149581726,2.06730590217862,-2.137590375838159,3.6051779499447667,0.6008629916574612,2.7006740708211274
Dataset_3772,multi_output,ALL,ridge,99,3,0.7057747238609355,4.041915798712764,0.02299155744432744,2.0562920959551656,0.5969757315819153,6.106990549497003,0.033244368805100726,3.3876511358398504,0.9103889801819645,0.06769849985006474,0.08462312481258091,0.05194031653076578,0.8595078906430005,0.04397306191860139,0.12563731976743253,0.03626403369201258,0.888314138015624,2.015998473616503,0.09599992731507158,1.5827164325804908,0.6293792975176519,1.9212182721419127,0.21346869690465697,1.7138322677161426,0.9377748922255382,0.18282631009627445,0.06323981670573312,0.14089527889814324,0.7940476662249488,0.18935926641325032,0.14037010112175707,0.12351841950586019,0.6771098302062218,8.44251219951704,0.1333730205294951,6.508056243584915,0.6782319101849502,12.760865847668061,0.19692694209364292,11.402829890527139,0.11528577867532908,2.5114031910977066,0.23253733250904693,1.9978522081815124,0.023711893339025014,4.46184944444391,0.31779554447606195,3.661811067758098
Dataset_3772,multi_output,ALL,ridge,99,4,0.7234197283678891,4.241504869721604,0.023076740314045722,2.176165569816635,0.7111291207235176,5.290136542345411,0.031127605427157465,3.116321713841669,0.9103861018550294,0.05987685601714691,0.07484607002143363,0.04564988468723611,0.8738842998652264,0.08636161229726196,0.1439360204954366,0.0764550191143843,0.8634635621689388,1.9574121856932454,0.09321010408063073,1.5046880466939654,0.8882806386081225,2.2222627591971267,0.13889142244982042,2.159784087528828,0.9294794145973599,0.17918196689161042,0.061979234483434946,0.1402324981722446,0.9273225680205152,0.19343895282055443,0.10467475801978049,0.13379802754087816,0.7099823309161831,8.811454764571353,0.13597924019400237,6.839861409883548,0.6646684604222166,11.259139485743331,0.19581112149118843,10.923340823795629,0.20378723230193496,2.905671841661949,0.20695668387905616,2.35039600964618,0.20148963670150766,2.859400723299442,0.2738889581704447,2.2882306112286273
Dataset_3772,multi_output,ALL,elasticnet,42,0,0.7027005516403078,4.372359214928956,0.023788679080135777,2.2963171635167665,0.4486704969415177,4.469678379120836,0.02560246522580385,2.3833329922190094,0.7129044739155384,0.1131659781479913,0.14145747268498912,0.09120577710340691,0.8037319652050475,0.08931443858188524,0.1685178086450665,0.0775170148882626,0.8532177075832476,1.9918873539270392,0.09959436769635197,1.6444222892801597,0.8512347585589133,2.4312741290084254,0.1519546330630266,1.9203609560948234,0.8956440023168837,0.22189281638192343,0.07675296312069299,0.1623741401046479,0.9281979292963545,0.17180819109062376,0.09936853157352443,0.12523591938129042,0.7193089892132529,9.121151882725984,0.1279263938671246,7.261585178223418,0.6584273478993996,9.274078076581503,0.19816406146541668,7.45536768516353,0.33242758517261595,2.891808372421737,0.20596925729499552,2.3219984328722,-0.998239516252126,2.816560114664862,0.40236573066640885,2.33818338556714
Dataset_3772,multi_output,ALL,elasticnet,42,1,0.6588041797065735,4.31347564823436,0.02453626648597474,2.2277686757215505,0.7033149113228785,5.18177395470632,0.02819399289790696,2.7617937608020178,0.7534289347267172,0.10574766913102294,0.13218458641377867,0.08092755697902437,0.7624430423498969,0.09454078130127608,0.1818091948101463,0.08478045432836465,0.8633907403282322,2.062732838539544,0.09822537326378782,1.6948540835107706,0.9019061803683143,1.6812803267574499,0.11208535511716332,1.3935753256190029,0.9114705516368216,0.2116508695061066,0.07321026271397668,0.157016030597653,0.9269067463745181,0.14222784822925286,0.10527597944430263,0.1089983505760328,0.6533867462578005,9.037698190192827,0.159114404756916,7.056523656638554,0.7722446382612222,10.721807138848307,0.1503759767019398,8.97225006423588,0.11234392558329642,2.653210666204387,0.2211008888503656,2.1495220508817505,0.15307394926044138,4.0547364906270715,0.3248987572617846,3.2493646092508106
Dataset_3772,multi_output,ALL,elasticnet,42,2,0.7127535523144947,3.911994837039146,0.021283976262454547,2.160300040171728,0.10391193043283539,6.286368520067457,0.039125963279190004,2.7329443824356003,0.7334447664893428,0.09530163734232695,0.15127244022591582,0.07721418922454404,0.20602332237494314,0.21436750142747477,0.3199514946678728,0.17123565575749544,0.8493287889169128,2.0154926225150294,0.11197181236194607,1.5925854144228149,0.8678292874968441,2.127480331956838,0.13296752074730236,1.9375458488957154,0.8787510210826817,0.2171939586699616,0.08363263714669295,0.16331834580308205,0.7796956663781371,0.3454199845735364,0.15815933359594161,0.2667473873047471,0.8101554987926646,8.016305123305663,0.11243064689068252,6.717782671362782,-1.216607308507287,13.605123174298559,0.5232739682422523,8.944829482242325,0.29208768629087234,2.8528764547369843,0.20319632868497037,2.2505995800454164,-0.11738131557846043,2.7930858039748134,0.3325102147589064,2.3443635379777206
Dataset_3772,multi_output,ALL,elasticnet,42,3,0.689998997045417,4.6823000893077795,0.0254763593737841,2.401918083475384,0.39133823554290237,2.6717224929073855,0.015197511336219485,1.588204629335801,0.7299603644425178,0.11137253700759077,0.14097789494631743,0.0909044460983835,0.5829719156850384,0.06999449201885607,0.19998426291101734,0.06193470762619707,0.9375900960675698,1.4882859338507333,0.07087075875479683,1.271442690945316,-0.756399960840616,3.386793039322601,0.48382757704608587,2.442447584605698,0.909393377006058,0.21009743391051613,0.07522285496259083,0.15675943097081327,0.7761209550891423,0.18001927538165602,0.13826365236686325,0.14085863096872053,0.6820362343580184,9.908342890371092,0.13896694095892134,8.05383359432554,0.894629799060885,4.476429047454865,0.10151783756559396,3.3853172232953495,0.19101491335292098,3.0286749584360435,0.2157175896321968,2.436650255036866,0.4593684687200621,2.035783662134232,0.2458675920451971,1.9104650001830392
Dataset_3772,multi_output,ALL,elasticnet,42,4,0.7279922063287739,4.147613457247333,0.022565905643347837,2.0755994733634044,0.5184726747982331,5.315458639288347,0.03128212476040694,3.0996341391866364,0.7485904243379119,0.10907663151056857,0.1363457893882107,0.08800145049202482,0.6714812039735198,0.09920087730105685,0.18036523145646702,0.0802683227983109,0.8808522190485707,2.0227563615789954,0.09632173150376169,1.637019741873292,0.8020076492217547,1.9385081904822314,0.12923387936548208,1.66188876113047,0.9272040894934663,0.18189378552900756,0.06291725545797563,0.12834933484735683,0.7589838175978005,0.35301094670476335,0.15144184757819104,0.2940908388326545,0.7166942864506983,8.695642234427721,0.1219585166118895,6.579857119697487,0.6852753352551657,10.987599998350126,0.21544313722255154,10.28596055554848,0.3666200123132227,2.5025520425095396,0.2005250034062131,1.9447697199068614,-0.325384632057075,4.0805486713265084,0.40481633644112186,3.1759622176232685
Dataset_3772,multi_output,ALL,elasticnet,123,0,0.6877637574436968,4.550041215307247,0.024755392901562822,2.28869601247325,0.6620598296094371,4.140216781997527,0.023564125110970557,2.3768041752103395,0.7784992986021652,0.10194874234441043,0.12743592793051303,0.0818565241412912,0.6144979027303077,0.11073925736776957,0.22147851473553914,0.08992672441843487,0.8756222363409935,2.0121190628752634,0.09581519347025064,1.6055919763780417,0.8471599259658883,2.0355340532691897,0.1197372972511288,1.7541076453500608,0.9187372215261198,0.20285295177339538,0.07016705353628343,0.14165170500555332,0.8277949736831913,0.23810986812965917,0.14258075935907735,0.1899826584201162,0.688444489045148,9.545137200045575,0.1338728920062493,7.30505019310308,0.7348650341794222,8.520364134902476,0.1500064108257478,7.487611449818688,0.17751554170405692,2.88176424226281,0.2244364674659509,2.309329663738283,0.285981311488376,2.9829535101801024,0.24857945918167523,2.3623923980443964
Dataset_3772,multi_output,ALL,elasticnet,123,1,0.6907163018153429,4.378264223916953,0.024749939083758922,2.2806298815682675,0.598370612067838,4.632857820927433,0.025212831678516644,2.5594703699095884,0.7521748294889128,0.10960561775445243,0.13700702219306554,0.08927952047261839,0.5779677906462071,0.09161010825546645,0.2776063886529287,0.07632290956120058,0.8822576184848785,1.9150023956319142,0.09575011978159571,1.5320426212187308,0.7400010524898403,2.569200188030567,0.1835142991450405,2.3254152950531437,0.9076359891429908,0.2140691878582798,0.07404676162514003,0.14617026952296044,0.8236017545423969,0.22860816997618894,0.15625985644305462,0.1909161849099402,0.6894115478973011,9.155692528504824,0.14216913864137928,7.247182887509037,0.7344616288692805,9.613454977445869,0.1607601166796968,8.070739294595116,0.22210152406263184,2.8799668768454474,0.20512584592916291,2.3884741091179893,0.1158208337914649,2.8699995867199912,0.310606015878787,2.133958165428542
Dataset_3772,multi_output,ALL,elasticnet,123,2,0.7112276532227272,4.239452749495351,0.023065575350899623,2.2669991548816713,0.539283043652462,4.947109495261141,0.02910235599306513,2.433426266808506,0.7024040454961017,0.11378495677937807,0.14223119597422257,0.08836581577737984,0.7653823713971399,0.10328562305144878,0.16658971459911093,0.09059477717067019,0.8521354080741061,2.095202359325431,0.09977154092025863,1.7287777018219235,0.9387827862394131,1.529296384561551,0.08995861085656183,1.3632062873542534,0.9149191460285446,0.19669145912698383,0.06803578662296224,0.1427560919180108,0.8819402865393293,0.2465914916946632,0.10360987045994254,0.18058528851276293,0.7440175869277026,8.838505557397983,0.12396220978117789,7.170696377354997,0.43165614337537495,10.4210711381013,0.24694481369908303,8.255174345265337,0.3426620795871811,2.7026117210686786,0.19249371232682896,2.204399787536043,-0.32134636928894755,3.370536368237019,0.3795649063329976,2.277570635739507
Dataset_3772,multi_output,ALL,elasticnet,123,3,0.6707782139854366,4.674654210622678,0.025434758205684086,2.415123202607357,0.6082185376514317,2.6752461111354893,0.01532214267546099,1.5136373360795665,0.6700295935103591,0.11305914757336513,0.1431128450295761,0.08715785280962832,0.8178416589500399,0.10874048335509272,0.16729305131552727,0.0949097454660054,0.8992206651515604,1.7574325182896984,0.08368726277569992,1.464567425989227,0.7912699930571672,2.662386268732657,0.1774924179155105,1.6388465896083264,0.8898336117102537,0.219679417794854,0.07865356884885573,0.1665972365775001,0.9854594593268847,0.09170090730736909,0.04337791263357098,0.07510587120855991,0.6447300159081798,9.871053585276025,0.15233107384685224,7.962384730338671,0.9252339102102047,4.786453596379612,0.07707654744572644,3.8544829228237694,0.25007718364682996,2.945275978117541,0.20977749131891316,2.39490876732176,-0.4787123332871379,2.401257285751564,0.40837708941353135,1.9048415512911725
Dataset_3772,multi_output,ALL,elasticnet,123,4,0.7179188469756834,3.564412945741295,0.01939288871458811,1.9668736119208503,0.4569096091120217,6.935654378591812,0.03923547196125933,3.357878877561041,0.7061998605056194,0.11046107482407166,0.16994011511395643,0.09072613100505884,0.49213110718886743,0.15626632887497488,0.23323332667906702,0.10862238588826177,0.8851673002664971,1.9244013174607182,0.10128427986635359,1.5209215940712004,0.8028411274342115,2.1585613804776203,0.13491008627985127,1.8007239909899144,0.8939794052917132,0.21478464179134202,0.08270490635015093,0.1602342829292967,0.8578517139254158,0.27515687239394393,0.12598757893495605,0.18277729926739816,0.824502590718581,7.268132893228364,0.1019373477311131,6.110665356789487,0.0478368310143783,14.91081994031533,0.3299218926942213,11.347115579822688,0.27974507809600657,2.633968102154481,0.19254152793526913,1.9518206948092087,0.08388726599723584,3.6639376769588323,0.318050145569343,3.3501551318369427
Dataset_3772,multi_output,ALL,elasticnet,7,0,0.6792539866038049,4.050201035870083,0.02203591423215497,2.2101763018714626,0.6126504561060016,5.602863477684825,0.031885177997295844,2.4428013125084584,0.6747396089328719,0.10842564220611663,0.17210419397796292,0.08863704419183968,0.5572472011762857,0.16717885759194243,0.2321928577665867,0.1273334203010866,0.8474192497745869,2.104640728445023,0.1107705646550012,1.731930095018829,0.9383275665946799,1.522977897115783,0.08460988317309906,1.2230505526173445,0.8919855603081139,0.20467383974190398,0.07881164410546937,0.15525066814496716,0.8542691784288008,0.32155079818813653,0.12249554216690915,0.24104575468023548,0.7368117300797046,8.288558775782874,0.1279098576509703,6.768626723556323,0.5908480839644057,12.181099379274395,0.1924344293724233,8.765899785597046,0.24531378392374725,2.9727555363359586,0.21173472481025343,2.306436978445355,0.12256025036583629,2.4759661344148087,0.2679617028587456,1.8566770493465814
Dataset_3772,multi_output,ALL,elasticnet,7,1,0.6912313956662823,4.412213409016538,0.02400681978897948,2.196577696685236,0.595314095515803,4.314096859258259,0.024387206666242278,2.5590452969136246,0.7036400579758622,0.1115382201132895,0.14118762039656899,0.084591636538748,0.6272335188804614,0.13917536844457765,0.23195894740762937,0.11429485103578141,0.9079806018373412,1.7040885391874359,0.0811470732946398,1.3411228114736633,0.7092803046069296,2.836410159140885,0.18909401060939232,2.1278069591135034,0.9019179440726458,0.2102654465936137,0.07528300987956096,0.1519831957201951,0.9420683171432324,0.1756730645119951,0.08369369438399003,0.13510352857065477,0.6802686275700307,9.381230714522811,0.1315740633172905,7.322608434167299,0.7540890684829995,8.189048373012502,0.19451421313568892,6.876825668120274,0.2623497468755318,2.5239009553572695,0.18449568387114545,2.0825824055262756,-0.05610073153460804,4.230980016511167,0.38745238246439256,3.5411954777279084
Dataset_3772,multi_output,ALL,elasticnet,7,2,0.6763015653013622,4.350514614418129,0.023669829240577415,2.3156722134494983,0.6726437356934609,4.647407750626533,0.027811302777454493,2.3316841445312466,0.7268330946832795,0.11108028147565349,0.13885035184456684,0.08911276421316511,0.7807848928425131,0.08718854892070402,0.17095793906020396,0.07882125398489757,0.8550322492759114,2.045710413623676,0.1022855206811838,1.6681863170677742,0.8727029894665559,2.0514860570147957,0.12821787856342473,1.7321261633441623,0.9102748806049957,0.20567504278032764,0.07114321784169064,0.14609573198998874,0.8085951350726832,0.24450986725844706,0.15949763030557543,0.171842889338807,0.7037856245204781,9.034975082843756,0.1267177430973879,7.20402885905599,0.5958831485917189,9.8827133159876,0.2053550818906515,7.663234404146509,0.1855819774221461,2.9604966061722346,0.23056827150874099,2.470937394920571,0.30525251249383334,2.4592660605439742,0.25617354797333064,2.0123960118418567
Dataset_3772,multi_output,ALL,elasticnet,7,3,0.7041308181428743,4.6026960538309645,0.026018632299779333,2.3374863776114134,0.6690721002271081,3.286922321961049,0.01788411949486397,1.8692666066446548,0.7350571302801441,0.10914702310723615,0.13643377888404518,0.08669481921989801,0.7412872555594952,0.09763862268608786,0.1574816494936901,0.0854388198034446,0.8872742457200036,1.8599770234880157,0.08857033445181027,1.4881104765436963,0.8318779482644599,2.3894115665677456,0.14055362156280857,1.951999158944117,0.9106858263449804,0.20228093512872689,0.06996919236552296,0.14476508710129377,0.8745114977210652,0.2507525958300092,0.11940599801429011,0.1902429281986988,0.6715544039879116,9.793046913809773,0.1520659458666114,7.929701901169846,0.8595837669598465,5.779086518019194,0.11093361201687675,4.08169013031837,0.3160824843813316,2.5510667937949996,0.18169991408796293,2.0381596040223324,0.03810003263067352,3.8522399939352945,0.308673076437123,3.0369619959586442
Dataset_3772,multi_output,ALL,elasticnet,7,4,0.725680170826774,4.139355568574162,0.022520976978096637,2.1851780665471408,0.33102365868761513,5.2283858752524,0.030773312979708065,2.7988814923260557,0.7673964447536825,0.10825107881758675,0.13531384852198342,0.08792578861186284,0.7159954069262082,0.07006584226072014,0.18438379542294772,0.05386386364282566,0.8844761852086821,2.0360919207230648,0.09695675812966975,1.66424397867656,0.7447735081180062,1.7912458268564864,0.16284052971422602,1.5750359441635047,0.9116160384611581,0.2215227589382813,0.07662495985412705,0.1622465886611505,0.81576670368598,0.1337556149740778,0.15409633061529712,0.11224492647184636,0.7812834929548241,8.512307537300302,0.11938720248668025,6.648190495761338,-0.10979622311048542,11.3691623640955,0.3015692934773343,10.392556528633017,0.2836286927555236,3.000913538811736,0.21374028054214642,2.363283481024791,-0.5116211021816335,2.047163902209312,0.37493844362807904,1.8607061987190838
Dataset_3772,multi_output,ALL,elasticnet,2024,0,0.6803732512551148,4.550535361557681,0.025723772535656757,2.2926785600796067,0.6293990328508406,3.756989758942578,0.020441752864370086,2.3872067674154653,0.7018214897666799,0.11289022443743588,0.14111278054679482,0.08979902614861734,0.65479824147864,0.10505014932541891,0.19453731356559056,0.09995197415860145,0.8700695948324143,1.856779572538576,0.08841807488278934,1.5208301148426087,0.72518220926837,2.798625919241701,0.18657506128278006,2.585692482369099,0.9101331362735078,0.20658592320460417,0.07145829235717889,0.13582076301695217,0.8474561439814736,0.21095071865750736,0.13513819260570611,0.18290798516197293,0.663290426625954,9.58743436990873,0.14887320450168837,7.414616350312427,0.825528168065705,7.3533834943734115,0.12296627917012394,6.489761012034149,0.2565516087770181,2.848668155329945,0.20289659225996756,2.3023265460774285,0.09403040146001573,2.9350926140833895,0.2911798228257331,2.577720383353503
Dataset_3772,multi_output,ALL,elasticnet,2024,1,0.6840666770205953,4.392767613258016,0.023899714979641,2.323301836289981,0.7455476855708547,4.4791263646103365,0.026350902250913855,2.2070818485254398,0.757184967930113,0.10976844403027361,0.137210555037842,0.0897030142526112,0.8119546268303608,0.061706781828672196,0.1341451778884178,0.05039540498053003,0.8711710031128488,2.1159644360598837,0.10076021124094685,1.7441689947683723,0.8851834607121096,1.3878422195701303,0.09913158711215217,1.2542296217078481,0.913327627268946,0.21146367712809153,0.07314551266969613,0.15430284901400207,0.8609030641089586,0.18687012795889205,0.11864770029136001,0.109755497615677,0.7045441494483617,9.105977395809328,0.1277135679636652,7.199671571554297,0.7139489586506254,9.662241401517635,0.1894557137552478,7.7779030528658035,0.1741056373427068,3.00485285741792,0.23402280821011834,2.428662751860625,0.45574831755221956,2.2336342250841397,0.2326702317795979,1.843125665457341
Dataset_3772,multi_output,ALL,elasticnet,2024,2,0.7383556028725801,4.183773743365938,0.022762642782186822,2.104553306698744,0.4972898431170911,5.023565637244735,0.028426695548012307,2.8069463753233452,0.7482643091897707,0.1091780636887078,0.13647257961088474,0.08351411390007225,0.6253659180937674,0.0904814982672006,0.20106999614933468,0.07911087067937551,0.8741725875810681,2.0835714897955517,0.09921768999026437,1.6394421766592229,0.8118300003040665,1.461216433639292,0.132837857603572,1.2621841812022399,0.9116991852512509,0.20494249932834493,0.07088983027614837,0.14790046897894288,0.7903825923952463,0.24283995974021688,0.15083227313056946,0.17116419790302131,0.7385948405653512,8.824668316780414,0.12376813908527931,6.848384611715375,0.5297587731967657,10.2059472244684,0.24242154927478388,8.634210167089792,0.41904709177545907,2.291255408393513,0.1674894304381223,1.8035251622401067,-0.27088806840438995,4.451672516749569,0.34670346703657073,3.888062459742297
Dataset_3772,multi_output,ALL,elasticnet,2024,3,0.6783740295656323,4.034133017281232,0.021949687236961925,2.173098581847584,0.5121421234250411,5.8427120290077275,0.036335273812237105,2.5323586790499,0.6745234801317763,0.1007558069204897,0.16250936600078983,0.08244522702728861,0.4207635929618585,0.22191646119521208,0.2773955764940151,0.17096070506472133,0.9154920589719449,1.5090369709717366,0.0838353872762076,1.218594791513725,0.6699315932078954,3.4801565628991287,0.21750978518119554,2.583153650002324,0.8626859503813686,0.21547657880786278,0.08622512157177384,0.1644626258931746,0.8624701467689329,0.3570325381756988,0.12349793779858138,0.2797671134061451,0.739863429450506,8.417363397296795,0.1298975832916172,7.09119359450184,0.31449205746720676,12.267969474291837,0.25399522721101114,7.174688519007901,0.19930522889256563,2.8610076852463284,0.2037754761571459,2.3087966703018896,0.2930532267193119,2.809828357043572,0.26914064722639586,2.45322340776841
Dataset_3772,multi_output,ALL,elasticnet,2024,4,0.6997627683590455,4.422704817788362,0.024062594220828952,2.332303375166663,0.6003015277847853,4.269959626167921,0.024295645099106238,2.1390110494555987,0.7607699899104706,0.10579875186119346,0.13224843982649181,0.08134692431954535,0.5663989476132234,0.1149954225075493,0.2395737968907277,0.11057276683425367,0.8737189501176365,2.000413149765875,0.10002065748829374,1.5875435123169503,0.8519117978931187,2.0962563612082934,0.13101602257551834,1.9760995908325307,0.9101564384563203,0.21404346486238707,0.07403786401327812,0.1568047508581861,0.84675579774861,0.2058692966767626,0.13429177865411784,0.14768659614905758,0.7305351290512102,9.188406853286462,0.12886966133641603,7.402745175344569,0.5654988868679689,9.129267257424477,0.1984623316831408,7.0058342378872,0.2236333342595891,3.052230049393127,0.21739530266332813,2.4330765129940644,0.17094220880100497,1.8355812544313457,0.2960614926502171,1.4548620555749516
Dataset_3772,multi_output,ALL,elasticnet,99,0,0.7168426154681459,4.510118373018213,0.024539519957659357,2.3627115249444484,0.2560557026871123,3.90769130529665,0.024301562843884638,1.9801274957988966,0.7363278834734829,0.11268166521955754,0.1426350192652627,0.08928958099367403,0.6513673884697877,0.09612344926108186,0.2002571859605872,0.08950531808439446,0.929320886617029,1.5825076533109381,0.07535750730052086,1.3442356349813818,0.34974792503628416,3.070611516778682,0.2791465015253347,2.2716614386652125,0.9005377441614215,0.22205931675895052,0.07950566299998231,0.16361702253482568,0.9641519209645587,0.10433879611875611,0.05822477461984156,0.08355518571915921,0.7499378104505627,9.481338681142788,0.1329781021198147,7.791804443527725,-0.477959522854966,7.934801552252051,0.3778476929643834,5.639161020645684,0.2680887526382333,3.0403482590032382,0.21654902129652692,2.424610942684636,-0.20702919818010246,1.9850439856553221,0.3907566900896302,1.8167545158800331
Dataset_3772,multi_output,ALL,elasticnet,99,1,0.6907579247898266,4.636393713310442,0.025225210627369106,2.362581095572598,0.5906657070060328,3.001204300480414,0.01707266795881685,1.82084160607577,0.6938299560128915,0.1140065026746889,0.1425081283433611,0.09141659866945381,0.7442687360661526,0.09879038451477676,0.15933932986254315,0.08697147434818699,0.8669384617191398,1.9385560586286603,0.09231219326803144,1.5427199962143785,0.8430908185804479,2.3331926467398243,0.1372466262788132,1.88520273864432,0.9128541882826948,0.19530814141615044,0.06755729554346263,0.13808379779742774,0.8677214714394493,0.2699413599610736,0.1134207394794427,0.23144840785018758,0.672759574905065,9.821864539087438,0.1377540608567663,7.861818055675737,0.8979124923281179,5.230426427776151,0.10896721724533648,4.343626262008327,0.30740744302934164,2.6837600404541098,0.19115100003234398,2.1788670295059918,-0.3996649833840029,3.4860235003568856,0.3631274479538423,2.5569591475278286
Dataset_3772,multi_output,ALL,elasticnet,99,2,0.7233846859309621,3.75960007980955,0.020454842654023666,2.0298444978496977,0.04004549845170029,6.971728281600013,0.03994115314580357,3.149997518855716,0.6905192581403715,0.10658953394611016,0.16398389837863103,0.08434280746911595,0.5462565081650921,0.16599478319218178,0.2213263775895757,0.1317906045918725,0.8442905945032203,2.0735248081800686,0.11519582267667047,1.6780590646886306,0.9169954572665555,1.73156789065956,0.08245561384093143,1.312190701839366,0.8860295888630527,0.2126878751015262,0.08189752603062232,0.1617901750137259,0.8556091203584827,0.2938957211726961,0.10522582211696963,0.19683227155762126,0.805706172162298,7.673781297910474,0.10762666616985238,6.131551405410293,-0.11870430115978792,15.082627947520955,0.3366658024000212,11.448541204715942,0.39037781598586785,2.725791958543252,0.1941447263919695,2.093479036666723,-1.9999292923718408,3.525202694318923,0.5875337823864871,2.660632811573779
Dataset_3772,multi_output,ALL,elasticnet,99,3,0.6714130564725393,4.052691432793086,0.023052852291200715,2.087849452949225,0.547330607050449,6.2137363776254135,0.0338254566011182,3.4397511058864345,0.7650865705257187,0.10961052497360844,0.13701315621701055,0.0876958271322119,0.7045647447438739,0.06376640023454415,0.1821897149558404,0.051222392769820026,0.8862579042698329,2.0344719747598585,0.09687961784570755,1.6428115991532382,0.6221992132375964,1.9397390101114167,0.2155265566790463,1.7311560963326258,0.9169676859449246,0.21119295955678943,0.0730518711714941,0.1500898623976836,0.7608654310077447,0.20404426114485705,0.15125593858032396,0.13962485969819863,0.6756271590991871,8.461873476686263,0.1336788858876187,6.547669601130031,0.6670778244606075,12.980159193915966,0.2003110986715427,11.553439063188103,0.11312596252303375,2.5144668147126756,0.2328210013622848,2.0109803749329607,-0.01805417819757671,4.556289994290614,0.3245220793654283,3.7233131174434244
Dataset_3772,multi_output,ALL,elasticnet,99,4,0.6777095540939719,4.252204752868794,0.02313495512986286,2.1937264476310316,0.6361593353265693,5.321358858203476,0.03131132014241528,3.1819306706960986,0.715181881918449,0.10674686030864788,0.13343357538580985,0.08289813921361798,0.55563658146213,0.16210832320969193,0.2701805386828199,0.13224402184822845,0.8607647766496467,1.9766626743736513,0.09412679401779292,1.560971051150368,0.8764539457282107,2.3369295813999957,0.14605809883749973,2.2620717186112893,0.9020282671522096,0.21119651131431713,0.07305309972823146,0.14565579946566642,0.894428301728575,0.2331405945900524,0.12615833040587246,0.19489553015464686,0.7087203391487918,8.830605171330784,0.1362747711625121,6.817969541345215,0.6620137854466206,11.303618501343758,0.19658466958858714,10.99917838601175,0.2018525056007624,2.90919996267474,0.2072079745494829,2.361137706980291,0.19226406226730997,2.875871302972393,0.2754665999015703,2.321263696854579
Dataset_3772,multi_output,ALL,svr_rbf,42,0,0.6479447091334485,7.043946967581553,0.03832397697269615,3.209098617196041,0.5342865033318912,7.289122976137975,0.04175233690077886,3.8469102109489755,0.8737521883498471,0.07504376221217811,0.09380470276522263,0.06917896587383274,0.717867130360648,0.10708378878431793,0.20204488449871305,0.08602501081190855,0.6747855246442152,2.964919287226913,0.14824596436134566,2.41219267201882,0.49374817963515205,4.485041769572442,0.28031511059827763,3.9325754130199453,0.9691495089257749,0.12064673574519542,0.04173183526295241,0.09645939918636943,0.9617137203284075,0.12545759689788635,0.07256078478767285,0.10805105144756488,0.21348636529735954,15.2682254184447,0.21414060895434364,11.680509741357858,0.03341107787609099,15.60091636560642,0.33335291379500886,13.888666205733724,0.5085499584500446,2.4811899163915005,0.17672292851791313,1.7871523075433267,0.4646924084591576,1.4577966725223186,0.20825666750318836,1.2192333737317325
Dataset_3772,multi_output,ALL,svr_rbf,42,1,0.6204706330364722,6.362685328791689,0.03619274931053293,3.029780798011077,0.42833756393760386,9.715493527015079,0.052861926802410794,4.853641499845271,0.8679121194583711,0.0773982664569302,0.09674783307116273,0.06938902709496529,0.5998822196863546,0.12269566961623488,0.23595321080045167,0.0965821866196277,0.654743712738328,3.2792438422011005,0.15615446867624289,2.47043876529916,0.5112062184463868,3.7530309371735364,0.2502020624782358,3.594466914782296,0.9743015988479828,0.11403265342242057,0.03944401709526827,0.09158751940861017,0.904358177193003,0.162693392357193,0.12042442069370318,0.13139053855893312,0.20698410316489357,13.670241855646072,0.24067327210644493,11.064618996435634,0.13161031360308717,20.935870076670035,0.2936307163628336,17.162835167655352,0.3984116309727851,2.184233609286414,0.18201946744053454,1.4528696818170141,-0.005369109240812353,4.417765489193677,0.3539876193264164,3.2829326916101462
Dataset_3772,multi_output,ALL,svr_rbf,42,2,0.6391734845913088,7.386186179904469,0.040185996626248464,3.350512232086033,0.2968239224797163,4.792174112651711,0.02982619102913868,3.0265375262340575,0.8240701245952339,0.07742416901241984,0.12289550636892041,0.06841024610353168,0.39793322178749924,0.1866712368676192,0.2786137863695809,0.1435459672059602,0.7004830763105379,2.8416903762885015,0.15787168757158343,2.2496646254084034,0.14780258302872484,5.402167489560206,0.3376354680975129,4.5196696994098176,0.9613841627844418,0.12257204263694915,0.047197552035790964,0.09716399970737125,0.6389154474009209,0.44222205156645616,0.20248262434361552,0.2882108407215866,0.23592309176150228,16.08213729671434,0.2255559228150679,12.759876478383077,0.03901838460406515,8.958094451895287,0.3445420943036649,8.218198670708757,0.4740069675048286,2.459139847266589,0.17515241077397356,1.5774458108277802,0.2604499755773714,2.2723088130670925,0.27051295393655866,1.9630624531241645
Dataset_3772,multi_output,ALL,svr_rbf,42,3,0.6242569537123284,7.2911046864839095,0.03967084545668377,3.4349173668334814,0.35251941353090366,6.173949164973828,0.035119164760943275,3.1879416406632095,0.8878812881415391,0.07176346600066409,0.09083983038058746,0.06303195204273006,0.6171568242356794,0.06706434225896178,0.1916124064541765,0.05159286166868561,0.6711154271338325,3.416499576904488,0.16269045604307086,2.6454762457806145,-0.084247150298014,2.6609768349671756,0.3801395478524537,2.3260153005692223,0.9806457358897062,0.09710220848900913,0.034766275864306896,0.08143379688780113,0.6899585163503343,0.21184693729496407,0.16270886120964975,0.20152916421632674,0.19968844588363655,15.719609564376299,0.22047138238956943,12.593224594286362,0.05611819102984694,13.397741964380819,0.3038381214282984,11.876380479812793,0.38195387151292726,2.6472371818507123,0.1885496568269738,1.7914202451699002,0.4836106863366719,1.989617362006711,0.24029195193317768,1.4841903970490196
Dataset_3772,multi_output,ALL,svr_rbf,42,4,0.6428755543258047,6.754440902628937,0.036748862364684096,3.156903526123908,0.5432083055933294,8.051117411450502,0.04738181150806557,4.087179723089141,0.8881633561276583,0.072749979122358,0.0909374739029475,0.06185948556022467,0.8616520122182632,0.0643756793451031,0.11704668971836929,0.05497117530482992,0.6921415291362136,3.2514430416671747,0.15483062103177023,2.6404648405671214,0.6548307439535688,2.5595256580762444,0.17063504387174963,2.1608791624338517,0.9628838090633942,0.12988113356595352,0.04492602337113577,0.09337515442459096,0.8557001035801898,0.2731480352454408,0.11718062430091838,0.23022337850210267,0.20478655854432093,14.568534030922304,0.20432726551083177,11.497458480224028,0.20043285703959624,17.51317633121198,0.3433956143374899,15.276568847783137,0.46640251875743666,2.296983283323618,0.18405314770221295,1.4913596698435758,0.14342581117502962,3.2804248177764155,0.32543897001750155,2.713256051421784
Dataset_3772,multi_output,ALL,svr_rbf,123,0,0.6261350219328384,7.084744059551873,0.03854594156448244,3.22205017747889,0.4630262976117507,7.306897621408,0.04158735128860558,3.8465879959790295,0.8779743421625648,0.07566933172979728,0.0945866646622466,0.06565141401345588,0.5638927099393337,0.11778362257722519,0.23556724515445038,0.09702520603344725,0.6634879276301586,3.309654262200815,0.15760258391432452,2.6100290750951,0.5400461808659702,3.531155698292924,0.20771504107605435,3.1198880790647774,0.9804388650009424,0.09952507720296211,0.03442583092458046,0.08793591972498592,0.9019806637477359,0.1796430257887034,0.1075706741249721,0.1394225975030423,0.1997123332471139,15.29810080807641,0.21455961862659761,11.817468254591676,0.10706009638103386,15.63636386791728,0.2752880962661493,13.445483348527064,0.4090616416234124,2.442675006759805,0.19023948650777295,1.5291662239692325,0.20215183712468,3.153202193759842,0.26276684947998685,2.4311207487668147
Dataset_3772,multi_output,ALL,svr_rbf,123,1,0.650770436160317,6.75042548156184,0.03815955614223765,3.2071356911113598,0.3581327648860787,8.23970925612961,0.044841955135399236,4.088143929471227,0.8877337577184774,0.0737708352274467,0.09221354403430836,0.06565015001038212,0.6544925239929235,0.08288946224614446,0.2511801886246802,0.062206231402296745,0.7098845282566074,3.0059957261123933,0.15029978630561966,2.4776999533464337,0.4172174866248223,3.8464970723140866,0.2747497908795776,2.989760634445929,0.9829723083975479,0.09191378644877025,0.03179307729116923,0.08182939399816282,0.7397755194287097,0.2776634347829181,0.1897904543970732,0.2545160876854853,0.21057754174530885,14.596653075860635,0.22665610366243225,11.737201353650025,0.09732742704981989,17.72478503335104,0.29640108751423144,15.069212583238512,0.4626840446836432,2.3935411648621865,0.17048013994744918,1.6732976045517969,-0.1181491326658819,3.22746514713126,0.34929276484104554,2.065024110583909
Dataset_3772,multi_output,ALL,svr_rbf,123,2,0.6235555207917548,7.130285957514045,0.038793721205190666,3.28829723594435,0.5529773774755097,6.7913054267791795,0.03995120552255533,3.552341945767476,0.8816257985214024,0.07176288147633894,0.08970360184542367,0.06125821299484588,0.9142496599736802,0.0624420968641235,0.10071305945826371,0.052643302620536056,0.6767863468033327,3.097695528903896,0.14750931090018554,2.4448336230079146,0.6408190994666173,3.7043456162819357,0.2179026833107021,3.205600811104095,0.9547158192817373,0.1434970058544924,0.04963576819595033,0.10443865050642638,0.893237556140953,0.2344965613484882,0.0985279669531463,0.18331913603842245,0.22098570769263037,15.41865488550358,0.21625041915152288,12.030307840051886,-0.10890414357229927,14.556393213671976,0.34493822781213224,12.668714189700328,0.3836639316596713,2.616966146076082,0.18639360014786907,1.8006478531606753,0.42548471536859733,2.222498483768629,0.2502813607847555,1.6514322893740019
Dataset_3772,multi_output,ALL,svr_rbf,123,3,0.6271935297560105,6.807109039840727,0.03703742880374736,3.2901147140199827,0.5361887908844449,8.022189465554433,0.04594610232276307,3.864249323960839,0.8515644704709889,0.07582931692928375,0.09598647712567564,0.07040158660489068,0.67991253499495,0.14414549086612802,0.22176229364019698,0.12960799996667527,0.6364878511967531,3.3377390446451165,0.1589399545069103,2.5627989249812138,0.6173708365651455,3.604687786745221,0.24031251911634807,3.445708818105215,0.9679726346047189,0.11844736952376926,0.042408653606791726,0.08739829147640565,0.9377731860903272,0.1897020995313814,0.08973609249355786,0.16988777051072684,0.21866552870374556,14.63870786003458,0.22590598549436083,11.971934819502021,-0.00047007797150744324,17.5090898373431,0.2819499168654283,14.252376165400658,0.461277163803846,2.496320851807093,0.17780063047059066,1.7580399475353827,0.4463574747433098,1.4693036871583949,0.24988157944870665,1.3236658658209222
Dataset_3772,multi_output,ALL,svr_rbf,123,4,0.6468918316024792,6.966961198097222,0.03790512077310784,3.196803657402427,0.49194186205190915,6.99055783623834,0.039546064582442385,3.526777287118146,0.8556224261212974,0.07743425703426153,0.11912962620655622,0.06796110713479235,0.8800675639822312,0.07593778592896379,0.11333997899845343,0.04857805222995195,0.7095704590172691,3.0604356490717053,0.16107556047745816,2.4267028120296015,0.4116745986168113,3.728765224306103,0.23304782651913145,2.7270724497846817,0.9707868353561881,0.11274503065385098,0.04341356590444781,0.09561211789307808,0.8723991680717831,0.260697162054501,0.11936683244253712,0.15470957490732903,0.24230927918437684,15.101966027021763,0.21180878018263344,11.979559035877092,0.061517491475266306,14.803313205298572,0.32754316197142547,11.812988683949998,0.45617015833326446,2.2887529201364876,0.16730650000997718,1.4141832140775703,0.23405048811345386,3.3502227984373842,0.2908179512532451,2.890537674718771
Dataset_3772,multi_output,ALL,svr_rbf,7,0,0.6216643711786431,6.714000951218706,0.03652884086626064,3.1517887690271875,0.5493832996031818,8.166914698375805,0.0464768648894594,4.0616434415402916,0.8575008439461802,0.07176663101777915,0.1139152873298082,0.060333153862545084,0.8070845210895952,0.11035302264197075,0.15326808700273717,0.09372332897663183,0.6726633411874856,3.0826585304776404,0.16224518581461264,2.4840351503856657,0.5182576470390556,4.256527787515373,0.2364737659730763,3.5352150244975302,0.965990558016812,0.11484740367686974,0.04422310499686936,0.08995308426173801,0.8799564224447388,0.2918390146054885,0.11117676746875753,0.21670319202491306,0.19935845519559525,14.456555161809781,0.22309498706496578,11.40038038833362,0.14220184915166711,17.637488540641264,0.278633310278693,14.854323882747998,0.4128086575471427,2.622199978528308,0.18676638023705897,1.7242420682923694,0.3994160582908526,2.0484383870498277,0.22169246613093377,1.6082517794543856
Dataset_3772,multi_output,ALL,svr_rbf,7,1,0.6239266964442963,6.826398610444071,0.03714238321151352,3.168707872099133,0.4185313502614454,8.440969804013248,0.04771605316005228,4.295686767817607,0.862944555889057,0.07585113870233472,0.0960140996232085,0.06897698985802445,0.7438449269567828,0.11537067494526619,0.1922844582421103,0.09483086339237902,0.6451702946271443,3.346281301692105,0.159346728652005,2.6506882789167,0.5614299088897965,3.483784722212781,0.2322523148141854,2.92326359986599,0.9655757591791194,0.12456766256154854,0.04459995079181832,0.1070729750241245,0.9108182285217188,0.21796419231492595,0.10384192106475747,0.18663541064852524,0.2120339926095539,14.72722534557654,0.20655295014833858,11.5113619547672,-0.20452331763639586,18.12391951462122,0.43049690058482715,15.435920496885883,0.433908879916607,2.2110075793897503,0.16162336106650224,1.50543916192962,0.08108700457532492,3.9466216966358982,0.3614122432816756,2.8377834682952576
Dataset_3772,multi_output,ALL,svr_rbf,7,2,0.6475416502087568,6.752568707564191,0.036738676319718125,3.1599017804544607,0.4262678507013324,7.9325398963429805,0.04747039224644972,4.184478205227281,0.892314655350572,0.06974309744616161,0.08717887180770201,0.061264113372377825,0.6870103909193839,0.10418115538690609,0.20427677526844332,0.09089534256561811,0.7071813158858598,2.907420497822266,0.1453710248911133,2.3444323128018807,0.40610506047636286,4.431127838253456,0.276945489890841,3.8483666236343015,0.9784509387519289,0.10079494486318759,0.03486507950992307,0.08640202173400244,0.8845485590232154,0.18989764669417905,0.12387322028322187,0.14934162824402492,0.22552746715139027,14.609215771217734,0.20489783690347455,11.644043704583009,-0.1969891033457718,17.008570535072778,0.35342484228722665,15.043294502605937,0.43423387390403256,2.4675124376931192,0.19217386586395008,1.6633667497810352,0.3506643464334719,2.37753352037718,0.24765974170595628,1.790492929086526
Dataset_3772,multi_output,ALL,svr_rbf,7,3,0.6335363785043475,7.014902726144753,0.03965462253332252,3.252563051725249,0.460434475612738,7.607995550638683,0.04139504625191079,3.675850733085487,0.8636243548362884,0.07830764913260108,0.09788456141575134,0.06813394561207177,0.6961293372710584,0.1058174080643477,0.17067323881346402,0.08096692331757971,0.6705156206139047,3.179899682074267,0.1514237943844889,2.4171668025247954,0.5716674485336758,3.8138987648560736,0.22434698616800433,3.421470696524352,0.9591480246537353,0.136804785984327,0.04732092216683743,0.10256676130051297,0.9159711425079855,0.20519071222829563,0.09770986296585508,0.1580532135970673,0.20951614743653113,15.192617888290677,0.23591021565668757,12.17356747392719,-0.10502205495543349,16.211978172682134,0.31120027205455675,12.113416274680374,0.46487774498127854,2.2565578568516136,0.16072349407775025,1.5013802752616747,0.2234265047064038,3.4613033499482793,0.27734802483559934,2.605346557308061
Dataset_3772,multi_output,ALL,svr_rbf,7,4,0.6551350969229973,7.223496063768324,0.039300849095583915,3.4762159456446726,0.373316501282929,4.645101678941085,0.027340209999653243,2.30027741610915,0.8876041187293704,0.07524874434703839,0.09406093043379798,0.06537976302080399,0.902126714304654,0.04113161378713262,0.10824108891350688,0.03568382598730506,0.7140892048735827,3.2031471958500646,0.15253081885000308,2.6090334719940245,0.6057363508632685,2.2263102442007487,0.20239184038188626,1.7725646993686601,0.9796978633221862,0.10617016528682366,0.03672437401827176,0.09209385108811526,0.4719524948351175,0.22644589838711665,0.26088237141372905,0.1681975417396491,0.2651815290918904,15.602584998228357,0.21883008412662494,12.869756465756856,0.14671259985658947,9.969066978637473,0.2644314848444954,7.839766549696601,0.4291027685979567,2.6789423012892235,0.19080785621718116,1.744816176363563,-0.25994565344498466,1.8689903038710707,0.342305916459903,1.6851744637535357
Dataset_3772,multi_output,ALL,svr_rbf,2024,0,0.63749574897923,6.77078315202728,0.03827463624662114,3.198204647080312,0.3336079367254799,8.454518061555758,0.046000968831578205,4.227776966717817,0.873485630087981,0.07353398372107596,0.09191747965134495,0.06590848743146831,0.4818393134227913,0.12870410654869155,0.23834093805313247,0.11892362265316869,0.6259566513111061,3.1504016149012286,0.15001912451910612,2.3862138814766154,0.018872048900871685,5.2879246029349884,0.35252830686233255,5.133556992536736,0.9725376777672164,0.11420090930425063,0.039502216985212946,0.09223854138731502,0.9154570560233565,0.15704435584601872,0.1006049685112227,0.13430422949665544,0.21681841281699776,14.621970590345775,0.22704923276934436,11.744909593476056,-0.04113527462881961,17.962969640035688,0.30038410769290447,13.859733423813333,0.4986803729128487,2.339234721939111,0.16661215968227286,1.7017527316301047,0.29300653990919945,2.5928219556977465,0.25722440036683997,1.8923665650891899
Dataset_3772,multi_output,ALL,svr_rbf,2024,1,0.6322313836992991,6.92598234623722,0.03768216728094243,3.2307193838799177,0.555779180631152,7.548355334523218,0.04440731459302988,3.655372446865866,0.8937279275392078,0.0726188385261766,0.09077354815772073,0.06349008518790668,0.8284855436364946,0.058932102682744944,0.12811326670161943,0.0441297456142601,0.7177645614984094,3.1318959388601,0.14913790185048095,2.5949289877667345,0.6282802771498575,2.4971559830597214,0.1783682845042658,1.818027875319552,0.9787948652408558,0.10459621167131669,0.03617994177492795,0.09054636721846313,0.8584848096990944,0.1884875334251272,0.11967462439690614,0.14303498843818943,0.20509615414000892,14.936112286491356,0.20948264076425466,11.671768447144151,0.16605903226750096,16.49771404786457,0.3234845891738152,14.388244913075638,0.3657734100780138,2.6331959729987324,0.20507756799055546,1.732863032082337,0.29758624040281256,2.5375153062205085,0.26432451106463634,1.8834247118816887
Dataset_3772,multi_output,ALL,svr_rbf,2024,2,0.6494678174809653,6.979142074532053,0.03797139322378701,3.2360474564239916,0.46236494459409183,6.969606963327185,0.03943869943032585,3.501174964093741,0.8721513271557324,0.07780564420451665,0.0972570552556458,0.06880142189204266,0.9587404446208905,0.030027447274034277,0.06672766060896507,0.02670472779828335,0.6874242224615958,3.2839643470060778,0.15637925461933705,2.591643864587928,0.3808547726027798,2.6505476770708354,0.2409588797337123,2.0936658617138164,0.9553599319132046,0.14571762928875548,0.05040388422302161,0.10859342958975543,0.8379716208085641,0.2135020371358744,0.13260996095395922,0.1558498009881184,0.23400033066558534,15.106213017320766,0.21186834526396586,12.068724127957909,-0.003881174193952175,14.9119391338647,0.35420282978300954,12.024775718851503,0.4984032752087081,2.1290231515142874,0.15563034733291578,1.3424744380923226,0.1381390591321774,3.665963669805244,0.2855111892371685,3.2048787111169816
Dataset_3772,multi_output,ALL,svr_rbf,2024,3,0.6178202020739455,6.67605306775279,0.03632435425079052,3.170964675014337,0.29577807997813255,8.528469835805717,0.05303774773511018,4.41750430393254,0.8206443006395661,0.07479418677371175,0.12063578511888991,0.06682246889003021,0.5360640664340579,0.1986051923625914,0.24825649045323922,0.16326153306460436,0.6885013268428632,2.8972049614565596,0.16095583119203108,2.327892389496626,0.2570517129280223,5.221269335378085,0.3263293334611303,4.1524682580295815,0.9633439900387191,0.1113307612648251,0.04455012455575235,0.09118893799950208,0.7467270161315693,0.48451111116643286,0.16759291289049907,0.389159979397686,0.23593080079889972,14.425860171821938,0.22262129894786942,11.696729625189162,-0.502634032790864,18.163228710092405,0.37605028385284484,15.279530411872383,0.3806805920496791,2.5161867623114147,0.17921558136121185,1.6721899534963662,0.4416816371878771,2.4970508633743163,0.23918111718144797,2.1031013372984453
Dataset_3772,multi_output,ALL,svr_rbf,2024,4,0.6209474638622161,7.246149093504367,0.03942409735312495,3.396819388499595,0.3583495059667674,6.105165056019948,0.0347377812575815,3.0350075295075136,0.8786743024240601,0.07534407639414024,0.0941800954926753,0.06563706619325858,0.4898922543148472,0.1247286863844139,0.25985142996752897,0.10806468350868619,0.6888456338222669,3.140064424204207,0.15700322121021035,2.5019970375514333,0.4994820327021957,3.8538428328919703,0.24086517705574814,3.260521654745444,0.9766718751671455,0.10906826584270021,0.037726830108163335,0.08737128842141116,0.9235089380726654,0.1454470441205871,0.09487739342504053,0.12121263598269635,0.21881008519809264,15.644707687670765,0.21942086518472323,12.54365916320664,0.13259259922035083,12.898880998126684,0.28041045648101487,9.867385956677115,0.34173542269951585,2.810503084714818,0.20017828238709529,1.78543238712523,-0.253728294476222,2.257266961154188,0.36407531631519163,1.8178527166236262
Dataset_3772,multi_output,ALL,svr_rbf,99,0,0.6491931459773694,7.592872838939532,0.04131276369192846,3.7909073924292565,0.5974089513006771,2.746003306051245,0.01707713498788088,1.6438612808914197,0.8898280069577384,0.07283778941586719,0.09219973343780656,0.06361105830596817,0.8631142102068068,0.060231617333432824,0.12548253611131838,0.045615148085669396,0.6381600724961969,3.5806223354099944,0.17050582549571403,2.930232668937002,0.6263637670614939,2.3276007771111304,0.2116000706464664,2.0195833175150657,0.9721367563930376,0.11753187991952128,0.042080873583788515,0.09109634434662503,0.8913802579763446,0.18162150107371233,0.10135128408131265,0.1477890740799439,0.2516403338455798,16.40215198112885,0.23004420730896002,14.1351497052247,0.29584734107300226,5.476942876303359,0.2608068036334933,4.661850438663922,0.4942005601942948,2.527454200233479,0.18001810542973498,1.734447185331989,0.3103391801857385,1.5004758974887016,0.2953692711591931,1.3444684261124966
Dataset_3772,multi_output,ALL,svr_rbf,99,1,0.6360955544724652,7.11642172252307,0.03871829011165979,3.2891689482389963,0.5284761577225102,6.882318754600079,0.03915079785312065,3.715372421714016,0.8842148262914787,0.07010915789749488,0.08763644737186858,0.058981112004178056,0.8696857420294701,0.0705210436685378,0.11374361882022226,0.06410436120268075,0.6801965712833334,3.00534028036868,0.14311144192231812,2.357345225466677,0.467422307207517,4.298509655700144,0.252853509158832,3.828535683556763,0.9603678494946774,0.1317106541566888,0.04555885650525383,0.10297710437030597,0.8850274769804661,0.2516643996850629,0.10574134440548862,0.1963325157070001,0.1906254434285405,15.446683214345624,0.2166435233428559,12.276280778867902,0.2110592737155209,14.540287198844863,0.30292264997593465,12.613969358496197,0.46507308186429597,2.358587532485974,0.16799056499187848,1.6502605204859164,0.20918598867957672,2.6203266832385204,0.27295069617067924,1.8739201896074378
Dataset_3772,multi_output,ALL,svr_rbf,99,2,0.6540712876019675,6.8650741768374575,0.037350784422401834,3.184064028332158,0.32255828685029464,7.138025691472241,0.0408938739127599,3.9898487119965593,0.8368348505795569,0.07739474081420368,0.11906883202185183,0.06969371769175484,0.5820329949728651,0.15931630841093647,0.2124217445479153,0.13952475254972868,0.6664718946124987,3.0347158341735683,0.1685953241207538,2.3147558880976407,0.25095351581607206,5.201672174241335,0.24769867496387313,4.605528115705253,0.9729753859349911,0.10356819924692645,0.03987993810047225,0.08925762788148864,0.8728678899740465,0.27577253395926493,0.09873703328294486,0.17703658946172698,0.2721663482504536,14.852377572484068,0.2083082408483039,11.825867905264294,-0.09900766409403894,14.94926101526571,0.3336888619478952,13.249677267013416,0.5219079586323379,2.4138933695981692,0.17192972717935678,1.6207450027256127,0.005944697582528469,2.0292420686446233,0.33820701144077053,1.7774768352526722
Dataset_3772,multi_output,ALL,svr_rbf,99,3,0.6525547033379384,6.134112841688884,0.0348925645147263,2.86935387436611,0.3407627142240599,10.404996985062708,0.05664124651640015,5.291064991641717,0.8841196173829814,0.07698450035669531,0.09623062544586913,0.06947168997191297,0.8710122404192204,0.042134223101329485,0.12038349457522708,0.027245373390144108,0.7178028734079784,3.204552510441767,0.15259773859246512,2.478202710794659,0.2414118539877952,2.748621232300326,0.30540235914448066,2.357799968255715,0.9828386842523644,0.09601324685709013,0.03321108504223111,0.08571672793138253,0.7681183549151395,0.20092611639865265,0.1489444895468144,0.15199397921306154,0.21153442382279875,13.19275975153011,0.20841642577456732,10.391810207696459,-0.007514112863911793,22.58053492673423,0.34846504516565174,20.069226954710025,0.4664779178235694,1.9502538199484907,0.18057905740263805,1.3215680354361374,-0.16921476533794388,4.882846346414784,0.34778107880447173,3.84905868263964
Dataset_3772,multi_output,ALL,svr_rbf,99,4,0.6098218859216822,6.836867283156808,0.03719731927724052,3.078247768648773,0.5001667430657416,8.34443466746311,0.049099350794134224,4.659344701382764,0.8786602963167205,0.06967432483371049,0.0870929060421381,0.05965286585317096,0.7704270018990962,0.11651895123924629,0.19419825206541047,0.11060304471450942,0.6696048348825114,3.0449126978327277,0.14499584275393942,2.3111718346259096,0.5304436310655871,4.555909136880251,0.2847443210550157,4.387291896251404,0.9648386100843332,0.1265229654220994,0.04376442940923535,0.10233312333877684,0.9476849941327655,0.16411840402022343,0.08880866018410355,0.1445597625898145,0.1875171507416009,14.748317832330503,0.2275974974125078,11.22662708897558,0.15862861188903132,17.83453817030655,0.3101658812227227,16.36089584447203,0.3484885375832444,2.6284094894667134,0.18720865309591975,1.6914539304504281,0.09364947634222798,3.0463713282583442,0.2917980199481173,2.293372958886064
Dataset_3772,multi_output,ALL,gpr,42,0,0.9567320921905532,1.6008689487171095,0.008709841940789496,0.857854163440868,0.7488198791020476,3.140376361296409,0.017988179409419228,1.6663873514835656,0.9764303387188069,0.03242495185216795,0.04053118981520993,0.022329058296063183,0.9380602702984898,0.0501743249985065,0.09466853773303112,0.04127068029953916,0.9824822882057282,0.6881238805105058,0.03440619402552529,0.5622663784826517,0.8663305270201533,2.30461991778115,0.14403874486132187,1.6964078958576732,0.9799769716534633,0.09719622917430719,0.03362027989426053,0.07248939599438689,0.9372696038907485,0.16058848306413093,0.09287940026843894,0.1471801037968149,0.9634148241995782,3.2929717763040696,0.046184737395569,2.687655426937812,0.838560014938906,6.375801040794622,0.13623506497424404,4.927983623171446,0.8813560381751893,1.2191106905858795,0.08683124576822503,0.9445305574934257,0.16387897936194018,1.8219221860258186,0.26027459800368835,1.5190944542923561
Dataset_3772,multi_output,ALL,gpr,42,1,0.9659928157701057,1.4960499929907483,0.008509954453872287,0.7567749964468746,0.8179001081276759,2.9433457597324146,0.016014722018240463,1.6923369735297513,0.9929881588116601,0.01783264579429439,0.022290807242867985,0.015171937278044376,0.8241158598605256,0.08134833148836879,0.15643909901609382,0.05040689530457295,0.9743799691048223,0.8932905470831237,0.042537645099196365,0.6641139323955014,0.9217953277003885,1.5011899857130444,0.10007933238086962,1.3368418778253155,0.9864284428176533,0.08286879396896246,0.028664404693518667,0.06210376183395418,0.892268000134473,0.17267058224853912,0.12780946132386314,0.1362180777892463,0.9587055333277386,3.1194726501016,0.054920293135591554,2.4178440095588427,0.9374128701400567,5.620516202248728,0.07882911924612522,4.303915995838104,0.9174619747886537,0.8090519458775357,0.06742099548979465,0.62464134116803,0.5139084828029359,3.071842260390064,0.24614120676202433,2.6343020208915173
Dataset_3772,multi_output,ALL,gpr,42,2,0.9514650450372095,1.6361942368287494,0.008902036108970345,0.8829542158604713,0.5770911686501217,4.207070018386399,0.026184539854275216,1.9229282022941352,0.9831118190043151,0.02398822936041213,0.03807655454033672,0.01914346325479942,0.6459295598101507,0.14315282032466697,0.21366092585771193,0.10776257635797247,0.9600800332697916,1.037435627927648,0.05763531266264711,0.7798204945513707,0.8524826944100808,2.2476020726855754,0.14047512954284846,1.7502017686725335,0.9694217601936193,0.10907241703699974,0.04199939046476693,0.0845753123265248,0.8809940456841638,0.25387520433980454,0.11624322543031347,0.1660128398193454,0.967854233810193,3.298656693690805,0.04626446975723429,2.633055388195505,0.0469636862955809,8.920985265995657,0.3431148179229099,6.096860447838976,0.8768573789081289,1.1898642825663517,0.08474816827395666,0.8981764209741565,0.45908585705063243,1.9433353172911425,0.23134944253465986,1.493803378781848
Dataset_3772,multi_output,ALL,gpr,42,3,0.9822345700967542,1.0688707974554967,0.005815717925107442,0.5622509437867127,0.6291998716841108,2.5317220928234145,0.014401149560997806,1.501540388828784,0.9891021912925593,0.02237350092942111,0.028320887252431783,0.013788166518092889,0.969753576217878,0.01885029846035491,0.05385799560101402,0.015075889995826815,0.9949740911640684,0.42234457833345457,0.02011164658730736,0.36502245502836184,-0.016372668170643978,2.5763415519171398,0.36804879313101996,2.0791326121031273,0.9935249684786094,0.05616447704834804,0.02010901433882852,0.04296476948896767,0.6756668185657734,0.21667458706310533,0.1664167335354111,0.2124715866393226,0.9839381326263299,2.2269487853501997,0.031233503300844317,1.7807586839895733,0.8813173753180552,4.75079589125306,0.10774001340861912,3.756002425002137,0.9496334669222045,0.7557069874094058,0.05382528400351893,0.6087206439085682,0.6356342564894917,1.6712818952941677,0.20184563952828113,1.4450194304035053
Dataset_3772,multi_output,ALL,gpr,42,4,0.9487688814612462,1.641387828646545,0.008930292865323966,0.8809099145875049,0.7620633770153764,4.020483453659507,0.023661037274361505,1.9643834889636742,0.9735441225068437,0.035383590120399135,0.044229487650498917,0.023059320052051243,0.9153602438546055,0.05035268147820037,0.09155032996036433,0.04588830626567018,0.9649181807964797,1.0975938111676449,0.052266371960364044,0.8333431566809381,0.9053973420289841,1.3399700873378095,0.08933133915585396,1.1409533161075112,0.9823349039382864,0.08960296316520819,0.030993761039504734,0.0660826990187878,0.8876983070149446,0.2409673618894122,0.10337510162565944,0.2179235144563197,0.9591182404791273,3.3032297877112664,0.04632860852329967,2.5670486242008943,0.8175854353725442,8.365024288769117,0.16402008409351215,6.126965348282214,0.8639289595854932,1.1599353973177886,0.09294354145174588,0.9150157729848527,0.28427555680580396,2.9986137058754396,0.2974815184400238,2.290186959706657
Dataset_3772,multi_output,ALL,gpr,123,0,0.9562286463073301,1.744082118060979,0.009489021316980298,0.902065506840259,0.8162714917453643,3.033381084822286,0.017264548006956665,1.5741573289094228,0.9906447494368679,0.020951833376204,0.026189791720255002,0.0174094722677589,0.8191386850258141,0.07585095903686151,0.15170191807372302,0.05565378439916339,0.9683666176935155,1.0147407910582922,0.04832099005039486,0.7592070781463528,0.9360854114302963,1.3163147608026011,0.07743028004721184,1.1546201284213335,0.986395520045283,0.08299969004046691,0.028709681785011036,0.06892595896969585,0.8575293763064531,0.2165793996451375,0.12968826326056138,0.1719516810593127,0.9556788774629912,3.600143667573228,0.05049289856343939,2.8408871141850693,0.8561326247413016,6.276330617453498,0.11049877847629398,4.724473884483164,0.8800574668979929,1.1004775984210184,0.08570697807017276,0.8238979106324182,0.6124713612229569,2.197574448195024,0.18313120401625205,1.764087166184141
Dataset_3772,multi_output,ALL,gpr,123,1,0.9508026031561194,1.633077403068874,0.009231641622774867,0.8562803962041142,0.7752175498155738,3.5576633737124346,0.019361433326326175,1.732558788677795,0.9732052070041243,0.036040043827910005,0.0450500547848875,0.025280538148225774,0.9472743517812267,0.03238035169678685,0.09812227786905107,0.030103684459412243,0.9792662080288578,0.8036043557825562,0.04018021778912781,0.6683353032585292,0.7806064327200704,2.3600657103279916,0.16857612216628512,1.7105985278683948,0.9871877279223029,0.0797289135188793,0.027578316678962055,0.06310345907520673,0.8013661543029718,0.24258907695887733,0.16581618384065436,0.21807750911692178,0.9587174119368012,3.337966742947865,0.051831781722792944,2.603833053368866,0.8477522732289238,7.279327546899635,0.12172788539965945,4.831707182042109,0.8556364608885109,1.2406657487019586,0.08836650631780331,0.9208496271697433,0.4990885370446769,2.160191140552409,0.23378691997320447,1.8723070399021375
Dataset_3772,multi_output,ALL,gpr,123,2,0.9457632602722565,1.8889480804661622,0.010277193038444843,1.0027051614472382,0.8236342340785499,2.444761495542638,0.014381795961777978,1.4675296067793717,0.9732590257858229,0.034108290241473035,0.04263536280184129,0.022769615823017966,0.968614419372417,0.03777675390335423,0.0609302482312165,0.03193296036217865,0.9657069197067017,1.0090138513201143,0.04804827863429116,0.7634476474009483,0.9371521756137633,1.5495300620789614,0.09114882718111537,1.3335956479762143,0.9778494279270635,0.10036032416893059,0.034714743745738706,0.07123238810291263,0.922175840875276,0.20020939064425475,0.08412159270767007,0.1783130073293118,0.9499347710054181,3.908785858767462,0.054821681048632005,3.1149983720410495,0.8830602390199224,4.727024753110075,0.11201480457606816,4.3094223228851325,0.8620661569362761,1.2380116483689354,0.08817746783254525,1.0410777838682623,0.40716849551137013,2.2576484530147676,0.25423969065481616,1.4843840953440215
Dataset_3772,multi_output,ALL,gpr,123,3,0.9776582593402188,1.0410629761565104,0.00566441577972964,0.559548851679202,0.7435687115407206,3.728571102282472,0.021354931857287922,2.0627425467019727,0.9871466948963539,0.022313907023876634,0.028245451928957763,0.013265151948649481,0.9694612292515319,0.04452382876301367,0.06849819809694412,0.0313822448521261,0.9904955968453766,0.5397036299795992,0.02570017285617139,0.4320829365029878,0.8282855398777419,2.4148049384334125,0.16098699589556084,1.695625858683974,0.9877964425094908,0.07311526169684314,0.026178038559557165,0.051324278633705527,0.9476076236434896,0.17406738439393055,0.0823402953613673,0.14527373222258827,0.9838995053886495,2.1013764467299643,0.032428648869289575,1.6164175992391343,0.8028558135424391,7.77237070662667,0.12515894857691898,7.166411562728775,0.9389530570612232,0.8403296202056543,0.05985253705168477,0.6846542920715336,0.1696333513884004,1.799416907315097,0.3060232835569893,1.275019335022399
Dataset_3772,multi_output,ALL,gpr,123,4,0.9634363329149526,1.1379434303405636,0.006191204735258779,0.6544638838537893,0.7523296065378303,5.061595433613402,0.02863379212317363,2.403644516631565,0.9752306464877436,0.03207307513634239,0.049343192517449834,0.020074420805623206,0.9544416252924925,0.04680300243528071,0.06985522751534436,0.03591925078475573,0.9785749430932599,0.8312350547946031,0.04374921341024227,0.6749025019119453,0.8308026814145191,1.9996453508110235,0.12497783442568897,1.572167297520973,0.9757537188924367,0.10271424396287882,0.039551114348432344,0.08262988900744356,0.9261334672118502,0.19835054934809201,0.09081984860260627,0.12966302365063026,0.983905267242921,2.201047371204585,0.030870229610162482,1.8147202978502066,0.49672314680054497,10.840500030127568,0.23986060471573337,8.056849772357703,0.9037170888584016,0.9630348428840342,0.07039728383655222,0.6799923096937274,0.5535471119697446,2.557769687481774,0.22202861870501509,2.223623238843764
Dataset_3772,multi_output,ALL,gpr,7,0,0.9432645329697952,1.6478941028307428,0.008965691527914814,0.8880391171800668,0.8846923017533633,4.244379360052396,0.024154218985046643,1.7616752855670725,0.9655634543571656,0.03527980723408306,0.05599969402235407,0.02318022998926132,0.9534121862995679,0.05422965738265157,0.07531896858701607,0.03950101490590002,0.9595395611359299,1.0837856392853806,0.05704134943607266,0.8672435406054743,0.9811628640776955,0.841696446961683,0.0467609137200935,0.6243754626804687,0.9705949984442399,0.1067903554160091,0.041120660537546816,0.08271920179284763,0.9410605810935333,0.20449222964402008,0.07790180176915051,0.1494634145184366,0.958727576416791,3.282280880135434,0.050652482718139415,2.455969927067659,0.7577449710604398,9.373042632530673,0.148073343325919,6.951700107892632,0.8618970744948493,1.271678787229496,0.09057541219583304,1.0110826864450912,0.7900809062355801,1.211049847200301,0.13106600077925337,1.043336427837925
Dataset_3772,multi_output,ALL,gpr,7,1,0.972224899658318,1.1893052189502709,0.006471000701617448,0.639027825656669,0.7677803736999866,3.647693262305116,0.02062008627645628,2.1617872492087704,0.9923390136015259,0.017933138597094566,0.022700175439360207,0.014311134998391983,0.8959975941869699,0.07351325377667352,0.12252208962778918,0.05741567812447641,0.9858847291131154,0.6674167009601069,0.03178174766476699,0.5312988019210609,0.8213478550274911,2.2234937969226523,0.1482329197948435,1.4027142472783984,0.9846268806443121,0.08324422782221663,0.029804592847195364,0.06253742449439656,0.9478796134910675,0.16662912698807378,0.07938500571132623,0.15014261417085262,0.9784671296186994,2.4345469479544315,0.03414511848463438,1.9387908849355338,0.8140980230054,7.120107049516542,0.1691236828863787,6.524911682028602,0.9198067453139378,0.8321775205275542,0.060831690097043443,0.6482008819339617,0.359578782789004,3.2947400737175623,0.3017161239668097,2.673752024441523
Dataset_3772,multi_output,ALL,gpr,7,2,0.9673660779716332,1.2939929803850527,0.0070402229618338015,0.6748271905611578,0.7853422418014354,3.8480344115892913,0.023027643766430038,1.9731132635780384,0.9809523923268552,0.029332099456986116,0.036665124321232645,0.019701602201981687,0.964020837078725,0.035322362008706205,0.06925953335040433,0.0301344384593628,0.9858859227359847,0.6383144866345412,0.031915724331727055,0.5084852667613223,0.8415060790672161,2.289105305621988,0.14306908160137424,1.7293262880380078,0.9875924032837565,0.07648361530821998,0.02645576454798339,0.061750642443881024,0.8663157703055562,0.2043431071753691,0.13329622124942542,0.14888878879350123,0.9747285186123538,2.6389991103086063,0.037012610242757454,2.0172142108913347,0.7327326140823236,8.037032044683945,0.16700326326615994,6.41650401689502,0.9076711528992162,0.9968035728781536,0.07763267701543251,0.7669842305072692,0.5221359084733559,2.0395963330192113,0.21245795135616785,1.5407127857042995
Dataset_3772,multi_output,ALL,gpr,7,3,0.9419767952457443,2.006538064168587,0.011342781595073978,1.0514442492004892,0.8028015219085043,2.243564168562864,0.012207215673120757,1.4523130941528801,0.9861239199383091,0.024978662246130278,0.031223327807662845,0.02179793414134722,0.8109669037871308,0.08346062966770457,0.13461391881887833,0.046047478595312094,0.9742596860221754,0.8887977047726329,0.04232370022726823,0.693830067892532,0.8241440526216326,2.443752118586078,0.14375012462271047,2.302818679155505,0.9754356635630248,0.10608336296428104,0.03669434900182672,0.08092136522731389,0.9208535499601377,0.19914031497929507,0.09482872141871196,0.16518507083888828,0.9391837318956725,4.21401422146652,0.06543500343892113,3.444700605411962,0.9514961478979717,3.396555010297167,0.06519925156535497,2.7183456759412326,0.8348809748095397,1.2534832199078312,0.08927943161736689,1.01597127332929,0.5065469552756487,2.759124498001596,0.2210836937501279,2.0291685662334635
Dataset_3772,multi_output,ALL,gpr,7,4,0.9699406033305544,1.4021703513498434,0.007628783195592183,0.7383594420664634,0.5567412615344091,3.4270520336822683,0.02017099490101394,1.468897671877213,0.9831145593834504,0.029166227421542935,0.03645778427692867,0.018525158794738976,0.9501730265657058,0.02934782490248783,0.07723111816444164,0.027019458047290296,0.9779943883583202,0.8886450823903064,0.04231643249477649,0.6508217060086551,0.9107220892215075,1.0594106278295448,0.09631005707541317,0.6840753815661499,0.98918001076047,0.07750773295996924,0.02681000794187798,0.06271835739065784,0.5635284097619354,0.20587610900896855,0.23718445738360447,0.17031576035198995,0.9756233269004035,2.8418015158177456,0.03985696375620962,2.207906519881451,0.5337711061304808,7.368964085582581,0.1954632383443656,4.929363990367888,0.9237907312501287,0.9787872168002628,0.06971418923078794,0.7518254682568137,-0.17448832400758407,1.8044942138387603,0.33049344575801465,1.5337137690527476
Dataset_3772,multi_output,ALL,gpr,2024,0,0.9372706521679278,1.9460906603729535,0.011001077786167063,0.99545912553326,0.7895130476774774,3.2990069419534533,0.01794987182084691,1.924903532670335,0.9675586220855414,0.037236410744957114,0.04654551343119639,0.02636837119096976,0.9209561881936802,0.05026829002655949,0.09308942597511016,0.04143390353809744,0.9567047580770562,1.071827852817445,0.05103942156273548,0.7927854731885345,0.8143670277594713,2.300117325019545,0.153341155001303,1.9971359973596279,0.9767840866247001,0.10500109300937234,0.03631999066391295,0.08026864011447359,0.914106402546563,0.1582938511984193,0.1014054139643941,0.12289489549622568,0.941117626497626,4.009288660385991,0.06225603509916136,3.084075401806477,0.8587761723482383,6.61574175862632,0.11063113308739665,5.596115548203004,0.844188167554715,1.3041173274521407,0.09288584953362825,0.9937977413658453,0.4393594475394349,2.3089113116983975,0.22905866187484106,1.8669373187547198
Dataset_3772,multi_output,ALL,gpr,2024,1,0.9679625641804123,1.4674133770235225,0.007983750691096423,0.7598831319912518,0.8345446189835564,2.6512973439822787,0.015597701753043175,1.5761887929276226,0.9841442941113872,0.028049977301164927,0.035062471626456156,0.017794029829248745,0.9176887319752901,0.04082547227418875,0.08875102668301901,0.03789224267155559,0.9818135025119158,0.7950163950939407,0.03785792357590194,0.5502364583718986,0.8470802324945386,1.6016576164067216,0.11440411545762297,1.3904862808958853,0.9901987367948608,0.07111094710115134,0.024597352854082096,0.05804905973907113,0.8520220178057373,0.19274346045343174,0.12237680028789316,0.14949352765277904,0.9671627599131221,3.035733162739873,0.04257690270322403,2.437257655023651,0.9102408223681694,5.412470591183102,0.10612687433692361,4.947262168871774,0.9164935275707751,0.955478740468294,0.0744142321236989,0.7360784569923894,0.6456912902740466,1.8022003911018973,0.18772920740644763,1.3558097445461186
Dataset_3772,multi_output,ALL,gpr,2024,2,0.9370373548495892,1.733044703530168,0.009428970095376321,0.9665069622996075,0.7687467637420812,4.346335554358652,0.024594474617239997,2.056757138846724,0.9715247083940689,0.03671952722881278,0.04589940903601598,0.02637599880682691,0.9267542668485274,0.040008042828808474,0.08890676184179662,0.03331029749715588,0.9589561557045406,1.1899940477259232,0.05666638322504396,0.9439291693026192,0.9177901824071802,0.9658311275640206,0.08780282977854732,0.8268493690019605,0.9721316786197772,0.11513439360385348,0.03982511020541456,0.09012263132787189,0.9089816451636661,0.16001878555156004,0.09939055003202485,0.12213113876048164,0.9597685216877754,3.4619780420253785,0.04855509175351162,2.7797061699375982,0.6148544667923892,9.236456730799272,0.21939327151542218,6.798798810302892,0.8228057098417834,1.265400202627771,0.09250001481197158,0.9924008421231212,0.47535325749864343,2.8602437646626417,0.22276041780861694,2.5026960786711308
Dataset_3772,multi_output,ALL,gpr,2024,3,0.9932939766840179,0.527863833428757,0.0028721031254625223,0.28815313587655006,0.6693898561705555,5.219317404322827,0.032458441569171805,2.6099851128289515,0.9983855567649152,0.007096131312220493,0.011445373084226601,0.005483033349352042,0.7148718415981485,0.15569750288994869,0.19462187861243585,0.10388656277546468,0.9960627752961938,0.3257213457093675,0.018095630317187084,0.2522706407004415,0.6763969388976174,3.445903524364285,0.2153689702727678,2.881446135845589,0.9944902403025263,0.043162730715106346,0.01727200108647713,0.037166516282442635,0.8581687014721802,0.36257290575430734,0.12541435688492125,0.28376907836924203,0.9959735543102142,1.0472160617082533,0.016160741693028603,0.8196392923545497,0.4524593840833475,10.964140981420742,0.22700084847661994,8.172982334162144,0.9815577567462392,0.43420258158797487,0.030926109799713306,0.3262061966959643,0.645052414801484,1.9909875567784352,0.19070762038107622,1.6078414529923182
Dataset_3772,multi_output,ALL,gpr,2024,4,0.972018627161267,1.3221936937266932,0.007193654481646861,0.6874762159970145,0.6674675206482545,3.5422861914672534,0.020155255712473705,1.6685985158816852,0.9939118526771031,0.016877778829178125,0.021097223536472656,0.014411479031674558,0.7555172135071351,0.08634944147804403,0.17989466974592508,0.06374401589589981,0.9856886337846817,0.6734279793172153,0.033671398965860765,0.5182703996511622,0.8630058288715642,2.016207415738898,0.12601296348368113,1.518799089743047,0.9854328574391232,0.08618777672744006,0.029812444388599122,0.06799270063867278,0.908806701329246,0.15881115971824208,0.10359501612409794,0.13956513051416028,0.9767002656286027,2.7018710876394882,0.03789440515623406,2.0742392162793974,0.71342261480016,7.414151093953714,0.16117719769464595,5.209172076438628,0.9183595262768238,0.9897752314683856,0.07049681135814712,0.7624672843841649,0.09658524473316732,1.9161292528291758,0.3090531052950284,1.4117122668166904
Dataset_3772,multi_output,ALL,gpr,99,0,0.9643168720540958,1.2469874156519543,0.006784849097622038,0.7012184849467005,0.35841343708546697,4.1748679587277095,0.025963109196067844,1.9192544738741018,0.9793477170797213,0.0315358968701039,0.03991885679759987,0.021445956292310244,0.9521032084498482,0.03562858324250936,0.07422621508856116,0.0297546049900146,0.986447635930957,0.6929594194338341,0.032998067592087336,0.5762245023605794,0.5972808904737185,2.416490655502537,0.21968096868204884,1.7146899149475736,0.9817580874045501,0.09509879893939432,0.03404897921209966,0.06880058075435239,0.8956053345259845,0.17805412140827978,0.09936055882158466,0.14814580960057955,0.9835851500984372,2.4292046476728433,0.03407019141196134,1.903702845452567,-0.8460350734031223,8.867981400914925,0.4222848286149964,6.411730262978104,0.8904457697568137,1.1762745437877835,0.08378023816152304,0.9359185398736933,0.1931128253809069,1.6229967599653181,0.31948755117427513,1.2919517768542375
Dataset_3772,multi_output,ALL,gpr,99,1,0.9554087560070961,1.6987598950327814,0.009242436860896524,0.8897825141995248,0.8235774323538075,1.9958268313403693,0.011353471934355592,1.226594230006322,0.9770503878698847,0.03121303144630815,0.039016289307885185,0.021019636584032206,0.980659030269678,0.027168263821892642,0.04381978035789136,0.024541977592421597,0.9726869192766917,0.8782889898833528,0.04182328523254061,0.6110433907345073,0.9008090790449725,1.8550788839795103,0.10912228729291237,1.682189721037444,0.9842250901619836,0.08309607877656625,0.028743022752184797,0.05943944950090837,0.9090384615750433,0.2238482236354493,0.09405387547707954,0.20341362490920364,0.9577427754796973,3.5294818306170384,0.049501848956760706,2.829127078080208,0.9591798371171988,3.3074109785062356,0.06890439538554657,2.613033265184011,0.8853386072472229,1.091976717156873,0.07777611945561773,0.9282830160979689,0.368200753762145,2.342112831435884,0.2439700866079046,1.6097925613085298
Dataset_3772,multi_output,ALL,gpr,99,2,0.9739926872927944,1.0475156205716778,0.005699214475362774,0.5672328339380395,0.5435895069832928,5.280041967923033,0.030249452695061775,2.77506275086552,0.9922282867369814,0.016891029995406398,0.025986199992932925,0.013736867825252156,0.8423977319619276,0.09782964251479831,0.1304395233530644,0.07323032620879825,0.9843935646079822,0.6564530520911644,0.03646961400506469,0.49654026416528907,0.8825365369631043,2.059870857727842,0.09808908846323058,1.4176705886329504,0.9813902508867723,0.08594427137058136,0.03309367399714338,0.06924945881347891,0.9042485737627038,0.23932937570178942,0.08568899953519137,0.19208553925214478,0.9863361751401369,2.0350077090505736,0.028541482595379714,1.5364530140569295,0.3616269469884754,11.393486377189705,0.25431889234798444,10.167482302492187,0.9256151590920993,0.9521481851778857,0.06781682230611721,0.7201845648292479,-0.272862254759747,2.2962506283919617,0.38270843806532695,2.02484499774152
Dataset_3772,multi_output,ALL,gpr,99,3,0.9438984349957721,1.8951611968826072,0.010780211586362953,0.9945949447876753,0.7012136432325992,3.191235232741299,0.017371993645842673,1.9625129799920498,0.9753001993035991,0.03554226165075401,0.04442782706344251,0.023382470637970207,0.8461983734546743,0.046008831659329084,0.13145380474094023,0.041131964570297976,0.9707575748034698,1.0315678361658542,0.049122277912659724,0.759553528701379,0.6196296387100796,1.9463243028925645,0.2162582558769516,1.6492839746203924,0.9857721194406053,0.08742305337686286,0.030239727906213373,0.07032917374203283,0.7294926280705327,0.2170165006093129,0.16087212795353067,0.17467187233557077,0.9280415915817606,3.9855206135645234,0.06296241095678552,3.319353101687912,0.931998184854339,5.86636268534435,0.09053028835407947,5.011281352866212,0.8596206898494261,1.0003834297223049,0.09262809534465787,0.800356449169083,0.3787493910733699,3.5592568228899832,0.25350832071865975,2.9361957355677757
Dataset_3772,multi_output,ALL,gpr,99,4,0.9256984121996416,2.00291249123203,0.010897238798868497,1.0474044272701302,0.840328645539006,4.286492805547537,0.025222081821403574,2.2831855317759886,0.9704969186870168,0.03435618969876187,0.042945237123452336,0.026112675551527832,0.9155964426549078,0.0706507114620514,0.11775118577008567,0.05392492372275868,0.9478482041853802,1.2097416618831773,0.05760674580396082,0.9720039436623026,0.9567425362439697,1.382807455538585,0.08642546597116156,1.2371298358424159,0.968277474698797,0.12017668535609977,0.04156924432933233,0.09839986997645533,0.9655501695728622,0.13317959506181115,0.07206688044470297,0.10961022033895862,0.9383842808087073,4.061450347048729,0.06267670288655447,3.056543911456086,0.7731900458723255,9.259745563477052,0.1610390532778618,8.41930242186464,0.8034851826183061,1.4435427406746824,0.10281643452098876,1.0839617357042788,0.5905640333509645,2.0475180519489977,0.1961224187690611,1.595960257111169
Dataset_3772,multi_output,ALL,random_forest,42,0,0.7918173687158976,3.1069390081718473,0.01690391190517871,1.7696956719696986,0.5773768274814268,3.0145652795076328,0.017267529381988958,2.0264492846230184,0.8141521322786178,0.09105031666038818,0.11381289582548522,0.07218669335789864,0.7883111946850465,0.09275681581975334,0.17501286003727046,0.08437345982142858,0.8274125651588997,2.1598944487014577,0.10799472243507288,1.8357913359788312,0.5964792141791367,4.004203569263289,0.2502627230789556,3.5797179232804126,0.8334656934448655,0.2803085802746798,0.09695903849003107,0.21451383262471532,0.808709472693168,0.2804284767455366,0.16219113750464811,0.2589422291666653,0.8694809210795907,6.219742934883305,0.08723342124661017,5.114396036727835,0.9026360276970105,4.951403781381544,0.10579922609789622,4.609957285052936,0.6145755316175141,2.1973030597979784,0.15650306693717794,1.6115904611592116,-0.20925177184722754,2.1910567163433936,0.3130081023347705,1.59925552579365
Dataset_3772,multi_output,ALL,random_forest,42,1,0.8023703854688502,3.0305777892166414,0.017238781508627083,1.7173980203498256,0.6662329649187523,4.797774913400753,0.026104657018340242,2.824588396807937,0.8765002529149551,0.07483982820162997,0.09354978525203746,0.060707158666684496,0.6617010288525398,0.11281988383218315,0.21696131506189067,0.08848917473399624,0.8607534793378214,2.0825483343902174,0.09916896830429607,1.793146088266773,0.6718561048558069,3.0750449804030597,0.2050029986935373,2.5604401564044372,0.876961303815334,0.24951521777817465,0.0863075813829729,0.17334857689947497,0.8046802589884199,0.23249791490869118,0.1720932012647603,0.1865680619367411,0.8386618248529653,6.166004279407126,0.10855641336984377,5.11724212326625,0.8147573304714508,9.669504093209074,0.1356171682077009,8.588325082272151,0.5589750664231753,1.8701693773397985,0.15584744811164988,1.4425461546499458,0.3781701014255441,3.474366985736262,0.2783947905237389,2.6991195086923603
Dataset_3772,multi_output,ALL,random_forest,42,2,0.8253490198171732,2.7736922909156854,0.015090817687245295,1.6126311582002224,0.12648256684393228,6.09081746117281,0.03790886575697274,3.1007854304988753,0.8672639791903459,0.06725137253693204,0.10674821037608263,0.052695430930818826,0.2823174352452995,0.20380802059302663,0.3041910755119801,0.16259758786848072,0.8093233555883361,2.267330465114896,0.12596280361749423,1.9042485404123275,0.39482703557550947,4.552371515416264,0.2845232197135165,4.194223544973545,0.863519453072408,0.23043268123396357,0.0887303354770749,0.18044767250087182,0.45823545725431547,0.5416780399771597,0.24802108057562264,0.4188719370748318,0.9127942015781769,5.433102637554147,0.07620059800216196,4.540511919959006,-0.920393586732901,12.663484440304563,0.48705709385786783,9.050625314625895,0.673844109656599,1.9364480234441548,0.1379236483934583,1.3852522271980878,0.4174264928774378,2.016781925290202,0.24009308634407173,1.6776087679516232
Dataset_3772,multi_output,ALL,random_forest,42,3,0.8273901622785921,3.1019403724778503,0.016877634106740577,1.7501242980486307,0.501192653394071,5.052847263549433,0.0287420208393028,2.6934383475537773,0.8878526456137545,0.07177263198096624,0.09085143288729904,0.05457498569438224,0.5681712497253307,0.07122574346795923,0.20350212419416921,0.07006526437847876,0.8930353509757758,1.9484073327856997,0.0927813015612238,1.56314369060059,0.8129693505046368,1.105180822203153,0.15788297460045042,0.9089375214732444,0.8828179563601064,0.23893034483812992,0.08554613134197278,0.16603840143222173,0.35373902514812605,0.30585547016811476,0.23491203545938144,0.27881995497492146,0.8712984064109263,6.303825371391279,0.08841269805597868,5.287392733990144,0.35938679364027415,11.037500717661837,0.2503118430130817,10.5074009388099,0.6019464520323978,2.124482502682637,0.15131641756998837,1.6794716785258155,0.41169684795198735,2.123643078881055,0.2564786327151033,1.7019680581323418
Dataset_3772,multi_output,ALL,random_forest,42,4,0.8129030601705353,2.833179984149758,0.015414472166211958,1.544842071979231,0.4953982154943639,4.8949832047945705,0.028807575357783492,2.896355018250529,0.8403528144934735,0.08692034539849584,0.1086504317481198,0.06544818727090276,0.6279421853366864,0.1055700232230849,0.1919454967692453,0.08991009748849024,0.847778737512755,2.286326532634986,0.10887269203023744,1.8827915443432695,0.7166039896695713,2.3192112030236887,0.15461408020157924,2.054751872466162,0.865183170934916,0.2475348917358624,0.0856225844814467,0.19373322964455852,0.6353167718956934,0.4342331414565815,0.1862862039710774,0.34773929571222595,0.8832534085505578,5.582080580328635,0.07829005021498787,4.190680050194041,0.7430281818041065,9.928421343209274,0.1946749282982211,9.043230329742986,0.627947169360974,1.918020548573568,0.15368754395621537,1.391557348443383,-0.24590005123423797,3.956299843621315,0.39249006385132096,2.946143495842781
Dataset_3772,multi_output,ALL,random_forest,123,0,0.8320499429907426,3.2763519144594904,0.017825636096079924,1.7380765982864357,0.7301596301561457,4.2935047768347605,0.024436566743510305,2.3708610164832837,0.8935872388607948,0.07066285426913958,0.08832856783642447,0.05459094772126024,0.7730965192525681,0.08495888678995867,0.16991777357991733,0.07565898862133241,0.8598065657194733,2.136220807958746,0.1017248003789879,1.7895232898715092,0.7223522242572964,2.7435119227961913,0.1613830542821289,2.5064338173400813,0.8861240578691044,0.24013280256686564,0.08306219390067991,0.177424536345598,0.8237582795363955,0.24088449385692276,0.14424221189037292,0.199851096124941,0.8434245043479126,6.766691140955148,0.09490450408071736,5.276051803472649,0.7082466633112428,8.937839846335836,0.157356335322814,7.307136190250697,0.6773073481564285,1.805049583150828,0.14058018560364702,1.3927924140211618,0.6233444644232258,2.166525837006292,0.18054381975052436,1.7652249900793666
Dataset_3772,multi_output,ALL,random_forest,123,1,0.7827612385438076,3.084090745958046,0.01743409127166787,1.7297396632747808,0.5620676909555372,4.930228198940369,0.026831173871784318,2.805065099622067,0.8159626922519474,0.09445240986962003,0.11806551233702503,0.07508445284122006,0.5165974836276719,0.09804490973821864,0.29710578708551105,0.08157572132893563,0.8189665005250616,2.3745558406248493,0.11872779203124247,2.049628808611554,0.46412995470740925,3.6884329296339136,0.26345949497385096,3.0651199580842348,0.8249113723193019,0.2947350185225411,0.1019491589493397,0.228447097410891,0.6573489389164356,0.31861825669117755,0.21778418092356633,0.257475364031472,0.8611225181979898,6.12229798649048,0.09506673892065964,4.737931467155127,0.7044545338831131,10.142102700196533,0.16960037960194874,9.01716737159004,0.592843109424738,2.083564393537107,0.14840202233170277,1.5576064903551128,0.4678075436430561,2.2266197278767303,0.2409761610256202,1.6039870830756529
Dataset_3772,multi_output,ALL,random_forest,123,2,0.8183337687273665,3.125207166307159,0.017003303407547108,1.8011016568575653,0.6008070907117414,3.607018151395341,0.021219002008326028,2.016598780962682,0.8503055444628167,0.08070012265729128,0.10087515332161409,0.06247663913353562,0.823248326672708,0.08964814761545144,0.14459378647653456,0.07379542654435507,0.8491451553138701,2.1162818678665536,0.10077532704126446,1.764976696356002,0.8125743417736124,2.6758970733073126,0.1574057101945478,2.113109994502829,0.8818222007664974,0.2318128631134248,0.0801843179223192,0.18126222057189376,0.7676357124748706,0.3459488697416759,0.14535666795868735,0.2456400801724722,0.8678668347439592,6.350087275942343,0.08906153262191224,5.400140096490316,0.7493831173325967,6.920093101594844,0.16398324885295842,5.7775215266611655,0.6425291083496891,1.9930108108188362,0.14195233695290854,1.5966526317360794,-0.14880604469508074,3.142780397984515,0.35391671148474263,1.872926876932588
Dataset_3772,multi_output,ALL,random_forest,123,3,0.7998893277553186,2.99716872307509,0.01630757235472599,1.7160986437859698,0.6683403831537429,3.8784555770635807,0.02221337673003196,2.2315023332749298,0.8271272131200567,0.08183357560252442,0.1035868045601575,0.06067720397737646,0.759586908963902,0.12492397192489198,0.19219072603829537,0.10537664433450157,0.8597201696561096,2.073435500996743,0.09873502385698776,1.7411149093562894,0.7588174272657797,2.8618810748039962,0.19079207165359974,2.440674242424255,0.8355344951555723,0.26841218306323916,0.09610174832196178,0.1896614982335665,0.846931444037939,0.29752697549443696,0.1407412372253722,0.24990728050917468,0.8687145069115043,6.000571584064755,0.09260141333433264,5.030317529191746,0.7919969794319728,7.983555334509408,0.1285596672223737,6.80527990087955,0.6083502539333505,2.1284656037874212,0.1516001142298733,1.5587220781708708,0.18436915606912085,1.783379082212949,0.3032957622811138,1.556273598227169
Dataset_3772,multi_output,ALL,random_forest,123,4,0.8077000409224189,2.595071840951318,0.014118998046525123,1.5184751216748773,0.4637270514635089,6.28497072134093,0.03555450993574096,3.4395104010582083,0.8522200992983059,0.0783413319536303,0.12052512608250816,0.06069436690384964,0.6610963733802729,0.1276520257572121,0.19052541157792852,0.08714254157218437,0.832095145787826,2.326989822942759,0.12247314857593468,1.9282631362889897,0.6244654351634515,2.9790733598352466,0.1861920849897029,2.5337216553287902,0.8560727926756204,0.2502531513953423,0.09636239945912294,0.18573250310162406,0.6315078585340987,0.44302033968188315,0.20284814087998318,0.31749708465608467,0.9198487280776112,4.911823062603763,0.06888952401968812,3.9232253557745054,0.24608308590078787,13.268064681541476,0.29357372898642503,11.105554450113422,0.5782634387727312,2.0155242146923826,0.14733364142488178,1.494460246305417,0.1554825043389333,3.5178550712989134,0.30536936382803065,3.1536362736205583
Dataset_3772,multi_output,ALL,random_forest,7,0,0.8138607303280881,2.864339062954255,0.015583999254375706,1.6724120056311347,0.6058216532604497,5.918705945365525,0.03368259700299069,2.7376291779761854,0.8710181814286471,0.06827797955452179,0.10837774532463779,0.05269586569349962,0.6138959406028897,0.1561179642111778,0.21683050584885805,0.11559071676587296,0.8431258465726386,2.134046091207113,0.11231821532669016,1.7635719009826134,0.7366241875327475,3.1472844957217605,0.1748491386512089,2.5619327050264573,0.8636279534941103,0.22997684278899652,0.0885548104693864,0.18575860974111819,0.6916008970645793,0.467767924578487,0.17819730460132838,0.34146438525132294,0.8778425540121703,5.646843205097693,0.08714264205397675,4.795484614512439,0.555959401577641,12.689822031766507,0.20047112214481055,9.302581875826693,0.6136891161328744,2.1268872101648246,0.15148769303168266,1.564549037226002,0.4310278395243913,1.9937998378962054,0.2157792032355201,1.366576207010579
Dataset_3772,multi_output,ALL,random_forest,7,1,0.8124750883934333,3.0171135896444996,0.01641609222288753,1.6600957873637867,0.6704455129513046,4.72338872509108,0.026700897258852913,2.955756303714029,0.8648580010506874,0.07531979487023532,0.09534151249396876,0.05640371116750413,0.8091255581298389,0.09959048394911328,0.1659841399151888,0.08346399745756883,0.861071244314066,2.0938643097884375,0.09970782427563989,1.730648683053851,0.7927301212717125,2.394969027772797,0.15966460185151982,2.1481380814952353,0.8509311184980497,0.259218877733325,0.09281019610931797,0.18416007287157435,0.85971910534642,0.27336717742212513,0.13023686394574802,0.25239679505944007,0.8626697401540798,6.148232916854317,0.08623047569220642,4.905260174673674,0.6601094597327368,9.627511761399164,0.22868198958192792,9.383706712791255,0.6228453379502836,1.8047074051818546,0.1319230559343461,1.4240062950523305,0.23054332027581415,3.6114398795400917,0.33071793768682156,2.911075931766646
Dataset_3772,multi_output,ALL,random_forest,7,2,0.787792696232905,3.134183262410745,0.01705213962138599,1.7323473177472593,0.5552035796126832,4.146469442325307,0.024813556999044355,2.50824873983714,0.8207049459900884,0.08999265919135657,0.11249082398919572,0.07202859999834131,0.658736428996092,0.10878503984875268,0.2133039997034366,0.09450146567717985,0.8413795045459886,2.139873530393574,0.1069936765196787,1.8425049675739396,0.464671772475309,4.206971203362148,0.26293570021013424,3.66608515426372,0.8345558417560879,0.27928672434223983,0.09660557742727079,0.21000354584846787,0.6297368513461945,0.34007534620811425,0.22183649459107266,0.29822498783755996,0.8548106486174876,6.32544779928736,0.08871595791426873,4.992736525455701,0.7440361976847333,7.8652402570743885,0.16343356378336396,6.508664522521097,0.5875125402548729,2.1069113107076394,0.16408966594296254,1.5444629498598461,0.2788366475610877,2.5055833147736863,0.26099826195559234,1.9737675688861416
Dataset_3772,multi_output,ALL,random_forest,7,3,0.8192407337496797,3.066715163421033,0.017335868645681363,1.7482764232530514,0.5376614601797015,4.083411715625874,0.022217812261961338,2.446307831670439,0.8651878595714525,0.07785746858792625,0.09732183573490781,0.05913506887429305,0.5558313976933389,0.1279342009070788,0.20634548533399807,0.11338740929705206,0.8491140300393458,2.151891816157974,0.10247103886466544,1.8089038496624552,0.6217946479860613,3.58378919794824,0.21081112929107293,2.7823677248677177,0.8746457474566692,0.23964275089253534,0.08289268450104993,0.1765846016694033,0.583750626963947,0.4566886999495266,0.2174708094997746,0.34783901473922946,0.8667475144788639,6.237689789667015,0.09685853710663068,5.2488592090859285,0.7583506995973726,7.581293469446931,0.14552823628845246,6.060052560468604,0.6405085172020661,1.8495423038547716,0.13173378232583843,1.4478993869731773,0.1685799286577877,3.58144786125957,0.2869749888829784,2.927892448979592
Dataset_3772,multi_output,ALL,random_forest,7,4,0.8238662000672263,2.7612179308226166,0.015022948481080612,1.6229038754532137,0.613616562397438,3.521050066804843,0.020724249951764823,1.8141364106816371,0.830160160427534,0.09250044976533636,0.11562556220667045,0.07168751567398117,0.760468858154763,0.06434645973530842,0.1693327887771274,0.0496652107812822,0.8564438206991438,2.269721468059061,0.1080819746694791,1.9928628775438906,0.724828754765735,1.859918184860188,0.1690834713509262,1.5618691163333895,0.8745774476784033,0.2638878756814827,0.09127909916343227,0.19186907730424044,0.6864335531979106,0.17449892409183987,0.20103562683391704,0.15290255193087368,0.9142285410599427,5.33062244481583,0.07476328814608459,4.284261387727852,0.5124316451910522,7.535717386734004,0.19988640283114076,6.3841460765821125,0.6439210304711084,2.115716893065019,0.15069208640064238,1.5738385190161053,0.3839200006777288,1.3069220849933962,0.23936301922955971,0.9220990977805279
Dataset_3772,multi_output,ALL,random_forest,2024,0,0.8101839634409936,3.012464096595976,0.01702919217973983,1.6905630852418665,0.3740027461570179,5.018965251519851,0.027308151975188263,3.293368682969566,0.8304127005242481,0.0851363110725381,0.10642038884067263,0.06744978410808768,0.5371734919762768,0.12163800449192969,0.22525556387394385,0.1108928224206349,0.8256582576195692,2.1508278148678737,0.10242037213656541,1.6818459467120113,0.07207297746190566,5.142559687775698,0.34283731251837984,4.639628802910071,0.8428542446990126,0.2731821130259705,0.09449398582703926,0.20722414621126034,0.4656707963793131,0.39480996400576795,0.25292118129773716,0.35189328670634856,0.8634875943131645,6.104649471305747,0.09479269365381596,5.123492992488633,0.7074799451722098,9.521434374774998,0.15922131061496653,8.744321181382206,0.6885070200489738,1.843913650726584,0.13133288110588204,1.3728025566893405,0.08761651979538443,2.9454638976773957,0.29220872000767817,2.6201073214285704
Dataset_3772,multi_output,ALL,random_forest,2024,1,0.797576788413652,3.0364131886803043,0.016520202332319392,1.734925005519895,0.7402736547801585,4.2657293588646,0.0250954780495623,2.3232611200439766,0.8243681717365959,0.09335580636928853,0.11669475796161066,0.0744759271076943,0.8270159940650044,0.05918403167993789,0.12866093843464757,0.04943407484711061,0.8431955482090217,2.334429408280195,0.11116330515619977,2.048722363205116,0.769079383908036,1.968199977538756,0.1405857126813397,1.653995189995188,0.8606997897613369,0.2680842641912838,0.09273063444873185,0.20020209843094328,0.8723993626592166,0.1789812443629318,0.11363888530979796,0.14427887256922922,0.8714895051579423,6.00550549584336,0.08422868858125329,4.834653559921883,0.7476685591203656,9.074899015661433,0.17793919638551836,8.163580604428637,0.5881309272033635,2.121976404162024,0.16526295982570277,1.5165710789338382,0.48520497414816954,2.172347689464309,0.2262862176525322,1.605016858379719
Dataset_3772,multi_output,ALL,random_forest,2024,2,0.8156364819692381,2.8743522448438137,0.015638477937126298,1.590378742026999,0.3959235046578139,5.847324715380971,0.03308807557368137,3.369712875170079,0.8757559539206251,0.07670095720000022,0.09587619650000027,0.05814086640211629,0.7548386510392646,0.07319512257464601,0.16265582794365782,0.057141858465608195,0.8585748111573224,2.2089412078552835,0.10518767656453731,1.8683798120780835,0.5182866544452989,2.3379417955448303,0.2125401632313482,2.0727605820105657,0.8703528042252464,0.24833117109650968,0.08589801836613964,0.19906232991242548,0.5236438237618801,0.36607694593994555,0.22737698505586676,0.26191573072562474,0.8905924654826073,5.7090642307672645,0.08007102707948478,4.3327498269020115,0.33459613823385215,12.14047351550793,0.2883722925298796,10.662542602985708,0.5829063750603889,1.9414214068646736,0.14191676950765159,1.493560874840358,-0.15174774419122627,4.237875972595642,0.33005264584078203,3.794203601662889
Dataset_3772,multi_output,ALL,random_forest,2024,3,0.7965735145116881,2.7883525238052655,0.015171404993771509,1.652343436206897,0.49691542076917977,6.673643445747975,0.041502757747188895,3.5809582008692358,0.849126364105446,0.06859886527414923,0.11064333108733747,0.05472227467615397,0.5543165920927262,0.19465915147218607,0.24332393934023258,0.14493695389266809,0.798559046566755,2.3298341346055356,0.12943522970030752,1.9828832785987947,0.5042505771417661,4.265087175937799,0.26656794849611243,3.853697278911542,0.8389341223400182,0.23336963959895796,0.09338520992355262,0.18530257466703196,0.7095736698036272,0.5188326534380975,0.17946477116502854,0.3968327305366571,0.892281649017242,5.416518365237098,0.08358824637711572,4.546449311257071,0.08890893583996007,14.143188664995545,0.29281964109721625,11.763059982048395,0.6039663905289789,2.012109215805304,0.14331262220835497,1.4923597418354322,0.6275273289678196,2.03954663230374,0.1953588728260288,1.746264058956916
Dataset_3772,multi_output,ALL,random_forest,2024,4,0.8417098885910118,3.0609690559848013,0.016653803351386297,1.6662788698960025,0.657827240733147,3.0969961937128017,0.017621599964226468,1.799238494255477,0.9016724117433139,0.06782821818004166,0.08478527272505207,0.0551932027790218,0.6091242308920635,0.10918293480274666,0.2274644475057222,0.09244902588813307,0.8993740609442668,1.7856880073889754,0.08928440036944876,1.4938414232638255,0.7034333903711758,2.9665063984847957,0.18540664990529973,2.1682859032501773,0.8881425148703755,0.23883117659127312,0.08261196007999762,0.16981650935877685,0.75374381160848,0.26097152958714487,0.1702358314332322,0.21709726908541097,0.8744501351213636,6.271873118653185,0.08796455986890864,5.107429930006138,0.8086911431242452,6.057703503180016,0.1316892065908699,5.327911429516247,0.64491032027574,2.0642051095207923,0.14702315594877438,1.505113284072251,0.4141436276697703,1.5430386003467444,0.24887719360431365,1.1904488435374183
Dataset_3772,multi_output,ALL,random_forest,99,0,0.8095008895251405,2.898111711392981,0.015768603903329785,1.6910128155285862,0.0950159141289137,5.016107426756945,0.03119469792759294,2.7074600597222265,0.8559047136411936,0.0833001993887708,0.10544329036553265,0.06466692679344453,0.8576160156576207,0.061429348981413084,0.12797781037794392,0.05508005291005274,0.8723530287124328,2.126696566260822,0.10127126506003915,1.7512206417920635,0.7829502523036369,1.77404096390057,0.1612764512636882,1.587664186507947,0.8538635645560431,0.26916531888781914,0.09637139953018947,0.20157411524255991,0.8094151155464689,0.2405786612467181,0.13425148507071316,0.2016305284391524,0.9116626649432189,5.635309746122234,0.0790366023299051,4.609834651940335,-1.7868382666852636,10.89583912146248,0.5188494819744038,9.933965398478843,0.5537204757728145,2.3740923206079794,0.16909489463019794,1.8277677418745288,-0.1880635461778939,1.9693870681706738,0.3876746197186364,1.7589601322751374
Dataset_3772,multi_output,ALL,random_forest,99,1,0.8150418515256076,3.0408070237027363,0.016544107854748292,1.6654339342903548,0.41725770193104167,4.277521209440324,0.02433313163115265,2.6465743752834427,0.8432058600273262,0.08158553928447226,0.10198192410559033,0.06282975800699939,0.6099887613102538,0.12200041956684507,0.19677487026910495,0.1156299338624339,0.845011863695065,2.092190965539228,0.09962814121615372,1.6809545786269842,0.4946186060168767,4.187318975121729,0.24631288088951345,3.844277399848831,0.872183932112947,0.2365319509391874,0.08181665546149686,0.17405709550762147,0.5927395612958773,0.4736536259160702,0.19901412853616396,0.3885748932350724,0.8707895699754288,6.17176316341961,0.0865604931755906,4.916130631955839,0.7696646051024945,7.856536578697105,0.163677845389523,6.241808073507166,0.6440180318172714,1.9240607140464199,0.13704136139931763,1.49319760735433,-0.3807230240702937,3.4623546055424534,0.36066193807733893,2.6425815759637112
Dataset_3772,multi_output,ALL,random_forest,99,2,0.8211998526828281,2.8016623750617664,0.015242994423622232,1.6048873495392209,0.056808639729277036,6.240131140932069,0.03574982034335187,3.3668618510029638,0.8661020471047527,0.0701107668542097,0.10786271823724569,0.054264572018020284,0.42038060486199214,0.1876120330423907,0.25014937738985427,0.16053381388452806,0.8304729273037756,2.163571957967398,0.12019844210929989,1.7422679753196877,0.35333495079180155,4.833127894739429,0.23014894736854424,4.519915838130127,0.8459589944892377,0.24726625277291311,0.09521226521868043,0.19189340898182372,0.49538682762881003,0.5494177343969868,0.19671240042856677,0.46744130636955916,0.8996917395813993,5.513765159314229,0.07733190966780125,4.627962951961837,0.20366183309649577,12.725302934111713,0.28404694049356494,9.451738679792417,0.6637735549349766,2.02431577339705,0.14418203514224,1.4080478394147347,-1.188721017732714,3.011090358411399,0.5018483930685665,2.2346796168381893
Dataset_3772,multi_output,ALL,random_forest,99,3,0.7987531446368357,2.9685890245723043,0.01688617192589479,1.662862350308505,0.6379452980576897,5.544320800819971,0.030181387048557277,3.2532219822407766,0.8634142498242565,0.08357974299494599,0.10447467874368248,0.06601579400325083,0.8816236733382977,0.04036390454117671,0.11532544154621915,0.03196969842987702,0.8593132056083379,2.262652010531864,0.10774533383485066,1.9739209459123244,0.6313994647416048,1.91597506058338,0.21288611784259778,1.724111334432757,0.8715176075851901,0.26271064629739743,0.09087189425714197,0.19182901811215616,0.8438436272738629,0.16488572564455942,0.12222811389515151,0.13683170679584997,0.8380909163718417,5.9783301159954965,0.09444439361762239,4.849232749249478,0.7401659741208828,11.467181013714146,0.17696266996472448,10.79768839466091,0.5614297437945522,1.7682127785863346,0.16372340542466063,1.233313244265314,0.09269375081380049,4.301330995244401,0.3063626064988889,3.575508776884491
Dataset_3772,multi_output,ALL,random_forest,99,4,0.7837255792800282,2.9453314687430434,0.016024654345718408,1.702744227362293,0.6916679010131969,4.871082056373578,0.028661853818026353,2.853848143915344,0.7826022659514786,0.09326072997844255,0.11657591247305318,0.06886076081007109,0.6514905576495162,0.14356330197634654,0.23927216996057757,0.1259118631897206,0.8131306481555173,2.2899555015770683,0.10904550007509849,1.9042076719576764,0.7284808594578709,3.464426973303388,0.21652668583146176,3.021371315192748,0.8208747878918675,0.2855713956239566,0.09877945196262768,0.19992888811348172,0.8466763011905087,0.2809627788805856,0.15203613575789257,0.25983138567649294,0.8725827827542607,5.840492158120135,0.09013105182284159,4.884216646618069,0.7317327597492775,10.070518203710286,0.1751394470210485,9.05964213435374,0.6294374116470162,1.9822698781497101,0.14118731325852635,1.4565071693121678,0.49995902701881056,2.2627550353982766,0.21673898806496908,1.8024840211640183
Dataset_3772,multi_output,ALL,extra_trees,42,0,0.7669509620047636,2.962355109908798,0.016117274809079422,1.7424793485260737,0.31410883578026966,4.056991640339966,0.02323858197009947,2.7039983964285326,0.7416614872591056,0.10734881302017538,0.1341860162752192,0.08888402494331105,0.5801112661399339,0.13063633769677205,0.24648365603164535,0.12122980158730151,0.7839205296547971,2.416766512715721,0.12083832563578605,2.0969637188208545,0.4236707236997068,4.7854031792519285,0.29908769870324553,4.518182539682538,0.7866322337611633,0.31728456145254724,0.10974907002855318,0.25695065702947745,0.6415984138986264,0.3838489370197689,0.22200632563318037,0.3602319226190489,0.8874698137931849,5.775238899871344,0.08099914305569908,4.712808489229014,0.7942379974360153,7.197999148329055,0.15380340060532166,6.421016567460125,0.6350707455555669,2.138083487109329,0.1522851486545106,1.5567898526077102,-0.8690742222729346,2.7240089321482683,0.38914413316403834,2.099331150793648
Dataset_3772,multi_output,ALL,extra_trees,42,1,0.8409233549343419,2.6402409217759444,0.015018435277451333,1.5477962964422651,0.5881934582805786,4.514157344229918,0.02456149596947559,2.4946972925169875,0.9040989245389891,0.0659494968512714,0.08243687106408924,0.05456827586206915,0.49559077178119604,0.13776116963820192,0.2649253262273114,0.10827514739229059,0.8758847622548144,1.9661446480480596,0.09362593562133617,1.6407110016420476,0.6434463281741077,3.2053965484825233,0.21369310323216822,2.6834240362811466,0.8963649181047135,0.22899688534254425,0.07921026819181745,0.17180604980843228,0.8266879380960941,0.21900820569399276,0.16210822035084588,0.16240976190476328,0.8805961227027818,5.304500153634474,0.09338908721187454,4.564313834154384,0.8523603348029556,8.63247266722973,0.12107254792748569,6.774772845804914,0.6476720470704111,1.6715636567339336,0.13929697139449448,1.3075823207443928,0.12288191854853958,4.126377167057217,0.3306391960783026,2.7446046712018233
Dataset_3772,multi_output,ALL,extra_trees,42,2,0.8528567152446446,2.6359934527796764,0.01434164011305591,1.5511401532567,0.11809956268675506,6.810485141641147,0.04238803225020942,3.4110099111111523,0.8677886073461549,0.06711833820811341,0.10653704477478322,0.05594007662835282,0.38237878151695603,0.18906719330449437,0.2821898407529767,0.1594276190476195,0.8205995817987002,2.199266195396086,0.12218145529978257,1.8936360153256568,0.39859350202327937,4.538182913369932,0.2836364320856207,4.06380952380951,0.8595455167469422,0.23376339133804175,0.09001285765808306,0.1931145593869747,0.5593407513361612,0.4885256656055402,0.22368391282304964,0.4300649523809553,0.9186986962896289,5.245948019639864,0.07357570855034873,4.424019923371645,-1.5069989467549356,14.46888861531197,0.5564957159735373,11.159181746031988,0.7976511740417965,1.5252589282012208,0.10863667579780774,1.1889901915708703,0.7571837253123144,1.302034437151202,0.1550040996608574,1.2425657142856876
Dataset_3772,multi_output,ALL,extra_trees,42,3,0.8435611150356932,2.837207888087686,0.01543722666134004,1.6748697218390753,0.23335242008157744,5.323329443992478,0.030280599795179053,2.9108733460317615,0.8661977770770823,0.07839638201381803,0.09923592659976965,0.061585057471264214,0.07627922145658239,0.10417213640623463,0.2976346754463846,0.09845031746031739,0.897284948845761,1.909310951047628,0.09091956909750609,1.5796321839080105,0.3903721699460002,1.9953052327353886,0.2850436046764841,1.8156190476190335,0.8887373820763025,0.2328173883441089,0.08335746091804833,0.17038381992336918,-0.03272190344341119,0.3866375058982778,0.2969566097529014,0.35400712698412423,0.8936963858399097,5.729097676510376,0.0803520010730768,5.0586001915708945,0.2995635172259654,11.541365116797621,0.2617386351467881,10.425136904761995,0.6718890813394103,1.9288246621504284,0.1373806739423382,1.5041473563218382,0.43326909522275037,2.0843439544377995,0.25173236164707724,1.8611533333333372
Dataset_3772,multi_output,ALL,extra_trees,42,4,0.8246830253107374,2.73997221064356,0.014907356967592817,1.4536368674329552,0.4273775366259166,4.935051136747614,0.029043380042064585,2.989191676190441,0.8449172876712923,0.08566876460348753,0.1070859557543594,0.06134030651341008,0.4908003508400066,0.12350355237698821,0.22455191341270586,0.10630222222222208,0.8705794697652699,2.108153277537513,0.10038825131131016,1.7446590038314176,0.6491870914310406,2.5803654422768445,0.1720243628184563,2.353142857142838,0.8823991457581188,0.23119029997479554,0.07996897266509703,0.16947579310344688,0.5380226449627028,0.48873722130275127,0.20966847760735788,0.39000242857142847,0.8897305648855779,5.425022846990585,0.07608727695638969,3.9969083908046215,0.7426108523622251,9.936480090026384,0.19483294294169387,9.130933730158578,0.635788658473428,1.8977005431578684,0.15205933839405997,1.29580084291188,-0.28373325646639214,4.015919448575356,0.3984047071999361,2.965577142857137
Dataset_3772,multi_output,ALL,extra_trees,123,0,0.8721222460586204,3.132088869216413,0.01704074466385426,1.5976729320861458,0.6238453504858872,5.628959535790863,0.03203733372675506,3.1136289761904528,0.916015531277864,0.06277602453763037,0.07847003067203796,0.04703396258503382,0.6781299328030328,0.10118788756923197,0.20237577513846394,0.09083089285714332,0.8770868297670191,2.0002372640978883,0.09524939352847087,1.6434416099773195,0.5916962759786001,3.3269894451880426,0.19570526148164957,3.103255952380973,0.9197858505893103,0.20153987705203427,0.06971285958216336,0.15490925793650723,0.7454554061499787,0.289491903309139,0.17334844509529282,0.24830201388888884,0.8531989573750001,6.552077510403635,0.09189449523707763,5.053799897959081,0.4792520502332078,11.940937824377336,0.21022777859819256,10.405514593253832,0.7945240612839088,1.4403733741724596,0.1121786116956744,1.0891799319727877,0.6246930872646163,2.162643713870655,0.1802203094892213,1.720241428571427
Dataset_3772,multi_output,ALL,extra_trees,123,1,0.8247272474798784,2.6277356467433024,0.014854356397644444,1.4989623892720412,0.6041155851923611,4.406267291138034,0.023979685938166174,2.4937938371881927,0.8473933892927634,0.08600957087556628,0.10751196359445785,0.06796707170224373,0.6405438266631049,0.08454609843874336,0.25620029829922236,0.07805750566893425,0.8559075187687202,2.11847612355081,0.10592380617754049,1.753737821565438,0.5196102491897481,3.492279677674898,0.24944854840534986,2.859081632653079,0.8521076205675691,0.27087920600233195,0.09369740781817086,0.20698851724138073,0.6933887592430915,0.301396811002384,0.20601285782801368,0.25373512698412665,0.9022020505105914,5.137637071146534,0.07977697315444929,4.082891694033954,0.7726123164492918,8.896093155958154,0.14876409959796244,7.586881405895588,0.6660256582597481,1.8870464208456954,0.1344050157297504,1.38322684181719,0.3944227744165689,2.375179643255295,0.25705407394537827,1.6912135147392349
Dataset_3772,multi_output,ALL,extra_trees,123,2,0.7901315845794409,3.1382620200130393,0.017074330903226544,1.8738083218390784,0.48274494945897467,3.515341240892005,0.020679694340208277,2.1965260825396915,0.802735102424071,0.09263950865704597,0.11579938582130746,0.07441471264367859,0.6644638463126394,0.12351770511900757,0.19922210503065738,0.10640587301587348,0.8163737426387266,2.3348622912072634,0.1111839186289173,2.0250459770114877,0.6769666956084487,3.5130030929449085,0.2066472407614652,3.1094920634920697,0.8568195261325834,0.25515934558398,0.08825989124316154,0.21476842911877367,0.6343008492139431,0.4339994721278625,0.18235271938145484,0.3318798571428515,0.8711785159082559,6.270005532563718,0.08793836651562018,5.426794099616857,0.803740839202517,6.123810517435768,0.14511399330416516,5.37299388888895,0.6035510357935678,2.0988575139340173,0.1494912759212263,1.6280183908045944,-0.36574748304267524,3.4266984182735074,0.3858894615172868,2.0618587301587126
Dataset_3772,multi_output,ALL,extra_trees,123,3,0.7748688844176491,2.976239216640928,0.016193695068507145,1.7938677482758656,0.5222204720484264,3.661199068450912,0.02096906682961576,2.303620790476193,0.7745999963118995,0.09344265513159287,0.11828184193872515,0.07597842911877425,0.597360655083869,0.1616682857558159,0.24872043962433218,0.14288841269841296,0.8331020459698599,2.261613670321387,0.10769588906292318,2.0177835249042166,0.6759043627173795,3.317532708844123,0.22116884725627486,2.5968571428571567,0.8156143013487369,0.28420285060657463,0.10175540659025231,0.22573290804597856,0.7333607848325119,0.39268595294106395,0.18575494462680409,0.36478292063492657,0.875386853193446,5.846099232185283,0.09021758074360005,5.0206057950191685,0.8334223353558373,7.144468133235708,0.11504779602633988,6.503180555555518,0.5756412252643032,2.2155640268166823,0.1578037056137238,1.6292380842911895,-0.22894577774746594,2.189087942683329,0.3722938678032873,1.9103949206349502
Dataset_3772,multi_output,ALL,extra_trees,123,4,0.8253417741908642,2.3290650086243017,0.012671735629076721,1.3748189931034627,0.429127801377352,5.808164783778484,0.032857186082358346,3.488140923809561,0.8326341895385785,0.08337131246093656,0.1282635576322101,0.06476996168582376,0.5608706083487269,0.14530677236983403,0.21687577965646873,0.08428777777777771,0.8630591140545996,2.101500146082489,0.11060527084644678,1.732245210727983,0.5971153935531615,3.0856493851158953,0.19285308656974345,2.731619047619081,0.8566817045713345,0.24972321811862974,0.09615834351891787,0.19249458237548178,0.6336150295522045,0.44175184858678934,0.20226732993900617,0.2898081904761958,0.9363809167183474,4.376039244083277,0.061375024461196026,3.494407662835303,0.38397230238110813,11.993500462793703,0.26537228593414547,10.919341666666826,0.637952946071461,1.8674539568192707,0.13650979216515138,1.3901775478927214,-0.029934326948441115,3.8848869410701754,0.3372297691901194,3.4156479365079235
Dataset_3772,multi_output,ALL,extra_trees,7,0,0.820582301540718,2.679984819426525,0.014580983783604597,1.5720291293650783,0.5610615468114479,5.250169830189941,0.029878043650067958,2.684411936111109,0.8478625553299063,0.0741539811100734,0.11770473192075145,0.060277559523809705,0.4543976601417915,0.18558326353297436,0.2577545326846866,0.152909027777778,0.8384398087374405,2.165684941711263,0.11398341798480331,1.820464285714303,0.643421427256919,3.6620618863229653,0.20344788257349808,3.265805555555545,0.8601176224715263,0.23291793504729483,0.08968730652571998,0.18711221428571664,0.5782269943325844,0.547032684455578,0.20839340360212494,0.470559541666674,0.8958441168484497,5.214199692987523,0.08046604464486919,4.3095063492063215,0.6682445136659216,10.968651763413487,0.17328043860052902,8.251345833333342,0.6606474043162678,1.9934326874253498,0.14198238514425568,1.4827852380952413,0.4610171386600237,1.940544139493872,0.21001559951232385,1.2814397222222071
Dataset_3772,multi_output,ALL,extra_trees,7,1,0.8429689151443631,2.7105315996215547,0.014747981933845992,1.5577805363984816,0.6496402149939988,4.45312997481738,0.02517314852921074,2.830924152380971,0.8956809291596566,0.06617528409209902,0.08376618239506205,0.053244176245210426,0.7621334628445332,0.11117589332540519,0.18529315554234196,0.09741476190476164,0.8806665219354461,1.9405892027997325,0.09240900965713011,1.5392605363984688,0.7987881029853594,2.3597099975392717,0.15731399983595146,1.9461269841270072,0.8756985419782753,0.23670707617686987,0.08475011678369851,0.17109113026819822,0.8288541565821753,0.3019466969302976,0.14385264265378636,0.28375163492063493,0.8907312719374669,5.484223365142698,0.07691757875375455,4.647559022988579,0.7101488166337957,8.890620200165827,0.2111786270823237,8.669723571428639,0.6720673107109701,1.68282678306415,0.12301365373275952,1.3777478160919503,0.14827653592413048,3.7995976313233415,0.347948501036936,3.157603809523814
Dataset_3772,multi_output,ALL,extra_trees,7,2,0.7435368042509436,2.957957927192452,0.016093351072864265,1.7532233908046109,0.47709838192922505,3.874294774771049,0.02318479264397265,2.589089196825424,0.7590477034223266,0.10432501727228846,0.13040627159036056,0.08523570881226036,0.40007554751255636,0.1442356086738769,0.2828149189683861,0.11806571428571425,0.8057181807247631,2.368233588772847,0.11841167943864235,2.0364252873563413,0.23040066272671889,5.044194331782839,0.3152621457364274,4.331730158730167,0.7860019337243256,0.31763583913881777,0.10987057735690688,0.24338063218390665,0.4813310578385478,0.40249920370020903,0.26255655818669876,0.3484167777777759,0.8821297735158904,5.699358195449028,0.07993489755187977,4.701254789272072,0.8149978880706524,6.6866880077937445,0.13894416639571422,6.3395936507937956,0.4847864298674126,2.3546942664909034,0.18338740393231331,1.6998205363984733,0.45868675349764965,2.1707826973098077,0.22612319763643832,1.8076396825396654
Dataset_3772,multi_output,ALL,extra_trees,7,3,0.8401224130257121,2.771241205793143,0.015665580586733424,1.5773940000000173,0.4066309429113574,4.62392537776143,0.02515874300974716,2.8833258126984314,0.8620376150006224,0.07876188906699648,0.09845236133374559,0.06256454022988503,0.28254220824128573,0.16259639456802574,0.26225224930326735,0.12944222222222165,0.8764436178942994,1.9472808634542045,0.09272766016448593,1.6183409961685844,0.5214581609649684,4.031239289254666,0.23713172289733328,3.4382539682539135,0.8866596455412553,0.22786994300735006,0.07882045762966104,0.17504618773946629,0.521931088629329,0.4894278978593904,0.23306090374256688,0.38637517460318194,0.8919941869648479,5.615774736428187,0.0872014710625495,4.689108237547976,0.6832938755054578,8.679181455107322,0.16660296487392884,7.448763095238235,0.6834769997275358,1.7354919492332894,0.12361053769467872,1.341910038314176,0.023929381215745726,3.880511732090502,0.31093844007135435,3.0137946031746057
Dataset_3772,multi_output,ALL,extra_trees,7,4,0.8258781063913763,2.6784490140267945,0.014572627932681144,1.5714729800766476,0.42119828326999664,3.9046945419309598,0.022982310429258152,1.9837280619047473,0.8280887059849397,0.09306283182766452,0.11632853978458065,0.07098212643678166,0.6550614998762911,0.07721728018572821,0.20320336890981106,0.06767992063492015,0.8659780477628061,2.1930553341389127,0.10443120638756727,1.8877164750958026,0.6208584256453527,2.183197476285282,0.19847249784411655,1.8434603174602802,0.8697140873008367,0.2689554504063671,0.09303197869469633,0.2040989042145618,0.3780482877345763,0.24575722533344083,0.2831304439325357,0.20726669841269998,0.9199327374898091,5.150317646793985,0.07223446909949488,4.151266704980923,0.4097597728371657,8.291273667480809,0.21992768348755468,6.4725346428571084,0.6456769534184893,2.1104938562482958,0.1503200752313601,1.5433006896551682,0.042263430256597734,1.6294992964850181,0.2984430945943256,1.3276987301587275
Dataset_3772,multi_output,ALL,extra_trees,2024,0,0.8480246137596493,2.6160598304952463,0.014788354044631125,1.4723147798186125,0.34203701107583206,5.090879238956578,0.027699435436947487,3.2726966833333355,0.873418873575492,0.07355338161604841,0.09194172702006051,0.0582494557823127,0.42060760846801915,0.13609637831931853,0.2520303302209602,0.1206244841269837,0.8638706661847795,1.9005566220639047,0.09050269628875737,1.5408287981859428,0.03687220078636766,5.239192903261772,0.3492795268841181,4.662279761904744,0.8884773171060655,0.23013492776959774,0.07960391828765055,0.17285963605442026,0.43588615778989115,0.4056645218904852,0.2598747737927514,0.3469405198412664,0.8994989014754188,5.237934655641884,0.08133438906276219,4.312996712018228,0.6980724360537778,9.673328510487172,0.16176134632921693,8.701933134920663,0.7148573104564909,1.7641989877228106,0.12565519855575574,1.2766392970521576,0.11874665228110481,2.8947788257984026,0.2871804390673019,2.5317055158730213
Dataset_3772,multi_output,ALL,extra_trees,2024,1,0.8211653085962094,2.839996366627952,0.015451558033884396,1.6380298260536343,0.6207136850284689,4.855743196288237,0.02856655604358299,2.6679331587301283,0.8290062074916986,0.09211490230249018,0.11514362787811272,0.07176396551724146,0.7074278503734979,0.07696939318278952,0.16732476778867283,0.06768706349206371,0.8747558440312616,2.086316950831616,0.09934842623007696,1.8606743295019146,0.6363624823976584,2.469859284883452,0.176418520348818,1.865571428571412,0.8653884807736281,0.2635339367901181,0.09115667132138294,0.20231568199233801,0.7603920992552556,0.2452627923668181,0.155722407851948,0.21731230158729975,0.8856868204607073,5.664067535948347,0.0794399373905799,4.649919444444426,0.676699611300758,10.272099807724144,0.20141372172008132,9.21347023809511,0.6509891902237515,1.9533514916988806,0.1521301784812212,1.4054757088122496,0.32268638181517484,2.491764930670545,0.25955884694484843,1.9756247619047567
Dataset_3772,multi_output,ALL,extra_trees,2024,2,0.8224066513705989,2.5873451354732735,0.014076959387776242,1.513010157854413,0.28539388108530694,5.271781694649429,0.02983126807746395,3.1986014380952676,0.8373458021589586,0.0877598008253837,0.10969975103172963,0.06694996168582372,0.4551066207485387,0.1091218968750146,0.24249310416669914,0.08839317460317432,0.8648156093000645,2.1596533501479773,0.10284063572133226,1.8105440613026664,0.40398653309574917,2.600563077170426,0.23641482519731144,2.1749047619047417,0.8825519798381142,0.23635920629890483,0.08175690290519019,0.18507810727969315,0.21376745837489053,0.4703075892118996,0.2921165150384469,0.37958480952380746,0.9152818593473756,5.023767374791261,0.07045957047393073,4.1201214176245715,0.4837746724731158,10.69332143379635,0.25399813381939074,9.54899936507953,0.6120380062084811,1.8723956751767092,0.13687102888718636,1.3823572413793106,-0.12966587926575945,4.197054057136458,0.32687336893586116,3.8011250793650837
Dataset_3772,multi_output,ALL,extra_trees,2024,3,0.8496587922755998,2.5354435178603087,0.013795329005170623,1.4987747295019127,0.5448343370630913,5.972976247521467,0.037145374673640964,3.169928593650853,0.8826955877507519,0.060487749648111155,0.09756088652921154,0.04808540229885064,0.48419522039037344,0.20941330639425365,0.26176663299281705,0.17378857142857132,0.82760206854679,2.1553467302173344,0.11974148501207413,1.7595862068965675,0.48490190249110654,4.347521882262918,0.2717201176414324,3.782428571428594,0.8572248882574187,0.21971961945060323,0.08792301698703611,0.17267180842912044,0.6937812686977167,0.5327521168387661,0.1842795284810675,0.44417757142857756,0.9077541505782454,5.01243540553171,0.07735239823351406,4.384910153256676,0.2865490259534945,12.515508766838384,0.25912026432377605,9.91897777777804,0.7730172662447926,1.5232877141839898,0.1084962759390306,1.128620076628349,0.7747442677827654,1.586077333178822,0.15192311620486804,1.530270476190484
Dataset_3772,multi_output,ALL,extra_trees,2024,4,0.87368292888229,2.64500232460015,0.014390654649619968,1.5235966919540338,0.5478788720162803,3.3834850494904702,0.019251693026972803,2.1024965682539776,0.9152289739341122,0.06297909779504876,0.07872387224381094,0.051656513409961795,0.37803413393706486,0.13772686592246813,0.2869309706718086,0.11650126984127025,0.9025606222039239,1.757186507244771,0.08785932536223855,1.4218927203065124,0.6086872917494452,3.407580618167732,0.21297378863548325,2.7856666666666956,0.905504405602737,0.21951503603263378,0.0759304863481957,0.16449043295019458,0.6892421491369083,0.2931639800551414,0.19123547296486723,0.240048714285718,0.9084610204449881,5.355403183861059,0.07511084409342299,4.5980178160920016,0.7778056094094203,6.528403964282009,0.14192182531047845,5.877724603174585,0.7366596222256893,1.777634828907575,0.12661216730110933,1.3819259770114989,0.2856251758485625,1.7039007018202728,0.2748226938419795,1.4925415873016201
Dataset_3772,multi_output,ALL,extra_trees,99,0,0.8372398824365741,2.657294687323068,0.014458320296659602,1.6197194531746066,-0.09807823438440319,5.521761159973452,0.034339310696352314,2.9919248583333644,0.8497902123556466,0.0850492072364181,0.10765722434989632,0.06785166666666656,0.7612939543777429,0.07953843675125448,0.1657050765651135,0.0727670833333332,0.8936802854096658,1.9409179370265885,0.09242466366793278,1.730492063492046,0.593675834982974,2.427282511935287,0.22066204653957155,2.1609999999999996,0.8775842969798163,0.2463533159188589,0.0882038367056423,0.18228575793650834,0.6643397772213869,0.3192734583098776,0.1781659923604227,0.2914512361111101,0.9251033655949793,5.188917868852771,0.07277584668797715,4.474392380952418,-2.3488146939150836,11.944015487296666,0.5687626422522222,10.769036250000143,0.640041251842762,2.132163423495047,0.1518634917019264,1.6435753968253946,-0.16088604458903566,1.946731435335999,0.3832148494755902,1.6653697222222366
Dataset_3772,multi_output,ALL,extra_trees,99,1,0.8352462534411739,2.748440642870185,0.014953431136399265,1.5759281219485515,0.338932526253818,4.372639115895563,0.024874219898148718,2.7507085174603114,0.8542494491363296,0.07865989771694584,0.0983248721461823,0.060963062397372904,0.4970249277912092,0.13854663880105564,0.22346232064686394,0.13041818594104265,0.8655592489086985,1.948576943449479,0.092789378259499,1.6293557744936924,0.448345468012764,4.374818257165734,0.25734225042151376,4.0295260770974926,0.8958171388563999,0.21354786192707567,0.0738664344265222,0.16262026491516376,0.5441824930075598,0.5010952138411221,0.2105442074962698,0.4032605918367395,0.8967938313709215,5.515860753486982,0.07736130089042051,4.61983485221677,0.7662654865712216,7.914294734336545,0.16488114029867804,6.594419727891132,0.6638115989335198,1.8698042174677043,0.1331769385660758,1.4068666557197587,-0.561155744113665,3.681640487563159,0.38350421745449575,2.5959180045351493
Dataset_3772,multi_output,ALL,extra_trees,99,2,0.7994655632061681,2.7337190439798364,0.01487333538617974,1.577612781609221,-0.18553944477516776,7.802678786264573,0.04470168310664321,4.435699269841221,0.8223872102220942,0.08074857493928565,0.12422857682967026,0.06408601532567076,0.3020205506639174,0.2058782902513654,0.2745043870018205,0.18051746031746055,0.8042233306525526,2.3250499120328625,0.12916943955738125,1.929425287356319,0.16191550420242695,5.502150892154338,0.2620071853406828,5.169206349206299,0.8128219740898365,0.2725675222131625,0.10495476404049382,0.21737626436781896,0.4523859901613164,0.5723486427909192,0.2049225359079554,0.4880296825396807,0.9089319365859464,5.253672131540101,0.07368404111556945,4.2722357279694725,-0.29435352642141965,16.223547320963274,0.362132752700073,13.743722222222036,0.6489633644804107,2.0684191333974997,0.147323300099537,1.404940613026824,-1.5496657424820799,3.249901575931978,0.5416502626553297,2.597020634920624
Dataset_3772,multi_output,ALL,extra_trees,99,3,0.8213495741689674,2.9061941439269394,0.016531252240767572,1.6140688490421546,0.42677785029556625,5.895701137434304,0.03209418147759556,3.6705980952381068,0.8698582021209385,0.08158432717770436,0.10198040897213045,0.061753103448275844,0.6555582435537155,0.0688523294920152,0.1967209414057577,0.05583793650793635,0.8876691006249087,2.021811752844979,0.09627675013547518,1.7108084291187773,0.21581090623103028,2.7946168287578668,0.3105129809730963,2.545777777777768,0.8924221164404255,0.24039053465842636,0.08315134370751517,0.17689487739463622,0.6980717448810808,0.2292741448274807,0.16995859512785816,0.20429476190476326,0.8398745811569777,5.94530890556012,0.09392273152543634,4.986547298850608,0.7186330660413692,11.93287760060044,0.1841493456882784,11.553526349206422,0.6169238705015866,1.6525609377288368,0.15301490164155898,1.1343405363984762,-0.15418470922936467,4.851360755753945,0.3455385153670901,3.9935536507936455
Dataset_3772,multi_output,ALL,extra_trees,99,4,0.7390468238835518,2.7692659750551436,0.015066735446437125,1.6795212268199289,0.49457572695044744,5.617877090716645,0.03305605819780315,3.5190391174603137,0.6644026069764628,0.11587255763601641,0.1448406970450205,0.08258766283524901,0.30309777906142843,0.20301217696642934,0.33835362827738225,0.18281476190476148,0.7743328943424322,2.5164721766466283,0.1198320084117442,2.138697318007671,0.5947697032762249,4.232355504491792,0.264522219030737,3.8557936507936392,0.7672441597390746,0.3255267172943556,0.11260004057224338,0.24506875862068964,0.6895719706820125,0.3997832642962482,0.21633293522524247,0.37287907936507786,0.8970235510580338,5.250544491258834,0.08102692116140177,4.3940363026820055,0.651232130279644,11.482494138501064,0.19969555023480115,10.956602380952388,0.5922309073017558,2.0794053090198434,0.1481057912407296,1.5372160919540299,0.2342070514529273,2.8002088622946095,0.2682192396833918,2.2271057142857016
Dataset_3772,multi_output,ALL,gradient_boosting,42,0,0.868804364181555,2.5106455805860426,0.013659660394918621,1.2455371603592271,0.7581547279673919,2.4315576751979338,0.013928042589059076,1.4989235551892366,0.9761135467345685,0.03264213103058197,0.040802663788227465,0.023861666823332076,0.9881238412610751,0.02197024412120122,0.04145329079471928,0.019352617876125425,0.9793499451311597,0.7471168757266088,0.03735584378633044,0.5292801490877258,0.8751715651475034,2.2271012193189987,0.13919382620743742,1.9953563455105794,0.9659060616247948,0.1268303296306519,0.043870747018558254,0.08628858934863623,0.9540845818129682,0.13738985109877008,0.07946203071068252,0.12573561996812477,0.9164786876468454,4.975469750059585,0.06978218443281325,3.7519614644978625,0.9172526754329019,4.564636328406745,0.09753496428219538,3.941650299185106,0.5061735797704072,2.4871815083735265,0.1771496800835845,1.836293932038579,0.05614097618251068,1.9357480013047754,0.27653542875782505,1.4125228934062466
Dataset_3772,multi_output,ALL,gradient_boosting,42,1,0.886065160393902,2.6001703011908224,0.014790502282086589,1.3335352231133109,0.8644113475762374,3.0179516308991596,0.01642065199901605,1.8584666545912594,0.9947572828189807,0.0154197723809759,0.019274715476219874,0.011135178674376429,0.9173105389148507,0.05577767281653287,0.10726475541640935,0.045921933744521026,0.9403630800022967,1.3628890950470423,0.06489948071652582,1.1057379730507835,0.8649159860504934,1.9729736579677806,0.13153157719785205,1.880188948218152,0.9780625397127832,0.10535844489384194,0.03644359906393702,0.07313523359521815,0.9284783525079107,0.14069049169186293,0.10413803974231158,0.10932301286177218,0.8765756466856862,5.393065336782138,0.09494833339405173,4.204291754676617,0.9297792708837389,5.953417686725799,0.08349814427385413,5.530137693433294,0.6405672527497632,1.688333317945227,0.14069444316210225,1.2733759755695595,0.6815725895241938,2.48625180972138,0.19921889500972595,1.7267616846985572
Dataset_3772,multi_output,ALL,gradient_boosting,42,2,0.9113662462652711,2.0194237637744257,0.010987071620100248,1.0679867380378942,0.6265982027419792,4.244524137096505,0.0264176519393571,1.8872056487382143,0.9746669657982531,0.0293799031604344,0.046634766921324455,0.021415670494151433,0.8727208977335629,0.08582891549622111,0.12810285894958376,0.0734423067858297,0.9513468864804835,1.1453056209797028,0.06362809005442793,0.9119170160499712,0.9354402970995528,1.486889517785712,0.092930594861607,1.2732084458235644,0.9643178817789898,0.11782406713515581,0.045369298088238655,0.08772229949486347,0.9531825341069488,0.1592354984539021,0.07291002676460721,0.13044653225970976,0.9534257503431629,3.9705270722545123,0.05568761672166216,3.2011608387929997,0.0007367884739341024,9.134779047022482,0.35133765565471087,6.239176110363027,0.713073746925466,1.8162614905416705,0.1293633540271845,1.1177178653574849,0.37091049629589745,2.095751542823968,0.24949423128856765,1.7197548484589398
Dataset_3772,multi_output,ALL,gradient_boosting,42,3,0.854465798956423,2.6280335177948175,0.014299110494558015,1.262874475180094,0.47320108563444674,5.00014688375257,0.028442246210196642,2.617134860397367,0.9885898903619058,0.02289334562408791,0.02897891851150368,0.019087874853537905,0.8124296799326856,0.04694218214164504,0.1341205204047001,0.037826231799999846,0.9953017777604461,0.4083442064857949,0.01944496221360928,0.3026634011455234,-0.17995000152890106,2.7759315424469686,0.3965616489209955,1.9753910461153745,0.9734202556958412,0.11379316460217595,0.04074227160836949,0.06358578966956863,0.6626012219083321,0.2209958097483415,0.16973564496800414,0.18151518809603143,0.9106132368791549,5.2535009733156794,0.07368164057946255,4.04845105118769,0.39657594972159327,10.712334093298919,0.24293761409000839,9.480507503359382,0.40440383408476677,2.5987132192840505,0.18509353413704063,1.8805842590441502,0.6743485781385236,1.5800012418684262,0.1908214060227568,1.410434332616049
Dataset_3772,multi_output,ALL,gradient_boosting,42,4,0.9536071284006745,1.747263215287384,0.009506328701237127,0.9220486198626286,0.7763918809726946,3.7269296256120095,0.02193343706221757,1.8274197347745602,0.9874605830077747,0.024360123322801585,0.03045015415350198,0.017480756105527285,0.9363547081910006,0.04366349975157865,0.07938818136650665,0.040071918152604184,0.956209727513156,1.2262793651348756,0.05839425548261312,0.8540906765341713,0.9234381788741737,1.2054510007649726,0.08036340005099817,1.0978548084662703,0.9666336677097862,0.12314551676775796,0.042596166298083,0.09035267452008414,0.8159256936397465,0.3085046096527238,0.13234860988962838,0.2276428427400075,0.9519928785465003,3.579536784008696,0.05020388196365633,2.849025587186661,0.8438745788202812,7.738811392406876,0.15174139985111526,5.5220682608994265,0.9057387852261555,0.9654226090924242,0.07735758085676475,0.7992934049666988,0.3623662453382712,2.8303050530716822,0.280784231455524,2.2494608436144925
Dataset_3772,multi_output,ALL,gradient_boosting,123,0,0.9222102442927864,2.7161657295977593,0.014777833131652662,1.3474057683000757,0.8680313586298624,3.1281745258871925,0.017804066738117203,1.7561470058656643,0.9934597270989863,0.01751831191882304,0.0218978898985288,0.012725536828235988,0.9460034566295604,0.04144491122409474,0.08288982244818947,0.028791479207110567,0.9236772056862944,1.576193146576103,0.07505681650362395,1.3331719619013742,0.8749191636310539,1.8414296887036974,0.10831939345315866,1.5656240880185504,0.9642873768035638,0.1344764927242088,0.046515563031549224,0.08329888705692864,0.9182598973616165,0.1640484276284875,0.0982325913943039,0.12685227607585559,0.887882278519163,5.726003221223767,0.08030860057817345,4.458048980496504,0.8448992976086256,6.516757116985581,0.11473163938354897,5.666694362447039,0.8417446333559251,1.264077849691358,0.09844843066132071,0.8497834752173355,0.7560749779184559,1.743491650267486,0.14529097085562384,1.3927728235797654
Dataset_3772,multi_output,ALL,gradient_boosting,123,1,0.937488741476465,2.6550525819646573,0.015008776608053461,1.2895519683168282,0.7700745737575272,3.710935853262595,0.020195569269456298,2.1055545557128355,0.9876570293544644,0.024460760500523582,0.030575950625654477,0.0185748656756166,0.9166903022004581,0.04070224622389887,0.12334014007242083,0.033637087089694394,0.9328935009682299,1.4457233811122492,0.07228616905561246,0.8414211239097221,0.8158844914361082,2.1620081965403797,0.1544291568957414,1.981600918337323,0.9770763508880147,0.10664601836637465,0.03688897210874253,0.06397197627758106,0.8907832113000557,0.17988266701287084,0.1229546596123519,0.14126869947739795,0.8807896245621856,5.67225276173625,0.0880784590331716,4.727695152478348,0.8318821901499567,7.649317985139603,0.1279150164739064,6.478335911463097,0.9090272016094314,0.9848765786783409,0.07014790446426929,0.7960967232428728,0.3951326737010571,2.3737870605261957,0.2569033615288091,1.8929301621966652
Dataset_3772,multi_output,ALL,gradient_boosting,123,2,0.9467254456980674,2.2678819019288508,0.01233885692017873,1.0884441238773075,0.8236989581767172,2.181574005550757,0.01283354318225047,1.332961845372747,0.9906440705041487,0.020175058724163156,0.025218823405203945,0.016247505252809373,0.981157446257956,0.02927045237766833,0.04721040706075537,0.0218858639221026,0.9483700539214075,1.2380686186584713,0.058955648507546254,0.9966777387920591,0.906275059800449,1.8922672291193894,0.1113098370070229,1.754029095955892,0.9825806986433793,0.08899896338147673,0.030784836866647087,0.06343912442205643,0.89383468022291,0.2338398703025403,0.09825204634560518,0.1893117536172759,0.9248912059728814,4.787614453289459,0.06714746778807096,3.4311254446064576,0.9207492248783462,3.8914238372150662,0.09221383500509638,3.311082378488661,0.8871411994485201,1.1198427117910736,0.07976087690819612,0.9347308063131554,0.416478379723925,2.239851137219517,0.25223548842562127,1.3885001348798032
Dataset_3772,multi_output,ALL,gradient_boosting,123,3,0.9115876838154252,1.5487176283782753,0.008426560903086541,0.8740072539355308,0.748252091038436,4.322929283272991,0.024759045150475317,2.2867964997057952,0.9813711353741387,0.026863426310270448,0.03400433710160816,0.020661057353126167,0.9755795180389747,0.03981473627238304,0.06125344041905084,0.03095748536637422,0.9932908993309012,0.45344547087811066,0.021592641470386222,0.3693934589559723,0.7381622173835547,2.981911694287042,0.19879411295246946,2.2427577621123516,0.9764298346253786,0.10161226399990807,0.03638104690293881,0.07951658758309134,0.9438765825963288,0.1801587702723805,0.08522174563499547,0.15767861661756186,0.9724845421018481,2.747088326904986,0.042393338378163364,2.308788532296872,0.732453238397908,9.054435267779066,0.14580411059225548,7.658275506489681,0.63436200764486,2.056569399631903,0.14647930196808426,1.5916766334885926,0.3511888987754139,1.590581709387469,0.2705070934332431,1.3443131279430083
Dataset_3772,multi_output,ALL,gradient_boosting,123,4,0.9109126108487711,1.961628015930137,0.010672622502340244,0.8782746351773536,0.7310560736039866,5.681253587688407,0.03213924075175883,2.4312407901811586,0.9785605506970411,0.029839399489431175,0.04590676844527874,0.021061135436962093,0.9289642025101624,0.05844242568651321,0.08722750102464659,0.048952834635270746,0.9707069493186365,0.9719527646293102,0.05115540866470054,0.730016325753555,0.9637015750264185,0.9261900906776853,0.05788688066735533,0.8588661175872119,0.9472278588519607,0.15153413125914425,0.05834968473590459,0.09075613418005951,0.9069703674370663,0.222597459453011,0.10192191366896111,0.17169532127341114,0.9485960574968583,3.933559458477763,0.055169136865045765,2.4952920597915265,0.3433670906940218,12.382466427076253,0.2739786796565163,9.034142018275743,0.7094716378793586,1.6728679540421707,0.12228566915512945,1.0542475207246644,0.5122771323522637,2.6733768141241976,0.23206395955939213,2.0425476591341556
Dataset_3772,multi_output,ALL,gradient_boosting,7,0,0.8813040373927343,2.368004466070924,0.012883593395380435,1.3214870682907338,0.7807869013592249,4.729526472549788,0.02691512902657516,2.5489064493163207,0.9754824655693578,0.029768353217274043,0.04725135431313341,0.022673676819877763,0.9074159133306975,0.07644848246368088,0.10617844786622345,0.051778341467388106,0.8846638977288243,1.829829954633052,0.09630683971752906,1.4933107428970693,0.8072267677575573,2.6925974042489376,0.14958874468049654,2.414880415617702,0.973622913524097,0.10114276921795885,0.03894600277934495,0.07959592130834116,0.955823590887507,0.17703905834933673,0.06744345079974733,0.11984605139573568,0.9210863960849562,4.538597773160547,0.07004008909198375,3.643626009286031,0.7210869257994403,10.057235692995485,0.15888208045806454,8.521948901830248,0.6516645140564362,2.0196441103893994,0.1438492956117806,1.3682289911423504,0.5123813090209225,1.845764207114094,0.19975803107295392,1.6360785362705295
Dataset_3772,multi_output,ALL,gradient_boosting,7,1,0.9121775403612389,2.2079451234170904,0.012013412717868712,1.0606810714481925,0.7938754479046937,4.286242606024951,0.02422974904479904,2.3991048839906632,0.9897931216688952,0.020699527317186817,0.026201933312894703,0.0159110462184531,0.961509627196922,0.04472187583059643,0.07453645971766071,0.03999797575441661,0.9826162902929326,0.7406681879197958,0.03526991371046647,0.47122354916822534,0.8017174367142126,2.342470158873929,0.15616467725826194,1.4675202252419655,0.9728970148181708,0.11053038771661608,0.03957407365435593,0.06575690545079547,0.9277631013882998,0.19616731647338156,0.09345751142133471,0.15774650094834847,0.9231330575580194,4.599779295198793,0.06451303359325096,3.6445219736433767,0.7102656293536074,8.888828518361239,0.2111360693197444,8.181465308639615,0.6924482174681768,1.629694441891089,0.11912971066455331,1.1059918827601125,0.5681214448704263,2.705634463899497,0.2477687238003202,2.1487944093689713
Dataset_3772,multi_output,ALL,gradient_boosting,7,2,0.9429215967356219,2.564013114706858,0.013950016946174416,1.2216345546684237,0.8049740594568606,2.7292528890666046,0.01633256269451306,1.6535065398519528,0.9894082579252601,0.021872913149675776,0.027341141437094717,0.015891953743562514,0.983556168259486,0.02387952709231655,0.046822602141797155,0.020422914412871973,0.9504430613587818,1.1960812730785275,0.059804063653926376,0.8561182869447066,0.9253376490643638,1.571123402288628,0.09819521264303925,1.2581419357362276,0.9811266288381338,0.09432988701287259,0.03262880906706074,0.08008363213435413,0.9188369744860254,0.15922051261063508,0.10386204345116447,0.14366467749621073,0.8896982226146569,5.513344737917792,0.07732601315452724,4.341512464971848,0.8808441527053604,5.3663673245722405,0.11150893141968295,5.012876377506449,0.9039318129412768,1.0167886206559034,0.07918914491089589,0.814566435547647,0.31629535276906684,2.4396430582128734,0.25412948523050766,1.8324267941080046
Dataset_3772,multi_output,ALL,gradient_boosting,7,3,0.9102688219246661,2.7612498007719455,0.01560910006089285,1.3030659153713666,0.833334492014826,2.1926528810635686,0.011930207742878115,1.4421060012098272,0.9915455749851698,0.01949745000746179,0.024371812509327236,0.014441210586979274,0.9042534149042627,0.059398349810250495,0.09580379001653305,0.04831287325319911,0.8994252190402087,1.756873742389317,0.08366065439949129,1.421442071744804,0.8011773393434434,2.5984332301761923,0.152849013539776,2.466023358651516,0.9834709178922012,0.08702001002012431,0.03010031477693681,0.06137061393908724,0.9307196517580894,0.18631529163306967,0.0887215674443189,0.14071480879176843,0.8868813019459797,5.7471603242850335,0.0892416199423142,3.9025524743847093,0.9550148993421784,3.271032698954374,0.06278976291303145,2.7846483504684523,0.7900210957597709,1.4135390121541582,0.10067941682009673,1.1155232062012532,0.5755071547261567,2.559078264339082,0.20505434810409315,1.7708306148842001
Dataset_3772,multi_output,ALL,gradient_boosting,7,4,0.9515664281374295,1.5048415176407253,0.008187385841353239,0.8196720503377118,0.6277848274787963,3.7824456605992802,0.022262776107117604,1.3181567036702884,0.9901121817058774,0.022318977655498416,0.02789872206937302,0.01673168055364653,0.9366553476325193,0.0330901429787205,0.08707932362821184,0.029141947703559608,0.9674570381673424,1.0806626914476178,0.05146012816417228,0.8121273123129247,0.9708618708169842,0.6052337645318062,0.05502125132107329,0.5446398512726347,0.9494009086040885,0.16761117824814356,0.05797688628438034,0.12938763832783706,0.5851504177152929,0.20071197746941608,0.23123499708458087,0.1536045344689463,0.9741106953975849,2.9286449077300163,0.041074963642777226,2.2328119427318236,0.40743077572738784,8.307615607668888,0.22036115670209258,4.5590827425339295,0.8767513168122547,1.2447310850055615,0.0886560601855813,0.9073016777623274,0.23882572550179726,1.4526908229064268,0.2660605902759023,1.3043144423723716
Dataset_3772,multi_output,ALL,gradient_boosting,2024,0,0.8876454542150848,2.7793341278300474,0.015711329156755497,1.4329888248541427,0.7170951194796633,4.248255337294379,0.023114725160750745,2.4748555385396758,0.9864030628817743,0.024106752590455905,0.03013344073806988,0.0183197643143402,0.9193575943595029,0.05077406231906147,0.09402604133159531,0.044297833760839934,0.9473819872079381,1.181604603460895,0.056266885879090234,0.8315953276528363,0.6320133531182132,3.2384594232645445,0.21589729488430295,2.6669183470099025,0.9709188091990564,0.11751871268016141,0.040649848730598896,0.07637532392669606,0.8319982705704354,0.22138109197820544,0.14182004611031732,0.16900710208782022,0.8774357036953944,5.784377922234118,0.08981953295394594,4.872849477142602,0.7599550840405761,8.625232516480578,0.1442346574662304,7.557433614802127,0.6560877080912604,1.9374936905972422,0.13799812611091467,1.3658042312342384,0.44215129530958985,2.303155240420462,0.22848762305758555,1.93662079503769
Dataset_3772,multi_output,ALL,gradient_boosting,2024,1,0.9462303593976091,1.9780349806502582,0.0107618878163779,1.0148979923360206,0.8789782562011131,2.4202823611138973,0.014238630198340377,1.3817825093080365,0.9858947052056903,0.026456403587119977,0.03307050448389997,0.020523919350422942,0.9886151841795177,0.01518324415945969,0.03300705252056454,0.012261332078294468,0.9649744361802978,1.103301272170353,0.05253815581763586,0.8131191446166757,0.8827557447831115,1.4024379486311915,0.10017413918794225,1.1152327446878059,0.9719209832576241,0.12036116557909418,0.04163305623628301,0.09420445441988054,0.8714967679904846,0.1796131488973606,0.11404009453800672,0.12982543421235718,0.9398046747141957,4.110187684547297,0.057646391087619875,3.1386458007730336,0.9240249542985658,4.979567251857676,0.09763857356583681,4.4033468924491235,0.8685569976302374,1.1987529655992597,0.09336082286598595,1.007996642520091,0.7279986297538865,1.5790566512639768,0.16448506783999758,1.2482461431126008
Dataset_3772,multi_output,ALL,gradient_boosting,2024,2,0.9604303848297377,1.701033760631469,0.009254808273294172,0.8570940151741958,0.7473274952472376,5.35300979070384,0.030290910993118154,2.39504090174214,0.9849877630040166,0.026661568586879996,0.033326960733599996,0.018504989454352014,0.9588724492866411,0.029979374305551174,0.06662083179011373,0.02756517907240905,0.9666013680431521,1.0734581370549063,0.05111705414547173,0.8213423145242915,0.8931732511639827,1.1009798266222202,0.10008907514747456,0.8717141044343383,0.9837942151165369,0.08779801712920696,0.030369428270220322,0.06642106103574102,0.9161596732101174,0.15357939788638353,0.09539093036421335,0.11630857675484726,0.9581029021199938,3.5329157765766976,0.04955001089167879,2.650105179305801,0.3883270636876519,11.639989808635384,0.2764843184949023,8.751245841358099,0.9086656758649889,0.9084897834290337,0.06641007188808727,0.7290965315507932,0.5801050388877952,2.5588208961848604,0.19928511652530062,2.208370807091005
Dataset_3772,multi_output,ALL,gradient_boosting,2024,3,0.8668237767454021,1.7888882311615606,0.009733327336425054,0.9206191484639007,0.7229136690069777,4.661789117406955,0.028991225854520863,2.4919119403724026,0.9816760938956335,0.023906680776473614,0.03855916254269938,0.01813834258284399,0.926774880784839,0.07890265853237614,0.09862832316547017,0.0633223479744468,0.9836355689948734,0.6640512130857741,0.036891734060320786,0.450191047950063,0.7954572130954362,2.7396109170136778,0.17122568231335486,1.9819446893668027,0.9556474616199868,0.12246213425096598,0.04900445548257943,0.07469635887917506,0.9281952448942451,0.25797992388168783,0.08923553230082595,0.1924951064600519,0.9635887705034257,3.1491477986909673,0.04859795985634209,2.419803957927716,0.5704291666249709,9.711444539715838,0.20106510434194283,8.13743307307092,0.44957098871309153,2.3721174386252013,0.16895423352031347,1.640266034979704,0.3937118396353979,2.602111946212736,0.24924443929240772,2.0843644849897918
Dataset_3772,multi_output,ALL,gradient_boosting,2024,4,0.9080389198854094,2.4857037582402888,0.013523959511644661,1.28587679621999,0.8356974044584348,3.1054013415053583,0.01766942441823817,1.665544652561683,0.9870011363107654,0.024661836247076484,0.030827295308845603,0.018297366329985847,0.894413220073136,0.05674664135034788,0.11822216947989143,0.041520981062182015,0.9747977499629715,0.8936557761458115,0.044682788807290576,0.6923758458783096,0.9099555873238585,1.6346039652111066,0.10216274782569416,1.3596558770470242,0.9595714947110019,0.14358277255398905,0.049665434989273276,0.11529131744262137,0.9138960788136214,0.15431602197782562,0.100662767108823,0.12844600507610707,0.9153711210346857,5.149302826405914,0.07222023599447285,4.124230232376316,0.7692416760368055,6.653025107695439,0.14463098060207474,5.973863902036539,0.7034530974076224,1.8863858050879736,0.13435796332535424,1.479189219072717,0.6909804600447534,1.1206608034829346,0.18075174249724754,0.8242364975865623
Dataset_3772,multi_output,ALL,gradient_boosting,99,0,0.8957290555774055,2.1122692482749135,0.011492841004814808,1.0806190600275083,0.36850955213751624,3.76286592369088,0.023400907485639798,1.5158702548329799,0.8931440870453954,0.07173323770745033,0.09080156671829155,0.05797203529849594,0.503294685088938,0.11473468971387252,0.2390306035705677,0.10309318774605446,0.9859899312214716,0.7045639306665883,0.03355066336507563,0.503617195096186,0.6723849088468348,2.1795455539448803,0.19814050490408003,1.1878867965078843,0.9257336325560965,0.19188275165248536,0.06870130743017738,0.13778666716299523,0.7516327497874579,0.2746376294329141,0.15325760571033145,0.23726929718922551,0.9491155632727089,4.2769889786596424,0.0599858201775546,3.34292495804806,-0.5037574633535493,8.003753365694198,0.3811311126521047,5.0523105128442225,0.7246620637913548,1.8647780517512567,0.1328189495549328,1.360794444531805,0.4189928803179004,1.377215727932157,0.27110545825436155,0.9987914798775126
Dataset_3772,multi_output,ALL,gradient_boosting,99,1,0.9056577698701694,2.4928316057882824,0.01356273996620393,1.201607869043118,0.64765793154809,2.9366028148602554,0.016705175578020683,1.6944794946408752,0.9864420939911203,0.023990791939704728,0.02998848992463091,0.019203877789138072,0.956610323161085,0.04069264981234853,0.06563330614894924,0.034413295841720946,0.9347327664830919,1.3576871160125397,0.06465176742916856,1.0978047117143186,0.8961395205444239,1.8982420173997905,0.11166129514116414,1.6851042815559327,0.9842163368593771,0.08311913007311576,0.028750996220379025,0.05508814765579657,0.8539571256017021,0.28363834323129533,0.11917577446693081,0.21769111094581284,0.9110445024049221,5.12090669341313,0.0718219732596512,3.5519425009999863,0.8970931319777276,5.25137433480662,0.10940363197513792,4.405573364199024,0.7118531496123356,1.7310583637107912,0.12329475525005634,1.2840001070563498,-0.36551044354448825,3.443227947557122,0.35866957787053355,2.1296154206618847
Dataset_3772,multi_output,ALL,gradient_boosting,99,2,0.8816106078130037,1.920521585447885,0.010448974893622877,0.9941631194349878,0.22048194267868987,5.517491719671402,0.0316098064719072,2.674283785143518,0.9839548854901911,0.024269965508015787,0.037338408473870446,0.013508806998066876,0.925599682866847,0.06721661354120081,0.08962215138826775,0.05028122007111482,0.9800324422405756,0.7425304825968004,0.04125169347760002,0.5728259324589382,0.8781537226889785,2.097948029747298,0.09990228713082372,1.6052572640707155,0.9432524421912827,0.15007911597222057,0.057789417008941295,0.08355908376924681,0.915205557580933,0.22522006346473145,0.08063733027738328,0.12482931637388361,0.9594918669571625,3.503894563742126,0.04914298125865535,2.717757740053175,0.3334726761460507,11.642020055853493,0.25986651910387254,8.887675994360364,0.541321402185807,2.364376111614323,0.1684028569525871,1.583164033895513,-1.9500219258893599,3.49575675879686,0.5826261264661433,2.703375130841514
Dataset_3772,multi_output,ALL,gradient_boosting,99,3,0.9090517301076678,2.2815760530691165,0.012978248310973358,1.1701926488627552,0.8189228653261486,3.271952232322096,0.01781138939750733,1.8204682475745666,0.9878179610014322,0.024960790084423253,0.031200987605529064,0.0190145682493286,0.831818106349028,0.048111662016650375,0.1374618914761439,0.037801884043021206,0.9640323366711341,1.1440558099213332,0.05447884809149205,0.8961757496249648,0.8852720273381509,1.0689232676970455,0.11876925196633839,0.9688300632696902,0.9765473272977194,0.11224113166638637,0.038824327798819225,0.07621008217346424,0.8951539419799109,0.13510743746595885,0.10015377128684866,0.11458191234266035,0.8971304649771845,4.765271764398369,0.07528075457185417,3.806949467707861,0.9139158591141775,6.600399636193013,0.10185801907705268,5.462542941700131,0.7197305605908693,1.4135227738617264,0.13088173832053024,1.0526133765581582,0.5684543918494753,2.9664652351959413,0.21128669766352856,2.51858443651733
Dataset_3772,multi_output,ALL,gradient_boosting,99,4,0.9011788825990091,2.480454084759818,0.013495397631990305,1.254443205590882,0.8068404093526313,4.965763164576933,0.029218965369678926,2.6879074514573733,0.9849981351579893,0.02449875012512869,0.03062343765641086,0.018187458612723258,0.927860998182092,0.06531624785640604,0.10886041309401007,0.0550912071319518,0.9164742382277096,1.5309754484681302,0.07290359278419667,1.2605099693154318,0.7669990640674433,3.2092978036398083,0.20058111272748802,2.970147614730755,0.9797369716705422,0.09604804311650429,0.03322312110567426,0.07529353093536546,0.9922511813613832,0.06316287562580122,0.03417904525205692,0.05517512140478166,0.9049832023961745,5.043541302611095,0.07783242750943048,3.7285233729373637,0.7109812819828369,10.45276010360993,0.18178713223669446,8.795196237150828,0.7197018655426297,1.7240192060148105,0.12279339074179561,1.1897016961535267,0.6361095211694008,1.930279020294082,0.18489262646495042,1.5639270768685503
Dataset_3772,multi_output,ALL,xgboost,42,0,0.9753508167260303,1.2990407413548353,0.007067686296816296,0.6838695596388409,0.6908847022354564,3.83618408315537,0.02197378899733858,1.8675932001113893,0.9818025610104901,0.028491007378919457,0.035613759223649316,0.019412795049803606,0.942569111028729,0.048313628446082335,0.09115778952091007,0.039808931350707996,0.9858238588549099,0.6190232422307544,0.03095116211153772,0.4575669424874442,0.9166777515837009,1.8195486980062896,0.1137217936253931,1.3824434280395508,0.9850218001763436,0.08406483122009155,0.029078115261186976,0.0685527884619577,0.9544027158448637,0.13691305743146626,0.07918626803439344,0.1260316581726073,0.9750033484628953,2.721926246262845,0.03817568367830077,2.2179495239257814,0.7383158982775855,8.11741727026547,0.17344908697148437,6.322423934936523,0.9491025151255127,0.7984881593565775,0.05687237602254825,0.6558657482692176,-0.09754196555759709,2.0874006810537504,0.2982000972933929,1.4672580480575563
Dataset_3772,multi_output,ALL,xgboost,42,1,0.9672747303785656,1.6475662438200902,0.009371821637201877,0.7777273741582347,0.9048231406942084,2.1735147604583176,0.011826077373406158,1.1843977401563106,0.9923118857138843,0.01867280935108218,0.023341011688852723,0.014551828298075446,0.9418671666195796,0.046767704629684916,0.08993789351862483,0.03218469066279274,0.9841858780090307,0.701819540605733,0.033419978124082525,0.533972378434806,0.9306673616718415,1.413475130765681,0.09423167538437874,1.1990410940987724,0.9866435973054037,0.08220929620219254,0.028436283708817896,0.06771160546664533,0.9628447291042691,0.10140426196776464,0.07505866911011447,0.09228420639038097,0.9470080598404524,3.5337853158174286,0.06221453020805332,2.643598580195987,0.9679225254791896,4.023775763730767,0.05643444268907107,2.5103496006556947,0.9262242310240572,0.7649027852107472,0.06374189876756227,0.6288024783956593,0.7208139205961628,2.32802033604287,0.18654009102907612,2.088129108973912
Dataset_3772,multi_output,ALL,xgboost,42,2,0.9689510272415667,1.2506820236230152,0.00680458119490215,0.6882630129074229,0.6507901159177781,4.069952897936328,0.025331131498950197,1.8166437770911634,0.9776558588524333,0.027592343521502027,0.043797370669050845,0.022473444322059898,0.7702913482273441,0.11530383433694241,0.1720952751297648,0.08801402585847039,0.9752103527170023,0.8175253853194558,0.045418076962191994,0.6354488504344019,0.9704802572519834,1.0054355166728395,0.06283971979205247,0.8113762991768974,0.9779505233185732,0.09262065315444762,0.03566447945877844,0.06950869237965555,0.9674495790155532,0.13277436871374615,0.060794124868931404,0.08847239303588861,0.98118057990144,2.523936048594789,0.03539882256093673,2.0037600708007814,0.06398758288436468,8.84094935352189,0.3400365135969957,6.41616603306362,0.9327578214183851,0.8792535272713051,0.06262489510479381,0.7101240066002155,0.4817418122096452,1.902202118644377,0.22645263317194966,1.6791901343209403
Dataset_3772,multi_output,ALL,xgboost,42,3,0.9693163810404087,1.6161811159795827,0.008793629228900281,0.7251052327780889,0.6621864294493217,3.582051605517172,0.020375720167902,1.6474475623573572,0.9853179159753168,0.02596917833496083,0.032872377639190924,0.019527235031127927,0.841744515806971,0.04311819765356834,0.12319485043876668,0.03952977291175296,0.9959564026698313,0.37882930800388853,0.018039490857328026,0.27639007568359375,-0.04020202405063178,2.606368369097641,0.3723383384425202,1.8751602172851562,0.986657427672125,0.08062329787203634,0.028866200455437294,0.0663471528415022,0.864041961727654,0.1402861288795105,0.10774664276460096,0.11480302156720855,0.9612217599734661,3.4602402919402486,0.048530719382051175,2.4687805175781254,0.7007104280360945,7.544293812462037,0.17109182021685082,5.628976266043525,0.9174283989113047,0.9676042379467175,0.06891768076543571,0.7944811827560952,0.9446372657265206,0.6514629243711213,0.0786790971462707,0.5787685339791432
Dataset_3772,multi_output,ALL,xgboost,42,4,0.9787117803092347,1.253583677546498,0.00682036821298421,0.6285597157297464,0.8279396055322149,4.010802714417854,0.0236040649388998,1.7375627691813875,0.9838901257421024,0.027611301958991755,0.03451412744873969,0.01946245830634544,0.9529348115925884,0.03754786973070853,0.0682688540558337,0.03198191438402449,0.9825826296707638,0.7733781350184035,0.0368275302389716,0.5880813598632812,0.9531676581331594,0.9427930490786706,0.06285286993857804,0.7781426565987724,0.9891459420191926,0.07023610814597987,0.024294745121404313,0.05148172496927203,0.9079544121520255,0.21815569717383346,0.09358888767646222,0.17952513613019683,0.974164948274331,2.625902909136612,0.03682893280696511,2.000390088311558,0.8085811907818317,8.568992366380055,0.16801945816431485,5.83404606410435,0.9637752558397832,0.5984854720333477,0.047955566669338756,0.4833829471982759,0.5170599550014701,2.46316897729463,0.2443620017157371,1.8641180746895927
Dataset_3772,multi_output,ALL,xgboost,123,0,0.9626786776277646,1.7425674438595178,0.00948078043449139,0.818004796762126,0.911855402491681,2.1428531872143397,0.012196090991544336,1.1705347711563112,0.9887641276195893,0.022961365862099486,0.028701707327624358,0.015512670917170386,0.9215036403920129,0.049970419144401826,0.09994083828880365,0.037698142528533936,0.9790563082825181,0.8256745948120445,0.039317837848192594,0.6623415265764508,0.9442849930450964,1.2289829195998163,0.07229311291763625,0.9648056030273438,0.9861253613889805,0.08381974552234628,0.02899333985553313,0.0716142710277013,0.9627389296884338,0.11075979560037431,0.06632323089842773,0.07151942110061638,0.953692815537739,3.6799222630185735,0.051611812945562045,2.561452146257674,0.9308257198634992,4.352081070496652,0.07662114560733543,3.574857711791994,0.9057547753099964,0.9754932647414896,0.07597299569637768,0.7791033690316337,0.7999237294693631,1.57902674892447,0.13158556241037253,1.2037929773330687
Dataset_3772,multi_output,ALL,xgboost,123,1,0.9739263780407731,1.611196983351785,0.009107953552016873,0.7683370210614698,0.7899182988982792,3.2632067396859012,0.017758948243188577,1.5992282980169565,0.9857154620771413,0.026314383851355677,0.032892979814194596,0.019098587447199326,0.9187312678584818,0.04020058193270932,0.12181994525063432,0.034759498834609985,0.9862552245925004,0.6542921918558099,0.032714609592790496,0.5373419399919181,0.8791278049405841,1.7517630224475458,0.1251259301748247,1.406597682407924,0.9903023062323042,0.06936445886556389,0.023993240700644722,0.05794564661486398,0.8738069771649567,0.19335806369134065,0.13216545706858554,0.15091193335396902,0.9554132432423089,3.468977546590906,0.053866110971908486,2.6513839826912715,0.8718488105445669,6.678472992466815,0.11168015037569924,4.657265799386159,0.95194565405961,0.7158011104929416,0.050982985077844836,0.575914948562096,0.4060766339828068,2.35221438311903,0.2545686561817132,1.7466065761021206
Dataset_3772,multi_output,ALL,xgboost,123,2,0.9722199839878879,1.6981670596113334,0.009239211423347842,0.7408777083980628,0.8376531414317743,2.037125260248984,0.011983794695270219,1.232375572037696,0.9819868579336924,0.027994071945978177,0.03499258993247272,0.020731425922492448,0.9851063394229933,0.026023174823007134,0.041972862617753445,0.019408836620194565,0.9816410254563266,0.7382748767137678,0.03515594651017942,0.5483427376582705,0.9508119221248378,1.3708338128657298,0.08063728310974881,1.1866956438337053,0.9860414438735253,0.07966908521817148,0.027557622005593734,0.05568124047641097,0.9320401213224303,0.18709126989828878,0.07860977726818856,0.14757482147216816,0.9561911844882646,3.6564069897164093,0.051282005465868294,2.4948058661099144,0.9288106240300368,3.6881991940147145,0.08739808516622549,3.098417009626112,0.9552394081876305,0.7052404643152962,0.05023080230165927,0.5848272718232252,0.3914967002585725,2.287294830929247,0.2575782467262665,1.7097815486363004
Dataset_3772,multi_output,ALL,xgboost,123,3,0.9744907396541981,1.2035676488548754,0.006548602474861938,0.6501890468778283,0.7517132926843331,4.1694421186982735,0.023879966315568574,2.143209443698611,0.9793938639935057,0.028253125057358646,0.035763449439694485,0.02066672321023613,0.9697520303327866,0.04431133579547528,0.06817128583919276,0.039205570391246246,0.9931640972715412,0.4577104746721571,0.021795736889150336,0.39490377491918105,0.8136013263340899,2.5159385516168165,0.16772923677445442,1.8642163957868303,0.9868929567144673,0.07577347068715347,0.027129778262496775,0.06288804429152918,0.9776860799148922,0.11359815859325967,0.0537361204320055,0.08458352988106858,0.9770818883699047,2.507111600894335,0.03868999384096196,2.0678644745925387,0.7465747878643259,8.812242265788532,0.14190406225102303,7.28517063685826,0.9359208919215717,0.8609460557730754,0.061320944143381434,0.7046222173756566,0.25095223897557073,1.7090375429751266,0.2906526433631168,1.4428710855756486
Dataset_3772,multi_output,ALL,xgboost,123,4,0.970697494771235,0.977577570315745,0.005318702776473041,0.5604195038795471,0.8450960725975344,4.67444797505007,0.02644367242773135,1.7492073966503152,0.97954151381976,0.029148755236308714,0.04484423882509034,0.023219143522196794,0.9100023543178705,0.06578171280324428,0.0981816609003646,0.046258995362690514,0.9802077845575037,0.798932453017403,0.042049076474600156,0.5906161604256466,0.9668483225236059,0.8851339402583284,0.05532087126614552,0.73419189453125,0.9801199318392855,0.0930073007241735,0.035813361849893526,0.07142126228069437,0.9592870153622034,0.1472570246329611,0.06742537757919466,0.10863879939488008,0.9886797105592572,1.8459344298884477,0.025889683448645832,1.4167260005556297,0.5453736892855472,10.303223475331523,0.2279726402330241,6.631357421875005,0.9249385330803689,0.8503073197793619,0.062156967820128806,0.7001149526135675,0.8439689814984457,1.5120950424446131,0.131258250212206,1.2255898720877512
Dataset_3772,multi_output,ALL,xgboost,7,0,0.970383064753662,1.1686694088920013,0.00635837545643091,0.6401913894406388,0.7992084895998186,4.2235096711317315,0.024035452260025788,2.1848291663408284,0.9734889048313955,0.030954960032617374,0.04913485719463076,0.02515372972403254,0.9078097569641634,0.07628570699441137,0.10595237082557135,0.049946206212043744,0.9831316405058506,0.6997848267018915,0.03683078035273113,0.5412970951625279,0.9496146897093936,1.37657547167265,0.076476415092925,1.1469535827636719,0.977490790987656,0.09343326932200147,0.03597738518367403,0.07418594523838595,0.9719345799141886,0.14111060663941516,0.05375642157692006,0.09360328817367536,0.9784733162978524,2.370469226637952,0.03658131522589432,1.8711623164585665,0.7709991139111746,9.113029437037897,0.14396570990581195,7.8593126296997085,0.9393306711455551,0.8428699739066245,0.060033473924973255,0.6891578606196812,0.39568430750017325,2.0547925561449114,0.22238014676892984,1.7743301248550416
Dataset_3772,multi_output,ALL,xgboost,7,1,0.9685774616136129,1.3786272767340142,0.007501100586179957,0.6822336433270885,0.8428405921575924,3.279841876143775,0.01854065503755667,1.6095097846167428,0.984852954531468,0.02521610033445599,0.031919114347412646,0.018963269920184697,0.9562469913279196,0.047681280935406654,0.07946880155901108,0.0414213868549892,0.9933855783561929,0.4568760573499094,0.021756002730948066,0.3592866042564655,0.809718181329474,2.294723966847683,0.15298159778984555,1.258164542061942,0.9881747567378575,0.07300929779230932,0.026140099460189522,0.05583919433067587,0.9473502904927387,0.1674731136551608,0.07978709559559827,0.16455340685163236,0.9691633230808807,2.9134057710636108,0.04086123101070983,2.198747263941273,0.8434787788545604,6.533277915689618,0.15518474859120235,4.8504542759486595,0.9073106953616656,0.8946679344028539,0.06539970280722616,0.7783318841868434,0.6574087187832693,2.409774783360418,0.2206753464615767,1.7329553113664902
Dataset_3772,multi_output,ALL,xgboost,7,2,0.9737530678473062,1.6171114806716684,0.008798212626070013,0.7572867578892872,0.7663584836399435,3.558299207145191,0.021293792568416212,2.044597916551998,0.983826963750526,0.027028298726002337,0.03378537340750292,0.019557195429144233,0.9764898290438105,0.02855302353222471,0.055986320651421,0.01872478663921356,0.9907566789608401,0.5165620230416672,0.02582810115208336,0.40895159491177263,0.8653327747731381,2.1100387116456396,0.13187741947785248,1.730973379952567,0.9865714152895309,0.07956822966326892,0.027522735961006198,0.0685382353683998,0.8999510481716508,0.1767771693252956,0.11531452663098217,0.14740237372262147,0.9554144268338546,3.5052667280756866,0.04916222620022001,2.687835388183594,0.7815174802743636,7.266596826662355,0.15099421977480224,6.435768563406804,0.9521958544017795,0.7172551246895933,0.05586099101943872,0.6015513755535259,0.30850128593675474,2.4535093211969596,0.2555738876246833,1.8901204790387836
Dataset_3772,multi_output,ALL,xgboost,7,3,0.9700437647128078,1.702311643923436,0.009623016641737907,0.8080826865237336,0.8835020203140527,1.7897675567579217,0.009738111740344533,1.0541914362532758,0.989834339962248,0.021379796546907588,0.026724745683634483,0.01598054945468903,0.9203878381806596,0.05416296637133971,0.08735962317958018,0.043142246944563714,0.9810747304594464,0.7621089136367438,0.036290900649368754,0.5534149696087015,0.9297662642653589,1.5443705293376284,0.09084532525515461,1.3752811976841517,0.9870322400634464,0.07707743284094488,0.02666116666929951,0.05727173351419389,0.9553030908454399,0.149651893326668,0.0712628063460324,0.11484925787789482,0.9544137903954184,3.6484034274455017,0.056652227134246926,2.7522852404364224,0.9657368295665328,2.8547252117460187,0.05479844921289987,2.2362987409319226,0.9378637226834803,0.7689402273207976,0.054767822458746264,0.6614609396046606,0.646316078712272,2.335909641563381,0.18717224692014273,1.5013857378278457
Dataset_3772,multi_output,ALL,xgboost,7,4,0.9748106876990145,1.2844794146658143,0.00698846253898702,0.6702505470941806,0.6520486746442012,3.7267081671257105,0.021934715521634555,1.262126013571875,0.9864968617285126,0.02608203157708923,0.03260253947136153,0.01798514721722438,0.9260140843157129,0.0357617029751875,0.09410974467154604,0.031532220329557145,0.9802185422561587,0.8425404612865977,0.040120974346980844,0.6403066700902479,0.9688249837054173,0.6260307425042869,0.056911885682207904,0.5870404924665179,0.9900455610974932,0.07434298804133392,0.025715319280987175,0.06276276174084897,0.5326718252982167,0.2130291054340642,0.24542523667518934,0.1659165207999094,0.9796260423286454,2.598030377059031,0.03643801370349273,1.9554284878434804,0.42156125949274104,8.207965709146153,0.21771792331952666,4.493710763113837,0.9376664310842628,0.8852081180335717,0.0630490112559524,0.6747696685791015,0.41117122040891796,1.2776904720494922,0.23400924396510842,1.0324300711495538
Dataset_3772,multi_output,ALL,xgboost,2024,0,0.9682145239942335,1.5088284230737279,0.008529273166047076,0.7387180405114381,0.8481459795149837,3.6631386924611236,0.01993110992143818,1.8943899969428784,0.9839903562765189,0.026158268895447444,0.0326978361193093,0.019567090123891826,0.940231982561469,0.043711388225566875,0.08094701523253124,0.03659852139651775,0.9852332509235181,0.6259611803324802,0.029807675253927628,0.4844984327043806,0.7578046105540636,2.627273986322932,0.17515159908819547,2.239595413208008,0.9891577179775191,0.07175650578861811,0.024820652296305125,0.05834708677019391,0.9269883411701109,0.14594181968096817,0.09349251741253561,0.11543655014038079,0.9629699445784096,3.179448924932702,0.04937032492131525,2.3995773969377803,0.8118811475718308,7.635556863058786,0.127684897375565,5.9023254394531275,0.9197213502152021,0.9360875678494074,0.06667290369297774,0.7316001960209438,0.8038238157174447,1.3658032408159084,0.1354963532555465,1.1779940605163572
Dataset_3772,multi_output,ALL,xgboost,2024,1,0.969053229719877,1.6637322995894894,0.009051862348147385,0.7607863473883991,0.9132683218531561,1.9654686958707486,0.011562940909934984,1.2040681667975006,0.9832357071319904,0.02884246292724099,0.03605307865905124,0.01979858453931479,0.9953378027966087,0.009716209961944536,0.02112219556944464,0.006457912496158041,0.9832804243521707,0.762279388201907,0.03629901848580509,0.5572346654431574,0.9417846556971022,0.9882267464440475,0.0705876247460034,0.8556169782366071,0.9903047887523978,0.07072518221658568,0.024463916366857724,0.056792698827283127,0.864368846153119,0.1845273859899729,0.11716024507299864,0.16780609239850733,0.9553841509603712,3.538546050050877,0.049628976859058586,2.5237303740402743,0.9490896476197828,4.076234577598148,0.079926168188199,3.89237191336495,0.9330610774024548,0.8554612033349234,0.06662470430957346,0.6463754140919653,0.815760656999168,1.2995810006801618,0.13537302090418352,1.0980879374912806
Dataset_3772,multi_output,ALL,xgboost,2024,2,0.9756818768081974,1.1876971103382123,0.006461899403363505,0.6016752706527709,0.7858117366323135,4.3047369587134305,0.024359081930248022,1.9804590748650681,0.9839125901432546,0.027599807564820736,0.034499759456025916,0.019960128356670503,0.9243797681980541,0.0406513659718592,0.09033636882635379,0.03760204928261894,0.9811423283159932,0.8066122410867784,0.03841010671841802,0.5951532824286099,0.8491214002267351,1.308438089541093,0.11894891723100845,1.1728581019810267,0.9843587604971795,0.08625519391820596,0.02983576406717605,0.06532399841834763,0.8895695989839124,0.17625879795645352,0.10947751425866677,0.11348815863473075,0.9800857671477947,2.4356961177507586,0.03416123587308217,1.775987233129041,0.6140922792842218,9.24559150174907,0.2196102494477214,6.524982997349326,0.9489099379367654,0.679471512409509,0.04966897020537347,0.5519517109311859,0.6518956364686439,2.329830309223785,0.18145095866228853,2.053364067077637
Dataset_3772,multi_output,ALL,xgboost,2024,3,0.9679459034758023,1.2042273197598292,0.0065521917392667136,0.6114596899928721,0.8002855572626487,4.2016074725187575,0.02612939970471864,2.14874849922657,0.9760713549079345,0.02731928367894469,0.044063360772491435,0.02336072792266977,0.8448562745303404,0.1148493920898149,0.1435617401122686,0.08404270572321756,0.9904516060268145,0.5072432595904235,0.028180181088356862,0.40019620698073816,0.8492479965480724,2.3519514355607005,0.14699696472254378,1.658249991280692,0.9769104185039733,0.08835896385233244,0.03535772863238593,0.07206845724171604,0.9628977801076741,0.185442492146381,0.06414475688217952,0.15369024985177177,0.9773984136929471,2.481103221086008,0.03828862995503099,1.8382731470568445,0.6383231759849785,8.911006928705449,0.184492897074647,7.299464896065849,0.9188977242473422,0.9105463307501928,0.06485372726140974,0.7233999107623922,0.7061025591421782,1.8116918684472512,0.17353370387425782,1.548294653211321
Dataset_3772,multi_output,ALL,xgboost,2024,4,0.9713238127007546,1.6285048218236298,0.0088602003363636,0.7691938197546992,0.8498052071900994,2.7371218529958248,0.015573950799407254,1.3879705458300455,0.9914906534950165,0.019953579665292022,0.024941974581615026,0.015674075217082577,0.9145227949997958,0.051057617543621404,0.10637003654921126,0.03516897082328795,0.9874111417962167,0.6316024117880549,0.031580120589402745,0.5116487700363685,0.8889653652273419,1.8151536672984567,0.11344710420615355,1.3090951102120536,0.9845480141590265,0.0887668162302894,0.03070453691812155,0.07685458755493167,0.9744931249352368,0.08399011617235685,0.05478807317179184,0.06738487461635044,0.961598069029608,3.4686914544073653,0.04864924900992097,2.505017626532193,0.8295340397703506,5.71819957679426,0.12430868645204912,4.564480154854912,0.931571185023905,0.9061567568879939,0.06454107955042691,0.7367740394329205,0.6415107110177722,1.2070334439672858,0.19468281354311065,0.9637236186436241
Dataset_3772,multi_output,ALL,xgboost,99,0,0.9768866374611747,1.0445682547102129,0.005683487973829985,0.5448979728877547,0.17181355954609032,5.284480811510629,0.03286368663874769,2.059683454173803,0.9814326695145577,0.02990170052274675,0.037850253826261705,0.02082918680139951,0.9029011185665158,0.05072855076523723,0.10568448076091089,0.04601087495684622,0.9951935175905371,0.4126805029510207,0.019651452521477177,0.35651261465890066,0.6371590144117363,2.2937293412758675,0.20852084920689704,1.2967872619628906,0.9849482962082744,0.08638387432334659,0.030928705450535842,0.0697895541872297,0.9640005555095472,0.10455884491111087,0.05834756970486095,0.07881180191040038,0.9875954546153315,2.1117187285128596,0.029617373471428607,1.54082139151437,-2.1130882903350625,11.515969831858438,0.5483795158027828,7.7813991546630845,0.9352632493771734,0.904210552048892,0.0644024609721433,0.7365371172768731,0.4680953995777154,1.3177351171251441,0.2593966765994377,1.0954081773757935
Dataset_3772,multi_output,ALL,xgboost,99,1,0.9745687182907204,1.6187522513544388,0.008807139561231985,0.7277885154732342,0.8282987976002845,2.1474629594981787,0.012216070080767841,1.2728705185413358,0.9830793081948773,0.02680139087261861,0.03350173859077326,0.019670396611608312,0.9863166269408741,0.02285174383582289,0.036857651348101435,0.019237403018133974,0.982411321650608,0.7048045479691519,0.03356212133186438,0.5524376178609913,0.9405201516578124,1.4365189087294044,0.08450111227820026,1.115370614188058,0.9900610573910831,0.06595795452074607,0.02281492719500037,0.0504924524241481,0.902992837161988,0.23116743565279274,0.09712917464403056,0.1835599812098913,0.9587200460565359,3.488430445014746,0.04892609319796278,2.4471282432819232,0.9422898527783428,3.9325738598186395,0.081928622079555,3.504284711565288,0.9585718581604976,0.6563757075519122,0.04675040652079147,0.5692138671875,0.36937451946240485,2.3399362146252543,0.24374335569013067,1.5418998827253068
Dataset_3772,multi_output,ALL,xgboost,99,2,0.9661330228830145,1.3912094092195397,0.007569148037103045,0.7244900417484086,0.5594183619908693,5.086754529621424,0.029142105583623165,2.283894620445796,0.9879279038451504,0.021051793032031942,0.03238737389543376,0.015431058304063197,0.8940768365948828,0.08020190911110953,0.1069358788148127,0.06254841361727034,0.9882685032249604,0.5691523393489726,0.03161957440827626,0.4753857316641972,0.8647062065702663,2.210688388358023,0.10527087563609633,1.5925663539341517,0.9781471280856356,0.09313243007581523,0.03586154411852723,0.07180073402667868,0.9551536445458595,0.16378984033885827,0.05864297899708497,0.13044529451642703,0.9730592540325295,2.8574900303276562,0.04007699902282828,2.193592581913389,0.41510241456400665,10.905843933998515,0.24343401638389536,7.848734392438615,0.9032623252267966,1.0858257757001595,0.07733801821226206,0.8662401028337151,-0.3319472923206688,2.3489409745551004,0.39149016242585005,1.785178647722517
Dataset_3772,multi_output,ALL,xgboost,99,3,0.956487024899921,1.690084847901353,0.009613679453363782,0.781651553605343,0.8915556162214087,2.5346828063039664,0.013797946686466884,1.4144665705135882,0.9863295052543958,0.026441765622939102,0.033052207028673876,0.018642215584886483,0.9641018941007562,0.022227801409014158,0.06350800402575472,0.019101318972451327,0.9806448475799012,0.8392462253188239,0.03996410596756304,0.6492612115268049,0.9267308028446096,0.854225609589278,0.09491395662103089,0.6835817609514508,0.9873146635741665,0.08254805791896196,0.028553461749900366,0.06871698997760645,0.8940746197775347,0.13580107863378424,0.10066796044016621,0.10749899183000851,0.9422093600616268,3.571684071520662,0.05642470887078455,2.4363258203966875,0.9491363964077032,5.073553213972669,0.07829557428970169,4.278426470075331,0.8859367480295154,0.9017534492459323,0.08349568974499373,0.7353115305407296,0.723734367976439,2.373500585140142,0.16905274822935484,1.9837243107386995
Dataset_3772,multi_output,ALL,xgboost,99,4,0.9723910020807626,1.2992987305571042,0.0070690899377426775,0.6760540200373224,0.8582386738418742,4.148574281303003,0.024410557701106228,2.2875089384692053,0.9820117370321438,0.026826617550141145,0.033533271937676426,0.017566976238941323,0.9407898422605537,0.0591744558612657,0.0986240931021095,0.05130229830741884,0.9864321055325139,0.6170412981750847,0.02938291896071832,0.4769039811759159,0.9097125525972746,1.9977671774743784,0.12486044859214865,1.7211826869419642,0.9864615520272901,0.07850924218588858,0.027156431057035135,0.06497244131154035,0.9870218083311469,0.08174312521290694,0.04423329286412712,0.07583237402779718,0.9725112553571382,2.712769166729691,0.04186372170879153,2.1819058753704215,0.7921201219060504,8.864907835457162,0.15417231018186373,7.876889256068637,0.9345383604547276,0.8331542906363938,0.05934147369205084,0.6389208260897933,0.6615490441143461,1.8615839105863177,0.178312635113632,1.7123380770002092
Dataset_3772,multi_output,ALL,ann,42,0,0.8295236100683884,3.850289832585166,0.02094825806629579,1.9199737415836005,0.5976211718499369,4.836173426264527,0.02770176094778627,2.625508815613789,0.9228793526706066,0.05865269908768502,0.07331587385960628,0.0428985232415359,0.8803760617369331,0.06972779532424302,0.13156187797026983,0.0611911686368771,0.8760940271793688,1.8300968023963506,0.09150484011981753,1.3942378990526048,0.7784267862295324,2.9671658473888716,0.18544786546180447,2.4470976208979476,0.9187976473209366,0.19573515828868468,0.06770500113755956,0.1484264234547232,0.8744115693867641,0.22722190547266283,0.1314181061149004,0.19113399031829326,0.7759859843381073,8.148412961645448,0.114283491748183,6.67155994760802,0.5886390573824383,10.177491050616462,0.2174677574918047,8.721742202380069,0.6538610388329218,2.0823108518158517,0.14831273873332276,1.3427459145611191,-0.13374761548598446,2.1215508557372265,0.3030786936767466,1.706379095835758
Dataset_3772,multi_output,ALL,ann,42,1,0.861423699432194,3.214135930868401,0.018282912007215022,1.6693513393124484,0.6348337972865084,4.695310670630525,0.0255471498483624,2.747818873899965,0.9665382660567378,0.038955965152811925,0.0486949564410149,0.032638758963977554,0.6856954104228661,0.10874534391575201,0.20912566137644617,0.08245562318901267,0.8774394430071406,1.9537917736375081,0.09303770350654801,1.4938325089987727,0.7598728637128243,2.6305098304534207,0.17536732203022803,2.3099821521270365,0.9445779543324213,0.16746245507547936,0.057925442779480925,0.13717023980227253,0.8332789782871886,0.21480341127393102,0.15899586326715842,0.17768332406125595,0.8068319273231374,6.746879053313287,0.1187830819245297,5.483562335634715,0.8314380782176216,9.223875302694267,0.1293671150448004,8.004727978987207,0.7117309064415331,1.5119882323101397,0.12599901935917832,1.1995528531625035,0.06388365579204147,4.262896649650422,0.3415782571835274,3.164245291135312
Dataset_3772,multi_output,ALL,ann,42,2,0.8177381686609305,3.49348815668127,0.019007008469430195,1.8554481179789708,0.2928865994079312,6.248562847517373,0.038890663145063634,2.6040098838744483,0.935620523558213,0.046836073136835854,0.07434297323307279,0.03406908608860872,0.8195692366677083,0.1021904629132088,0.15252307897493853,0.07771616790134729,0.8712617323158348,1.8630302376595294,0.10350167986997386,1.4425497909061136,0.8951498114440752,1.8948836397253557,0.11843022748283473,1.5065007775503898,0.9351598247893417,0.1588293599993023,0.0611587832111291,0.12683192781443497,0.9335826898092621,0.1896603649706636,0.08684082645176908,0.15765131633733656,0.8470553169150083,7.1951925418648175,0.10091434140062858,5.958565529360695,-1.2131194034175863,13.59441490399493,0.5228621116921126,9.320620394271739,0.4995934457262554,2.398582860790097,0.17083923509900975,1.7152242557250008,0.029250662536196792,2.603377376037248,0.3099258780996724,1.9575607633114298
Dataset_3772,multi_output,ALL,ann,42,3,0.899248144841495,3.0035228771649196,0.01634214525907242,1.3378700484722397,0.42019595422982564,3.6043916045037903,0.02050279638511826,1.8262153029002905,0.9506661008544831,0.047603301826840354,0.06025734408460804,0.036452637671574334,0.7683544395220079,0.052166680837241464,0.1490476595349756,0.039659830030550895,0.951756908543174,1.3085104191436698,0.062310019959222376,1.0582126813516055,-1.0075815173114617,3.6208750930659086,0.5172678704379869,2.698575733651822,0.9489592623102308,0.15768821871609456,0.05645836688725192,0.12641027170400249,0.7207503436750937,0.2010520983534936,0.154417894280717,0.17423373986251076,0.8677322510953416,6.39056406161432,0.08962922947565667,4.21871322041542,0.7321337611309056,7.137264489872535,0.1618610837934581,5.4391674088210005,0.7771262014042448,1.5896880753765645,0.1132256463943422,1.2495614312185963,0.8873227441325827,0.9293922994433604,0.1122454467926764,0.7794398021355692
Dataset_3772,multi_output,ALL,ann,42,4,0.7657322139700555,4.41858716444263,0.024040191319056745,1.9387812948949628,0.5969394769199725,5.728694008640548,0.03371406549341189,3.0420549907495023,0.9066749955087309,0.06645686035354255,0.08307107544192818,0.038007591960563726,0.8200505099720086,0.07341937983925867,0.13348978152592486,0.06161746489695848,0.8867195762048063,1.9723229540226306,0.09392014066774432,1.5030358289807453,0.8634963825311232,1.6095909243646507,0.10730606162431004,1.3749433219475893,0.9445182784459915,0.15879591807433652,0.05492767833771585,0.11584852505090446,0.837534916118944,0.2898311705713277,0.12433769651279607,0.22177161318593683,0.6704068498221336,9.379141442104624,0.13154476075883062,6.356563174356101,0.6169948234891819,12.121036881405894,0.2376673898314882,10.557051494268721,0.42034136986861526,2.3940714202027693,0.19183264584958087,1.6804513541264985,-0.1533792475113951,3.806568623603262,0.37763577615111726,2.994891059448304
Dataset_3772,multi_output,ALL,ann,123,0,0.8625129235069441,3.169005964928816,0.01724159937393262,1.686129473677384,0.5568554180658731,3.8042680257695536,0.021652066168295698,2.3008358840123657,0.972857955351245,0.03568745681191888,0.0446093210148986,0.026667957374414058,0.5665711691666411,0.11742136708596974,0.2348427341719395,0.0820704665806821,0.8895508023164733,1.8961102520322317,0.09029096438248722,1.4399642514553779,0.7606695631254399,2.5471746234104713,0.14983380137708655,1.9558569251894973,0.9596160691280528,0.14300123655279623,0.04946428106288351,0.11157212423729836,0.7499165232371467,0.28694389026400385,0.17182268878084064,0.27040304640381685,0.8531827557558634,6.5524390587064465,0.09189956604076363,5.582335812129247,0.8099609786180467,7.213500152117044,0.1269982421147367,6.233670497010673,0.6373570349830856,1.9135253786190478,0.14902845627874203,1.2701072231905814,-0.10284114381790888,3.7072184288379613,0.30893486906983014,2.962178484877159
Dataset_3772,multi_output,ALL,ann,123,1,0.6941500352030147,5.208803142716721,0.02944490188081809,2.57609125887165,0.38259120191527707,6.014805173689922,0.0327336335983125,3.115778630694823,0.8965869682273019,0.07080236141657904,0.0885029517707238,0.044617721780092136,0.6831000632196659,0.07938376156352535,0.24055685322280412,0.06680129953330737,0.8264090526979738,2.325232852091129,0.11626164260455644,1.8644800255158605,0.19906326893348414,4.509322075494922,0.322094433963923,3.620051934734365,0.9136969309531459,0.2069263940170665,0.07157606157629419,0.16922244489779065,0.37169794140027534,0.43144839514230665,0.2949066268915288,0.37516583298671896,0.5456926435016343,11.073207342488171,0.1719442133926735,8.569454482289643,0.5634489287225406,12.326318419056056,0.20612572607117152,9.181115995836212,0.2883645806350178,2.7545763240064827,0.19619489487225658,2.2326816198748616,0.09564580730041927,2.902558447207911,0.31412970207877833,2.3357580903835133
Dataset_3772,multi_output,ALL,ann,123,2,0.7374268622336447,4.909851633383466,0.026713012151161404,2.4145717198719168,0.6182592013057787,5.113729235549747,0.03008252976969085,2.617536767274781,0.9106501489363658,0.06234738656935698,0.07793423321169622,0.04308307214415927,0.9406969940223635,0.05192755890507744,0.08375412726625393,0.04269387570133776,0.8541553489860002,2.0808421322177,0.09908772058179524,1.6726973480778968,0.9679758309996384,1.1060985339054077,0.06506461964149457,0.87087191170289,0.9291009917448971,0.17955175815203644,0.062107145676941006,0.13909257385804508,0.9372196433657214,0.17982046425984177,0.07555481691589991,0.10657538303625877,0.6429999316194479,10.437774850731115,0.1463923541477015,8.058789511321041,0.3730480262285273,10.94520531245265,0.25936505479745625,9.99906728718677,0.3502278898815122,2.6870134843272893,0.19138272680393797,2.159196093958441,-0.12764448808735662,3.1137000984987506,0.35064190298409353,2.0684753787466468
Dataset_3772,multi_output,ALL,ann,123,3,0.7441923922964042,4.730834144342217,0.02574043280016441,2.4908414631449327,0.5897707030647613,4.45423424842492,0.02551107816967308,2.1674519856622116,0.9066499993124757,0.06013473113519538,0.07611991282936123,0.03966449875871438,0.9666257361069978,0.04654495081620561,0.07160761664031634,0.04040624131280598,0.8754736080032837,1.953545886511384,0.09302599459578019,1.5378702537605728,0.7207526216767713,3.079450115006463,0.2052966743337642,2.4054064102307393,0.9154999787187099,0.1923947523180996,0.06888462309992827,0.15962122446668106,0.9640046875502986,0.14428006482285236,0.06824979414515246,0.11446101305945865,0.6317058338252575,10.050361220576784,0.15509816698420964,8.66096015429288,0.7254564557732388,9.172065275743865,0.14769831361906383,6.451419891502949,0.3916325416222949,2.652776731084495,0.18894421161570477,2.056091184445814,-0.4279859857834998,2.3597110196666304,0.40131139790248826,1.8255663722051048
Dataset_3772,multi_output,ALL,ann,123,4,0.8265722776016468,3.182015538714184,0.017312380515311122,1.6607772083724626,0.5229196314157025,7.692868812435425,0.04351908588807731,3.7587564292808566,0.9333835911537856,0.05259856240844175,0.08092086524375655,0.03445986554634922,0.9257468666454391,0.05975125003958298,0.08918097020833282,0.05175903964037037,0.8841209598588265,1.9331488814241329,0.10174467796969121,1.4768641664060795,0.755159336390657,2.405459302993833,0.15034120643711457,2.1197712078794138,0.937945967295715,0.1643210157898394,0.06327339845584881,0.1256171241334712,0.932871531587155,0.18908754348974532,0.08657854555391273,0.17359596327783308,0.8597598916196258,6.4971609291431625,0.09112427670607522,5.182418817464631,-0.19159953889632098,16.680574333431824,0.3690800826071872,13.731399506154673,0.5176509780802804,2.1555003366177288,0.15756581408024337,1.4845260683117818,0.1924199613515829,3.440063075616461,0.29861658642503996,2.717256429451993
Dataset_3772,multi_output,ALL,ann,7,0,0.7225460462433887,4.3567378899618605,0.023703688193481284,2.264631293423286,0.6643783697381223,7.264625863738787,0.041342054767464075,3.090487378285169,0.8959359249224587,0.061329133331673176,0.09734783068519554,0.03940858891507635,0.9791192540255036,0.036305606862302775,0.05042445397542052,0.029525806574472954,0.854120090795002,2.057907451381431,0.10831091849375953,1.679764716185915,0.893152174655893,2.0046146590557057,0.11136748105865031,1.574123253527853,0.9297199155452657,0.16509638575663546,0.06357196217044106,0.14016284942160517,0.9434909945555768,0.2002316458841224,0.07627872224157044,0.16981884266949498,0.6865690138615539,9.045169745281408,0.139585952859281,7.184666920534056,0.2988412985490806,15.946021883728635,0.25191187809997845,11.838700787472375,0.24638528609266364,2.9706444301794392,0.21158436112389167,2.279153392059777,0.20728812690455733,2.3533890549069714,0.25469578516309216,1.8402682011816476
Dataset_3772,multi_output,ALL,ann,7,1,0.8473947904655799,3.9787917844675174,0.021648576007767113,1.6944056797151674,0.6597544334078987,3.9693255974856734,0.022438245322134953,2.211918869903129,0.9437922649955892,0.04857490968480236,0.06148722744911691,0.03601432268180964,0.8825094164717096,0.07813497599987573,0.13022495999979286,0.06495415451681429,0.9316940888928033,1.4681877821303755,0.06991370391097027,1.0640939354277241,0.5918865149230109,3.3606422058898366,0.2240428137259891,2.4352031656975055,0.940358821332319,0.1639631444191621,0.058705028435074164,0.12896449846417607,0.9390672855282662,0.180165805629825,0.0858341141638042,0.1653250810536743,0.730063400512063,8.619817622427671,0.12089505781805991,5.920343774343757,0.8101641434137008,7.19504711556654,0.1709037319612005,5.509351489193855,0.6910653765951253,1.6333541191795429,0.11939723093417713,1.3226118676583707,0.07514480670280677,3.9593616494394324,0.3625789056263216,2.8847604590537963
Dataset_3772,multi_output,ALL,ann,7,2,0.8475877764469901,3.327630537138433,0.01810462751435491,1.7406976506381846,0.5843523135820998,4.618656508341214,0.027639247828258964,2.6044790726133717,0.9491443470815685,0.047928357662839705,0.05991044707854963,0.02815382168758352,0.9022115471012768,0.058232843521523595,0.1141820461206345,0.05167387618745458,0.8561409505960663,2.0378726876030213,0.10189363438015106,1.6316901139428828,0.8030512859338212,2.551737770367199,0.15948361064794994,2.0151850267243128,0.9410134186399215,0.1667635713568743,0.05768369815180709,0.13345283462424848,0.911498457104472,0.1662628898888203,0.10845589686159188,0.12187851122688478,0.8273844393550919,6.897057792872029,0.0967329283712767,5.490515917060843,0.633603615725417,9.410188142469552,0.19553637698638038,8.212227634959287,0.6642557265623026,1.9008383553542851,0.14804037035469508,1.4196755658753653,-0.32860333795448793,3.400867355866934,0.354257016236139,2.621430313968918
Dataset_3772,multi_output,ALL,ann,7,3,0.744452902414632,5.196280902870128,0.029374114770322937,2.3722732593494875,0.640630032643428,4.238241014137742,0.0230602373041936,2.4698747098258953,0.9637595847620265,0.040367547012195984,0.050459433765244976,0.03409907491296043,0.7216583820864095,0.1012748961888222,0.16334660675616483,0.05169651301685082,0.8876721329524604,1.8566915484112412,0.08841388325767816,1.4300494145742189,0.7053565582480267,3.1632026107472853,0.18607074180866384,2.5144228215145756,0.9324514867886754,0.17591491290109285,0.060849157004874734,0.13279039615143537,0.8577352263316917,0.2669882558520721,0.12713726469146291,0.20620378631254038,0.5701430706172268,11.203354532932817,0.17396513249895681,8.360594373721867,0.7165756649405546,8.210490548559742,0.15760611476264022,6.69645897760401,0.3682382369527707,2.451865456280811,0.17463429175789252,1.903833037386957,0.20182433161045765,3.509115177877225,0.2811791007914443,2.880591450681498
Dataset_3772,multi_output,ALL,ann,7,4,0.7764237364860842,4.532481206527184,0.02465985422484866,2.1057203798271886,0.39594504489131066,5.096741088027801,0.029998476091982352,2.644625727683042,0.9379694905003083,0.0559019211272543,0.06987740140906787,0.04188953835254721,0.7555226178346186,0.06500743170922972,0.17107218870849925,0.0598667253808472,0.8702450472145661,2.1578616256743945,0.1027553155083045,1.7366893587385976,0.7527159579889803,1.7631544660056522,0.16028676963687746,1.3457372368306275,0.9526063383021747,0.162215276799946,0.0561104381874597,0.12933846627251375,0.3717119262418801,0.2470059239948697,0.28456903686044915,0.22112451946076941,0.7270824971964811,9.50872350893637,0.13336218105100098,6.620318464449232,-0.06811214569070478,11.153605364076721,0.2958516011691439,10.212791052849312,0.39421530921689063,2.7595834924568305,0.19655153080176854,2.000366071323051,0.1678868680817791,1.518876035340402,0.27818242405501864,1.383609103893655
Dataset_3772,multi_output,ALL,ann,2024,0,0.7854147089721835,4.043703786470047,0.022858698623346788,1.9883907578848365,0.6209724377051177,4.486618130676918,0.024411655316812223,2.6254597668742448,0.9241956402222762,0.05692004807967692,0.07115006009959614,0.04365186359797498,0.9216022578685991,0.050062432967697496,0.0927082091994398,0.03787803647995966,0.9082851288454449,1.560000844055653,0.07428575447884062,1.273296839755895,0.5451597932127812,3.600409128617988,0.24002727524119918,3.2261022757166717,0.9338022185666958,0.1773056805770597,0.06133022503530256,0.136297735996449,0.7276349286579417,0.28187681463718256,0.18057451290018092,0.226812772574144,0.7324091158816142,8.546933580855233,0.13271635995116823,6.832989730032862,0.7428736062159094,8.926842754611934,0.14927830693330996,7.631864137966831,0.42838144134488676,2.4978687111850926,0.17791087686503507,1.6557176200410029,0.16759160257035743,2.8134112759719727,0.27910826150515605,2.0046416116336188
Dataset_3772,multi_output,ALL,ann,2024,1,0.80714277144293,4.211517638036905,0.02291358889029872,1.9567211133699813,0.7547695456704359,3.9107201264130436,0.0230069427368693,1.9374136892355427,0.9310075879804222,0.0585113862700589,0.07313923283757362,0.03150009858657612,0.876890415579844,0.049928383335365874,0.10853996377253448,0.04205436722817958,0.8666505881848858,2.1527673776609566,0.10251273226956936,1.6764631108090844,0.8378109630160009,1.6494859335305805,0.1178204238236129,1.4620894873266284,0.9558566322999582,0.15091352665179994,0.052201150692424744,0.10852083585459348,0.869785054050193,0.18080545068603476,0.11479711154668873,0.14104811166607778,0.7175665840220364,8.903039704533663,0.12486731703413273,6.307919998540644,0.7910446320727498,8.258152210365665,0.16192455314442486,6.29950465818825,0.5646324647273474,2.18166959913868,0.1699119625497414,1.6592015230590087,0.39831666363339113,2.348530243943521,0.24463856707745013,1.7423718217685769
Dataset_3772,multi_output,ALL,ann,2024,2,0.8096932545286668,4.040328061659066,0.02198219837681755,1.7255847200490027,0.5578154778419753,5.729357488347472,0.03242053807349181,2.9753877277088363,0.9365018611324605,0.054833187050396505,0.06854148381299563,0.042921288208511044,0.8568929574142152,0.05592250855677723,0.12427224123728275,0.04765830275889737,0.882018875629359,2.0175626931657815,0.09607441396027531,1.5497933898904055,0.7975949652447827,1.5154793094009782,0.13777084630917982,1.4461876999717407,0.9339671229206448,0.17722695789383774,0.061302994774762275,0.13075366443740416,0.8414140279554388,0.21122186047696936,0.13119370215960827,0.1756979998498554,0.7536819848516915,8.56622350572965,0.12014338717713394,5.536747354713668,0.3435662245096369,12.058365031647227,0.2864219722481527,9.708407887928798,0.542296428109178,2.0337388684815454,0.14866512196502527,1.3677079029950243,-0.05039078591419721,4.047110002388679,0.31519548305207773,3.4989867480348917
Dataset_3772,multi_output,ALL,ann,2024,3,0.7613028531115977,4.016751947979593,0.021855116970344375,2.1276581794575726,0.5876013306752136,6.530533201392648,0.04061276866537716,2.675124102547856,0.9262803523177867,0.0479514648881453,0.07734107240023436,0.035093027742404935,0.9156095887498514,0.08470482400402853,0.10588103000503565,0.07496504462805406,0.9041867385245308,1.6068078011442979,0.08926710006357211,1.3416141980214051,0.7632414330084605,2.947471775325866,0.18421698595786662,1.9066545767231255,0.914392544858677,0.1701368458744547,0.06808197113823719,0.13277370916257036,0.9568687883257189,0.19994250873565414,0.06916032816868009,0.1530642399683506,0.7388213013988558,8.434206862917646,0.13015751331663036,7.18205167211801,0.1095928556385739,13.981725103442923,0.2894767102162096,8.873559541313652,0.32283332845813817,2.6310755314842154,0.18739854212850535,1.946758290243473,0.19269398765346335,3.002655628582942,0.2876106923930022,2.3673771101060983
Dataset_3772,multi_output,ALL,ann,2024,4,0.8021941476815719,4.081399882522246,0.02220565768510471,2.1318882496574956,0.6709754312903667,4.3364901177549955,0.02467419697157892,2.2291747485779974,0.9720814026012232,0.03614261012190564,0.04517826265238204,0.02995726151715608,0.6012651259378987,0.1102751101303152,0.22973981277149,0.08007735781691112,0.8862271679709182,1.8987592085869798,0.09493796042934899,1.493151070403996,0.7603082855152812,2.6669242119454464,0.1666827632465904,2.129248497795816,0.9500747381562684,0.159558031009102,0.055191294019059846,0.12510177062855854,0.9138884021381902,0.1543229009189652,0.10066725435027087,0.13698230796593208,0.767390196350511,8.536958032008151,0.11973293172521951,6.959577899004976,0.5571991998236098,9.216046831453738,0.2003488441620378,7.621974378432335,0.4351972333289392,2.603348032683061,0.18542364905150008,2.0516532467327933,0.5222161430368539,1.3934678315131857,0.22475287605051383,1.177591200878993
Dataset_3772,multi_output,ALL,ann,99,0,0.759342339263613,4.813311387152572,0.026189190854521857,2.5521432644264843,-0.012308493819869249,4.312491866600577,0.02681897926990408,2.028863741018678,0.9449701728237476,0.05147782962558662,0.06516180965264129,0.034705373995963754,0.6915132024299022,0.09041981892370002,0.18837462275770836,0.07032093534842337,0.9270304235885044,1.6079449836126773,0.07656880874346082,1.3109107223615577,0.1851935691233516,3.437250826999886,0.31247734790908055,2.787145797680159,0.9387417509119225,0.17426980147954335,0.06239520282117558,0.14392501397981414,0.7900760308722454,0.2524898311046607,0.14089834325036865,0.21627498398399048,0.7105075133462587,10.201506105030859,0.1430786269990303,8.951739650612188,-0.752363795911996,8.64006352441063,0.4114315964005062,4.954788643241702,0.27546183564763194,3.0249956589233897,0.21545553126234968,2.319435561182901,-0.9759614756128494,2.539805639306423,0.4999617400209492,2.115788344839113
Dataset_3772,multi_output,ALL,ann,99,1,0.8365232748452188,3.697268650279146,0.02011571626920101,1.6322786808921446,0.7243573051530402,2.3759093240111278,0.013515611377274748,1.39078125848946,0.9431250745104832,0.049137006522781704,0.061421258153477126,0.03956244136736888,0.9482325288188395,0.04444789912823413,0.0716901598842486,0.04051901176702493,0.9084583038209263,1.6079093920782974,0.07656711390849036,1.251619629190574,0.8217960686084804,2.486480519692005,0.14626355998188265,2.1365759254836143,0.9423414946034173,0.1588652014367128,0.05495164352705389,0.11503566824197313,0.9248119530974291,0.20351627999749233,0.08551104201575309,0.1690419716864782,0.791211318565377,7.845379239156854,0.11003336941313961,5.383522949615689,0.9510903605078063,3.620328905652037,0.07542351886775077,2.887723817193148,0.5974801827258909,2.0459659686124714,0.1457240718384951,1.371652716045118,-0.024144385267354185,2.9819396921712964,0.31061871793451007,1.720045566317035
Dataset_3772,multi_output,ALL,ann,99,2,0.7574021908396624,4.588830521464475,0.0249664337402855,2.369112382233407,0.07819651649595274,7.038570764658459,0.040324094899217754,3.1495616560006967,0.9648809833041442,0.03590615674547886,0.055240241146890565,0.029841262899803475,0.8077133275116243,0.10805971730109262,0.1440796230681235,0.07600108238699119,0.8044384616232501,2.323772109801984,0.12909845054455465,1.8302239818621298,0.764675418216958,2.9155617295988985,0.13883627283804278,2.380828266751988,0.9127183481563039,0.18612647538477023,0.0716698018424221,0.14865129847531322,0.9205998059540236,0.21793860366670714,0.07803029132356147,0.20105178338851776,0.6942439948413639,9.626477790023937,0.13501371374507626,7.812196387267555,-0.11520979527394681,15.05905265765447,0.33613956825121577,10.408443225727044,0.41072916627324907,2.679907460449064,0.1908765997470843,2.024648980662233,-1.9867961739288953,3.5174778980031354,0.5862463163338559,2.6814839217489426
Dataset_3772,multi_output,ALL,ann,99,3,0.702596534922922,4.960775105997218,0.028218288430018303,2.361374316335165,0.42475236058531685,7.401337361002025,0.040290350359292466,4.021129279770468,0.9320274711025663,0.05896102830962399,0.07370128538702998,0.04030236815025679,0.7252871229775713,0.06148939916333447,0.17568399760952705,0.05278027650962986,0.8659776868366885,2.2084097377116145,0.10516236846245783,1.7991765532909483,0.4291773703380466,2.384308581911366,0.26492317576792956,1.6265276297913727,0.9299564707815646,0.19397237154952462,0.06709525131425964,0.14880700048939352,0.6532670687762998,0.24569750660799697,0.1821330664254981,0.20450660143588628,0.4875511483941023,10.635784943866387,0.16802187905002192,8.080524067647993,0.5185965431745528,15.608575129417988,0.2408730729848455,14.082319127168779,0.29746989749968755,2.2379346808676734,0.20721617415441423,1.738061592097233,-0.20256630233988604,4.951997623323071,0.3527063834275691,4.139512763946677
Dataset_3772,multi_output,ALL,ann,99,4,0.8198608066446573,3.6210597961701345,0.01970108703030541,1.914470677428692,0.6198654278194635,7.552459030852464,0.04443929997559556,3.958163434952204,0.9308610885579641,0.05259356048011398,0.06574195060014247,0.039975701737214896,0.929387525065673,0.06462147710599839,0.10770246184333065,0.050847489756854526,0.8903936132283287,1.7537833158402636,0.08351349123048875,1.3820798312392615,0.9352328837126566,1.6920315882031471,0.1057519742626967,1.3846900641285973,0.9379317663558325,0.16810128694245494,0.05814641540728292,0.14004255221913595,0.9633062664896017,0.13744852924850967,0.07437690976650953,0.09626378941634542,0.7843090505466519,7.598910829453859,0.11726714242984351,6.447023429863442,0.2805516176674684,16.491790844553133,0.2868137538183154,15.8088067477607,0.5558085145345094,2.1702867089423887,0.15457882542324705,1.5632318720844065,-0.009151153838082182,3.2144957418022684,0.30790189097722886,2.4502090836985246
Dataset_3772,multi_output,ALL,lightgbm,42,0,0.9649386780783281,1.7946174126367673,0.00976396851271364,0.8536518246668873,0.6500451834934766,3.5883517460745886,0.020554197193691077,1.5703543245289155,0.9790652186641481,0.030558841346178933,0.038198551682723667,0.024223581685028202,0.9790207159003989,0.02920062975559198,0.05509552784073958,0.025843672146495366,0.9621480920498584,1.01151383902043,0.0505756919510215,0.7158134585908351,0.9135179891000925,1.853728311228755,0.11585801945179719,1.4539099854517215,0.985071430658538,0.08392544063780395,0.029029899909306107,0.06666347909555527,0.9368444705161802,0.16113173041031606,0.09319359769249048,0.12285093607560682,0.9513876316204418,3.795848105983927,0.05323770134619814,2.906909497294987,0.779491507085357,7.451468372544035,0.1592194096697443,4.549299290916636,0.9470210173986546,0.8146519969245405,0.0580236465045969,0.5546491066680306,-0.3586487651346455,2.322463260760984,0.3317804658229977,1.6998677380541174
Dataset_3772,multi_output,ALL,lightgbm,42,1,0.9459678107830765,2.042143453722572,0.01161628813266537,0.7784157660302993,0.8976090739638032,2.879680384220185,0.01566831919157835,1.7037645173796978,0.9855697214708647,0.025582153746801232,0.031977692183501535,0.018312024307891365,0.8976769665867154,0.0620471750085815,0.11932149040111827,0.05565387444093121,0.9763943619075106,0.8574539117032497,0.0408311386525357,0.6592993157150029,0.8597942690137305,2.0100283892431774,0.13400189261621182,1.713144427765485,0.9799675008771154,0.10068012455078018,0.03482536304074029,0.07365785071107717,0.9466423247048158,0.12151907147733836,0.08994749924303358,0.09155495330377963,0.9190951957859863,4.3663888288178425,0.07687304276087752,2.41046444741438,0.9315728450497216,5.876894950579987,0.08242489411753139,5.445763575963034,0.8688122738739064,1.0199901365794852,0.08499917804829045,0.7303451920031447,0.8523589644640329,1.6929472685046147,0.13565282600197234,1.2127057554252585
Dataset_3772,multi_output,ALL,lightgbm,42,2,0.9561673255310232,1.524908704830998,0.008296565314640902,0.8277140543893926,0.5435212599008745,5.166258526150834,0.032154468949715784,2.0891454733837005,0.9683652213127153,0.03283138133943798,0.05211330371339362,0.025355597073289257,0.800138502314327,0.1075522850957511,0.16052579865037478,0.08482998362149806,0.9550886350366149,1.1003838316279446,0.06113243509044137,0.8231975984149118,0.9594612203073516,1.1782386744478275,0.07363991715298922,0.9357132960115544,0.9719470562125413,0.10447152079636825,0.040227770811077486,0.07547065625951802,0.9187325740390163,0.20979454538582587,0.09605977352830858,0.13449498029674573,0.9722114966473662,3.0669578441577916,0.043014836523952195,2.474322284942682,-0.5461560507644803,11.362784228184001,0.4370301626224616,7.923846652959968,0.913224218445879,0.9988321166939866,0.07114188865341785,0.740224135256562,0.585430053608158,1.7013061921936132,0.20253645145162066,1.3668424540287358
Dataset_3772,multi_output,ALL,lightgbm,42,3,0.9557271707638471,2.1337281265534265,0.011609598599235141,0.868979159751205,0.6665953647156609,2.538044771051522,0.014437114738632092,1.3501735535813182,0.9853376143780103,0.02595175155041443,0.032850318418246115,0.020434538066585822,0.8382830162887476,0.043587205966276174,0.12453487418936049,0.035977457712081516,0.995597606694628,0.3952792708910064,0.018822822423381257,0.34533542860196886,-0.23406084160664586,2.8388682327902157,0.40555260468431653,2.101193254974226,0.9811232116888788,0.09589695753493843,0.03433475028103776,0.0723673879554363,0.9018713950923564,0.1191818434896492,0.09153751420095942,0.08809373887610457,0.9310139569039411,4.615224477671995,0.06472965606833092,3.0596085776090733,0.8750395855911132,4.874824997580465,0.11055278370746037,3.9558352415324043,0.8855634641537766,1.1391076283890467,0.0811330219650318,0.8471498665229608,0.9518436682127334,0.6075858316217534,0.07337993135528423,0.5697680748117746
Dataset_3772,multi_output,ALL,lightgbm,42,4,0.9700846072122948,1.5210780369940968,0.008275723813896066,0.7195623691282608,0.7848817854523713,4.791462214639493,0.028198341658659917,2.148407321460034,0.9805764443126457,0.03031832315417404,0.03789790394271755,0.0236428199038391,0.8866247801137807,0.058276635803653665,0.10595751964300668,0.0497493092847438,0.9688598327695613,1.0340964966317692,0.04924269031579853,0.6785888676083937,0.895421971105568,1.408846444260895,0.09392309628405966,1.1715760430803357,0.9801530877140017,0.09497533748131973,0.03285207107620883,0.06935229640829153,0.8904083590792502,0.23804210723966387,0.1021201661259819,0.18245444470811353,0.9622339817135079,3.174860123941469,0.04452819248164753,2.4190778671352406,0.7214595238025647,10.336692756845093,0.20268025013421756,7.326245540926637,0.9585996895517578,0.6398125403122119,0.051267030473734924,0.407149994585539,0.5304942931606926,2.4286673521851294,0.24093922144693744,2.01201126930034
Dataset_3772,multi_output,ALL,lightgbm,123,0,0.9540650419609047,2.1990127487237237,0.011964160765635057,0.9069793755639584,0.9009371079409064,2.3888442737478135,0.013596154090767294,1.3324222085855681,0.9897939639990897,0.021883806584348152,0.027354758230435188,0.016058630918219886,0.9534336262418336,0.03848792025067959,0.07697584050135918,0.02470983858489466,0.9630698532454773,1.0964095770664037,0.05220997986030494,0.8294002844704019,0.9398268146796067,1.2772068923220845,0.07512981719541674,0.8997203274157215,0.9839834650312719,0.09005747809199052,0.031150978240052064,0.06299013653027119,0.9556798007130411,0.12079677368493869,0.07233339741613096,0.10007408890643688,0.924607252127692,4.695471865420237,0.06585514537756294,2.9618052420937695,0.9135425397402703,4.86548221594906,0.08565989816811725,4.519611617241651,0.9088706754009932,0.9592320341087898,0.07470654471252255,0.6646425838071289,0.7422027583297803,1.7923830508680527,0.1493652542390044,1.1179951707791373
Dataset_3772,multi_output,ALL,lightgbm,123,1,0.9620273765294591,2.1460244075473773,0.012131285514682743,0.8564099948223275,0.7802436022785586,2.4223648994705305,0.01318293822841105,1.4969080054384314,0.987205971974531,0.02490369312836003,0.031129616410450034,0.01917768817533288,0.901360753753439,0.04428895876194569,0.13420896594529,0.04088570934605162,0.967853417121623,1.0006226313233864,0.05003113156616932,0.6681825524333401,0.8765756724390388,1.770160049755883,0.12644000355399163,1.4891365933829823,0.9800665795864127,0.09944745716581249,0.03439898207049896,0.0751293581284897,0.9066728020176075,0.1662833364692671,0.11365915001316958,0.11294576274992998,0.9202162231995633,4.640404538818399,0.07205597109966459,3.0466087592961,0.9442670463450635,4.404249190359898,0.07364965201270732,3.6839799430172633,0.9547946907651663,0.6942577792680822,0.04944855977692893,0.4729516160783746,0.2723417368376445,2.6036069861907407,0.28177564785614084,2.157592018695929
Dataset_3772,multi_output,ALL,lightgbm,123,2,0.9542571925239333,2.1415082457949817,0.011651296223041249,0.8924792630806412,0.8272957004130991,2.2780311684790493,0.013400971636443612,1.3386707355050569,0.9746922370822906,0.03318166817705329,0.041477085221316615,0.024687499985521374,0.9368385061324411,0.05359024590217455,0.08643588048737831,0.04935959000049074,0.971626040724054,0.9178122511825139,0.04370534529440542,0.655942773700571,0.8657232800346921,2.264932398752669,0.13323131757368642,2.0031875085876476,0.9754548949938298,0.1056457496388852,0.03654297808332245,0.07296118462390473,0.9269747671220164,0.19393835191937334,0.08148670248713166,0.11775549432673886,0.930615108889872,4.601572092766284,0.06453817801916248,3.0231530439529783,0.914085558324726,4.051724072065872,0.09601241876933347,3.199004819827859,0.9188976809296203,0.9493053951039815,0.06761434438062545,0.6856518131402306,0.4928563904516201,2.088123391213144,0.23514903054202071,1.3240462647825482
Dataset_3772,multi_output,ALL,lightgbm,123,3,0.9709313146239372,1.3249298121787403,0.007208933087647534,0.698313545623701,0.7135114908166482,4.919687389149146,0.028176903717921798,2.361915397834212,0.9736335398076819,0.03195906939435898,0.04045451822070757,0.02304875798368835,0.9713650708679763,0.043113649251357404,0.06632869115593448,0.0382885098534823,0.992004750281832,0.49500425325892455,0.023571631107567836,0.3950855629085996,0.7874513054209868,2.6866298886830053,0.17910865924553368,1.920603979089019,0.9830987333375375,0.08604476246996036,0.030807290537042745,0.06433677667088951,0.937948785936149,0.18943424720725172,0.08960938846133001,0.14498204678121965,0.97169555852599,2.786195240139827,0.04299684012561462,2.3754006905061584,0.638516586666638,10.524602597826426,0.16947830270251893,8.468199671577812,0.9342239911666447,0.8722710735847231,0.06212756934364124,0.6336959400491693,0.232275705191491,1.7302126785627676,0.2942538568984299,1.2375027818695263
Dataset_3772,multi_output,ALL,lightgbm,123,4,0.9568469795001757,1.1023496855913726,0.005997549976013997,0.6092774752811174,0.7913831124191232,5.500027009307315,0.03111402958254973,2.239549805183967,0.9717849247691794,0.0342313378007215,0.05266359661649462,0.02814485403273772,0.8460057240274375,0.08604822024880517,0.12843017947582863,0.06954280114348275,0.9714879790440689,0.9589078163193223,0.05046883243785907,0.6558448076002047,0.8771149993411136,1.7041415982833723,0.10650884989271077,1.403971679739117,0.9766430968170359,0.1008128136944036,0.038818950209627875,0.07547212802266082,0.9469489995542635,0.16809559768003762,0.076966848754596,0.08512722206681124,0.9868275614842822,1.9912261850467923,0.027927435975410832,1.5311766532976658,0.37006128147977035,12.128161960712616,0.268351852211807,8.697415852148216,0.8774913353863124,1.0863025446486296,0.07940808074916884,0.7557489334523183,0.9167845576930309,1.1042707806992813,0.09585683860236816,0.9416914708222082
Dataset_3772,multi_output,ALL,lightgbm,7,0,0.9603515631591861,1.3122104834407833,0.007139338865292618,0.7333640927150101,0.7651487765995463,4.9984505083255275,0.028445541249291644,2.3881465103150967,0.9697759578456306,0.03305161508671146,0.0524628810900182,0.0264295907725606,0.8712899701999064,0.09013778692163964,0.1251913707244995,0.06264813246696743,0.9682602528107278,0.9599084817850344,0.0505214990413176,0.7344529364036693,0.9270748327794933,1.6561008305455758,0.09200560169697643,1.3380586752847279,0.9675469454377092,0.11218872658596094,0.04319935563571849,0.07969759046047734,0.9266248329574367,0.22816469077619767,0.08691988220045625,0.15752584378946777,0.9740952295208632,2.6003728992291513,0.040129211407857274,2.1196403505723103,0.674307885081386,10.867954559642719,0.1716896454919861,8.869125894721005,0.9220794301809994,0.9552170099921684,0.06803539957209176,0.7065999953660332,0.42644636197950947,2.0018109807765967,0.21664621004075726,1.5133740053133162
Dataset_3772,multi_output,ALL,lightgbm,7,1,0.9536294691525381,1.7282669577228535,0.009403487446122497,0.7909652640313807,0.8566287408961829,4.027464708678112,0.022766900557818607,1.7837099139583112,0.9824844784382257,0.027115991947241284,0.03432404043954593,0.021002122005061644,0.9639784631906947,0.04326384075976118,0.07210640126626863,0.03947968030551319,0.9878058462960788,0.6203378689898077,0.029539898523324178,0.4891822978372416,0.7723872291460065,2.5097480045793654,0.16731653363862437,1.273866899565462,0.9861654509410364,0.07896881725788887,0.02827383360468632,0.060707419491393286,0.9340495186218742,0.18743733035987267,0.08929839464500841,0.1374655314855135,0.9515541334735204,3.6517038973071663,0.05121604344049322,2.598600187645823,0.7333271447114684,8.527739484386402,0.20255913264575778,6.435088845686518,0.8601374366138288,1.099000277230848,0.0803362775753544,0.7853342931773833,0.8794013488108708,1.429748098601866,0.13092931305877892,1.0326486127485508
Dataset_3772,multi_output,ALL,lightgbm,7,2,0.9574238439514613,2.1641236512362574,0.011774339778216852,0.9173120248776232,0.8438190359530419,1.8187790406973632,0.010884049194801852,1.0787038129370212,0.9796615757019805,0.030309696098809603,0.037887120123512,0.025606231010267554,0.9717091226147524,0.03132185090219023,0.0614153939258632,0.026597811291208407,0.9643646645985492,1.014259025515661,0.05071295127578305,0.7411058098549682,0.9019502686415921,1.800456658629834,0.11252854116436463,1.5377225709762226,0.9848720247005052,0.08445297972214892,0.029212376244257668,0.05954412112439891,0.8950962066718792,0.18101538993249727,0.11807918456131594,0.12193706916509546,0.9212494225210921,4.658550064329789,0.06533730805511626,3.117210626278265,0.9636040455372966,2.9658506211158766,0.061628064854355895,2.3388043526293103,0.9369715322351789,0.8235865668113717,0.06414225598219404,0.643093336120216,0.4867355362996886,2.1137938116774335,0.220186855383066,1.36845726062327
Dataset_3772,multi_output,ALL,lightgbm,7,3,0.9401238078950556,2.1131184104659213,0.011945270833611766,0.852751580286844,0.8502098701816989,2.5011462968377813,0.013608718084976231,1.43591034140358,0.9862782169110628,0.02483939719166969,0.03104924648958711,0.017370749974060153,0.9174249612482895,0.05516163447321794,0.08897037818260958,0.043535428803715304,0.9722301198270736,0.9231728151794558,0.043960610246640754,0.6082256517402423,0.91379373753211,1.710992197805235,0.10064659987089618,1.4625252540046927,0.9792896443711819,0.09740663459096889,0.033693059353500136,0.0704517464415935,0.9066079126268841,0.21632091474783635,0.10300995940373162,0.17388444391743324,0.9320048617236222,4.455793382582735,0.06918933823886235,2.6168155683112047,0.906521751846104,4.715261899118485,0.09051275360626712,3.8363487309963853,0.8308161966423373,1.2688180800179605,0.09037165812093735,0.9508941849671184,0.6067009876551073,2.463257471037648,0.1973763999228885,1.663257849295674
Dataset_3772,multi_output,ALL,lightgbm,7,4,0.9692021140588812,1.6248900758282814,0.008840533600806753,0.793289978172183,0.3910247974620684,4.613881713671735,0.02715645505398314,1.892759532412196,0.9857213942931412,0.026820505531142354,0.03352563191392794,0.021681095357525652,0.8921266582458522,0.04318179899688538,0.11363631314969835,0.03290543758626965,0.9699810801978818,1.0379086947005471,0.04942422355716891,0.6606592490125791,0.8734073113183569,1.261527226589411,0.1146842933263101,1.135021599787324,0.9805398977376227,0.10394513770905904,0.035954734593240764,0.0763387857215292,0.7328288061362525,0.16107301083190265,0.18556798482938106,0.10244742085018872,0.9655554453639256,3.378055742883758,0.04737806091001063,2.639009247792353,0.14009261379239746,10.007663339958421,0.26545526100685474,6.657531617734948,0.9442127527018348,0.8374364458816942,0.05964647050439417,0.5687615129769282,-0.6833314021825168,2.1603093960854265,0.39566106155410735,1.535891586102249
Dataset_3772,multi_output,ALL,lightgbm,2024,0,0.9599878067386468,1.7974517444302132,0.010160835186151572,0.8645057699112841,0.7603707148250667,4.05956930978265,0.022088085912087982,2.0382582819420088,0.9841183007567292,0.026053534533247432,0.03256691816655929,0.020389451499774336,0.8842536755537466,0.060829434455970235,0.11264710084438932,0.051088687039876346,0.9704726479046741,0.8851506743918564,0.04215003211389792,0.7279360798574365,0.6523562399678131,3.147673293230625,0.20984488621537498,2.5373371760531604,0.9883137912965836,0.07449682290418944,0.025768530925004994,0.05966496899063199,0.7821559392942331,0.25209051820391504,0.16149296489680648,0.21991397852142625,0.9473285667161425,3.7919468379227395,0.05888116207954565,2.8236675364070707,0.7752738446087417,8.34548087731137,0.13955653640988913,6.113924560354514,0.9097057270191046,0.9927652121639639,0.07070977294615127,0.6908708128015075,0.7078138747007987,1.666843370174382,0.16536144545380776,1.2690270077410668
Dataset_3772,multi_output,ALL,lightgbm,2024,1,0.9551674781767365,2.1902666580233627,0.011916575941367587,0.8787383625579445,0.8587510353395205,2.0638652173167067,0.012141812079754717,1.1213077958188928,0.981147914789268,0.03058577014937949,0.03823221268672436,0.02620007376196831,0.9220354567108472,0.039732888718905485,0.08637584504109887,0.034078723167674546,0.9713235778273857,0.9983068110628488,0.04753841957442137,0.6528609033420417,0.8394849919633703,1.6409512958118917,0.11721080684370655,1.1745275083387514,0.982321353110609,0.09550364508003839,0.033034813241106326,0.06840318566190738,0.8855913793848645,0.16947688620616985,0.10760437219439355,0.13124115474744638,0.9212431114193196,4.7013712366619105,0.06593788550717967,3.035268973430363,0.9516542990150982,3.972236044805948,0.07788698127070488,3.0040572002234853,0.9198014337371004,0.9363630368390894,0.07292547015880757,0.6109586765934422,0.6949890496234225,1.6721293933073085,0.17418014513617797,1.262634392617106
Dataset_3772,multi_output,ALL,lightgbm,2024,2,0.9634797425849383,1.6242890471014995,0.00883726358597116,0.8297842356938332,0.7794831803901395,4.607024060855957,0.02606962460873674,1.886091177943793,0.9846575960844045,0.026953160465522485,0.03369145058190311,0.020069357171230463,0.8905989022622538,0.04889528491469663,0.10865618869932585,0.04405221796946175,0.9674102646640752,1.0603791755060266,0.05049424645266793,0.7451823714222422,0.9113139821311029,1.0031524385666313,0.09119567623333012,0.8255071153382018,0.978010711756034,0.10227164911459023,0.035375873093943355,0.07903757319924323,0.8903835255677369,0.17560803944888093,0.10907331642787634,0.10024738472888586,0.9617901664707151,3.3738742078156614,0.047319413854357104,2.7011139821968295,0.5498631939903209,9.985394554202637,0.23718276850837622,6.442261150026853,0.9255299739494632,0.8203398159221524,0.05996636081302285,0.6035178944796207,0.6552562979992833,2.318556735562171,0.1805729544830351,2.018388021655563
Dataset_3772,multi_output,ALL,lightgbm,2024,3,0.9573332663954149,1.3442141293271292,0.007313858911405024,0.6708578669770917,0.7758217446897826,4.71401785256696,0.02931603142143632,2.122354739392931,0.9610480534181541,0.03485578247461993,0.056219003991322465,0.026757324425316722,0.8581739869495904,0.10980940541553998,0.13726175676942495,0.08101358769490472,0.9898876119452875,0.522008990879212,0.029000499493289558,0.4023135741074247,0.815875922592319,2.5992741968849784,0.16245463730531115,1.7481975639750666,0.9703502282170676,0.10012747428959633,0.04006701652244751,0.07262864606295523,0.9545218878996442,0.20531019785610388,0.07101701759118087,0.14952659422885844,0.9718677792206715,2.7680719875336957,0.04271716030144592,2.0691150481112093,0.5396457936438772,10.053389273521695,0.20814470545593572,7.420431641378989,0.8935126591758935,1.043360808161038,0.0743134478747178,0.7834747421785524,0.7108911323634826,1.7968719913186677,0.17211417541366553,1.2126043096868357
Dataset_3772,multi_output,ALL,lightgbm,2024,4,0.9575394542329217,2.170222753738361,0.011807523143299026,0.9166477613255377,0.838662869674514,1.8716707426164778,0.010649620157135008,1.0570810643322723,0.9849784127662173,0.02651127575541699,0.03313909469427124,0.020358350929454143,0.9673935726759697,0.03153457609757408,0.06569703353661267,0.024029953138369847,0.9643201842171931,1.0633149266834032,0.053165746334170164,0.7248901349562608,0.9578126569082456,1.1188587193135227,0.06992866995709517,0.9025469777558044,0.9807843631204012,0.09898876006681594,0.034240318252098216,0.0702584468670555,0.9785051488490095,0.07710220094218555,0.050294977783552235,0.04742434554126022,0.9313020017292515,4.639393187494847,0.06506862815560796,3.080906491341036,0.9287890983937627,3.6958447243723174,0.08034445052983298,3.237360383952457,0.9263123093315453,0.9403321755504791,0.06697522617880905,0.6868253825338824,0.36081387154558253,1.6117396205647543,0.2599580033168959,1.0740436612734698
Dataset_3772,multi_output,ALL,lightgbm,99,0,0.9708399371529823,1.349896848581559,0.007344778543890087,0.7000330394767303,-0.008886683860807997,5.691903747833727,0.03539741136712517,2.283334573936434,0.979008772160053,0.031793627012259414,0.04024509748387267,0.025200631616953715,0.8776288628401555,0.056948834433323124,0.11864340506942317,0.04803338585093215,0.9934126627580036,0.4831202279451459,0.023005725140245042,0.39723685740891873,0.5090712161441427,2.6680456079141393,0.2425496007194672,1.7801091921562975,0.9820293475425784,0.0943890835389062,0.03379487416358977,0.06830514442760968,0.943108238810431,0.13144303139269597,0.07334990591110263,0.08987594014523015,0.9780846333724086,2.806855244147634,0.03936683371876065,2.3112825893170132,-2.573619412207232,12.338402933930634,0.5875429968538397,8.298335640021236,0.921664269931868,0.994658664564568,0.07084463422824558,0.6981399746131561,0.19937767510846238,1.6166838302015456,0.31824484846487106,1.2003187115084748
Dataset_3772,multi_output,ALL,lightgbm,99,1,0.9608205286859743,2.1396073901446786,0.011640954244530351,0.8793446303946449,0.8016480168097825,1.9493243979833181,0.011088937925839457,1.1740328823591453,0.9785217734893589,0.030195865622517193,0.03774483202814649,0.022607112190124377,0.9431094850915929,0.04659536257881739,0.0751538106109958,0.04248918927064903,0.9701589862427578,0.9180342429879584,0.043715916332759924,0.6356194832528353,0.8946716293064298,1.9116091638960115,0.11244759787623597,1.6633290137237537,0.9831201375946834,0.08595705717612187,0.029732638248399126,0.05586838685197639,0.8394704234090573,0.29737351341937635,0.12494685437788923,0.24441010011116848,0.9271771986541479,4.633339854134951,0.0649837286694944,3.126115024442609,0.9635711618246219,3.1244491231348968,0.06509269006531035,2.3639248460896414,0.9451245474489237,0.7554293074906347,0.05380550623152669,0.5565131452356803,0.3674173844172105,2.343564377186652,0.24412128929027624,1.5560112626005134
Dataset_3772,multi_output,ALL,lightgbm,99,2,0.9664534326117089,1.2895533184484103,0.0070160681090773135,0.6977944303509415,0.6599760314876526,5.063050356994723,0.029006303964449857,2.2551952363538077,0.9762868191664699,0.029504798653148145,0.04539199792792023,0.023150396040079117,0.8885129089802443,0.08228137241004997,0.1097084965467333,0.06314828551156945,0.9543761146298266,1.1224007447020377,0.06235559692789098,0.852191753745604,0.9842393147405606,0.7545293560674142,0.035929969336543535,0.6030824131883463,0.9795940413949467,0.08999640792519158,0.03465398841940376,0.06484628400179758,0.9376961863988261,0.1930548414631858,0.06912096006558749,0.14853800248457955,0.9790457598937837,2.520088969482584,0.03534486633215405,1.953951989950972,0.3910715708683389,11.127625203747364,0.24838449115507502,9.004360132052492,0.9429644279735174,0.8337488070204672,0.05938381816385093,0.594831728016255,0.09836017645029338,1.932614024326339,0.32210233738772315,1.456847348532051
Dataset_3772,multi_output,ALL,lightgbm,99,3,0.9409957861555942,2.1552768889904215,0.012259823031799894,0.8790342931163696,0.8530192351300435,3.1693566015381136,0.01725289385703927,1.7264663130863998,0.9862128725682129,0.02655432278448311,0.033192903480603886,0.021659415717847665,0.846413274686381,0.04597667721780133,0.1313619349080038,0.03274048992315599,0.9681295993850701,1.07692351508159,0.05128207214674237,0.7469534174673801,0.9138525609848048,0.9262603133845969,0.10291781259828854,0.6607510260965321,0.9836181209362593,0.09380753480978285,0.03244812687989722,0.07022073678479429,0.8829241971086879,0.14276993968862087,0.1058339063666574,0.08754760621591132,0.9045202332860683,4.590922482567446,0.07252642152555208,2.872143912918898,0.9142785969807133,6.58647870751203,0.1016431899307412,5.748428508360332,0.8624981046023603,0.9900777025852943,0.09167386135049022,0.6841939826929275,0.7076275458896306,2.4417103217578333,0.17391099157819326,2.1028639348360674
Dataset_3772,multi_output,ALL,lightgbm,99,4,0.9568805259643571,1.7591778393945108,0.00957115255383303,0.8359190898184743,0.8875367753347183,3.921723908761724,0.023075751154820384,1.8418575727259843,0.9837867117626743,0.025468704569014233,0.03183588071126779,0.018882967913974195,0.937301188459804,0.060892782334462596,0.10148797055743766,0.05198679081971832,0.9717703179246248,0.8900430168890873,0.04238300080424225,0.6408027497713489,0.9089217179842417,2.006497399247349,0.1254060874529593,1.847174947834221,0.9777780009218706,0.10058376961037813,0.03479203376353446,0.07710232466799327,0.9914921247849142,0.06618425758240211,0.03581399219826952,0.05475738258619004,0.9490827457141942,3.692052562444169,0.05697611979080508,2.69086757125975,0.8130244910297346,8.407373860137039,0.1462151975676007,6.213074065968103,0.9019848534984218,1.0194797240252784,0.0726125159562164,0.7519398354793047,0.7869443544148963,1.4770026264609661,0.14147534736216155,1.0422946764216878
