dataset,mode,target,model,seed,fold,train_r2,train_rmse,train_nrmse,train_mae,test_r2,test_rmse,test_nrmse,test_mae
Dataset_3772,single_output,Si Particle Size (um),linear_regression,42,0,0.8977089248949432,0.067549406997547,0.08443675874693374,0.052441132076278894,0.9487152799168368,0.04565526631047141,0.08614201190654983,0.03661560053165497
Dataset_3772,single_output,Si Particle Size (um),linear_regression,42,1,0.9339102422908696,0.054747819612584125,0.06843477451573016,0.0434870540209822,0.7768930408854744,0.09162033347790677,0.17619294899597454,0.0630736427689432
Dataset_3772,single_output,Si Particle Size (um),linear_regression,42,2,0.9101425105872863,0.05533295901975814,0.08783009368215579,0.04674690811089911,0.7992145812199892,0.10780059517272664,0.16089641070556215,0.08892597901015407
Dataset_3772,single_output,Si Particle Size (um),linear_regression,42,3,0.9091589575773517,0.06459596800869898,0.08176704811227718,0.04911696684025338,0.6920503449255934,0.06014798399315187,0.17185138283757675,0.04344387560845104
Dataset_3772,single_output,Si Particle Size (um),linear_regression,42,4,0.9172730259954924,0.0625697442192913,0.07821218027411413,0.045028838663913044,0.8421371951199755,0.06876624483444337,0.12502953606262432,0.06402151300812521
Dataset_3772,single_output,Si Particle Size (um),linear_regression,123,0,0.9439340222211983,0.051291337016179585,0.06411417127022448,0.0383247294307631,0.6860309787457399,0.0999382254798205,0.199876450959641,0.07969680508886204
Dataset_3772,single_output,Si Particle Size (um),linear_regression,123,1,0.9118169691747954,0.0653811594545426,0.08172644931817825,0.05026743653631078,0.8356128690691669,0.05717478043629773,0.17325691041302343,0.047896201492267754
Dataset_3772,single_output,Si Particle Size (um),linear_regression,123,2,0.9057011237364395,0.06405080553229206,0.08006350691536507,0.0468021586072293,0.9225633577684729,0.059337987091562315,0.09570643079284244,0.05313142255822518
Dataset_3772,single_output,Si Particle Size (um),linear_regression,123,3,0.8933235678934888,0.06428393477336863,0.08137206933337801,0.0500580888789304,0.9408185650348945,0.06198112768486007,0.09535558105363089,0.04306259077820408
Dataset_3772,single_output,Si Particle Size (um),linear_regression,123,4,0.9065328700214603,0.06230353945884952,0.0958515991674608,0.048925693088598794,0.8988421746971564,0.06974118866347105,0.10409132636338964,0.05533386844335405
Dataset_3772,single_output,Si Particle Size (um),linear_regression,7,0,0.8954125988496078,0.0614831484658362,0.09759229915212096,0.04765525127847659,0.9110723102435628,0.07492369729181213,0.1040606906830724,0.06360229601113587
Dataset_3772,single_output,Si Particle Size (um),linear_regression,7,1,0.9120935174574167,0.060746940633204925,0.07689486156101889,0.04677780524202577,0.8996508441365304,0.07221057687265131,0.12035096145441883,0.05565091123388894
Dataset_3772,single_output,Si Particle Size (um),linear_regression,7,2,0.9044149727486501,0.06570794189500795,0.08213492736875994,0.050702771147541584,0.915606187889574,0.05409778854321159,0.10607409518276782,0.04461139744092495
Dataset_3772,single_output,Si Particle Size (um),linear_regression,7,3,0.9295345640663788,0.05628904087849612,0.07036130109812015,0.04548407208194161,0.7812372943402426,0.08978408810202054,0.14481304532583958,0.054430379884665925
Dataset_3772,single_output,Si Particle Size (um),linear_regression,7,4,0.9166403699671481,0.06480402012061418,0.08100502515076771,0.04792392052223029,0.8318246078268965,0.05391689697110005,0.14188657097657906,0.047500218158770015
Dataset_3772,single_output,Si Particle Size (um),linear_regression,2024,0,0.8929631107463312,0.06763708864544679,0.08454636080680848,0.05165484065283486,0.9397868449320551,0.04387386215407376,0.08124789287791437,0.037708764738424654
Dataset_3772,single_output,Si Particle Size (um),linear_regression,2024,1,0.9152997060267706,0.064830919652624,0.08103864956578,0.047497292228028724,0.8440297164818402,0.05619821249730464,0.12217002716805354,0.05134951996184711
Dataset_3772,single_output,Si Particle Size (um),linear_regression,2024,2,0.9100233656255942,0.06527214169038097,0.0815901771129762,0.049413970852746264,0.8659987739873357,0.054114110878877485,0.12025357973083886,0.043984121286777464
Dataset_3772,single_output,Si Particle Size (um),linear_regression,2024,3,0.9117071988509018,0.05247747148390221,0.08464108303855195,0.04211672971778684,0.8499242443184074,0.11295796564855214,0.14119745706069017,0.1044475783379797
Dataset_3772,single_output,Si Particle Size (um),linear_regression,2024,4,0.936786236864826,0.05438492542282577,0.06798115677853221,0.04336794894209999,0.6869452180138332,0.09771147303806196,0.20356556882929577,0.06660637265680389
Dataset_3772,single_output,Si Particle Size (um),linear_regression,99,0,0.9139618842644099,0.06436749368001601,0.08147784010128609,0.04783539576572154,0.8557534329424298,0.06182983463694861,0.12881215549364294,0.04946684995995583
Dataset_3772,single_output,Si Particle Size (um),linear_regression,99,1,0.9000441125455664,0.06514070651703795,0.08142588314629742,0.047253605581649,0.9252427421509741,0.05341330419334286,0.08615049063442397,0.04870559647979838
Dataset_3772,single_output,Si Particle Size (um),linear_regression,99,2,0.9253832882008144,0.05233784082235668,0.08051975511131798,0.04329810015318698,0.8462180821453471,0.09663665113304738,0.12884886817739652,0.0665956617036253
Dataset_3772,single_output,Si Particle Size (um),linear_regression,99,3,0.9113066264461225,0.06735098044982162,0.08418872556227701,0.051998901571989234,0.8688228593185396,0.042490302297082894,0.12140086370595111,0.03387966699510876
Dataset_3772,single_output,Si Particle Size (um),linear_regression,99,4,0.9114599511254413,0.05951702062184808,0.07439627577731009,0.045043259740409416,0.884522694742667,0.08263889176493551,0.1377314862748925,0.0726760188020406
Dataset_3772,single_output,Si Particle Size (um),ridge,42,0,0.8966180697538403,0.06790863289148621,0.08488579111435776,0.052569746782615,0.9574406782225985,0.04159050894723773,0.07847265839101458,0.035133686392669394
Dataset_3772,single_output,Si Particle Size (um),ridge,42,1,0.9328502916571608,0.0551850973655445,0.06898137170693062,0.044001612978658095,0.7858957025644419,0.0897527991436837,0.17260153681477633,0.06288511460345636
Dataset_3772,single_output,Si Particle Size (um),ridge,42,2,0.9090963913371236,0.05565411963709577,0.08833987243983457,0.046506198287668686,0.7756026686674349,0.11396301151270079,0.17009404703388178,0.09252148844969159
Dataset_3772,single_output,Si Particle Size (um),ridge,42,3,0.9081647742181447,0.06494848202555153,0.08221326838677409,0.049696289221123686,0.7400652367836265,0.05526032020069903,0.15788662914485435,0.03996999826845945
Dataset_3772,single_output,Si Particle Size (um),ridge,42,4,0.9163067019367181,0.06293411816979134,0.07866764771223918,0.044983701405061645,0.8359881877170392,0.07009272838772436,0.12744132434131702,0.06573074681375678
Dataset_3772,single_output,Si Particle Size (um),ridge,123,0,0.942993106857253,0.051719939251370695,0.06464992406421337,0.03968575481216441,0.6813650199141209,0.10067808816632172,0.20135617633264344,0.08144063287802222
Dataset_3772,single_output,Si Particle Size (um),ridge,123,1,0.9108336138825418,0.06574469121151805,0.08218086401439756,0.050799357366957475,0.8427871940365778,0.05591322689171188,0.1694340208839754,0.046386691312308374
Dataset_3772,single_output,Si Particle Size (um),ridge,123,2,0.9046057402483345,0.06442174114548854,0.08052717643186068,0.04759656742017116,0.9280591456065473,0.057193588835194056,0.09224772392773235,0.05193686888173426
Dataset_3772,single_output,Si Particle Size (um),ridge,123,3,0.8921654862470936,0.06463192676144718,0.08181256552081921,0.05001793690866177,0.9476356530745645,0.05830215042820142,0.08969561604338681,0.04264828909849191
Dataset_3772,single_output,Si Particle Size (um),ridge,123,4,0.9055094484978461,0.06264370818552262,0.09637493567003481,0.04952586473752371,0.8864570582087654,0.07388727913216224,0.11027952109277947,0.05689711782665653
Dataset_3772,single_output,Si Particle Size (um),ridge,7,0,0.8942946128416394,0.061810886714214815,0.09811251859399178,0.048885108186690264,0.899979361906112,0.07945944109844139,0.11036033485894638,0.06465768895163149
Dataset_3772,single_output,Si Particle Size (um),ridge,7,1,0.9110136127243953,0.061118930633488264,0.07736573497909907,0.04722413274905309,0.9011259749001199,0.07167786482790159,0.11946310804650263,0.05553449085583034
Dataset_3772,single_output,Si Particle Size (um),ridge,7,2,0.9033758992696344,0.06606412127609035,0.08258015159511294,0.05108080632215549,0.9281564354421215,0.04991351395608026,0.09786963520800052,0.04030503660202016
Dataset_3772,single_output,Si Particle Size (um),ridge,7,3,0.9284437333713033,0.056723055114328576,0.07090381889291071,0.04589010052083768,0.791735199570581,0.08760334115044706,0.14129571153297912,0.05363468988424063
Dataset_3772,single_output,Si Particle Size (um),ridge,7,4,0.915757427304599,0.06514631721177548,0.08143289651471934,0.0485738079467578,0.8258778744319997,0.05486187486214557,0.14437335490038306,0.04868076776742259
Dataset_3772,single_output,Si Particle Size (um),ridge,2024,0,0.8918178427738509,0.06799797583816722,0.08499746979770902,0.05158076559377397,0.9385250051405191,0.044331193625303675,0.08209480300982161,0.03896864963766388
Dataset_3772,single_output,Si Particle Size (um),ridge,2024,1,0.9143857640588863,0.06517975385446075,0.08147469231807593,0.04841195526062496,0.8541813347631863,0.054338560677378224,0.11812730582038743,0.04885191047984029
Dataset_3772,single_output,Si Particle Size (um),ridge,2024,2,0.9091617771426421,0.06558391006170242,0.08197988757712801,0.049721499012965825,0.8743477177341078,0.05240121198363082,0.11644713774140183,0.044370883569261714
Dataset_3772,single_output,Si Particle Size (um),ridge,2024,3,0.9102917419636519,0.05289644255908857,0.08531684283723963,0.041977914327154274,0.8389167156063249,0.11702720447583802,0.1462840055947975,0.1055464510837028
Dataset_3772,single_output,Si Particle Size (um),ridge,2024,4,0.9358119523302909,0.054802427749723596,0.06850303468715449,0.04410618488992093,0.6839864638856739,0.09817213416190483,0.2045252795039684,0.06979200885015077
Dataset_3772,single_output,Si Particle Size (um),ridge,99,0,0.9129554967286939,0.06474285240180506,0.08195297772380387,0.04884702101043391,0.8786675981723616,0.056706617045267874,0.11813878551097473,0.04451824776847718
Dataset_3772,single_output,Si Particle Size (um),ridge,99,1,0.8989034130488182,0.0655113458992806,0.08188918237410076,0.04830726507838783,0.9338206803178809,0.0502555363597624,0.08105731670929418,0.04711380848756725
Dataset_3772,single_output,Si Particle Size (um),ridge,99,2,0.9243391392333584,0.052702763413043585,0.08108117448160553,0.04352889686520661,0.8416841950482483,0.09805085198918334,0.1307344693189111,0.07080973262266878
Dataset_3772,single_output,Si Particle Size (um),ridge,99,3,0.9103889801819645,0.06769849985006474,0.08462312481258091,0.05194031653076579,0.8595078906430007,0.04397306191860137,0.12563731976743248,0.03626403369201257
Dataset_3772,single_output,Si Particle Size (um),ridge,99,4,0.9103861018550294,0.059876856017146915,0.07484607002143363,0.04564988468723611,0.8738842998652263,0.08636161229726198,0.14393602049543663,0.0764550191143843
Dataset_3772,single_output,Si Particle Size (um),elasticnet,42,0,0.7129044739155384,0.1131659781479913,0.14145747268498912,0.09120577710340691,0.8037319652050475,0.08931443858188524,0.1685178086450665,0.0775170148882626
Dataset_3772,single_output,Si Particle Size (um),elasticnet,42,1,0.7534289347267172,0.10574766913102294,0.13218458641377867,0.08092755697902437,0.7624430423498969,0.09454078130127608,0.1818091948101463,0.08478045432836465
Dataset_3772,single_output,Si Particle Size (um),elasticnet,42,2,0.7334447664893428,0.09530163734232695,0.15127244022591582,0.07721418922454404,0.20602332237494314,0.21436750142747477,0.3199514946678728,0.17123565575749544
Dataset_3772,single_output,Si Particle Size (um),elasticnet,42,3,0.7299603644425178,0.11137253700759077,0.14097789494631743,0.0909044460983835,0.5829719156850384,0.06999449201885607,0.19998426291101734,0.06193470762619707
Dataset_3772,single_output,Si Particle Size (um),elasticnet,42,4,0.7485904243379119,0.10907663151056857,0.1363457893882107,0.08800145049202482,0.6714812039735198,0.09920087730105685,0.18036523145646702,0.0802683227983109
Dataset_3772,single_output,Si Particle Size (um),elasticnet,123,0,0.7784992986021652,0.10194874234441043,0.12743592793051303,0.0818565241412912,0.6144979027303077,0.11073925736776957,0.22147851473553914,0.08992672441843487
Dataset_3772,single_output,Si Particle Size (um),elasticnet,123,1,0.7521748294889128,0.10960561775445243,0.13700702219306554,0.08927952047261839,0.5779677906462071,0.09161010825546645,0.2776063886529287,0.07632290956120058
Dataset_3772,single_output,Si Particle Size (um),elasticnet,123,2,0.7024040454961017,0.11378495677937807,0.14223119597422257,0.08836581577737984,0.7653823713971399,0.10328562305144878,0.16658971459911093,0.09059477717067019
Dataset_3772,single_output,Si Particle Size (um),elasticnet,123,3,0.6700295935103591,0.11305914757336513,0.1431128450295761,0.08715785280962832,0.8178416589500399,0.10874048335509272,0.16729305131552727,0.0949097454660054
Dataset_3772,single_output,Si Particle Size (um),elasticnet,123,4,0.7061998605056194,0.11046107482407166,0.16994011511395643,0.09072613100505884,0.49213110718886743,0.15626632887497488,0.23323332667906702,0.10862238588826177
Dataset_3772,single_output,Si Particle Size (um),elasticnet,7,0,0.6747396089328719,0.10842564220611663,0.17210419397796292,0.08863704419183968,0.5572472011762857,0.16717885759194243,0.2321928577665867,0.1273334203010866
Dataset_3772,single_output,Si Particle Size (um),elasticnet,7,1,0.7036400579758622,0.1115382201132895,0.14118762039656899,0.084591636538748,0.6272335188804614,0.13917536844457765,0.23195894740762937,0.11429485103578141
Dataset_3772,single_output,Si Particle Size (um),elasticnet,7,2,0.7268330946832795,0.11108028147565349,0.13885035184456684,0.08911276421316511,0.7807848928425131,0.08718854892070402,0.17095793906020396,0.07882125398489757
Dataset_3772,single_output,Si Particle Size (um),elasticnet,7,3,0.7350571302801441,0.10914702310723615,0.13643377888404518,0.08669481921989801,0.7412872555594952,0.09763862268608786,0.1574816494936901,0.0854388198034446
Dataset_3772,single_output,Si Particle Size (um),elasticnet,7,4,0.7673964447536825,0.10825107881758675,0.13531384852198342,0.08792578861186284,0.7159954069262082,0.07006584226072014,0.18438379542294772,0.05386386364282566
Dataset_3772,single_output,Si Particle Size (um),elasticnet,2024,0,0.7018214897666799,0.11289022443743588,0.14111278054679482,0.08979902614861734,0.65479824147864,0.10505014932541891,0.19453731356559056,0.09995197415860145
Dataset_3772,single_output,Si Particle Size (um),elasticnet,2024,1,0.757184967930113,0.10976844403027361,0.137210555037842,0.0897030142526112,0.8119546268303608,0.061706781828672196,0.1341451778884178,0.05039540498053003
Dataset_3772,single_output,Si Particle Size (um),elasticnet,2024,2,0.7482643091897707,0.1091780636887078,0.13647257961088474,0.08351411390007225,0.6253659180937674,0.0904814982672006,0.20106999614933468,0.07911087067937551
Dataset_3772,single_output,Si Particle Size (um),elasticnet,2024,3,0.6745234801317763,0.1007558069204897,0.16250936600078983,0.08244522702728861,0.4207635929618585,0.22191646119521208,0.2773955764940151,0.17096070506472133
Dataset_3772,single_output,Si Particle Size (um),elasticnet,2024,4,0.7607699899104706,0.10579875186119346,0.13224843982649181,0.08134692431954535,0.5663989476132234,0.1149954225075493,0.2395737968907277,0.11057276683425367
Dataset_3772,single_output,Si Particle Size (um),elasticnet,99,0,0.7363278834734829,0.11268166521955754,0.1426350192652627,0.08928958099367403,0.6513673884697877,0.09612344926108186,0.2002571859605872,0.08950531808439446
Dataset_3772,single_output,Si Particle Size (um),elasticnet,99,1,0.6938299560128915,0.1140065026746889,0.1425081283433611,0.09141659866945381,0.7442687360661526,0.09879038451477676,0.15933932986254315,0.08697147434818699
Dataset_3772,single_output,Si Particle Size (um),elasticnet,99,2,0.6905192581403715,0.10658953394611016,0.16398389837863103,0.08434280746911595,0.5462565081650921,0.16599478319218178,0.2213263775895757,0.1317906045918725
Dataset_3772,single_output,Si Particle Size (um),elasticnet,99,3,0.7650865705257187,0.10961052497360844,0.13701315621701055,0.0876958271322119,0.7045647447438739,0.06376640023454415,0.1821897149558404,0.051222392769820026
Dataset_3772,single_output,Si Particle Size (um),elasticnet,99,4,0.715181881918449,0.10674686030864788,0.13343357538580985,0.08289813921361798,0.55563658146213,0.16210832320969193,0.2701805386828199,0.13224402184822845
Dataset_3772,single_output,Si Particle Size (um),svr_rbf,42,0,0.8737521883498471,0.07504376221217811,0.09380470276522263,0.06917896587383274,0.717867130360648,0.10708378878431793,0.20204488449871305,0.08602501081190855
Dataset_3772,single_output,Si Particle Size (um),svr_rbf,42,1,0.8679121194583711,0.0773982664569302,0.09674783307116273,0.06938902709496529,0.5998822196863546,0.12269566961623488,0.23595321080045167,0.0965821866196277
Dataset_3772,single_output,Si Particle Size (um),svr_rbf,42,2,0.8240701245952339,0.07742416901241984,0.12289550636892041,0.06841024610353168,0.39793322178749924,0.1866712368676192,0.2786137863695809,0.1435459672059602
Dataset_3772,single_output,Si Particle Size (um),svr_rbf,42,3,0.8878812881415391,0.07176346600066409,0.09083983038058746,0.06303195204273006,0.6171568242356794,0.06706434225896178,0.1916124064541765,0.05159286166868561
Dataset_3772,single_output,Si Particle Size (um),svr_rbf,42,4,0.8881633561276583,0.072749979122358,0.0909374739029475,0.06185948556022467,0.8616520122182632,0.0643756793451031,0.11704668971836929,0.05497117530482992
Dataset_3772,single_output,Si Particle Size (um),svr_rbf,123,0,0.8779743421625648,0.07566933172979728,0.0945866646622466,0.06565141401345588,0.5638927099393337,0.11778362257722519,0.23556724515445038,0.09702520603344725
Dataset_3772,single_output,Si Particle Size (um),svr_rbf,123,1,0.8877337577184774,0.0737708352274467,0.09221354403430836,0.06565015001038212,0.6544925239929235,0.08288946224614446,0.2511801886246802,0.062206231402296745
Dataset_3772,single_output,Si Particle Size (um),svr_rbf,123,2,0.8816257985214024,0.07176288147633894,0.08970360184542367,0.06125821299484588,0.9142496599736802,0.0624420968641235,0.10071305945826371,0.052643302620536056
Dataset_3772,single_output,Si Particle Size (um),svr_rbf,123,3,0.8515644704709889,0.07582931692928375,0.09598647712567564,0.07040158660489068,0.67991253499495,0.14414549086612802,0.22176229364019698,0.12960799996667527
Dataset_3772,single_output,Si Particle Size (um),svr_rbf,123,4,0.8556224261212974,0.07743425703426153,0.11912962620655622,0.06796110713479235,0.8800675639822312,0.07593778592896379,0.11333997899845343,0.04857805222995195
Dataset_3772,single_output,Si Particle Size (um),svr_rbf,7,0,0.8575008439461802,0.07176663101777915,0.1139152873298082,0.060333153862545084,0.8070845210895952,0.11035302264197075,0.15326808700273717,0.09372332897663183
Dataset_3772,single_output,Si Particle Size (um),svr_rbf,7,1,0.862944555889057,0.07585113870233472,0.0960140996232085,0.06897698985802445,0.7438449269567828,0.11537067494526619,0.1922844582421103,0.09483086339237902
Dataset_3772,single_output,Si Particle Size (um),svr_rbf,7,2,0.892314655350572,0.06974309744616161,0.08717887180770201,0.061264113372377825,0.6870103909193839,0.10418115538690609,0.20427677526844332,0.09089534256561811
Dataset_3772,single_output,Si Particle Size (um),svr_rbf,7,3,0.8636243548362884,0.07830764913260108,0.09788456141575134,0.06813394561207177,0.6961293372710584,0.1058174080643477,0.17067323881346402,0.08096692331757971
Dataset_3772,single_output,Si Particle Size (um),svr_rbf,7,4,0.8876041187293704,0.07524874434703839,0.09406093043379798,0.06537976302080399,0.902126714304654,0.04113161378713262,0.10824108891350688,0.03568382598730506
Dataset_3772,single_output,Si Particle Size (um),svr_rbf,2024,0,0.873485630087981,0.07353398372107596,0.09191747965134495,0.06590848743146831,0.4818393134227913,0.12870410654869155,0.23834093805313247,0.11892362265316869
Dataset_3772,single_output,Si Particle Size (um),svr_rbf,2024,1,0.8937279275392078,0.0726188385261766,0.09077354815772073,0.06349008518790668,0.8284855436364946,0.058932102682744944,0.12811326670161943,0.0441297456142601
Dataset_3772,single_output,Si Particle Size (um),svr_rbf,2024,2,0.8721513271557324,0.07780564420451665,0.0972570552556458,0.06880142189204266,0.9587404446208905,0.030027447274034277,0.06672766060896507,0.02670472779828335
Dataset_3772,single_output,Si Particle Size (um),svr_rbf,2024,3,0.8206443006395661,0.07479418677371175,0.12063578511888991,0.06682246889003021,0.5360640664340579,0.1986051923625914,0.24825649045323922,0.16326153306460436
Dataset_3772,single_output,Si Particle Size (um),svr_rbf,2024,4,0.8786743024240601,0.07534407639414024,0.0941800954926753,0.06563706619325858,0.4898922543148472,0.1247286863844139,0.25985142996752897,0.10806468350868619
Dataset_3772,single_output,Si Particle Size (um),svr_rbf,99,0,0.8898280069577384,0.07283778941586719,0.09219973343780656,0.06361105830596817,0.8631142102068068,0.060231617333432824,0.12548253611131838,0.045615148085669396
Dataset_3772,single_output,Si Particle Size (um),svr_rbf,99,1,0.8842148262914787,0.07010915789749488,0.08763644737186858,0.058981112004178056,0.8696857420294701,0.0705210436685378,0.11374361882022226,0.06410436120268075
Dataset_3772,single_output,Si Particle Size (um),svr_rbf,99,2,0.8368348505795569,0.07739474081420368,0.11906883202185183,0.06969371769175484,0.5820329949728651,0.15931630841093647,0.2124217445479153,0.13952475254972868
Dataset_3772,single_output,Si Particle Size (um),svr_rbf,99,3,0.8841196173829814,0.07698450035669531,0.09623062544586913,0.06947168997191297,0.8710122404192204,0.042134223101329485,0.12038349457522708,0.027245373390144108
Dataset_3772,single_output,Si Particle Size (um),svr_rbf,99,4,0.8786602963167205,0.06967432483371049,0.0870929060421381,0.05965286585317096,0.7704270018990962,0.11651895123924629,0.19419825206541047,0.11060304471450942
Dataset_3772,single_output,Si Particle Size (um),gpr,42,0,0.9475078239053232,0.04838936886869384,0.0604867110858673,0.03506295854251386,0.9641373856305685,0.03817841186819564,0.07203473937395403,0.03309751088668354
Dataset_3772,single_output,Si Particle Size (um),gpr,42,1,0.9759667404140656,0.03301460354718981,0.04126825443398726,0.028927095871682247,0.7746866136699286,0.09207226077847541,0.17706203995860656,0.06381035537333468
Dataset_3772,single_output,Si Particle Size (um),gpr,42,2,0.9999999999573419,1.2056113151984804e-06,1.9136687542833024e-06,9.145155180883145e-07,0.819715327023075,0.10214908398228337,0.15246131937654236,0.07924014169057055
Dataset_3772,single_output,Si Particle Size (um),gpr,42,3,0.9467293122842662,0.04946619531101938,0.06261543710255618,0.03833856694530426,0.883298680344872,0.03702704876153747,0.10579156789010705,0.03398927802447363
Dataset_3772,single_output,Si Particle Size (um),gpr,42,4,0.9535625179419028,0.04687865489099601,0.05859831861374501,0.03104329114459572,0.8799936980189076,0.059956659524898814,0.10901210822708876,0.05508868741832962
Dataset_3772,single_output,Si Particle Size (um),gpr,123,0,0.980714537549802,0.030082182966999774,0.037602728708749714,0.023657195997357005,0.7750454282873642,0.08459323744301271,0.16918647488602542,0.06897430377392105
Dataset_3772,single_output,Si Particle Size (um),gpr,123,1,0.9484929917761619,0.049968149893364226,0.06246018736670528,0.03540477853355338,0.8905723615617257,0.046648116285054525,0.1413579281365289,0.04358277602894082
Dataset_3772,single_output,Si Particle Size (um),gpr,123,2,0.9471893539347777,0.04793272036522036,0.059915900456525444,0.03592986820717461,0.9571134639463128,0.04415908216095834,0.07122432606606184,0.037633460102738665
Dataset_3772,single_output,Si Particle Size (um),gpr,123,3,0.9312276873827717,0.05161489226229264,0.06533530666112992,0.04128143659118134,0.9924988372974821,0.022066376336248236,0.033948271286535756,0.02052432482172043
Dataset_3772,single_output,Si Particle Size (um),gpr,123,4,0.9416639665190223,0.04922114520757449,0.07572483878088385,0.036492509064374186,0.945322782375115,0.05127348137518266,0.07652758414206368,0.04772198145448882
Dataset_3772,single_output,Si Particle Size (um),gpr,7,0,0.9254069752934335,0.0519236868696153,0.08241855058669097,0.03906962968280455,0.9584426492524426,0.051218236653945454,0.07113643979714647,0.04223020400417366
Dataset_3772,single_output,Si Particle Size (um),gpr,7,1,0.9999597025411119,0.0013006270730307886,0.0016463633835832766,0.0009880402164564068,0.9028577837526065,0.0710473618833069,0.11841226980551149,0.06189110417248071
Dataset_3772,single_output,Si Particle Size (um),gpr,7,2,0.9458569148184074,0.049453203508673084,0.06181650438584135,0.0361417144990358,0.95723591096962,0.03850914020323329,0.07550811804555546,0.031219371214133596
Dataset_3772,single_output,Si Particle Size (um),gpr,7,3,0.9999999999337825,1.7255285557865584e-06,2.1569106947331977e-06,1.321615396910164e-06,0.8335759565815183,0.07831063899316991,0.12630748224704824,0.056411617519098116
Dataset_3772,single_output,Si Particle Size (um),gpr,7,4,0.9564778876528119,0.04682513539360135,0.058531419242001684,0.03450340870693438,0.8598167211341163,0.049225685430578564,0.12954127744889093,0.046730639590668685
Dataset_3772,single_output,Si Particle Size (um),gpr,2024,0,0.9374624650130886,0.05169976221180864,0.0646247027647608,0.038448331930257526,0.9549381583791927,0.03795461957434564,0.07028633254508451,0.03260175139999683
Dataset_3772,single_output,Si Particle Size (um),gpr,2024,1,0.9590706671626331,0.04506683470635913,0.05633354338294891,0.03059645405793886,0.8483914358002008,0.05540684725220704,0.12044966793958051,0.051012371853556115
Dataset_3772,single_output,Si Particle Size (um),gpr,2024,2,0.9511018353525214,0.04811818860518123,0.060147735756476535,0.03529780184599109,0.9160501254992354,0.04283178431087646,0.09518174291305881,0.03988475094695461
Dataset_3772,single_output,Si Particle Size (um),gpr,2024,3,0.9999167742781551,0.0016111613643821215,0.002598647361906648,0.0011977091372992418,0.7789182168769082,0.1371001948889489,0.1713752436111861,0.0969208999688764
Dataset_3772,single_output,Si Particle Size (um),gpr,2024,4,0.9786044086257661,0.03163988252740557,0.039549853159256965,0.026465821278545,0.7070563459950077,0.0945208104226811,0.1969183550472523,0.06524243246130697
Dataset_3772,single_output,Si Particle Size (um),gpr,99,0,0.9511340991451506,0.04850919956030701,0.061404050076337986,0.03611764913670325,0.9423146892629723,0.03910010828377305,0.08145855892452718,0.034595537599361625
Dataset_3772,single_output,Si Particle Size (um),gpr,99,1,0.9441182705466977,0.048706081835624956,0.06088260229453119,0.03622890162279074,0.9532621440134557,0.042233507998434526,0.06811856128779763,0.036857570091244386
Dataset_3772,single_output,Si Particle Size (um),gpr,99,2,0.999611295271118,0.003777527727246651,0.005811581118841003,0.0026854390662948598,0.8804809564704683,0.08519376066146123,0.1135916808819483,0.055851395933439886
Dataset_3772,single_output,Si Particle Size (um),gpr,99,3,0.96024737763879,0.04509010293428419,0.056362628667855234,0.030881187310842217,0.7566556004972074,0.05787239005878354,0.16534968588223867,0.054806859843786956
Dataset_3772,single_output,Si Particle Size (um),gpr,99,4,0.9480188983421576,0.04560306614559184,0.0570038326819898,0.03532521986827776,0.914085008452898,0.07128048399151864,0.11880080665253107,0.05886371822189536
Dataset_3772,single_output,Si Particle Size (um),random_forest,42,0,0.9411344992592058,0.05124282810470038,0.06405353513087547,0.03948719789304606,0.9490743145794953,0.04549517366501238,0.0858399503113441,0.04022378637566129
Dataset_3772,single_output,Si Particle Size (um),random_forest,42,1,0.9451644745001796,0.04986901068608558,0.062336263357606975,0.03701813653779172,0.9405135338618972,0.04730906824498123,0.09097897739419468,0.03829732160035727
Dataset_3772,single_output,Si Particle Size (um),random_forest,42,2,0.940662221927164,0.044964771959975045,0.0713726539047223,0.035554948458310545,0.6272999239532342,0.14687058135210976,0.21920982291359667,0.12325248204837481
Dataset_3772,single_output,Si Particle Size (um),random_forest,42,3,0.9479568302294645,0.048892948267539066,0.06188980793359375,0.03753483177422833,0.4293901829367085,0.08187490971392235,0.23392831346834955,0.06124082577475442
Dataset_3772,single_output,Si Particle Size (um),random_forest,42,4,0.9489883171979666,0.04913326619938041,0.06141658274922551,0.0376120925594201,0.8253500812961837,0.07233018827704717,0.13150943323099487,0.06262533257747542
Dataset_3772,single_output,Si Particle Size (um),random_forest,123,0,0.9441641949747761,0.05118594324079,0.06398242905098749,0.03934496025304061,0.9115320136120942,0.05304950127698207,0.10609900255396414,0.03989114057239048
Dataset_3772,single_output,Si Particle Size (um),random_forest,123,1,0.9553112746128,0.04654350565981828,0.05817938207477285,0.034780769020251665,0.8114338357111239,0.06123538900833119,0.1855617848737309,0.0552310770975054
Dataset_3772,single_output,Si Particle Size (um),random_forest,123,2,0.9438681696227996,0.04941695023050728,0.0617711877881341,0.03790827631819003,0.9116041687585685,0.06339798361660415,0.1022548122848454,0.05087673658352226
Dataset_3772,single_output,Si Particle Size (um),random_forest,123,3,0.9254459125442946,0.053740776866341565,0.0680262998308121,0.03933873693037489,0.876771306814998,0.0894381174558409,0.1375971037782168,0.07744246947496947
Dataset_3772,single_output,Si Particle Size (um),random_forest,123,4,0.9446938548058821,0.04792586506245983,0.07373210009609205,0.03882481495994436,0.7529503243430784,0.10898876892594954,0.1626698043670889,0.08282642745482048
Dataset_3772,single_output,Si Particle Size (um),random_forest,7,0,0.9338467356487352,0.04889810772327425,0.07761604400519724,0.039224693748711514,0.774983352238235,0.11918127323519168,0.16552954615998844,0.09001508327320817
Dataset_3772,single_output,Si Particle Size (um),random_forest,7,1,0.9425373941466212,0.04911414835286964,0.062169808041607134,0.03612526318190113,0.9044972085757647,0.0704452939267403,0.11740882321123382,0.06330892101284967
Dataset_3772,single_output,Si Particle Size (um),random_forest,7,2,0.9442101640929491,0.050199624929347736,0.06274953116168466,0.040002375085004406,0.9549581912353884,0.0395213818266301,0.07749290554241196,0.0379085808767951
Dataset_3772,single_output,Si Particle Size (um),random_forest,7,3,0.9417151075493393,0.05119337675336502,0.06399172094170627,0.03755682016897531,0.8302067738335791,0.0790993497181776,0.1275795963196413,0.06409213210070348
Dataset_3772,single_output,Si Particle Size (um),random_forest,7,4,0.9552779159349764,0.04746626677411332,0.05933283346764165,0.03600522372742198,0.7903704968496479,0.06019630966523803,0.15841134122431058,0.05010224154813433
Dataset_3772,single_output,Si Particle Size (um),random_forest,2024,0,0.9426037027542229,0.04952906211128275,0.06191132763910344,0.03877869386896165,0.8751531164349202,0.06317554938943747,0.11699175812858789,0.053366848544973505
Dataset_3772,single_output,Si Particle Size (um),random_forest,2024,1,0.9463972519541355,0.05157428918091897,0.0644678614761487,0.04071083789454478,0.841884565238835,0.056583356312905495,0.12300729633240323,0.05337674225245662
Dataset_3772,single_output,Si Particle Size (um),random_forest,2024,2,0.9440634635707323,0.05146485773311224,0.0643310721663903,0.03705316639299398,0.7295801391525709,0.07687328388599564,0.170829519746657,0.0698044349962205
Dataset_3772,single_output,Si Particle Size (um),random_forest,2024,3,0.9341424928785869,0.045322399790539376,0.0731006448234506,0.03702833470169676,0.7790978702997587,0.13704447902505626,0.17130559878132032,0.09991452003023424
Dataset_3772,single_output,Si Particle Size (um),random_forest,2024,4,0.9442889418461603,0.05105560402911537,0.0638195050363942,0.039263765238592714,0.9102260798901651,0.05232515027468251,0.1090107297389219,0.0378198192812478
Dataset_3772,single_output,Si Particle Size (um),random_forest,99,0,0.9402590242017274,0.053636114564570764,0.06789381590451996,0.041602863756613755,0.6295507433354409,0.099085408859211,0.20642793512335622,0.08445330853174607
Dataset_3772,single_output,Si Particle Size (um),random_forest,99,1,0.9386111862814225,0.05104966488272099,0.06381208110340122,0.039007540511850916,0.8816367902041028,0.06720957207068838,0.10840253559788449,0.05720357237339387
Dataset_3772,single_output,Si Particle Size (um),random_forest,99,2,0.9351880988484543,0.048778128017022894,0.07504327387234293,0.036713136993912814,0.7885372306555111,0.11331990264709986,0.15109320352946648,0.08852086236514808
Dataset_3772,single_output,Si Particle Size (um),random_forest,99,3,0.9566283664708313,0.04709786548486329,0.05887233185607911,0.03551674520243482,0.8004838855737533,0.05240222529335103,0.14972064369528865,0.04267036092214655
Dataset_3772,single_output,Si Particle Size (um),random_forest,99,4,0.9368009445351784,0.05028362718274685,0.06285453397843356,0.03654827855733026,0.8052506814527456,0.10731838719591019,0.17886397865985032,0.08506119296708589
Dataset_3772,single_output,Si Particle Size (um),extra_trees,42,0,0.9529598434538642,0.04580754832001838,0.05725943540002298,0.035462142857142956,0.8707572096079117,0.07247697332255564,0.13674900626897288,0.06438437500000016
Dataset_3772,single_output,Si Particle Size (um),extra_trees,42,1,0.9659806570922144,0.03927920671854812,0.04909900839818515,0.030491226053639568,0.9644477860548276,0.03657367784079752,0.07033399584768754,0.03190388888888859
Dataset_3772,single_output,Si Particle Size (um),extra_trees,42,2,0.9494644113130065,0.04149592211214246,0.06586654303514677,0.035315095785440544,0.6240749803981821,0.1475046423061056,0.2201561825464263,0.13018000000000035
Dataset_3772,single_output,Si Particle Size (um),extra_trees,42,3,0.9598100595644029,0.0429658133468946,0.054387105502398225,0.034086704980842646,0.5429110315231416,0.07327934596442262,0.20936955989835032,0.05630730158730154
Dataset_3772,single_output,Si Particle Size (um),extra_trees,42,4,0.9623991139504103,0.042183231819841856,0.05272903977480232,0.03178029556650247,0.8178074400028904,0.07387554890348341,0.1343191798245153,0.06830285714285725
Dataset_3772,single_output,Si Particle Size (um),extra_trees,123,0,0.954957546860713,0.04597326385538829,0.05746657981923536,0.03712704365079327,0.7885372225290583,0.08201724939123804,0.16403449878247608,0.0562528472222221
Dataset_3772,single_output,Si Particle Size (um),extra_trees,123,1,0.9661465917555789,0.04050991263559158,0.05063739079448947,0.030395957854406016,0.7439994359257478,0.07134952049006547,0.21621066815171358,0.06584015873015878
Dataset_3772,single_output,Si Particle Size (um),extra_trees,123,2,0.9516115575286614,0.04588198081021966,0.05735247601277457,0.03582176245210708,0.8612772082581782,0.07942065479570892,0.12809783031565955,0.06741317460317561
Dataset_3772,single_output,Si Particle Size (um),extra_trees,123,3,0.9497344601072453,0.04412689676123365,0.05585683134333373,0.03345930487137395,0.7783899180123302,0.1199392931719091,0.1845219894952448,0.10334319727891171
Dataset_3772,single_output,Si Particle Size (um),extra_trees,123,4,0.9517525180976951,0.0447631449967492,0.0688663769180757,0.03640105363984669,0.7521231278148522,0.10917108001479185,0.1629419104698386,0.08896023809523766
Dataset_3772,single_output,Si Particle Size (um),extra_trees,7,0,0.936228129531302,0.048009920950895325,0.0762062237315799,0.03551664682539679,0.7695685023248977,0.12060675060186653,0.16750937583592573,0.09880833333333355
Dataset_3772,single_output,Si Particle Size (um),extra_trees,7,1,0.959948434302412,0.0410037624123817,0.051903496724533794,0.03182559386973169,0.8123092286322897,0.0987564368884167,0.16459406148069447,0.08020507936507869
Dataset_3772,single_output,Si Particle Size (um),extra_trees,7,2,0.9497356794272632,0.04764889554187127,0.05956111942733908,0.03934493705528193,0.8735365190034403,0.0662226835342439,0.12984839908675275,0.0531345578231299
Dataset_3772,single_output,Si Particle Size (um),extra_trees,7,3,0.9584033623693637,0.04324788669884956,0.05405985837356195,0.03558605363984653,0.8429105989442341,0.07608274530797224,0.1227141053354391,0.06444714285714244
Dataset_3772,single_output,Si Particle Size (um),extra_trees,7,4,0.9639111199566687,0.04263936822882689,0.05329921028603361,0.030441398467432813,0.7482820759178628,0.06596305114438647,0.17358697669575385,0.0588080839002263
Dataset_3772,single_output,Si Particle Size (um),extra_trees,2024,0,0.9562382525663535,0.043247946771052675,0.054059933463815844,0.03504450396825374,0.8365849163803882,0.072278019621787,0.13384818448479072,0.06127652777777723
Dataset_3772,single_output,Si Particle Size (um),extra_trees,2024,1,0.9585053138258034,0.045377019387633645,0.056721274234542055,0.0325913574165295,0.7941539546158863,0.06456138452700047,0.14035083592826186,0.05977613378684864
Dataset_3772,single_output,Si Particle Size (um),extra_trees,2024,2,0.9439310154799598,0.051525751670464824,0.06440718958808103,0.03704210727969305,0.6424135822167177,0.0883988567848253,0.19644190396627847,0.0874230158730149
Dataset_3772,single_output,Si Particle Size (um),extra_trees,2024,3,0.9402929320521589,0.04315420556381236,0.06960355736098768,0.035108927203065264,0.7724035458449969,0.13910551185618153,0.1738818898202269,0.11109944444444543
Dataset_3772,single_output,Si Particle Size (um),extra_trees,2024,4,0.9565759749056808,0.04507520944867337,0.056344011810841706,0.03436891625615726,0.8422082406510759,0.06937093509636087,0.1445227814507518,0.05426207482993172
Dataset_3772,single_output,Si Particle Size (um),extra_trees,99,0,0.9419437654995936,0.05287441627547893,0.06692964085503662,0.038178849206349064,0.5532603811677274,0.10881094362563203,0.22668946588673336,0.09284611111111052
Dataset_3772,single_output,Si Particle Size (um),extra_trees,99,1,0.9489961657351793,0.046531782330490164,0.0581647279131127,0.03679874110563743,0.9196002214955812,0.055392400901365664,0.08934258209897687,0.045009546485261044
Dataset_3772,single_output,Si Particle Size (um),extra_trees,99,2,0.9400711400973202,0.046904634543675966,0.07216097622103995,0.037910815544608616,0.768867900322089,0.11847299492527022,0.15796399323369362,0.09441263038548763
Dataset_3772,single_output,Si Particle Size (um),extra_trees,99,3,0.9679143542119157,0.04050920569369863,0.05063650711712329,0.030348199233716046,0.7838999481166566,0.054536614734848374,0.1558188992424239,0.04770888888888931
Dataset_3772,single_output,Si Particle Size (um),extra_trees,99,4,0.9466553585813342,0.046197311705699136,0.05774663963212392,0.03552482758620693,0.7596222359776513,0.11922938657966202,0.1987156442994367,0.09817095238095319
Dataset_3772,single_output,Si Particle Size (um),gradient_boosting,42,0,0.9761135467345685,0.03264213103058197,0.040802663788227465,0.023861666823332076,0.9881238412610751,0.02197024412120122,0.04145329079471928,0.019352617876125425
Dataset_3772,single_output,Si Particle Size (um),gradient_boosting,42,1,0.9947572828189807,0.0154197723809759,0.019274715476219874,0.011135178674376429,0.9173105389148507,0.05577767281653287,0.10726475541640935,0.045921933744521026
Dataset_3772,single_output,Si Particle Size (um),gradient_boosting,42,2,0.9746669657982531,0.0293799031604344,0.046634766921324455,0.021415670494151433,0.8727208977335629,0.08582891549622111,0.12810285894958376,0.0734423067858297
Dataset_3772,single_output,Si Particle Size (um),gradient_boosting,42,3,0.9885898903619058,0.02289334562408791,0.02897891851150368,0.019087874853537905,0.8124296799326856,0.04694218214164504,0.1341205204047001,0.037826231799999846
Dataset_3772,single_output,Si Particle Size (um),gradient_boosting,42,4,0.9874605830077747,0.024360123322801585,0.03045015415350198,0.017480756105527285,0.9363547081910006,0.04366349975157865,0.07938818136650665,0.040071918152604184
Dataset_3772,single_output,Si Particle Size (um),gradient_boosting,123,0,0.9934597270989863,0.01751831191882304,0.0218978898985288,0.012725536828235988,0.9460034566295604,0.04144491122409474,0.08288982244818947,0.028791479207110567
Dataset_3772,single_output,Si Particle Size (um),gradient_boosting,123,1,0.9876570293544644,0.024460760500523582,0.030575950625654477,0.0185748656756166,0.9166903022004581,0.04070224622389887,0.12334014007242083,0.033637087089694394
Dataset_3772,single_output,Si Particle Size (um),gradient_boosting,123,2,0.9906440705041487,0.020175058724163156,0.025218823405203945,0.016247505252809373,0.981157446257956,0.02927045237766833,0.04721040706075537,0.0218858639221026
Dataset_3772,single_output,Si Particle Size (um),gradient_boosting,123,3,0.9813711353741387,0.026863426310270448,0.03400433710160816,0.020661057353126167,0.9755795180389747,0.03981473627238304,0.06125344041905084,0.03095748536637422
Dataset_3772,single_output,Si Particle Size (um),gradient_boosting,123,4,0.9785605506970411,0.029839399489431175,0.04590676844527874,0.021061135436962093,0.9289642025101624,0.05844242568651321,0.08722750102464659,0.048952834635270746
Dataset_3772,single_output,Si Particle Size (um),gradient_boosting,7,0,0.9754824655693578,0.029768353217274043,0.04725135431313341,0.022673676819877763,0.9074159133306975,0.07644848246368088,0.10617844786622345,0.051778341467388106
Dataset_3772,single_output,Si Particle Size (um),gradient_boosting,7,1,0.9897931216688952,0.020699527317186817,0.026201933312894703,0.0159110462184531,0.961509627196922,0.04472187583059643,0.07453645971766071,0.03999797575441661
Dataset_3772,single_output,Si Particle Size (um),gradient_boosting,7,2,0.9894082579252601,0.021872913149675776,0.027341141437094717,0.015891953743562514,0.983556168259486,0.02387952709231655,0.046822602141797155,0.020422914412871973
Dataset_3772,single_output,Si Particle Size (um),gradient_boosting,7,3,0.9915455749851698,0.01949745000746179,0.024371812509327236,0.014441210586979274,0.9042534149042627,0.059398349810250495,0.09580379001653305,0.04831287325319911
Dataset_3772,single_output,Si Particle Size (um),gradient_boosting,7,4,0.9901121817058774,0.022318977655498416,0.02789872206937302,0.01673168055364653,0.9366553476325193,0.0330901429787205,0.08707932362821184,0.029141947703559608
Dataset_3772,single_output,Si Particle Size (um),gradient_boosting,2024,0,0.9864030628817743,0.024106752590455905,0.03013344073806988,0.0183197643143402,0.9193575943595029,0.05077406231906147,0.09402604133159531,0.044297833760839934
Dataset_3772,single_output,Si Particle Size (um),gradient_boosting,2024,1,0.9858947052056903,0.026456403587119977,0.03307050448389997,0.020523919350422942,0.9886151841795177,0.01518324415945969,0.03300705252056454,0.012261332078294468
Dataset_3772,single_output,Si Particle Size (um),gradient_boosting,2024,2,0.9849877630040166,0.026661568586879996,0.033326960733599996,0.018504989454352014,0.9588724492866411,0.029979374305551174,0.06662083179011373,0.02756517907240905
Dataset_3772,single_output,Si Particle Size (um),gradient_boosting,2024,3,0.9816760938956335,0.023906680776473614,0.03855916254269938,0.01813834258284399,0.926774880784839,0.07890265853237614,0.09862832316547017,0.0633223479744468
Dataset_3772,single_output,Si Particle Size (um),gradient_boosting,2024,4,0.9870011363107654,0.024661836247076484,0.030827295308845603,0.018297366329985847,0.894413220073136,0.05674664135034788,0.11822216947989143,0.041520981062182015
Dataset_3772,single_output,Si Particle Size (um),gradient_boosting,99,0,0.8931440870453954,0.07173323770745033,0.09080156671829155,0.05797203529849594,0.503294685088938,0.11473468971387252,0.2390306035705677,0.10309318774605446
Dataset_3772,single_output,Si Particle Size (um),gradient_boosting,99,1,0.9864420939911203,0.023990791939704728,0.02998848992463091,0.019203877789138072,0.956610323161085,0.04069264981234853,0.06563330614894924,0.034413295841720946
Dataset_3772,single_output,Si Particle Size (um),gradient_boosting,99,2,0.9839548854901911,0.024269965508015787,0.037338408473870446,0.013508806998066876,0.925599682866847,0.06721661354120081,0.08962215138826775,0.05028122007111482
Dataset_3772,single_output,Si Particle Size (um),gradient_boosting,99,3,0.9878179610014322,0.024960790084423253,0.031200987605529064,0.0190145682493286,0.831818106349028,0.048111662016650375,0.1374618914761439,0.037801884043021206
Dataset_3772,single_output,Si Particle Size (um),gradient_boosting,99,4,0.9849981351579893,0.02449875012512869,0.03062343765641086,0.018187458612723258,0.927860998182092,0.06531624785640604,0.10886041309401007,0.0550912071319518
Dataset_3772,single_output,Si Particle Size (um),xgboost,42,0,0.9818025610104901,0.028491007378919457,0.035613759223649316,0.019412795049803606,0.942569111028729,0.048313628446082335,0.09115778952091007,0.039808931350707996
Dataset_3772,single_output,Si Particle Size (um),xgboost,42,1,0.9923118857138843,0.01867280935108218,0.023341011688852723,0.014551828298075446,0.9418671666195796,0.046767704629684916,0.08993789351862483,0.03218469066279274
Dataset_3772,single_output,Si Particle Size (um),xgboost,42,2,0.9776558588524333,0.027592343521502027,0.043797370669050845,0.022473444322059898,0.7702913482273441,0.11530383433694241,0.1720952751297648,0.08801402585847039
Dataset_3772,single_output,Si Particle Size (um),xgboost,42,3,0.9853179159753168,0.02596917833496083,0.032872377639190924,0.019527235031127927,0.841744515806971,0.04311819765356834,0.12319485043876668,0.03952977291175296
Dataset_3772,single_output,Si Particle Size (um),xgboost,42,4,0.9838901257421024,0.027611301958991755,0.03451412744873969,0.01946245830634544,0.9529348115925884,0.03754786973070853,0.0682688540558337,0.03198191438402449
Dataset_3772,single_output,Si Particle Size (um),xgboost,123,0,0.9887641276195893,0.022961365862099486,0.028701707327624358,0.015512670917170386,0.9215036403920129,0.049970419144401826,0.09994083828880365,0.037698142528533936
Dataset_3772,single_output,Si Particle Size (um),xgboost,123,1,0.9857154620771413,0.026314383851355677,0.032892979814194596,0.019098587447199326,0.9187312678584818,0.04020058193270932,0.12181994525063432,0.034759498834609985
Dataset_3772,single_output,Si Particle Size (um),xgboost,123,2,0.9819868579336924,0.027994071945978177,0.03499258993247272,0.020731425922492448,0.9851063394229933,0.026023174823007134,0.041972862617753445,0.019408836620194565
Dataset_3772,single_output,Si Particle Size (um),xgboost,123,3,0.9793938639935057,0.028253125057358646,0.035763449439694485,0.02066672321023613,0.9697520303327866,0.04431133579547528,0.06817128583919276,0.039205570391246246
Dataset_3772,single_output,Si Particle Size (um),xgboost,123,4,0.97954151381976,0.029148755236308714,0.04484423882509034,0.023219143522196794,0.9100023543178705,0.06578171280324428,0.0981816609003646,0.046258995362690514
Dataset_3772,single_output,Si Particle Size (um),xgboost,7,0,0.9734889048313955,0.030954960032617374,0.04913485719463076,0.02515372972403254,0.9078097569641634,0.07628570699441137,0.10595237082557135,0.049946206212043744
Dataset_3772,single_output,Si Particle Size (um),xgboost,7,1,0.984852954531468,0.02521610033445599,0.031919114347412646,0.018963269920184697,0.9562469913279196,0.047681280935406654,0.07946880155901108,0.0414213868549892
Dataset_3772,single_output,Si Particle Size (um),xgboost,7,2,0.983826963750526,0.027028298726002337,0.03378537340750292,0.019557195429144233,0.9764898290438105,0.02855302353222471,0.055986320651421,0.01872478663921356
Dataset_3772,single_output,Si Particle Size (um),xgboost,7,3,0.989834339962248,0.021379796546907588,0.026724745683634483,0.01598054945468903,0.9203878381806596,0.05416296637133971,0.08735962317958018,0.043142246944563714
Dataset_3772,single_output,Si Particle Size (um),xgboost,7,4,0.9864968617285126,0.02608203157708923,0.03260253947136153,0.01798514721722438,0.9260140843157129,0.0357617029751875,0.09410974467154604,0.031532220329557145
Dataset_3772,single_output,Si Particle Size (um),xgboost,2024,0,0.9839903562765189,0.026158268895447444,0.0326978361193093,0.019567090123891826,0.940231982561469,0.043711388225566875,0.08094701523253124,0.03659852139651775
Dataset_3772,single_output,Si Particle Size (um),xgboost,2024,1,0.9832357071319904,0.02884246292724099,0.03605307865905124,0.01979858453931479,0.9953378027966087,0.009716209961944536,0.02112219556944464,0.006457912496158041
Dataset_3772,single_output,Si Particle Size (um),xgboost,2024,2,0.9839125901432546,0.027599807564820736,0.034499759456025916,0.019960128356670503,0.9243797681980541,0.0406513659718592,0.09033636882635379,0.03760204928261894
Dataset_3772,single_output,Si Particle Size (um),xgboost,2024,3,0.9760713549079345,0.02731928367894469,0.044063360772491435,0.02336072792266977,0.8448562745303404,0.1148493920898149,0.1435617401122686,0.08404270572321756
Dataset_3772,single_output,Si Particle Size (um),xgboost,2024,4,0.9914906534950165,0.019953579665292022,0.024941974581615026,0.015674075217082577,0.9145227949997958,0.051057617543621404,0.10637003654921126,0.03516897082328795
Dataset_3772,single_output,Si Particle Size (um),xgboost,99,0,0.9814326695145577,0.02990170052274675,0.037850253826261705,0.02082918680139951,0.9029011185665158,0.05072855076523723,0.10568448076091089,0.04601087495684622
Dataset_3772,single_output,Si Particle Size (um),xgboost,99,1,0.9830793081948773,0.02680139087261861,0.03350173859077326,0.019670396611608312,0.9863166269408741,0.02285174383582289,0.036857651348101435,0.019237403018133974
Dataset_3772,single_output,Si Particle Size (um),xgboost,99,2,0.9879279038451504,0.021051793032031942,0.03238737389543376,0.015431058304063197,0.8940768365948828,0.08020190911110953,0.1069358788148127,0.06254841361727034
Dataset_3772,single_output,Si Particle Size (um),xgboost,99,3,0.9863295052543958,0.026441765622939102,0.033052207028673876,0.018642215584886483,0.9641018941007562,0.022227801409014158,0.06350800402575472,0.019101318972451327
Dataset_3772,single_output,Si Particle Size (um),xgboost,99,4,0.9820117370321438,0.026826617550141145,0.033533271937676426,0.017566976238941323,0.9407898422605537,0.0591744558612657,0.0986240931021095,0.05130229830741884
Dataset_3772,single_output,Si Particle Size (um),ann,42,0,0.9149641669710614,0.06158907116285701,0.07698633895357125,0.04791788434983998,0.8485526603456093,0.07845627961532554,0.1480307162553312,0.06343770489007741
Dataset_3772,single_output,Si Particle Size (um),ann,42,1,0.9720831964704281,0.035582183320759436,0.044477729150949295,0.029650071376821737,0.8044682935001055,0.08577167770297947,0.1649455340441913,0.0616876059578344
Dataset_3772,single_output,Si Particle Size (um),ann,42,2,0.9146131797681383,0.05393891120974202,0.0856173193805429,0.03776807652915096,0.5462596294147248,0.16205363756660376,0.24187110084567728,0.11643999619846472
Dataset_3772,single_output,Si Particle Size (um),ann,42,3,0.9407700657770746,0.0521596875678138,0.0660249209719162,0.04046023554887411,0.7642014032894288,0.05263223622195121,0.15037781777700346,0.04244759057933155
Dataset_3772,single_output,Si Particle Size (um),ann,42,4,0.9634529460414439,0.041587900606322045,0.05198487575790255,0.02782815577986224,0.8416050751383058,0.06888204509870104,0.12524008199763825,0.06487346001233318
Dataset_3772,single_output,Si Particle Size (um),ann,123,0,0.9438174579328684,0.05134462810399543,0.06418078512999428,0.0408704516004505,0.6703537555438218,0.10240291050309659,0.20480582100619318,0.08294777336851558
Dataset_3772,single_output,Si Particle Size (um),ann,123,1,0.9449798646692883,0.051644126289140314,0.06455515786142539,0.038078353541415255,0.7580368656838141,0.06936576790238527,0.21019929667389478,0.057780967791250984
Dataset_3772,single_output,Si Particle Size (um),ann,123,2,0.91870670158454,0.05947010562500929,0.0743376320312616,0.04573309420530777,0.9602125984400719,0.04253361951793336,0.06860261212569896,0.03699723767160775
Dataset_3772,single_output,Si Particle Size (um),ann,123,3,0.9362290939087529,0.049702645424254906,0.06291474104336063,0.042002948339299004,0.9742521743634996,0.04088245878855534,0.06289609044393131,0.035199562243006334
Dataset_3772,single_output,Si Particle Size (um),ann,123,4,0.9354617163760021,0.05177164583707795,0.07964868590319685,0.03876516957778754,0.8887589069581351,0.07313448824982613,0.1091559526116808,0.06407391876522081
Dataset_3772,single_output,Si Particle Size (um),ann,7,0,0.8756700924776706,0.06703540206792642,0.10640540010781974,0.04407774220084076,0.8635107481401971,0.09282178636317046,0.12891914772662563,0.06562007235714651
Dataset_3772,single_output,Si Particle Size (um),ann,7,1,0.9612571397241232,0.040328289259540066,0.05104846741713932,0.03471300178598682,0.8705184580049276,0.08202531069684126,0.13670885116140208,0.06616195248101779
Dataset_3772,single_output,Si Particle Size (um),ann,7,2,0.9553856106781268,0.044891116464838364,0.05611389558104795,0.031154718870109687,0.8777421659230673,0.0651122283357545,0.1276710359524598,0.054660832225974176
Dataset_3772,single_output,Si Particle Size (um),ann,7,3,0.9744819784618941,0.03387343793749075,0.042341797421863434,0.02841940496420382,0.7316470752303463,0.09944109536930226,0.16038886349887463,0.06681176185743024
Dataset_3772,single_output,Si Particle Size (um),ann,7,4,0.9374228828055204,0.05614768244932709,0.07018460306165886,0.04347169201013192,0.8534334313347114,0.05033396298510285,0.132457797329218,0.043151325832405295
Dataset_3772,single_output,Si Particle Size (um),ann,2024,0,0.8995035025319672,0.06553806716395322,0.08192258395494152,0.04787489806735164,0.622744848324791,0.10981907058805049,0.20336864923713052,0.10270419461252575
Dataset_3772,single_output,Si Particle Size (um),ann,2024,1,0.896784050420102,0.07156705226293238,0.08945881532866547,0.05448029795933524,0.6810360064387406,0.08036600895996195,0.17470871513035202,0.06691528569957558
Dataset_3772,single_output,Si Particle Size (um),ann,2024,2,0.9507761039089817,0.048278190433345115,0.06034773804168139,0.037869543142181446,0.8626066010123892,0.05479476580766646,0.1217661462392588,0.0488122910515491
Dataset_3772,single_output,Si Particle Size (um),ann,2024,3,0.9438551375792362,0.04184709015444124,0.06749530670071167,0.03420081887596745,0.8467675384105124,0.11413976707616019,0.14267470884520023,0.09158757424881049
Dataset_3772,single_output,Si Particle Size (um),ann,2024,4,0.9091244659915754,0.06520729773004572,0.08150912216255714,0.0542329737981832,0.6243561679999403,0.10703443490735359,0.22298840605698667,0.08373329070608349
Dataset_3772,single_output,Si Particle Size (um),ann,99,0,0.9232034967907047,0.06081236262818188,0.07697767421288845,0.04766415509696518,0.8736856555273897,0.057859100574670516,0.1205397928638969,0.05072224391189886
Dataset_3772,single_output,Si Particle Size (um),ann,99,1,0.941612198806604,0.049786240789459583,0.062232800986824474,0.03835698280433145,0.9027653634944268,0.06091626408363013,0.09825203884456472,0.05518787192519313
Dataset_3772,single_output,Si Particle Size (um),ann,99,2,0.9526935578165459,0.04167329996814664,0.06411276918176408,0.0326200957460707,0.8659549092260417,0.09022246565188699,0.12029662086918265,0.07354606596028433
Dataset_3772,single_output,Si Particle Size (um),ann,99,3,0.9554853604554612,0.04771443281927016,0.0596430410240877,0.036003836841481576,0.7061940232126944,0.06359032636374923,0.18168664675356921,0.05801221572467328
Dataset_3772,single_output,Si Particle Size (um),ann,99,4,0.9345304150527791,0.051178917736230116,0.06397364717028764,0.03726576605157559,0.8888367425671858,0.08108057058446383,0.13513428430743973,0.06697826714856643
Dataset_3772,single_output,Si Particle Size (um),lightgbm,42,0,0.9790652186641481,0.030558841346178933,0.038198551682723667,0.024223581685028202,0.9790207159003989,0.02920062975559198,0.05509552784073958,0.025843672146495366
Dataset_3772,single_output,Si Particle Size (um),lightgbm,42,1,0.9855697214708647,0.025582153746801232,0.031977692183501535,0.018312024307891365,0.8976769665867154,0.0620471750085815,0.11932149040111827,0.05565387444093121
Dataset_3772,single_output,Si Particle Size (um),lightgbm,42,2,0.9683652213127153,0.03283138133943798,0.05211330371339362,0.025355597073289257,0.800138502314327,0.1075522850957511,0.16052579865037478,0.08482998362149806
Dataset_3772,single_output,Si Particle Size (um),lightgbm,42,3,0.9853376143780103,0.02595175155041443,0.032850318418246115,0.020434538066585822,0.8382830162887476,0.043587205966276174,0.12453487418936049,0.035977457712081516
Dataset_3772,single_output,Si Particle Size (um),lightgbm,42,4,0.9805764443126457,0.03031832315417404,0.03789790394271755,0.0236428199038391,0.8866247801137807,0.058276635803653665,0.10595751964300668,0.0497493092847438
Dataset_3772,single_output,Si Particle Size (um),lightgbm,123,0,0.9897939639990897,0.021883806584348152,0.027354758230435188,0.016058630918219886,0.9534336262418336,0.03848792025067959,0.07697584050135918,0.02470983858489466
Dataset_3772,single_output,Si Particle Size (um),lightgbm,123,1,0.987205971974531,0.02490369312836003,0.031129616410450034,0.01917768817533288,0.901360753753439,0.04428895876194569,0.13420896594529,0.04088570934605162
Dataset_3772,single_output,Si Particle Size (um),lightgbm,123,2,0.9746922370822906,0.03318166817705329,0.041477085221316615,0.024687499985521374,0.9368385061324411,0.05359024590217455,0.08643588048737831,0.04935959000049074
Dataset_3772,single_output,Si Particle Size (um),lightgbm,123,3,0.9736335398076819,0.03195906939435898,0.04045451822070757,0.02304875798368835,0.9713650708679763,0.043113649251357404,0.06632869115593448,0.0382885098534823
Dataset_3772,single_output,Si Particle Size (um),lightgbm,123,4,0.9717849247691794,0.0342313378007215,0.05266359661649462,0.02814485403273772,0.8460057240274375,0.08604822024880517,0.12843017947582863,0.06954280114348275
Dataset_3772,single_output,Si Particle Size (um),lightgbm,7,0,0.9697759578456306,0.03305161508671146,0.0524628810900182,0.0264295907725606,0.8712899701999064,0.09013778692163964,0.1251913707244995,0.06264813246696743
Dataset_3772,single_output,Si Particle Size (um),lightgbm,7,1,0.9824844784382257,0.027115991947241284,0.03432404043954593,0.021002122005061644,0.9639784631906947,0.04326384075976118,0.07210640126626863,0.03947968030551319
Dataset_3772,single_output,Si Particle Size (um),lightgbm,7,2,0.9796615757019805,0.030309696098809603,0.037887120123512,0.025606231010267554,0.9717091226147524,0.03132185090219023,0.0614153939258632,0.026597811291208407
Dataset_3772,single_output,Si Particle Size (um),lightgbm,7,3,0.9862782169110628,0.02483939719166969,0.03104924648958711,0.017370749974060153,0.9174249612482895,0.05516163447321794,0.08897037818260958,0.043535428803715304
Dataset_3772,single_output,Si Particle Size (um),lightgbm,7,4,0.9857213942931412,0.026820505531142354,0.03352563191392794,0.021681095357525652,0.8921266582458522,0.04318179899688538,0.11363631314969835,0.03290543758626965
Dataset_3772,single_output,Si Particle Size (um),lightgbm,2024,0,0.9841183007567292,0.026053534533247432,0.03256691816655929,0.020389451499774336,0.8842536755537466,0.060829434455970235,0.11264710084438932,0.051088687039876346
Dataset_3772,single_output,Si Particle Size (um),lightgbm,2024,1,0.981147914789268,0.03058577014937949,0.03823221268672436,0.02620007376196831,0.9220354567108472,0.039732888718905485,0.08637584504109887,0.034078723167674546
Dataset_3772,single_output,Si Particle Size (um),lightgbm,2024,2,0.9846575960844045,0.026953160465522485,0.03369145058190311,0.020069357171230463,0.8905989022622538,0.04889528491469663,0.10865618869932585,0.04405221796946175
Dataset_3772,single_output,Si Particle Size (um),lightgbm,2024,3,0.9610480534181541,0.03485578247461993,0.056219003991322465,0.026757324425316722,0.8581739869495904,0.10980940541553998,0.13726175676942495,0.08101358769490472
Dataset_3772,single_output,Si Particle Size (um),lightgbm,2024,4,0.9849784127662173,0.02651127575541699,0.03313909469427124,0.020358350929454143,0.9673935726759697,0.03153457609757408,0.06569703353661267,0.024029953138369847
Dataset_3772,single_output,Si Particle Size (um),lightgbm,99,0,0.979008772160053,0.031793627012259414,0.04024509748387267,0.025200631616953715,0.8776288628401555,0.056948834433323124,0.11864340506942317,0.04803338585093215
Dataset_3772,single_output,Si Particle Size (um),lightgbm,99,1,0.9785217734893589,0.030195865622517193,0.03774483202814649,0.022607112190124377,0.9431094850915929,0.04659536257881739,0.0751538106109958,0.04248918927064903
Dataset_3772,single_output,Si Particle Size (um),lightgbm,99,2,0.9762868191664699,0.029504798653148145,0.04539199792792023,0.023150396040079117,0.8885129089802443,0.08228137241004997,0.1097084965467333,0.06314828551156945
Dataset_3772,single_output,Si Particle Size (um),lightgbm,99,3,0.9862128725682129,0.02655432278448311,0.033192903480603886,0.021659415717847665,0.846413274686381,0.04597667721780133,0.1313619349080038,0.03274048992315599
Dataset_3772,single_output,Si Particle Size (um),lightgbm,99,4,0.9837867117626743,0.025468704569014233,0.03183588071126779,0.018882967913974195,0.937301188459804,0.060892782334462596,0.10148797055743766,0.05198679081971832
Dataset_3772,single_output,Hardness (HV),linear_regression,42,0,0.8567872039044147,1.96751863009411,0.0983759315047055,1.5684609963125016,0.8809915037960504,2.1745639140650272,0.1359102446290642,1.726832552543076
Dataset_3772,single_output,Hardness (HV),linear_regression,42,1,0.866822459303293,2.0366594145218424,0.09698378164389726,1.5743024244340469,0.9119392938451668,1.5929802456634452,0.10619868304422968,1.2524962713562442
Dataset_3772,single_output,Hardness (HV),linear_regression,42,2,0.8533893349984552,1.988148661187937,0.11045270339932983,1.5146409007655113,0.8974612968632936,1.8738803125556172,0.11711751953472607,1.6025391886389773
Dataset_3772,single_output,Hardness (HV),linear_regression,42,3,0.9410984103374995,1.4458496295616587,0.06884998236007898,1.2560267351210561,-1.1149399764429009,3.716430129490155,0.530918589927165,2.661802670051366
Dataset_3772,single_output,Hardness (HV),linear_regression,42,4,0.8840093797287809,1.9957770855750767,0.09503700407500365,1.5776378096621324,0.811230502195354,1.8928201234025293,0.1261880082268353,1.6626668370982227
Dataset_3772,single_output,Hardness (HV),linear_regression,123,0,0.8785440711443011,1.9883446428811782,0.09468307823243706,1.5230431495664856,0.8669814101831398,1.898960461230419,0.11170355654296582,1.700728646988539
Dataset_3772,single_output,Hardness (HV),linear_regression,123,1,0.8855072530291588,1.8883909105005607,0.09441954552502804,1.4512045403040978,0.7655362411366524,2.4397763197323274,0.17426973712373767,2.2365184097779554
Dataset_3772,single_output,Hardness (HV),linear_regression,123,2,0.8559946781477186,2.0676791621831065,0.09846091248490983,1.6386079982634973,0.9478113274301341,1.4120270206900993,0.08306041298177055,1.2130082181458874
Dataset_3772,single_output,Hardness (HV),linear_regression,123,3,0.9032454757773606,1.7219817922622322,0.0819991329648682,1.4678849844905846,0.7409064411075292,2.9662443855896763,0.19774962570597843,1.6948774345734523
Dataset_3772,single_output,Hardness (HV),linear_regression,123,4,0.888830264767163,1.8934600377007704,0.09965579145793528,1.4225034839634616,0.7941241692062588,2.2057633787058495,0.1378602111691156,1.825580828434395
Dataset_3772,single_output,Hardness (HV),linear_regression,7,0,0.8510730972680758,2.079288139254424,0.109436217855496,1.6418025342561198,0.9459958480228846,1.4251534665657317,0.07917519258698509,1.1900580995443342
Dataset_3772,single_output,Hardness (HV),linear_regression,7,1,0.9119205551413501,1.6672078470930147,0.07939084986157213,1.3492311675850728,0.6711872821028102,3.0165192992971943,0.20110128661981294,2.1030513043637313
Dataset_3772,single_output,Hardness (HV),linear_regression,7,2,0.8584790953761186,2.0212440461273995,0.10106220230636997,1.601161893667423,0.8998192117179327,1.81991745168789,0.11374484073049312,1.54051847188918
Dataset_3772,single_output,Hardness (HV),linear_regression,7,3,0.8910390419042574,1.8286536662840698,0.08707874601352714,1.3807392273435182,0.8293610213525434,2.4072308609151305,0.14160181534794886,1.9695860906082803
Dataset_3772,single_output,Hardness (HV),linear_regression,7,4,0.8873263714099229,2.010817981478081,0.09575323721324194,1.5797975419340735,0.7622518854452691,1.7288242941712197,0.15716584492465635,1.5407005830247118
Dataset_3772,single_output,Hardness (HV),linear_regression,2024,0,0.8737718536395117,1.8301347003290547,0.0871492714442407,1.4511927406470337,0.7728932131098227,2.5441193813125302,0.16960795875416868,2.277298644954877
Dataset_3772,single_output,Hardness (HV),linear_regression,2024,1,0.8741726699531315,2.0911685661820094,0.09957945553247664,1.653215610106545,0.8942329832142891,1.3320269026352156,0.09514477875965825,1.207495959433274
Dataset_3772,single_output,Hardness (HV),linear_regression,2024,2,0.8770453895184427,2.059648844426122,0.0980785164012439,1.5744564261975849,0.8133825508990411,1.4551758551427634,0.13228871410388757,1.290267605184687
Dataset_3772,single_output,Hardness (HV),linear_regression,2024,3,0.9210466951882613,1.4586002255202684,0.08103334586223714,1.23394314061571,0.6091930703203222,3.786848508160359,0.23667803176002244,2.7362219029156285
Dataset_3772,single_output,Hardness (HV),linear_regression,2024,4,0.877029761613345,1.9740157628225778,0.0987007881411289,1.5104738490329153,0.8689070611546902,1.9723038071699688,0.12326898794812305,1.8675018081232853
Dataset_3772,single_output,Hardness (HV),linear_regression,99,0,0.932909826706215,1.541805992755244,0.07341933298834495,1.2916662048782663,0.21620838175538648,3.371198372173743,0.3064725792885221,2.4329546432427414
Dataset_3772,single_output,Hardness (HV),linear_regression,99,1,0.8709294359101646,1.9092627454043682,0.0909172735906842,1.4700812621928903,0.8548582641873065,2.2439985761644636,0.13199991624496846,1.7694779131553031
Dataset_3772,single_output,Hardness (HV),linear_regression,99,2,0.8479457392615914,2.0490431753489,0.11383573196382778,1.6039258523073885,0.930702533229394,1.5821486048523303,0.07534040975487287,1.2109688791995186
Dataset_3772,single_output,Hardness (HV),linear_regression,99,3,0.8891498231924121,2.0084419962010225,0.09564009505719155,1.5387652350367647,0.6350907197525071,1.9063574025188184,0.2118174891687576,1.6943718534708532
Dataset_3772,single_output,Hardness (HV),linear_regression,99,4,0.8644915810376603,1.9500293261343138,0.09285853933972923,1.4556215088137516,0.8995692733919727,2.1069997715728164,0.13168748572330102,2.0504137774529676
Dataset_3772,single_output,Hardness (HV),ridge,42,0,0.8557553349260347,1.9745940367603494,0.09872970183801746,1.604986084101117,0.8661224636444503,2.306412849779402,0.14415080311121262,1.8277953206369997
Dataset_3772,single_output,Hardness (HV),ridge,42,1,0.8658556966510184,2.044038308430064,0.09733515754428877,1.630357081088936,0.9076652745449949,1.6311798180537487,0.10874532120358324,1.3291511515427215
Dataset_3772,single_output,Hardness (HV),ridge,42,2,0.8522903123845185,1.9955865265655668,0.1108659181425315,1.551845995216282,0.88459944061936,1.9879336961837364,0.12424585601148352,1.7722693494527928
Dataset_3772,single_output,Hardness (HV),ridge,42,3,0.9400717984083663,1.4583952548980053,0.0694473930903812,1.2649515706617738,-0.9153021345140679,3.5366786074418424,0.5052398010631204,2.5448260612864266
Dataset_3772,single_output,Hardness (HV),ridge,42,4,0.8831143601270107,2.003462306180301,0.09540296696096671,1.6041652309101961,0.8064688869792161,1.9165441640733063,0.12776961093822042,1.6405440228406494
Dataset_3772,single_output,Hardness (HV),ridge,123,0,0.8776780764245007,1.9954206149761669,0.09502002928457938,1.5626251140630367,0.8570744285652481,1.968406186007852,0.11578859917693247,1.7294465207841387
Dataset_3772,single_output,Hardness (HV),ridge,123,1,0.8845835225240913,1.8959934008913333,0.09479967004456666,1.4906872039917505,0.7542206497959251,2.4979563551270827,0.17842545393764878,2.276954557889291
Dataset_3772,single_output,Hardness (HV),ridge,123,2,0.8549214262231273,2.0753699239217225,0.09882713923436774,1.6740186818438478,0.9436235211813123,1.4675869987672552,0.08632864698630913,1.2676439919110192
Dataset_3772,single_output,Hardness (HV),ridge,123,3,0.902090747242711,1.732226914670156,0.0824869959366741,1.4599761371266957,0.7696679074641892,2.796764172453256,0.18645094483021707,1.6477419879855506
Dataset_3772,single_output,Hardness (HV),ridge,123,4,0.8877915110543763,1.9022855760431676,0.10012029347595619,1.4615975889110306,0.8000082060373457,2.1740139562135528,0.13587587226334705,1.770403499167953
Dataset_3772,single_output,Hardness (HV),ridge,7,0,0.8499960173980154,2.0867935820556456,0.10983124116082345,1.688976680521234,0.9429326564492444,1.4650143766715058,0.08138968759286143,1.1612764859608546
Dataset_3772,single_output,Hardness (HV),ridge,7,1,0.9107940360123505,1.677835606875898,0.07989693366075705,1.3452413121903357,0.6939686127174631,2.910146083559296,0.19400973890395307,2.1099138702634286
Dataset_3772,single_output,Hardness (HV),ridge,7,2,0.8575239636253529,2.0280533156243896,0.10140266578121948,1.6271193338005518,0.8869596378654478,1.9331975555897678,0.12082484722436049,1.6196230882241878
Dataset_3772,single_output,Hardness (HV),ridge,7,3,0.8899742533618766,1.837566930593651,0.08750318717112623,1.4237623015414698,0.8319576600486039,2.3888450530180982,0.14052029723635873,1.9427856151776999
Dataset_3772,single_output,Hardness (HV),ridge,7,4,0.8865190170517399,2.018009304283354,0.09609568115635019,1.6059293924372366,0.7517535833482225,1.7665820374528087,0.16059836704116442,1.5662512659198577
Dataset_3772,single_output,Hardness (HV),ridge,2024,0,0.8726933063217857,1.8379367968233324,0.08752079984873011,1.4853263129192118,0.7479683751228485,2.6800935261663565,0.17867290174442377,2.4468025053924087
Dataset_3772,single_output,Hardness (HV),ridge,2024,1,0.8733300566865592,2.098158725987024,0.09991232028509638,1.6853495772690101,0.8892286161082849,1.363175146778913,0.09736965334135093,1.2213155641684352
Dataset_3772,single_output,Hardness (HV),ridge,2024,2,0.8762418163366001,2.0663683288236125,0.09839849184874346,1.5976258375970978,0.8162502664137692,1.443951861046369,0.13126835100421538,1.2663010526610532
Dataset_3772,single_output,Hardness (HV),ridge,2024,3,0.9194276778658981,1.4734793706230256,0.08185996503461253,1.2190984377844083,0.6463493415506179,3.60233451486385,0.22514590717899063,2.6464902135071435
Dataset_3772,single_output,Hardness (HV),ridge,2024,4,0.8761073166633371,1.9814058386434383,0.09907029193217191,1.5378024060652966,0.8599596448710534,2.0385002307993862,0.12740626442496164,1.9335232543619665
Dataset_3772,single_output,Hardness (HV),ridge,99,0,0.9318030654700322,1.5544712682652628,0.07402244134596489,1.3170364298577475,0.2907363989463806,3.206917868495774,0.29153798804507036,2.333228799472119
Dataset_3772,single_output,Hardness (HV),ridge,99,1,0.8698120930425863,1.9175090256164213,0.09130995360078197,1.4980629608993057,0.8505820264135338,2.276815512844741,0.13393032428498475,1.8290927353425153
Dataset_3772,single_output,Hardness (HV),ridge,99,2,0.8469566783288067,2.0556965357621277,0.11420536309789599,1.6375609187169549,0.9260768189823438,1.6341010784891539,0.07781433707091209,1.1963661522811273
Dataset_3772,single_output,Hardness (HV),ridge,99,3,0.8883141380156241,2.0159984736165018,0.09599992731507151,1.5827164325804908,0.6293792975176519,1.9212182721419127,0.21346869690465697,1.7138322677161426
Dataset_3772,single_output,Hardness (HV),ridge,99,4,0.8634635621689388,1.9574121856932456,0.09321010408063074,1.5046880466939658,0.8882806386081225,2.2222627591971267,0.13889142244982042,2.159784087528828
Dataset_3772,single_output,Hardness (HV),elasticnet,42,0,0.8532177075832476,1.9918873539270392,0.09959436769635197,1.6444222892801597,0.8512347585589133,2.4312741290084254,0.1519546330630266,1.9203609560948234
Dataset_3772,single_output,Hardness (HV),elasticnet,42,1,0.8633907403282322,2.062732838539544,0.09822537326378782,1.6948540835107706,0.9019061803683143,1.6812803267574499,0.11208535511716332,1.3935753256190029
Dataset_3772,single_output,Hardness (HV),elasticnet,42,2,0.8493287889169128,2.0154926225150294,0.11197181236194607,1.5925854144228149,0.8678292874968441,2.127480331956838,0.13296752074730236,1.9375458488957154
Dataset_3772,single_output,Hardness (HV),elasticnet,42,3,0.9375900960675698,1.4882859338507333,0.07087075875479683,1.271442690945316,-0.756399960840616,3.386793039322601,0.48382757704608587,2.442447584605698
Dataset_3772,single_output,Hardness (HV),elasticnet,42,4,0.8808522190485707,2.0227563615789954,0.09632173150376169,1.637019741873292,0.8020076492217547,1.9385081904822314,0.12923387936548208,1.66188876113047
Dataset_3772,single_output,Hardness (HV),elasticnet,123,0,0.8756222363409935,2.0121190628752634,0.09581519347025064,1.6055919763780417,0.8471599259658883,2.0355340532691897,0.1197372972511288,1.7541076453500608
Dataset_3772,single_output,Hardness (HV),elasticnet,123,1,0.8822576184848785,1.9150023956319142,0.09575011978159571,1.5320426212187308,0.7400010524898403,2.569200188030567,0.1835142991450405,2.3254152950531437
Dataset_3772,single_output,Hardness (HV),elasticnet,123,2,0.8521354080741061,2.095202359325431,0.09977154092025863,1.7287777018219235,0.9387827862394131,1.529296384561551,0.08995861085656183,1.3632062873542534
Dataset_3772,single_output,Hardness (HV),elasticnet,123,3,0.8992206651515604,1.7574325182896984,0.08368726277569992,1.464567425989227,0.7912699930571672,2.662386268732657,0.1774924179155105,1.6388465896083264
Dataset_3772,single_output,Hardness (HV),elasticnet,123,4,0.8851673002664971,1.9244013174607182,0.10128427986635359,1.5209215940712004,0.8028411274342115,2.1585613804776203,0.13491008627985127,1.8007239909899144
Dataset_3772,single_output,Hardness (HV),elasticnet,7,0,0.8474192497745869,2.104640728445023,0.1107705646550012,1.731930095018829,0.9383275665946799,1.522977897115783,0.08460988317309906,1.2230505526173445
Dataset_3772,single_output,Hardness (HV),elasticnet,7,1,0.9079806018373412,1.7040885391874359,0.0811470732946398,1.3411228114736633,0.7092803046069296,2.836410159140885,0.18909401060939232,2.1278069591135034
Dataset_3772,single_output,Hardness (HV),elasticnet,7,2,0.8550322492759114,2.045710413623676,0.1022855206811838,1.6681863170677742,0.8727029894665559,2.0514860570147957,0.12821787856342473,1.7321261633441623
Dataset_3772,single_output,Hardness (HV),elasticnet,7,3,0.8872742457200036,1.8599770234880157,0.08857033445181027,1.4881104765436963,0.8318779482644599,2.3894115665677456,0.14055362156280857,1.951999158944117
Dataset_3772,single_output,Hardness (HV),elasticnet,7,4,0.8844761852086821,2.0360919207230648,0.09695675812966975,1.66424397867656,0.7447735081180062,1.7912458268564864,0.16284052971422602,1.5750359441635047
Dataset_3772,single_output,Hardness (HV),elasticnet,2024,0,0.8700695948324143,1.856779572538576,0.08841807488278934,1.5208301148426087,0.72518220926837,2.798625919241701,0.18657506128278006,2.585692482369099
Dataset_3772,single_output,Hardness (HV),elasticnet,2024,1,0.8711710031128488,2.1159644360598837,0.10076021124094685,1.7441689947683723,0.8851834607121096,1.3878422195701303,0.09913158711215217,1.2542296217078481
Dataset_3772,single_output,Hardness (HV),elasticnet,2024,2,0.8741725875810681,2.0835714897955517,0.09921768999026437,1.6394421766592229,0.8118300003040665,1.461216433639292,0.132837857603572,1.2621841812022399
Dataset_3772,single_output,Hardness (HV),elasticnet,2024,3,0.9154920589719449,1.5090369709717366,0.0838353872762076,1.218594791513725,0.6699315932078954,3.4801565628991287,0.21750978518119554,2.583153650002324
Dataset_3772,single_output,Hardness (HV),elasticnet,2024,4,0.8737189501176365,2.000413149765875,0.10002065748829374,1.5875435123169503,0.8519117978931187,2.0962563612082934,0.13101602257551834,1.9760995908325307
Dataset_3772,single_output,Hardness (HV),elasticnet,99,0,0.929320886617029,1.5825076533109381,0.07535750730052086,1.3442356349813818,0.34974792503628416,3.070611516778682,0.2791465015253347,2.2716614386652125
Dataset_3772,single_output,Hardness (HV),elasticnet,99,1,0.8669384617191398,1.9385560586286603,0.09231219326803144,1.5427199962143785,0.8430908185804479,2.3331926467398243,0.1372466262788132,1.88520273864432
Dataset_3772,single_output,Hardness (HV),elasticnet,99,2,0.8442905945032203,2.0735248081800686,0.11519582267667047,1.6780590646886306,0.9169954572665555,1.73156789065956,0.08245561384093143,1.312190701839366
Dataset_3772,single_output,Hardness (HV),elasticnet,99,3,0.8862579042698329,2.0344719747598585,0.09687961784570755,1.6428115991532382,0.6221992132375964,1.9397390101114167,0.2155265566790463,1.7311560963326258
Dataset_3772,single_output,Hardness (HV),elasticnet,99,4,0.8607647766496467,1.9766626743736513,0.09412679401779292,1.560971051150368,0.8764539457282107,2.3369295813999957,0.14605809883749973,2.2620717186112893
Dataset_3772,single_output,Hardness (HV),svr_rbf,42,0,0.6747855246442152,2.964919287226913,0.14824596436134566,2.41219267201882,0.49374817963515205,4.485041769572442,0.28031511059827763,3.9325754130199453
Dataset_3772,single_output,Hardness (HV),svr_rbf,42,1,0.654743712738328,3.2792438422011005,0.15615446867624289,2.47043876529916,0.5112062184463868,3.7530309371735364,0.2502020624782358,3.594466914782296
Dataset_3772,single_output,Hardness (HV),svr_rbf,42,2,0.7004830763105379,2.8416903762885015,0.15787168757158343,2.2496646254084034,0.14780258302872484,5.402167489560206,0.3376354680975129,4.5196696994098176
Dataset_3772,single_output,Hardness (HV),svr_rbf,42,3,0.6711154271338325,3.416499576904488,0.16269045604307086,2.6454762457806145,-0.084247150298014,2.6609768349671756,0.3801395478524537,2.3260153005692223
Dataset_3772,single_output,Hardness (HV),svr_rbf,42,4,0.6921415291362136,3.2514430416671747,0.15483062103177023,2.6404648405671214,0.6548307439535688,2.5595256580762444,0.17063504387174963,2.1608791624338517
Dataset_3772,single_output,Hardness (HV),svr_rbf,123,0,0.6634879276301586,3.309654262200815,0.15760258391432452,2.6100290750951,0.5400461808659702,3.531155698292924,0.20771504107605435,3.1198880790647774
Dataset_3772,single_output,Hardness (HV),svr_rbf,123,1,0.7098845282566074,3.0059957261123933,0.15029978630561966,2.4776999533464337,0.4172174866248223,3.8464970723140866,0.2747497908795776,2.989760634445929
Dataset_3772,single_output,Hardness (HV),svr_rbf,123,2,0.6767863468033327,3.097695528903896,0.14750931090018554,2.4448336230079146,0.6408190994666173,3.7043456162819357,0.2179026833107021,3.205600811104095
Dataset_3772,single_output,Hardness (HV),svr_rbf,123,3,0.6364878511967531,3.3377390446451165,0.1589399545069103,2.5627989249812138,0.6173708365651455,3.604687786745221,0.24031251911634807,3.445708818105215
Dataset_3772,single_output,Hardness (HV),svr_rbf,123,4,0.7095704590172691,3.0604356490717053,0.16107556047745816,2.4267028120296015,0.4116745986168113,3.728765224306103,0.23304782651913145,2.7270724497846817
Dataset_3772,single_output,Hardness (HV),svr_rbf,7,0,0.6726633411874856,3.0826585304776404,0.16224518581461264,2.4840351503856657,0.5182576470390556,4.256527787515373,0.2364737659730763,3.5352150244975302
Dataset_3772,single_output,Hardness (HV),svr_rbf,7,1,0.6451702946271443,3.346281301692105,0.159346728652005,2.6506882789167,0.5614299088897965,3.483784722212781,0.2322523148141854,2.92326359986599
Dataset_3772,single_output,Hardness (HV),svr_rbf,7,2,0.7071813158858598,2.907420497822266,0.1453710248911133,2.3444323128018807,0.40610506047636286,4.431127838253456,0.276945489890841,3.8483666236343015
Dataset_3772,single_output,Hardness (HV),svr_rbf,7,3,0.6705156206139047,3.179899682074267,0.1514237943844889,2.4171668025247954,0.5716674485336758,3.8138987648560736,0.22434698616800433,3.421470696524352
Dataset_3772,single_output,Hardness (HV),svr_rbf,7,4,0.7140892048735827,3.2031471958500646,0.15253081885000308,2.6090334719940245,0.6057363508632685,2.2263102442007487,0.20239184038188626,1.7725646993686601
Dataset_3772,single_output,Hardness (HV),svr_rbf,2024,0,0.6259566513111061,3.1504016149012286,0.15001912451910612,2.3862138814766154,0.018872048900871685,5.2879246029349884,0.35252830686233255,5.133556992536736
Dataset_3772,single_output,Hardness (HV),svr_rbf,2024,1,0.7177645614984094,3.1318959388601,0.14913790185048095,2.5949289877667345,0.6282802771498575,2.4971559830597214,0.1783682845042658,1.818027875319552
Dataset_3772,single_output,Hardness (HV),svr_rbf,2024,2,0.6874242224615958,3.2839643470060778,0.15637925461933705,2.591643864587928,0.3808547726027798,2.6505476770708354,0.2409588797337123,2.0936658617138164
Dataset_3772,single_output,Hardness (HV),svr_rbf,2024,3,0.6885013268428632,2.8972049614565596,0.16095583119203108,2.327892389496626,0.2570517129280223,5.221269335378085,0.3263293334611303,4.1524682580295815
Dataset_3772,single_output,Hardness (HV),svr_rbf,2024,4,0.6888456338222669,3.140064424204207,0.15700322121021035,2.5019970375514333,0.4994820327021957,3.8538428328919703,0.24086517705574814,3.260521654745444
Dataset_3772,single_output,Hardness (HV),svr_rbf,99,0,0.6381600724961969,3.5806223354099944,0.17050582549571403,2.930232668937002,0.6263637670614939,2.3276007771111304,0.2116000706464664,2.0195833175150657
Dataset_3772,single_output,Hardness (HV),svr_rbf,99,1,0.6801965712833334,3.00534028036868,0.14311144192231812,2.357345225466677,0.467422307207517,4.298509655700144,0.252853509158832,3.828535683556763
Dataset_3772,single_output,Hardness (HV),svr_rbf,99,2,0.6664718946124987,3.0347158341735683,0.1685953241207538,2.3147558880976407,0.25095351581607206,5.201672174241335,0.24769867496387313,4.605528115705253
Dataset_3772,single_output,Hardness (HV),svr_rbf,99,3,0.7178028734079784,3.204552510441767,0.15259773859246512,2.478202710794659,0.2414118539877952,2.748621232300326,0.30540235914448066,2.357799968255715
Dataset_3772,single_output,Hardness (HV),svr_rbf,99,4,0.6696048348825114,3.0449126978327277,0.14499584275393942,2.3111718346259096,0.5304436310655871,4.555909136880251,0.2847443210550157,4.387291896251404
Dataset_3772,single_output,Hardness (HV),gpr,42,0,0.9966497353133195,0.3009313969386309,0.015046569846931545,0.21184897873720285,0.8667929311911949,2.3006302668399075,0.14378939167749422,1.6870680879463311
Dataset_3772,single_output,Hardness (HV),gpr,42,1,0.9448493908304005,1.3106238616643446,0.062410660079254505,0.9767752602508383,0.864381988002058,1.9768694739828383,0.13179129826552255,1.6616645856998875
Dataset_3772,single_output,Hardness (HV),gpr,42,2,0.9481908699732879,1.1818686780715126,0.06565937100397293,0.9028149687330211,0.8745909519890191,2.0723465087418194,0.1295216567963637,1.6872147751271274
Dataset_3772,single_output,Hardness (HV),gpr,42,3,0.9642199116751635,1.1268868844390345,0.0536612802113826,0.991016696158734,-0.7513881725525586,3.381957575907953,0.483136796558279,2.4527194699393533
Dataset_3772,single_output,Hardness (HV),gpr,42,4,0.9489223274171624,1.3243907733602085,0.06306622730286707,1.0320242066096357,0.8915627558639384,1.4346060900479969,0.0956404060031998,1.2944611499308718
Dataset_3772,single_output,Hardness (HV),gpr,123,0,0.9439469390552119,1.3507717537592423,0.06432246446472582,1.0507162712826361,0.9155966608079434,1.5126538842080364,0.08897964024753155,1.3078181387149979
Dataset_3772,single_output,Hardness (HV),gpr,123,1,0.9766763159801225,0.852317662262076,0.0426158831131038,0.6947442883085126,0.7786372145712436,2.3706337096166665,0.16933097925833332,1.667962179655642
Dataset_3772,single_output,Hardness (HV),gpr,123,2,0.958914946382929,1.1044239321975668,0.05259161581893176,0.8518721664775121,0.9354340564733912,1.5705675971380009,0.09238632924341182,1.3681310754445093
Dataset_3772,single_output,Hardness (HV),gpr,123,3,0.9998292479048704,0.07233957197858117,0.0034447415227895793,0.05785295033515301,0.6814191212825245,3.289186308986164,0.21927908726574427,2.371682065880248
Dataset_3772,single_output,Hardness (HV),gpr,123,4,0.9620531264529063,1.1062438210495524,0.05822335900260802,0.8883052763318233,0.8428263304087644,1.9272858645798243,0.12045536653623902,1.5561947878914058
Dataset_3772,single_output,Hardness (HV),gpr,7,0,0.943261195110356,1.2834181874939181,0.06754832565757464,1.0626519672244608,0.9855935795360834,0.7360818362350168,0.04089343534638982,0.6236731257904289
Dataset_3772,single_output,Hardness (HV),gpr,7,1,0.9505051047425132,1.2497773976031457,0.059513209409673605,1.0013893697907537,0.7026064812552326,2.8687820476815755,0.19125213651210504,2.056609649913674
Dataset_3772,single_output,Hardness (HV),gpr,7,2,0.9959277275719286,0.34286793165840357,0.01714339658292018,0.24817143140713754,0.8580251100329759,2.166532646676218,0.13540829041726363,1.5670620743404657
Dataset_3772,single_output,Hardness (HV),gpr,7,3,0.9675131347168657,0.9985042279189675,0.047547820377093694,0.7637656618583754,0.8214476071161005,2.4624161925397194,0.14484801132586586,2.333381179411532
Dataset_3772,single_output,Hardness (HV),gpr,7,4,0.9470641318313291,1.3782774155308108,0.06563225788241957,1.0782223073349817,0.9037863336069248,1.099792359791521,0.09998112361741099,0.9216079529168582
Dataset_3772,single_output,Hardness (HV),gpr,2024,0,0.9306316318107075,1.3567058335084399,0.0646050396908781,1.0392185157706,0.8017226492919313,2.377163119177975,0.15847754127853167,2.1779074750326224
Dataset_3772,single_output,Hardness (HV),gpr,2024,1,0.9692876396775362,1.0331375549736812,0.04919702642731815,0.771664050723444,0.8447449340344898,1.6138410526875884,0.11527436090625631,1.4066679920877985
Dataset_3772,single_output,Hardness (HV),gpr,2024,2,0.9547486638424884,1.2495006231724703,0.05950002967487954,0.9910348561666378,0.922208574812072,0.9395182482885056,0.0854107498444096,0.7819146038056927
Dataset_3772,single_output,Hardness (HV),gpr,2024,3,0.9312204533463171,1.3613844138646614,0.07563246743692563,1.1549663495669653,0.6659777241920551,3.5009388009232456,0.21880867505770285,2.4895144556318627
Dataset_3772,single_output,Hardness (HV),gpr,2024,4,0.9697347043322401,0.979316494362553,0.048965824718127646,0.764730539222372,0.8578476253355793,2.0538145334964844,0.12836340834353027,1.6294708527380115
Dataset_3772,single_output,Hardness (HV),gpr,99,0,0.9691039761467202,1.0462887806556287,0.04982327526931565,0.8435513100668004,0.3703757077151557,3.0215148912640233,0.27468317193309305,2.0715018713038376
Dataset_3772,single_output,Hardness (HV),gpr,99,1,0.9545233150438516,1.1333041887153932,0.05396686612930444,0.836437983785582,0.8902544916261739,1.9512809201383607,0.11478123059637416,1.7669592080559167
Dataset_3772,single_output,Hardness (HV),gpr,99,2,0.999999999976194,2.563863117885914e-05,1.4243683988255077e-06,2.076066172319629e-05,0.8164142608748235,2.5751828080603993,0.12262775276478093,2.0458838180547696
Dataset_3772,single_output,Hardness (HV),gpr,99,3,0.9591400513954749,1.219382637061984,0.058065839860094476,0.8962613301784551,0.49675678834881865,2.2387254358810385,0.2487472706534487,1.843475450052056
Dataset_3772,single_output,Hardness (HV),gpr,99,4,0.9208030300459376,1.4907756366103206,0.07098931602906289,1.1956137863523675,0.9401311741093095,1.6267902344565444,0.10167438965353402,1.512726125185529
Dataset_3772,single_output,Hardness (HV),random_forest,42,0,0.9147729204765347,1.5178076753541188,0.07589038376770593,1.2996624622071127,0.8279106716026455,2.6149305742291955,0.16343316088932472,2.131559523809525
Dataset_3772,single_output,Hardness (HV),random_forest,42,1,0.9125561243813278,1.6503179090400533,0.0785865670971454,1.3593191562588114,0.7784240246155898,2.5268568732747934,0.16845712488498624,2.4413911736411813
Dataset_3772,single_output,Hardness (HV),random_forest,42,2,0.899022862014749,1.64997590393445,0.09166532799635833,1.410849571246123,0.617040200517213,3.6213836106876998,0.22633647566798124,3.2593964474678847
Dataset_3772,single_output,Hardness (HV),random_forest,42,3,0.9414904275466243,1.4410301996736266,0.06862048569874413,1.167384680134658,0.11469190649757133,2.4044965951180357,0.34349951358829084,2.0130712567855755
Dataset_3772,single_output,Hardness (HV),random_forest,42,4,0.9203958965158946,1.653363418275173,0.07873159134643681,1.4336547079995297,0.6970336287968213,2.3979528906325456,0.15986352604216972,1.999047687761981
Dataset_3772,single_output,Hardness (HV),random_forest,123,0,0.9086611945966173,1.7242886413656977,0.08210898292217608,1.426341252662693,0.7167907760922403,2.7708527666360085,0.16299133921388287,2.329987794612796
Dataset_3772,single_output,Hardness (HV),random_forest,123,1,0.9253297442011205,1.5250241924732986,0.07625120962366493,1.2899301678525765,0.797011462778636,2.2701152551131596,0.16215108965093997,1.971277777777792
Dataset_3772,single_output,Hardness (HV),random_forest,123,2,0.9280067670755315,1.4619742323156621,0.0696178205864601,1.2639859970808198,0.8521068336093243,2.376998654122656,0.13982345024250917,2.254924792139085
Dataset_3772,single_output,Hardness (HV),random_forest,123,3,0.9289788444294671,1.4753218732926023,0.07025342253774297,1.2757588031381215,0.7048212288180653,3.1660748738898,0.21107165825932,2.787981103552513
Dataset_3772,single_output,Hardness (HV),random_forest,123,4,0.9162155717439072,1.6437831076718967,0.08651490040378404,1.3573697774128788,0.7179178939599093,2.58192729309425,0.16137045581839063,2.258036848072566
Dataset_3772,single_output,Hardness (HV),random_forest,7,0,0.8996297042588833,1.7069889093272077,0.08984152154353725,1.478619425548002,0.7269975641244593,3.204286345936746,0.17801590810759702,2.8409596560846477
Dataset_3772,single_output,Hardness (HV),random_forest,7,1,0.9233368243945475,1.5554134993837025,0.07406730949446202,1.3447455756248818,0.7553620293522396,2.601918790393606,0.17346125269290708,2.3287407407407374
Dataset_3772,single_output,Hardness (HV),random_forest,7,2,0.9235288416343884,1.4857895176789377,0.07428947588394688,1.2409781530729775,0.7960917752583264,2.5964313188490524,0.16227695742806578,2.2764816017315956
Dataset_3772,single_output,Hardness (HV),random_forest,7,3,0.9050307517275528,1.7072121957931186,0.08129581884729135,1.3661852307972993,0.7756481001314375,2.760218718712039,0.1623658069830611,2.539169501133809
Dataset_3772,single_output,Hardness (HV),random_forest,7,4,0.9318499829495998,1.5638482348115759,0.074468963562456,1.31464864988141,0.8211722164844524,1.499373438157619,0.13630667619614717,1.3014323507180552
Dataset_3772,single_output,Hardness (HV),random_forest,2024,0,0.9045697250553917,1.5912852628764635,0.07577548870840303,1.2974540515701274,0.5401033871966738,3.620366482125089,0.24135776547500593,3.166488110269359
Dataset_3772,single_output,Hardness (HV),random_forest,2024,1,0.9228057465670806,1.6379250959374632,0.0779964331398792,1.3999613333665029,0.7130651032322715,2.1939642860890287,0.1567117347206449,1.8314637875352235
Dataset_3772,single_output,Hardness (HV),random_forest,2024,2,0.9160300466724196,1.7020908195074234,0.08105194378606778,1.4718195584747304,0.378928646055375,2.654667329145573,0.24133339355868844,2.136574829931971
Dataset_3772,single_output,Hardness (HV),random_forest,2024,3,0.9116230736486968,1.5431941429611125,0.08573300794228403,1.2981385239919783,0.6699381606712616,3.480121939902867,0.2175076212439292,3.1187093726379476
Dataset_3772,single_output,Hardness (HV),random_forest,2024,4,0.9181582749671565,1.6104157010636098,0.08052078505318049,1.35305649267719,0.8227758353309989,2.2932195326823983,0.1433262207926499,2.1270903078403154
Dataset_3772,single_output,Hardness (HV),random_forest,99,0,0.9339216714333727,1.5301351686208748,0.0728635794581369,1.2650992535903198,0.5388996529726715,2.5857213755345456,0.2350655795940496,2.0800603505290933
Dataset_3772,single_output,Hardness (HV),random_forest,99,1,0.9101680823050713,1.5928226760678332,0.07584869886037302,1.3062452107279614,0.7951297884118421,2.666034889998852,0.15682558176463837,2.5644208238851007
Dataset_3772,single_output,Hardness (HV),random_forest,99,2,0.9007460422914337,1.6554868257081163,0.09197149031711757,1.3731242065724887,0.7073915675203319,3.251112605439121,0.1548148859732915,2.9915968660968866
Dataset_3772,single_output,Hardness (HV),random_forest,99,3,0.9268194167215076,1.6318830520799745,0.07770871676571307,1.4052662047403504,0.7383365017525461,1.6142970109892814,0.1793663345543646,1.3803501511715979
Dataset_3772,single_output,Hardness (HV),random_forest,99,4,0.9075154457283962,1.6109891204679727,0.07671376764133203,1.3715937785075718,0.7092658612274299,3.584917795947597,0.22405736224672482,3.2410020786092235
Dataset_3772,single_output,Hardness (HV),extra_trees,42,0,0.9418413119054935,1.2538201412302206,0.06269100706151103,1.0509716553287984,0.8165160326835017,2.700114953819835,0.16875718461373967,2.40966071428568
Dataset_3772,single_output,Hardness (HV),extra_trees,42,1,0.9308541748404353,1.4675263081784136,0.06988220515135303,1.2125446086480525,0.7473737625230457,2.6981030649950917,0.17987353766633946,2.562260770975056
Dataset_3772,single_output,Hardness (HV),extra_trees,42,2,0.8860133241755146,1.7530452144633615,0.09739140080352009,1.5736573617953038,0.5836428821484807,3.7759908653762775,0.23599942908601734,3.4310136054421525
Dataset_3772,single_output,Hardness (HV),extra_trees,42,3,0.9552049523266753,1.260882513239005,0.060042024439952615,1.0229485495347637,0.22926745359073364,2.243514075088841,0.3205020107269773,1.938943310657574
Dataset_3772,single_output,Hardness (HV),extra_trees,42,4,0.9329405741190808,1.5175063324461628,0.07226220630696013,1.2461313628899713,0.676286809424238,2.4786980915987074,0.16524653943991383,2.2106077097505903
Dataset_3772,single_output,Hardness (HV),extra_trees,123,0,0.9101831354677028,1.7098627402186528,0.08142203524850727,1.424563492063509,0.6469145058375443,3.0938531103318923,0.18199135943128777,2.6943630952380264
Dataset_3772,single_output,Hardness (HV),extra_trees,123,1,0.9397401346849745,1.369988722130766,0.0684994361065383,1.1747586206896663,0.8003200202701279,2.2515386792508063,0.1608241913750576,1.9320634920635302
Dataset_3772,single_output,Hardness (HV),extra_trees,123,2,0.9494305722694368,1.2252872077478465,0.0583470098927546,0.9998286808976506,0.7934808066102657,2.8088923302560165,0.1652289606032951,2.7677188208617087
Dataset_3772,single_output,Hardness (HV),extra_trees,123,3,0.950832163242973,1.2275338155110367,0.05845399121481127,0.9659282977558651,0.6737054618076765,3.3287679633947134,0.22191786422631424,2.855573696145133
Dataset_3772,single_output,Hardness (HV),extra_trees,123,4,0.9253769794417159,1.5513124218481829,0.08164802220253593,1.3983765736179614,0.7332814349384611,2.510630859582305,0.15691442872389405,2.1538276643990435
Dataset_3772,single_output,Hardness (HV),extra_trees,7,0,0.919428192065351,1.5293949503059003,0.0804944710687316,1.21635600907031,0.6468186239161622,3.6445755330563654,0.20247641850313142,3.4123293650793283
Dataset_3772,single_output,Hardness (HV),extra_trees,7,1,0.9214544465935404,1.5743934103243,0.07497111477734762,1.3565593869731851,0.5980045653610816,3.335357305371857,0.22235715369145712,2.9475079365079466
Dataset_3772,single_output,Hardness (HV),extra_trees,7,2,0.9448863638457479,1.2613569022693052,0.06306784511346526,1.0236907498631727,0.7857803671103099,2.6612710070730707,0.16632943794206692,2.3247210884353455
Dataset_3772,single_output,Hardness (HV),extra_trees,7,3,0.9319779403633802,1.4448437819934818,0.06880208485683247,1.1730552818828484,0.8105677272652188,2.536329107880755,0.14919582987533853,2.3348775510203694
Dataset_3772,single_output,Hardness (HV),extra_trees,7,4,0.951694297592518,1.3166211297694177,0.06269624427473418,1.1059217296113653,0.6602944872205638,2.0665390364634293,0.18786718513303902,1.804573696145145
Dataset_3772,single_output,Hardness (HV),extra_trees,2024,0,0.9323106364110595,1.3401862832845257,0.06381839444212027,1.0844557823129262,0.5808139871122967,3.456414524807397,0.23042763498715982,3.033079365079349
Dataset_3772,single_output,Hardness (HV),extra_trees,2024,1,0.9481920569422705,1.3418368866262111,0.06389699460124815,1.0718970990694954,0.7852946195132144,1.8978388501733492,0.13555991786952495,1.5597573696145
Dataset_3772,single_output,Hardness (HV),extra_trees,2024,2,0.9241958087119664,1.6172135922962396,0.0770101710617257,1.4454406130268198,0.2829597590705125,2.8524045493940693,0.25930950449036994,2.3400952380952367
Dataset_3772,single_output,Hardness (HV),extra_trees,2024,3,0.9091097017614613,1.5649839357013497,0.08694355198340832,1.3325451559934265,0.6462889077899585,3.602642295037484,0.22516514343984276,3.3280521541950185
Dataset_3772,single_output,Hardness (HV),extra_trees,2024,4,0.9240041249836715,1.5518352715702028,0.07759176357851014,1.3545478927202887,0.7449790670394172,2.750882739675139,0.1719301712296962,2.4934126984126834
Dataset_3772,single_output,Hardness (HV),extra_trees,99,0,0.9536176642269656,1.2819662161643084,0.0610460102935385,1.1081916099773028,0.6646649770647145,2.2050754709446205,0.20046140644951096,1.7489722222221786
Dataset_3772,single_output,Hardness (HV),extra_trees,99,1,0.9502029860288909,1.1859154994138668,0.05647216663875556,0.9718894362342687,0.8450737858885671,2.318402704843407,0.136376629696671,2.112854875283491
Dataset_3772,single_output,Hardness (HV),extra_trees,99,2,0.8945950776878393,1.7060126955563721,0.09477848308646512,1.4870032840722522,0.7079027186116826,3.2482717164712334,0.1546796055462492,3.0591247165532827
Dataset_3772,single_output,Hardness (HV),extra_trees,99,3,0.9374008463100172,1.5092991575961254,0.07187138845695835,1.282525177887242,0.030055925931333105,3.1080301135354285,0.3453366792817143,2.7941201814059156
Dataset_3772,single_output,Hardness (HV),extra_trees,99,4,0.9100847540112517,1.5884541073168201,0.07564067177699144,1.3594646962233354,0.683099188769931,3.7427676028666204,0.23392297517916377,3.4419954648525697
Dataset_3772,single_output,Hardness (HV),gradient_boosting,42,0,0.9793499451311597,0.7471168757266088,0.03735584378633044,0.5292801490877258,0.8751715651475034,2.2271012193189987,0.13919382620743742,1.9953563455105794
Dataset_3772,single_output,Hardness (HV),gradient_boosting,42,1,0.9403630800022967,1.3628890950470423,0.06489948071652582,1.1057379730507835,0.8649159860504934,1.9729736579677806,0.13153157719785205,1.880188948218152
Dataset_3772,single_output,Hardness (HV),gradient_boosting,42,2,0.9513468864804835,1.1453056209797028,0.06362809005442793,0.9119170160499712,0.9354402970995528,1.486889517785712,0.092930594861607,1.2732084458235644
Dataset_3772,single_output,Hardness (HV),gradient_boosting,42,3,0.9953017777604461,0.4083442064857949,0.01944496221360928,0.3026634011455234,-0.17995000152890106,2.7759315424469686,0.3965616489209955,1.9753910461153745
Dataset_3772,single_output,Hardness (HV),gradient_boosting,42,4,0.956209727513156,1.2262793651348756,0.05839425548261312,0.8540906765341713,0.9234381788741737,1.2054510007649726,0.08036340005099817,1.0978548084662703
Dataset_3772,single_output,Hardness (HV),gradient_boosting,123,0,0.9236772056862944,1.576193146576103,0.07505681650362395,1.3331719619013742,0.8749191636310539,1.8414296887036974,0.10831939345315866,1.5656240880185504
Dataset_3772,single_output,Hardness (HV),gradient_boosting,123,1,0.9328935009682299,1.4457233811122492,0.07228616905561246,0.8414211239097221,0.8158844914361082,2.1620081965403797,0.1544291568957414,1.981600918337323
Dataset_3772,single_output,Hardness (HV),gradient_boosting,123,2,0.9483700539214075,1.2380686186584713,0.058955648507546254,0.9966777387920591,0.906275059800449,1.8922672291193894,0.1113098370070229,1.754029095955892
Dataset_3772,single_output,Hardness (HV),gradient_boosting,123,3,0.9932908993309012,0.45344547087811066,0.021592641470386222,0.3693934589559723,0.7381622173835547,2.981911694287042,0.19879411295246946,2.2427577621123516
Dataset_3772,single_output,Hardness (HV),gradient_boosting,123,4,0.9707069493186365,0.9719527646293102,0.05115540866470054,0.730016325753555,0.9637015750264185,0.9261900906776853,0.05788688066735533,0.8588661175872119
Dataset_3772,single_output,Hardness (HV),gradient_boosting,7,0,0.8846638977288243,1.829829954633052,0.09630683971752906,1.4933107428970693,0.8072267677575573,2.6925974042489376,0.14958874468049654,2.414880415617702
Dataset_3772,single_output,Hardness (HV),gradient_boosting,7,1,0.9826162902929326,0.7406681879197958,0.03526991371046647,0.47122354916822534,0.8017174367142126,2.342470158873929,0.15616467725826194,1.4675202252419655
Dataset_3772,single_output,Hardness (HV),gradient_boosting,7,2,0.9504430613587818,1.1960812730785275,0.059804063653926376,0.8561182869447066,0.9253376490643638,1.571123402288628,0.09819521264303925,1.2581419357362276
Dataset_3772,single_output,Hardness (HV),gradient_boosting,7,3,0.8994252190402087,1.756873742389317,0.08366065439949129,1.421442071744804,0.8011773393434434,2.5984332301761923,0.152849013539776,2.466023358651516
Dataset_3772,single_output,Hardness (HV),gradient_boosting,7,4,0.9674570381673424,1.0806626914476178,0.05146012816417228,0.8121273123129247,0.9708618708169842,0.6052337645318062,0.05502125132107329,0.5446398512726347
Dataset_3772,single_output,Hardness (HV),gradient_boosting,2024,0,0.9473819872079381,1.181604603460895,0.056266885879090234,0.8315953276528363,0.6320133531182132,3.2384594232645445,0.21589729488430295,2.6669183470099025
Dataset_3772,single_output,Hardness (HV),gradient_boosting,2024,1,0.9649744361802978,1.103301272170353,0.05253815581763586,0.8131191446166757,0.8827557447831115,1.4024379486311915,0.10017413918794225,1.1152327446878059
Dataset_3772,single_output,Hardness (HV),gradient_boosting,2024,2,0.9666013680431521,1.0734581370549063,0.05111705414547173,0.8213423145242915,0.8931732511639827,1.1009798266222202,0.10008907514747456,0.8717141044343383
Dataset_3772,single_output,Hardness (HV),gradient_boosting,2024,3,0.9836355689948734,0.6640512130857741,0.036891734060320786,0.450191047950063,0.7954572130954362,2.7396109170136778,0.17122568231335486,1.9819446893668027
Dataset_3772,single_output,Hardness (HV),gradient_boosting,2024,4,0.9747977499629715,0.8936557761458115,0.044682788807290576,0.6923758458783096,0.9099555873238585,1.6346039652111066,0.10216274782569416,1.3596558770470242
Dataset_3772,single_output,Hardness (HV),gradient_boosting,99,0,0.9859899312214716,0.7045639306665883,0.03355066336507563,0.503617195096186,0.6723849088468348,2.1795455539448803,0.19814050490408003,1.1878867965078843
Dataset_3772,single_output,Hardness (HV),gradient_boosting,99,1,0.9347327664830919,1.3576871160125397,0.06465176742916856,1.0978047117143186,0.8961395205444239,1.8982420173997905,0.11166129514116414,1.6851042815559327
Dataset_3772,single_output,Hardness (HV),gradient_boosting,99,2,0.9800324422405756,0.7425304825968004,0.04125169347760002,0.5728259324589382,0.8781537226889785,2.097948029747298,0.09990228713082372,1.6052572640707155
Dataset_3772,single_output,Hardness (HV),gradient_boosting,99,3,0.9640323366711341,1.1440558099213332,0.05447884809149205,0.8961757496249648,0.8852720273381509,1.0689232676970455,0.11876925196633839,0.9688300632696902
Dataset_3772,single_output,Hardness (HV),gradient_boosting,99,4,0.9164742382277096,1.5309754484681302,0.07290359278419667,1.2605099693154318,0.7669990640674433,3.2092978036398083,0.20058111272748802,2.970147614730755
Dataset_3772,single_output,Hardness (HV),xgboost,42,0,0.9858238697052002,0.619023236719839,0.03095116211153772,0.4575669467449188,0.9166777729988098,1.8195487454377048,0.1137217936253931,1.3824434280395508
Dataset_3772,single_output,Hardness (HV),xgboost,42,1,0.9841858744621277,0.7018195218845754,0.033419978124082525,0.5339723825454712,0.9306674003601074,1.4134750832168705,0.09423167538437874,1.1990411281585693
Dataset_3772,single_output,Hardness (HV),xgboost,42,2,0.9752103686332703,0.8175253612772401,0.045418076962191994,0.6354488730430603,0.9704802632331848,1.0054355357981997,0.06283971979205247,0.8113762736320496
Dataset_3772,single_output,Hardness (HV),xgboost,42,3,0.9959564208984375,0.3788292993490749,0.018039490857328026,0.27639007568359375,-0.04020214080810547,2.6063683828275646,0.3723383384425202,1.8751602172851562
Dataset_3772,single_output,Hardness (HV),xgboost,42,4,0.9825826287269592,0.7733781579882483,0.0368275302389716,0.5880813598632812,0.9531676769256592,0.9427930502296731,0.06285286993857804,0.7781426310539246
Dataset_3772,single_output,Hardness (HV),xgboost,123,0,0.9790562987327576,0.8256745701707915,0.039317837848192594,0.6623415350914001,0.944284975528717,1.2289829062909636,0.07229311291763625,0.9648056030273438
Dataset_3772,single_output,Hardness (HV),xgboost,123,1,0.9862552285194397,0.6542922062493761,0.032714609592790496,0.5373419523239136,0.8791278004646301,1.7517630687698136,0.1251259301748247,1.4065977334976196
Dataset_3772,single_output,Hardness (HV),xgboost,123,2,0.9816410541534424,0.7382748719600905,0.03515594651017942,0.548342764377594,0.9508119225502014,1.3708338042763748,0.08063728310974881,1.1866956949234009
Dataset_3772,single_output,Hardness (HV),xgboost,123,3,0.9931641221046448,0.45771047868024733,0.021795736889150336,0.3949037790298462,0.8136013150215149,2.515938591218294,0.16772923677445442,1.8642164468765259
Dataset_3772,single_output,Hardness (HV),xgboost,123,4,0.9802078008651733,0.798932430107708,0.042049076474600156,0.5906161665916443,0.9668483138084412,0.885133948722762,0.05532087126614552,0.73419189453125
Dataset_3772,single_output,Hardness (HV),xgboost,7,0,0.9831316471099854,0.6997848222592219,0.03683078035273113,0.5412970781326294,0.9496147036552429,1.3765754777034618,0.076476415092925,1.1469535827636719
Dataset_3772,single_output,Hardness (HV),xgboost,7,1,0.9933855533599854,0.4568760600253853,0.021756002730948066,0.3592866063117981,0.8097181916236877,2.2947239567248907,0.15298159778984555,1.2581645250320435
Dataset_3772,single_output,Hardness (HV),xgboost,7,2,0.9907566905021667,0.5165620438977009,0.02582810115208336,0.4089515805244446,0.8653327822685242,2.110038709421021,0.13187741947785248,1.7309733629226685
Dataset_3772,single_output,Hardness (HV),xgboost,7,3,0.9810747504234314,0.7621088838404603,0.036290900649368754,0.5534149408340454,0.9297662973403931,1.5443705311629117,0.09084532525515461,1.3752812147140503
Dataset_3772,single_output,Hardness (HV),xgboost,7,4,0.9802185297012329,0.8425404391219369,0.040120974346980844,0.6403066515922546,0.9688249826431274,0.6260307633714123,0.056911885682207904,0.5870404839515686
Dataset_3772,single_output,Hardness (HV),xgboost,2024,0,0.9852332472801208,0.6259611844987307,0.029807675253927628,0.48449844121932983,0.7578046321868896,2.6272740277973807,0.17515159908819547,2.239595413208008
Dataset_3772,single_output,Hardness (HV),xgboost,2024,1,0.9832804203033447,0.762279362884614,0.03629901848580509,0.5572346448898315,0.941784679889679,0.9882267571303933,0.0705876247460034,0.8556169867515564
Dataset_3772,single_output,Hardness (HV),xgboost,2024,2,0.9811423420906067,0.8066122498035863,0.03841010671841802,0.595153272151947,0.8491213917732239,1.3084381466488804,0.11894891723100845,1.1728581190109253
Dataset_3772,single_output,Hardness (HV),xgboost,2024,3,0.9904516339302063,0.5072432628727536,0.028180181088356862,0.4001961946487427,0.8492479920387268,2.351951490907556,0.14699696472254378,1.6582499742507935
Dataset_3772,single_output,Hardness (HV),xgboost,2024,4,0.9874111413955688,0.6316024136471184,0.031580120589402745,0.5116487741470337,0.888965368270874,1.8151536786091649,0.11344710420615355,1.3090951442718506
Dataset_3772,single_output,Hardness (HV),xgboost,99,0,0.9951935410499573,0.41268051489222474,0.019651452521477177,0.3565126061439514,0.637158989906311,2.293729327781719,0.20852084920689704,1.2967872619628906
Dataset_3772,single_output,Hardness (HV),xgboost,99,1,0.9824113249778748,0.7048045761056724,0.03356212133186438,0.5524376034736633,0.940520167350769,1.4365188733410243,0.08450111227820026,1.1153706312179565
Dataset_3772,single_output,Hardness (HV),xgboost,99,2,0.9882684946060181,0.5691523051323382,0.03161957440827626,0.47538572549819946,0.8647062182426453,2.210688277038091,0.10527087563609633,1.5925663709640503
Dataset_3772,single_output,Hardness (HV),xgboost,99,3,0.9806448221206665,0.8392462445749777,0.03996410596756304,0.6492612361907959,0.9267308115959167,0.8542256141109101,0.09491395662103089,0.6835817694664001
Dataset_3772,single_output,Hardness (HV),xgboost,99,4,0.9864320755004883,0.6170412928598803,0.02938291896071832,0.4769039750099182,0.909712553024292,1.9977671557011938,0.12486044859214865,1.7211827039718628
Dataset_3772,single_output,Hardness (HV),ann,42,0,0.9594150203010012,1.0473952688506343,0.05236976344253171,0.8395459194410044,0.7642152065828793,3.060843249977595,0.19130270312359968,2.219538892136473
Dataset_3772,single_output,Hardness (HV),ann,42,1,0.9203226422767482,1.5753257625860653,0.07501551250409835,1.2045466141627648,0.8008420042363636,2.3956213885143107,0.15970809256762072,1.872305650113
Dataset_3772,single_output,Hardness (HV),ann,42,2,0.8336537634616661,2.1177396266684183,0.11765220148157879,1.6008880173397773,0.9134976029437888,1.7211234006934955,0.10757021254334347,1.414079344130077
Dataset_3772,single_output,Hardness (HV),ann,42,3,0.9343854541429754,1.5260180963439356,0.07266752839733026,1.2106496509777178,-0.8152178942023076,3.443034157111352,0.49186202244447885,2.855721572712249
Dataset_3772,single_output,Hardness (HV),ann,42,4,0.6118843967535896,3.6507420485513675,0.17384485945482703,3.184113642682035,0.46111048898052065,3.1981092795974404,0.21320728530649602,2.781404090712844
Dataset_3772,single_output,Hardness (HV),ann,123,0,0.7192839942300717,3.0228450891031464,0.14394500424300696,2.720961774199626,0.7454879442493046,2.6267209142515515,0.15451299495597362,2.283064546753021
Dataset_3772,single_output,Hardness (HV),ann,123,1,0.9520213958624995,1.2224376520105793,0.06112188260052896,0.9938471008495904,0.628847251240007,3.0696473887024855,0.21926052776446325,2.192701039477354
Dataset_3772,single_output,Hardness (HV),ann,123,2,0.9398286017310901,1.33656145328393,0.06364578348971095,1.0143864685931605,0.8322767496562069,2.5313460347862713,0.1489027079286042,1.8947807090795712
Dataset_3772,single_output,Hardness (HV),ann,123,3,0.925813116281496,1.5078442301204844,0.07180210619621355,1.2647052394848044,0.7272162852726168,3.0436018582525675,0.20290679055017116,1.48751860872923
Dataset_3772,single_output,Hardness (HV),ann,123,4,0.809207363122709,2.4805253119629334,0.13055396378752282,2.1306903640005332,0.7059987556086826,2.6359114947714537,0.16474446842321586,2.2818964182471393
Dataset_3772,single_output,Hardness (HV),ann,7,0,0.8443451084067903,2.1257367668326426,0.11188088246487593,1.6610238763499534,0.9665284319610707,1.1219825106542904,0.062332361703016134,0.9331754839123363
Dataset_3772,single_output,Hardness (HV),ann,7,1,0.9146480532875778,1.6411911895049103,0.07815196140499572,1.3274148655631441,0.671579110469956,3.0147214519270222,0.20098143012846814,2.2643391208981387
Dataset_3772,single_output,Hardness (HV),ann,7,2,0.9306767013996786,1.4146469429328823,0.07073234714664411,1.1521279782847338,0.7876617967790314,2.6495586433306877,0.16559741520816798,2.186121374756086
Dataset_3772,single_output,Hardness (HV),ann,7,3,0.936705542791115,1.393730628947281,0.06636812518796577,1.0212311630834738,0.7537584276918499,2.891740441681508,0.17010237892244162,2.607316750355693
Dataset_3772,single_output,Hardness (HV),ann,7,4,0.8429434839297626,2.3740485684230617,0.1130499318296696,1.9984305910359772,0.33959044353796997,2.881369737980746,0.2619427034527951,2.504564631742162
Dataset_3772,single_output,Hardness (HV),ann,2024,0,0.8865720145725153,1.7348625117729228,0.08261250056061538,1.206642942883536,0.42130089358126,4.061148179140241,0.2707432119426827,3.7725077594991507
Dataset_3772,single_output,Hardness (HV),ann,2024,1,0.7086961141066835,3.1818132822725413,0.15151491820345436,2.8592381847507364,0.4015661150335519,3.168443425993727,0.2263173875709805,2.7153313173264086
Dataset_3772,single_output,Hardness (HV),ann,2024,2,0.7130544397659451,3.14644777830223,0.14983084658582047,2.844720844284229,0.4942352696339707,2.3955962577771244,0.21778147797973857,1.8297058817841056
Dataset_3772,single_output,Hardness (HV),ann,2024,3,0.9352179233773098,1.321230383778509,0.07340168798769495,1.1158923739125741,0.6833468325903287,3.408699539571249,0.21304372122320306,2.262712438567218
Dataset_3772,single_output,Hardness (HV),ann,2024,4,0.8813064876486658,1.9393853005095218,0.09696926502547609,1.502596810429975,0.7746587276311006,2.585857178468355,0.1616160736542722,2.3134952206813995
Dataset_3772,single_output,Hardness (HV),ann,99,0,0.9375093826383888,1.48801627110448,0.0708579176716419,1.2215501748438595,0.09999265293429838,3.612493118672017,0.32840846533381973,2.8554782641058463
Dataset_3772,single_output,Hardness (HV),ann,99,1,0.8859898452268066,1.7944190121509287,0.08544852438813946,1.3658299577595434,0.7579541001115258,2.8978458917715533,0.17046152304538548,2.494730953163682
Dataset_3772,single_output,Hardness (HV),ann,99,2,0.8206241879472884,2.2255315354594942,0.12364064085886078,1.8846799747938214,0.8739731890741036,2.1336347034418424,0.10160165254484964,1.6571247672891534
Dataset_3772,single_output,Hardness (HV),ann,99,3,0.8678366296667248,2.1930404961902785,0.1044304998185847,1.7484540010435552,0.36772401307719527,2.5093729667166538,0.27881921852407265,2.219108519390478
Dataset_3772,single_output,Hardness (HV),ann,99,4,0.8955124365369126,1.7123411936673596,0.08154005684130283,1.3804586329742132,0.8654092788869184,2.439151332549971,0.15244695828437319,2.3143086043390975
Dataset_3772,single_output,Hardness (HV),lightgbm,42,0,0.9621480920498584,1.01151383902043,0.0505756919510215,0.7158134585908351,0.9135179891000925,1.853728311228755,0.11585801945179719,1.4539099854517215
Dataset_3772,single_output,Hardness (HV),lightgbm,42,1,0.9763943619075106,0.8574539117032497,0.0408311386525357,0.6592993157150029,0.8597942690137305,2.0100283892431774,0.13400189261621182,1.713144427765485
Dataset_3772,single_output,Hardness (HV),lightgbm,42,2,0.9550886350366149,1.1003838316279446,0.06113243509044137,0.8231975984149118,0.9594612203073516,1.1782386744478275,0.07363991715298922,0.9357132960115544
Dataset_3772,single_output,Hardness (HV),lightgbm,42,3,0.995597606694628,0.3952792708910064,0.018822822423381257,0.34533542860196886,-0.23406084160664586,2.8388682327902157,0.40555260468431653,2.101193254974226
Dataset_3772,single_output,Hardness (HV),lightgbm,42,4,0.9688598327695613,1.0340964966317692,0.04924269031579853,0.6785888676083937,0.895421971105568,1.408846444260895,0.09392309628405966,1.1715760430803357
Dataset_3772,single_output,Hardness (HV),lightgbm,123,0,0.9630698532454773,1.0964095770664037,0.05220997986030494,0.8294002844704019,0.9398268146796067,1.2772068923220845,0.07512981719541674,0.8997203274157215
Dataset_3772,single_output,Hardness (HV),lightgbm,123,1,0.967853417121623,1.0006226313233864,0.05003113156616932,0.6681825524333401,0.8765756724390388,1.770160049755883,0.12644000355399163,1.4891365933829823
Dataset_3772,single_output,Hardness (HV),lightgbm,123,2,0.971626040724054,0.9178122511825139,0.04370534529440542,0.655942773700571,0.8657232800346921,2.264932398752669,0.13323131757368642,2.0031875085876476
Dataset_3772,single_output,Hardness (HV),lightgbm,123,3,0.992004750281832,0.49500425325892455,0.023571631107567836,0.3950855629085996,0.7874513054209868,2.6866298886830053,0.17910865924553368,1.920603979089019
Dataset_3772,single_output,Hardness (HV),lightgbm,123,4,0.9714879790440689,0.9589078163193223,0.05046883243785907,0.6558448076002047,0.8771149993411136,1.7041415982833723,0.10650884989271077,1.403971679739117
Dataset_3772,single_output,Hardness (HV),lightgbm,7,0,0.9682602528107278,0.9599084817850344,0.0505214990413176,0.7344529364036693,0.9270748327794933,1.6561008305455758,0.09200560169697643,1.3380586752847279
Dataset_3772,single_output,Hardness (HV),lightgbm,7,1,0.9878058462960788,0.6203378689898077,0.029539898523324178,0.4891822978372416,0.7723872291460065,2.5097480045793654,0.16731653363862437,1.273866899565462
Dataset_3772,single_output,Hardness (HV),lightgbm,7,2,0.9643646645985492,1.014259025515661,0.05071295127578305,0.7411058098549682,0.9019502686415921,1.800456658629834,0.11252854116436463,1.5377225709762226
Dataset_3772,single_output,Hardness (HV),lightgbm,7,3,0.9722301198270736,0.9231728151794558,0.043960610246640754,0.6082256517402423,0.91379373753211,1.710992197805235,0.10064659987089618,1.4625252540046927
Dataset_3772,single_output,Hardness (HV),lightgbm,7,4,0.9699810801978818,1.0379086947005471,0.04942422355716891,0.6606592490125791,0.8734073113183569,1.261527226589411,0.1146842933263101,1.135021599787324
Dataset_3772,single_output,Hardness (HV),lightgbm,2024,0,0.9704726479046741,0.8851506743918564,0.04215003211389792,0.7279360798574365,0.6523562399678131,3.147673293230625,0.20984488621537498,2.5373371760531604
Dataset_3772,single_output,Hardness (HV),lightgbm,2024,1,0.9713235778273857,0.9983068110628488,0.04753841957442137,0.6528609033420417,0.8394849919633703,1.6409512958118917,0.11721080684370655,1.1745275083387514
Dataset_3772,single_output,Hardness (HV),lightgbm,2024,2,0.9674102646640752,1.0603791755060266,0.05049424645266793,0.7451823714222422,0.9113139821311029,1.0031524385666313,0.09119567623333012,0.8255071153382018
Dataset_3772,single_output,Hardness (HV),lightgbm,2024,3,0.9898876119452875,0.522008990879212,0.029000499493289558,0.4023135741074247,0.815875922592319,2.5992741968849784,0.16245463730531115,1.7481975639750666
Dataset_3772,single_output,Hardness (HV),lightgbm,2024,4,0.9643201842171931,1.0633149266834032,0.053165746334170164,0.7248901349562608,0.9578126569082456,1.1188587193135227,0.06992866995709517,0.9025469777558044
Dataset_3772,single_output,Hardness (HV),lightgbm,99,0,0.9934126627580036,0.4831202279451459,0.023005725140245042,0.39723685740891873,0.5090712161441427,2.6680456079141393,0.2425496007194672,1.7801091921562975
Dataset_3772,single_output,Hardness (HV),lightgbm,99,1,0.9701589862427578,0.9180342429879584,0.043715916332759924,0.6356194832528353,0.8946716293064298,1.9116091638960115,0.11244759787623597,1.6633290137237537
Dataset_3772,single_output,Hardness (HV),lightgbm,99,2,0.9543761146298266,1.1224007447020377,0.06235559692789098,0.852191753745604,0.9842393147405606,0.7545293560674142,0.035929969336543535,0.6030824131883463
Dataset_3772,single_output,Hardness (HV),lightgbm,99,3,0.9681295993850701,1.07692351508159,0.05128207214674237,0.7469534174673801,0.9138525609848048,0.9262603133845969,0.10291781259828854,0.6607510260965321
Dataset_3772,single_output,Hardness (HV),lightgbm,99,4,0.9717703179246248,0.8900430168890873,0.04238300080424225,0.6408027497713489,0.9089217179842417,2.006497399247349,0.1254060874529593,1.847174947834221
Dataset_3772,single_output,wear rate,linear_regression,42,0,0.9225412507926398,0.19117001540769898,0.06612591331985437,0.14517690897468422,0.9460649225251775,0.14890560115147136,0.08612238354625296,0.13005581167153313
Dataset_3772,single_output,wear rate,linear_regression,42,1,0.9367928828271519,0.17883773853006235,0.06186016552406169,0.13846636150183902,0.8525393982020464,0.2020151747418709,0.14953010713684003,0.15083449408693003
Dataset_3772,single_output,wear rate,linear_regression,42,2,0.9141118724579341,0.18279960940465198,0.07038875987857218,0.14442563020489238,0.9337825268520352,0.18937482405763043,0.08671008427547183,0.13849122384199258
Dataset_3772,single_output,wear rate,linear_regression,42,3,0.9354427435012725,0.1773426970217641,0.06349541604789265,0.13178047084279085,0.7028604011300558,0.20739226411711262,0.15928745323894972,0.17628887108905214
Dataset_3772,single_output,wear rate,linear_regression,42,4,0.954083456724748,0.14446044992204776,0.04996902453201237,0.10931888386641496,0.8262718769854233,0.2997092418305134,0.12857539332068355,0.2545772282997908
Dataset_3772,single_output,wear rate,linear_regression,123,0,0.9420267163551073,0.1713363251632573,0.05926541859676835,0.12819454116443935,0.8408115491492874,0.22893398129122022,0.13708621634204804,0.17904942274086
Dataset_3772,single_output,wear rate,linear_regression,123,1,0.9313998050740013,0.18448686226001462,0.06381420347976985,0.13579511850123266,0.903824173037328,0.16880199737673054,0.11538072274554377,0.1510855022206577
Dataset_3772,single_output,wear rate,linear_regression,123,2,0.9453010952580034,0.15770987848135753,0.05455201607795141,0.1262432190686083,0.8718576128609815,0.25690563510805736,0.10794354416304931,0.19269474578896492
Dataset_3772,single_output,wear rate,linear_regression,123,3,0.9205779193119606,0.18652431051006124,0.06678278213750852,0.14147017201367246,0.9484706808595468,0.17262772890433511,0.08165928519599577,0.13633331819801495
Dataset_3772,single_output,wear rate,linear_regression,123,4,0.9243786768504283,0.1813970591155571,0.06984869430710706,0.14048656203880414,0.936364486986878,0.18410234711180373,0.08429594647976364,0.14951891466041353
Dataset_3772,single_output,wear rate,linear_regression,7,0,0.92427248767241,0.17137531802756267,0.06598972584811807,0.1335623650304511,0.9298829842872047,0.22304145890012678,0.08496817481909591,0.1722622814578859
Dataset_3772,single_output,wear rate,linear_regression,7,1,0.932897828155414,0.17391675277724566,0.06226879798684057,0.13515790223531718,0.9063824671885995,0.22331901360489614,0.1063930507884212,0.16391005096045067
Dataset_3772,single_output,wear rate,linear_regression,7,2,0.9363448246693732,0.1732373106955385,0.05992297153079851,0.1290999295973678,0.8235606937191251,0.23475647226157811,0.15313533741785923,0.1969580319531137
Dataset_3772,single_output,wear rate,linear_regression,7,3,0.9400929382481311,0.16566614640165392,0.057304097683034905,0.12576064340854212,0.8784418545760604,0.24679451449154952,0.11752119737692836,0.20957713165127917
Dataset_3772,single_output,wear rate,linear_regression,7,4,0.9327317309674378,0.19325767306936287,0.06684803634360528,0.15115505508908206,0.8787165687854224,0.1085247261692277,0.12502848637007807,0.08980945855873454
Dataset_3772,single_output,wear rate,linear_regression,2024,0,0.9370082397373921,0.17295885631629646,0.059826653862433916,0.12959751360311725,0.8531038510145829,0.2070088221764602,0.13261295462937867,0.17301332022612415
Dataset_3772,single_output,wear rate,linear_regression,2024,1,0.9369586601012331,0.18034668111803068,0.062382110383269,0.14159761832589335,0.8716291300888153,0.1795206216588182,0.11398134708496394,0.12233934718862598
Dataset_3772,single_output,wear rate,linear_regression,2024,2,0.9361925396602238,0.17421494270747098,0.06026113549203424,0.1354839468075599,0.8498562004193535,0.20552288156899742,0.1276539637074518,0.15253151954268912
Dataset_3772,single_output,wear rate,linear_regression,2024,3,0.9082543596808179,0.17613079762048311,0.07048051125269433,0.1352100569831188,0.9448133138438191,0.226165556661229,0.07823090856493567,0.20763505761395912
Dataset_3772,single_output,wear rate,linear_regression,2024,4,0.9347734163534185,0.18237731129184406,0.06308450753782223,0.13710297512849295,0.8826932053891291,0.1801196682722691,0.11749489124088008,0.14664475655416112
Dataset_3772,single_output,wear rate,linear_regression,99,0,0.9273942579642563,0.18972533611843495,0.06792887079070355,0.14655972563335448,0.9201384982607197,0.15573334556856322,0.08690476873245712,0.11824252943307056
Dataset_3772,single_output,wear rate,linear_regression,99,1,0.943921809330758,0.1566729727617591,0.05419334927767523,0.11802506497432823,0.8728276073866023,0.26468002986145595,0.11121009658044367,0.24631354590514917
Dataset_3772,single_output,wear rate,linear_regression,99,2,0.9181163838907052,0.18027901713375546,0.0694181814146151,0.13537190892587023,0.9413498862505623,0.1873086404080173,0.06706360200788306,0.1568983055538052
Dataset_3772,single_output,wear rate,linear_regression,99,3,0.9386610594736984,0.1815197984347687,0.06278789292105455,0.14191305070237992,0.80507065328401,0.18422213761039644,0.13656199971119082,0.11765020236822922
Dataset_3772,single_output,wear rate,linear_regression,99,4,0.9305657591880142,0.17779649319607743,0.06149999764651589,0.14120423883337652,0.9295714139227402,0.19042266136632421,0.10304256567441782,0.1243955966520656
Dataset_3772,single_output,wear rate,ridge,42,0,0.9214329515509568,0.1925328122134519,0.06659730619628222,0.1466613134755104,0.9512137848265005,0.14161978940975525,0.08190849589922224,0.11996418785982754
Dataset_3772,single_output,wear rate,ridge,42,1,0.9357520799820926,0.18030414635349323,0.06236739756260575,0.1380334872868492,0.8745299644198492,0.1863442529035193,0.1379306091069721,0.1387847909157102
Dataset_3772,single_output,wear rate,ridge,42,2,0.9129727827299939,0.18400780492755803,0.07085398726513592,0.14345714379592836,0.9155186943276334,0.21390269136064236,0.0979407927475469,0.15790303741209716
Dataset_3772,single_output,wear rate,ridge,42,3,0.9344398093117341,0.17871494839137864,0.06398673411793007,0.13438054236508343,0.7360209867428296,0.19547759494888914,0.15013640165045244,0.16940221561718222
Dataset_3772,single_output,wear rate,ridge,42,4,0.9530675237633464,0.14604984645788152,0.050518798498056565,0.10965968906439476,0.8129969450245456,0.3109491844025579,0.13339733350603084,0.2647761641172361
Dataset_3772,single_output,wear rate,ridge,123,0,0.9411183945297933,0.17267335188171296,0.05972789757236698,0.12701110122610468,0.8388747519600638,0.23032245563608528,0.1379176381054403,0.18089555200712104
Dataset_3772,single_output,wear rate,ridge,123,1,0.9304785970382744,0.1857214362054767,0.06424124393133059,0.13515340091614553,0.8950266431406759,0.17635353083227173,0.12054239974864779,0.1538915739061894
Dataset_3772,single_output,wear rate,ridge,123,2,0.9441128773471936,0.1594136322037532,0.055141346317451816,0.12890313713629672,0.8784823516241125,0.2501767253400906,0.10511627115129858,0.1890662921113571
Dataset_3772,single_output,wear rate,ridge,123,3,0.9193771502051512,0.1879290358474164,0.06728572712044986,0.1442138984350202,0.963714734772138,0.144860008339247,0.06852412882651228,0.11835273831335272
Dataset_3772,single_output,wear rate,ridge,123,4,0.9232605780819699,0.18273316124707203,0.07036317337199538,0.1408580164361441,0.9253221122926093,0.19943692212447983,0.09131727203501827,0.15804649926154227
Dataset_3772,single_output,wear rate,ridge,7,0,0.923104475543632,0.17269189700897908,0.06649668733499386,0.13415952082653784,0.9200859369012849,0.2381143074626893,0.09071021236673878,0.18342987692128698
Dataset_3772,single_output,wear rate,ridge,7,1,0.9317015176901566,0.17546021459507538,0.06282141589512188,0.13591480937033013,0.9204200273464916,0.20589651598953176,0.09809267079062971,0.15204071214563847
Dataset_3772,single_output,wear rate,ridge,7,2,0.9353465877732645,0.17459037556330412,0.06039099811944106,0.12745589293565227,0.8303109721132044,0.23022198000616156,0.15017741683376493,0.18631200828373615
Dataset_3772,single_output,wear rate,ridge,7,3,0.9389519613883385,0.1672363260240863,0.057847224498127396,0.12805277966485692,0.8815171058048701,0.24365273837683096,0.11602511351277667,0.2066369346982729
Dataset_3772,single_output,wear rate,ridge,7,4,0.9318758927565829,0.19448317319062142,0.06727193814964422,0.15167052456543234,0.8706791353666938,0.11206300422005598,0.12910484357149316,0.09548965946133821
Dataset_3772,single_output,wear rate,ridge,2024,0,0.9358569018117091,0.17453233504384894,0.06037092184152505,0.12730337107531248,0.8602024446181709,0.20194515473221175,0.12936909335823937,0.1731928258312856
Dataset_3772,single_output,wear rate,ridge,2024,1,0.9360213347839953,0.18168246955539902,0.06284416103611173,0.14313592968805447,0.8726714133632448,0.17879034424023607,0.11351767888268956,0.11450295984939096
Dataset_3772,single_output,wear rate,ridge,2024,2,0.9353235884226936,0.1753971898044557,0.060670076030596924,0.13671964395367028,0.8402901125207407,0.2119690147751908,0.1316577731522924,0.15838260230620108
Dataset_3772,single_output,wear rate,ridge,2024,3,0.9066436682339172,0.17767015169729303,0.07109649927862867,0.13693381694268966,0.9395055428193099,0.23679204033558554,0.0819066206626031,0.21266847747650264
Dataset_3772,single_output,wear rate,ridge,2024,4,0.9338436173237399,0.18367259758843102,0.0635325484567385,0.1384842315451575,0.8817212019446389,0.1808643641005856,0.11798066803691172,0.1469259668996791
Dataset_3772,single_output,wear rate,ridge,99,0,0.9263095002240411,0.19113736638705361,0.06843443121627414,0.14905379975845728,0.9352763309046148,0.14019884689405857,0.07823596366855944,0.11332178435954443
Dataset_3772,single_output,wear rate,ridge,99,1,0.9426858824042238,0.15839004883008126,0.054787287730917074,0.1201050959132718,0.8791148333338562,0.2580543953712857,0.10842621654255703,0.2401881012376614
Dataset_3772,single_output,wear rate,ridge,99,2,0.9170705039321453,0.1814266945191398,0.06986010570625327,0.1361306121208891,0.9343243093974641,0.19821006605650016,0.07096672612119592,0.15607727936788113
Dataset_3772,single_output,wear rate,ridge,99,3,0.9377748922255382,0.18282631009627448,0.06323981670573313,0.1408952788981435,0.794047666224949,0.18935926641325027,0.14037010112175705,0.12351841950586044
Dataset_3772,single_output,wear rate,ridge,99,4,0.92947941459736,0.17918196689161034,0.06197923448343491,0.14023249817224456,0.9273225680205152,0.19343895282055443,0.10467475801978049,0.13379802754087816
Dataset_3772,single_output,wear rate,elasticnet,42,0,0.8956440023168837,0.22189281638192343,0.07675296312069299,0.1623741401046479,0.9281979292963545,0.17180819109062376,0.09936853157352443,0.12523591938129042
Dataset_3772,single_output,wear rate,elasticnet,42,1,0.9114705516368216,0.2116508695061066,0.07321026271397668,0.157016030597653,0.9269067463745181,0.14222784822925286,0.10527597944430263,0.1089983505760328
Dataset_3772,single_output,wear rate,elasticnet,42,2,0.8787510210826817,0.2171939586699616,0.08363263714669295,0.16331834580308205,0.7796956663781371,0.3454199845735364,0.15815933359594161,0.2667473873047471
Dataset_3772,single_output,wear rate,elasticnet,42,3,0.909393377006058,0.21009743391051613,0.07522285496259083,0.15675943097081327,0.7761209550891423,0.18001927538165602,0.13826365236686325,0.14085863096872053
Dataset_3772,single_output,wear rate,elasticnet,42,4,0.9272040894934663,0.18189378552900756,0.06291725545797563,0.12834933484735683,0.7589838175978005,0.35301094670476335,0.15144184757819104,0.2940908388326545
Dataset_3772,single_output,wear rate,elasticnet,123,0,0.9187372215261198,0.20285295177339538,0.07016705353628343,0.14165170500555332,0.8277949736831913,0.23810986812965917,0.14258075935907735,0.1899826584201162
Dataset_3772,single_output,wear rate,elasticnet,123,1,0.9076359891429908,0.2140691878582798,0.07404676162514003,0.14617026952296044,0.8236017545423969,0.22860816997618894,0.15625985644305462,0.1909161849099402
Dataset_3772,single_output,wear rate,elasticnet,123,2,0.9149191460285446,0.19669145912698383,0.06803578662296224,0.1427560919180108,0.8819402865393293,0.2465914916946632,0.10360987045994254,0.18058528851276293
Dataset_3772,single_output,wear rate,elasticnet,123,3,0.8898336117102537,0.219679417794854,0.07865356884885573,0.1665972365775001,0.9854594593268847,0.09170090730736909,0.04337791263357098,0.07510587120855991
Dataset_3772,single_output,wear rate,elasticnet,123,4,0.8939794052917132,0.21478464179134202,0.08270490635015093,0.1602342829292967,0.8578517139254158,0.27515687239394393,0.12598757893495605,0.18277729926739816
Dataset_3772,single_output,wear rate,elasticnet,7,0,0.8919855603081139,0.20467383974190398,0.07881164410546937,0.15525066814496716,0.8542691784288008,0.32155079818813653,0.12249554216690915,0.24104575468023548
Dataset_3772,single_output,wear rate,elasticnet,7,1,0.9019179440726458,0.2102654465936137,0.07528300987956096,0.1519831957201951,0.9420683171432324,0.1756730645119951,0.08369369438399003,0.13510352857065477
Dataset_3772,single_output,wear rate,elasticnet,7,2,0.9102748806049957,0.20567504278032764,0.07114321784169064,0.14609573198998874,0.8085951350726832,0.24450986725844706,0.15949763030557543,0.171842889338807
Dataset_3772,single_output,wear rate,elasticnet,7,3,0.9106858263449804,0.20228093512872689,0.06996919236552296,0.14476508710129377,0.8745114977210652,0.2507525958300092,0.11940599801429011,0.1902429281986988
Dataset_3772,single_output,wear rate,elasticnet,7,4,0.9116160384611581,0.2215227589382813,0.07662495985412705,0.1622465886611505,0.81576670368598,0.1337556149740778,0.15409633061529712,0.11224492647184636
Dataset_3772,single_output,wear rate,elasticnet,2024,0,0.9101331362735078,0.20658592320460417,0.07145829235717889,0.13582076301695217,0.8474561439814736,0.21095071865750736,0.13513819260570611,0.18290798516197293
Dataset_3772,single_output,wear rate,elasticnet,2024,1,0.913327627268946,0.21146367712809153,0.07314551266969613,0.15430284901400207,0.8609030641089586,0.18687012795889205,0.11864770029136001,0.109755497615677
Dataset_3772,single_output,wear rate,elasticnet,2024,2,0.9116991852512509,0.20494249932834493,0.07088983027614837,0.14790046897894288,0.7903825923952463,0.24283995974021688,0.15083227313056946,0.17116419790302131
Dataset_3772,single_output,wear rate,elasticnet,2024,3,0.8626859503813686,0.21547657880786278,0.08622512157177384,0.1644626258931746,0.8624701467689329,0.3570325381756988,0.12349793779858138,0.2797671134061451
Dataset_3772,single_output,wear rate,elasticnet,2024,4,0.9101564384563203,0.21404346486238707,0.07403786401327812,0.1568047508581861,0.84675579774861,0.2058692966767626,0.13429177865411784,0.14768659614905758
Dataset_3772,single_output,wear rate,elasticnet,99,0,0.9005377441614215,0.22205931675895052,0.07950566299998231,0.16361702253482568,0.9641519209645587,0.10433879611875611,0.05822477461984156,0.08355518571915921
Dataset_3772,single_output,wear rate,elasticnet,99,1,0.9128541882826948,0.19530814141615044,0.06755729554346263,0.13808379779742774,0.8677214714394493,0.2699413599610736,0.1134207394794427,0.23144840785018758
Dataset_3772,single_output,wear rate,elasticnet,99,2,0.8860295888630527,0.2126878751015262,0.08189752603062232,0.1617901750137259,0.8556091203584827,0.2938957211726961,0.10522582211696963,0.19683227155762126
Dataset_3772,single_output,wear rate,elasticnet,99,3,0.9169676859449246,0.21119295955678943,0.0730518711714941,0.1500898623976836,0.7608654310077447,0.20404426114485705,0.15125593858032396,0.13962485969819863
Dataset_3772,single_output,wear rate,elasticnet,99,4,0.9020282671522096,0.21119651131431713,0.07305309972823146,0.14565579946566642,0.894428301728575,0.2331405945900524,0.12615833040587246,0.19489553015464686
Dataset_3772,single_output,wear rate,svr_rbf,42,0,0.9691495089257749,0.12064673574519542,0.04173183526295241,0.09645939918636943,0.9617137203284075,0.12545759689788635,0.07256078478767285,0.10805105144756488
Dataset_3772,single_output,wear rate,svr_rbf,42,1,0.9743015988479828,0.11403265342242057,0.03944401709526827,0.09158751940861017,0.904358177193003,0.162693392357193,0.12042442069370318,0.13139053855893312
Dataset_3772,single_output,wear rate,svr_rbf,42,2,0.9613841627844418,0.12257204263694915,0.047197552035790964,0.09716399970737125,0.6389154474009209,0.44222205156645616,0.20248262434361552,0.2882108407215866
Dataset_3772,single_output,wear rate,svr_rbf,42,3,0.9806457358897062,0.09710220848900913,0.034766275864306896,0.08143379688780113,0.6899585163503343,0.21184693729496407,0.16270886120964975,0.20152916421632674
Dataset_3772,single_output,wear rate,svr_rbf,42,4,0.9628838090633942,0.12988113356595352,0.04492602337113577,0.09337515442459096,0.8557001035801898,0.2731480352454408,0.11718062430091838,0.23022337850210267
Dataset_3772,single_output,wear rate,svr_rbf,123,0,0.9804388650009424,0.09952507720296211,0.03442583092458046,0.08793591972498592,0.9019806637477359,0.1796430257887034,0.1075706741249721,0.1394225975030423
Dataset_3772,single_output,wear rate,svr_rbf,123,1,0.9829723083975479,0.09191378644877025,0.03179307729116923,0.08182939399816282,0.7397755194287097,0.2776634347829181,0.1897904543970732,0.2545160876854853
Dataset_3772,single_output,wear rate,svr_rbf,123,2,0.9547158192817373,0.1434970058544924,0.04963576819595033,0.10443865050642638,0.893237556140953,0.2344965613484882,0.0985279669531463,0.18331913603842245
Dataset_3772,single_output,wear rate,svr_rbf,123,3,0.9679726346047189,0.11844736952376926,0.042408653606791726,0.08739829147640565,0.9377731860903272,0.1897020995313814,0.08973609249355786,0.16988777051072684
Dataset_3772,single_output,wear rate,svr_rbf,123,4,0.9707868353561881,0.11274503065385098,0.04341356590444781,0.09561211789307808,0.8723991680717831,0.260697162054501,0.11936683244253712,0.15470957490732903
Dataset_3772,single_output,wear rate,svr_rbf,7,0,0.965990558016812,0.11484740367686974,0.04422310499686936,0.08995308426173801,0.8799564224447388,0.2918390146054885,0.11117676746875753,0.21670319202491306
Dataset_3772,single_output,wear rate,svr_rbf,7,1,0.9655757591791194,0.12456766256154854,0.04459995079181832,0.1070729750241245,0.9108182285217188,0.21796419231492595,0.10384192106475747,0.18663541064852524
Dataset_3772,single_output,wear rate,svr_rbf,7,2,0.9784509387519289,0.10079494486318759,0.03486507950992307,0.08640202173400244,0.8845485590232154,0.18989764669417905,0.12387322028322187,0.14934162824402492
Dataset_3772,single_output,wear rate,svr_rbf,7,3,0.9591480246537353,0.136804785984327,0.04732092216683743,0.10256676130051297,0.9159711425079855,0.20519071222829563,0.09770986296585508,0.1580532135970673
Dataset_3772,single_output,wear rate,svr_rbf,7,4,0.9796978633221862,0.10617016528682366,0.03672437401827176,0.09209385108811526,0.4719524948351175,0.22644589838711665,0.26088237141372905,0.1681975417396491
Dataset_3772,single_output,wear rate,svr_rbf,2024,0,0.9725376777672164,0.11420090930425063,0.039502216985212946,0.09223854138731502,0.9154570560233565,0.15704435584601872,0.1006049685112227,0.13430422949665544
Dataset_3772,single_output,wear rate,svr_rbf,2024,1,0.9787948652408558,0.10459621167131669,0.03617994177492795,0.09054636721846313,0.8584848096990944,0.1884875334251272,0.11967462439690614,0.14303498843818943
Dataset_3772,single_output,wear rate,svr_rbf,2024,2,0.9553599319132046,0.14571762928875548,0.05040388422302161,0.10859342958975543,0.8379716208085641,0.2135020371358744,0.13260996095395922,0.1558498009881184
Dataset_3772,single_output,wear rate,svr_rbf,2024,3,0.9633439900387191,0.1113307612648251,0.04455012455575235,0.09118893799950208,0.7467270161315693,0.48451111116643286,0.16759291289049907,0.389159979397686
Dataset_3772,single_output,wear rate,svr_rbf,2024,4,0.9766718751671455,0.10906826584270021,0.037726830108163335,0.08737128842141116,0.9235089380726654,0.1454470441205871,0.09487739342504053,0.12121263598269635
Dataset_3772,single_output,wear rate,svr_rbf,99,0,0.9721367563930376,0.11753187991952128,0.042080873583788515,0.09109634434662503,0.8913802579763446,0.18162150107371233,0.10135128408131265,0.1477890740799439
Dataset_3772,single_output,wear rate,svr_rbf,99,1,0.9603678494946774,0.1317106541566888,0.04555885650525383,0.10297710437030597,0.8850274769804661,0.2516643996850629,0.10574134440548862,0.1963325157070001
Dataset_3772,single_output,wear rate,svr_rbf,99,2,0.9729753859349911,0.10356819924692645,0.03987993810047225,0.08925762788148864,0.8728678899740465,0.27577253395926493,0.09873703328294486,0.17703658946172698
Dataset_3772,single_output,wear rate,svr_rbf,99,3,0.9828386842523644,0.09601324685709013,0.03321108504223111,0.08571672793138253,0.7681183549151395,0.20092611639865265,0.1489444895468144,0.15199397921306154
Dataset_3772,single_output,wear rate,svr_rbf,99,4,0.9648386100843332,0.1265229654220994,0.04376442940923535,0.10233312333877684,0.9476849941327655,0.16411840402022343,0.08880866018410355,0.1445597625898145
Dataset_3772,single_output,wear rate,gpr,42,0,0.9584145692635232,0.14007322808030337,0.04845147979256429,0.11574021729422682,0.9441952933734729,0.15146447904352026,0.0876023591923194,0.12820862623691132
Dataset_3772,single_output,wear rate,gpr,42,1,0.960653730104179,0.14110030784529615,0.04880674778460607,0.1190586919477865,0.8887951001028738,0.17543165249425227,0.12985318467376186,0.13842094154425563
Dataset_3772,single_output,wear rate,gpr,42,2,0.9443249623320735,0.14717666437887172,0.056671799914852404,0.118105450587831,0.9665116679227698,0.13467367118629234,0.06166376885819248,0.10771723055596219
Dataset_3772,single_output,wear rate,gpr,42,3,0.9636504704507065,0.13307306908991334,0.047645209126356385,0.10721888507964898,0.7981355761586661,0.1709394017770063,0.13128986311598023,0.14228924123353184
Dataset_3772,single_output,wear rate,gpr,42,4,0.9687292429429873,0.11921573152989656,0.04123684937042427,0.090216020624882,0.8568279980274494,0.2720784345681306,0.11672176515149314,0.2442537335325694
Dataset_3772,single_output,wear rate,gpr,123,0,0.9647978824574686,0.13351187417244534,0.04618190044014021,0.1051157872585858,0.8869354949314866,0.19293793489453648,0.11553169754163861,0.1413314555669537
Dataset_3772,single_output,wear rate,gpr,123,1,0.9739569196075417,0.11367080755651125,0.039318854222245334,0.09578899795810134,0.7982599414646764,0.24447850873594393,0.16710766147364586,0.2330097012511137
Dataset_3772,single_output,wear rate,gpr,123,2,0.9585527867613054,0.13728315443512465,0.04748639032691963,0.11516762491864517,0.9086720387702041,0.21688479522357895,0.09112806521999116,0.16601263282100995
Dataset_3772,single_output,wear rate,gpr,123,3,0.9622711821138051,0.1285586822380498,0.04602888730327599,0.10430711825678754,0.9519986064950268,0.16661353453128935,0.07881434935254933,0.13985392124141147
Dataset_3772,single_output,wear rate,gpr,123,4,0.9492876064903988,0.14854743604643286,0.057199628820343795,0.11815988433514048,0.9588754823975466,0.1479994013989717,0.06776529368084787,0.13448342511810704
Dataset_3772,single_output,wear rate,gpr,7,0,0.9442795625752187,0.14700384260242708,0.05660525321618293,0.11380394147908279,0.961675270587486,0.16489725797420798,0.06281800303779352,0.12948914348995766
Dataset_3772,single_output,wear rate,gpr,7,1,0.954799861486859,0.1427391191749868,0.051106021902967,0.11444945442451136,0.9445229054300727,0.17191111584140772,0.08190143679914612,0.11066878952974919
Dataset_3772,single_output,wear rate,gpr,7,2,0.9617572714366533,0.13427618982262235,0.046446278043107005,0.11156187482843775,0.8733009926761695,0.1989328524803202,0.129767027058265,0.15426487865595906
Dataset_3772,single_output,wear rate,gpr,7,3,0.9628779517747622,0.13040994920513066,0.04510894126777262,0.10488668711834584,0.9056016730643817,0.21748315177944008,0.1035634056092572,0.19520836846284656
Dataset_3772,single_output,wear rate,gpr,7,4,0.9667463919938767,0.1358785821127293,0.04700054725448955,0.1145088390435399,0.7353164227729125,0.16032138607941418,0.18470205769517775,0.12757194257412166
Dataset_3772,single_output,wear rate,gpr,2024,0,0.9655285385844995,0.12794719829050688,0.04425707308561289,0.0964581161189745,0.8272520208765846,0.2244864524457544,0.14380938657639608,0.20084963764824237
Dataset_3772,single_output,wear rate,gpr,2024,1,0.9664024399691402,0.13165862228535904,0.04554085862516743,0.10875285167942261,0.8911984288611893,0.16527177248112024,0.10493445871817157,0.12412396828799542
Dataset_3772,single_output,wear rate,gpr,2024,2,0.9601513943649244,0.13767536530694802,0.04762205648804843,0.11057661653660011,0.8865744982015287,0.1786330584465271,0.1109522102152342,0.1383228141491717
Dataset_3772,single_output,wear rate,gpr,2024,3,0.9373243995646418,0.14557668827887107,0.05825397690230936,0.1207746307022481,0.9730249511070836,0.15812131879076582,0.05469433372216044,0.1303866273411353
Dataset_3772,single_output,wear rate,gpr,2024,4,0.9603159922606428,0.14225457927437468,0.049206011509641885,0.1114143123772569,0.9088253358648576,0.15879493306864076,0.10358443122546694,0.12575183486277858
Dataset_3772,single_output,wear rate,gpr,99,0,0.9643328276069328,0.13297628237524342,0.04761055580925294,0.10463778153498485,0.9104970649238667,0.1648661574574918,0.09200120393833244,0.14192452956693202
Dataset_3772,single_output,wear rate,gpr,99,1,0.9603713399552248,0.13170485405552226,0.04555685024404091,0.10489000301786867,0.9030975150821884,0.23104267858799699,0.09707675570924243,0.2229700844827866
Dataset_3772,single_output,wear rate,gpr,99,2,0.9473095066866314,0.1446148219551305,0.055685337680065644,0.11646156272859065,0.9621148105525739,0.15054214985664802,0.05389980302780095,0.12348882898493738
Dataset_3772,single_output,wear rate,gpr,99,3,0.9765966277031028,0.11212309726440706,0.03878349957260708,0.0904962102025107,0.7357519511112396,0.21449101201246604,0.15900000890471905,0.19120983750656453
Dataset_3772,single_output,wear rate,gpr,99,4,0.9551852935740651,0.1428389414449876,0.04940814301106455,0.1157399511979371,0.9413733974608294,0.17373667649708738,0.09401335308283945,0.1269948887559191
Dataset_3772,single_output,wear rate,random_forest,42,0,0.9165449479735435,0.19843160784081065,0.06863770592902478,0.15154952078609243,0.9041629387254086,0.19849159650561254,0.11480138606455323,0.17783334325396505
Dataset_3772,single_output,wear rate,random_forest,42,1,0.918320453223347,0.2032978742700279,0.07032095270495604,0.1506841365170587,0.8288762760222432,0.21762115146852395,0.16108153328536193,0.16135482855768504
Dataset_3772,single_output,wear rate,random_forest,42,2,0.9071334183400882,0.1900808765216627,0.07319248229559594,0.13396739631951785,0.6306932117453314,0.44722861743543574,0.20477500798325818,0.36432160997732527
Dataset_3772,single_output,wear rate,random_forest,42,3,0.923228940434299,0.1933924624696609,0.06924184119930575,0.15009450864971713,0.6169431307621605,0.23547451653186552,0.18085600348069542,0.20127691207998755
Dataset_3772,single_output,wear rate,random_forest,42,4,0.9199241711743886,0.1907722015316065,0.06598830907354082,0.13490381002968965,0.7598171535104103,0.35240013413836563,0.15117980872516756,0.2568044879578082
Dataset_3772,single_output,wear rate,random_forest,123,0,0.9174165285275084,0.2044947041361735,0.07073493743900847,0.15291796922455841,0.7457686816746172,0.28931370536032963,0.17324173973672433,0.24168917574555127
Dataset_3772,single_output,wear rate,random_forest,123,1,0.9211839516112055,0.19774708852237152,0.0684009299627712,0.15165196218755828,0.73074460865994,0.28244040173589696,0.1930556402842768,0.2285561921768679
Dataset_3772,single_output,wear rate,random_forest,123,2,0.9282107956819238,0.18067545281315095,0.06249583286515079,0.12712509861339258,0.8406668618615335,0.2864707468434534,0.12036586001825775,0.1881783339002243
Dataset_3772,single_output,wear rate,random_forest,123,3,0.9177208725874291,0.18984958480552955,0.06797335653617242,0.14507703375488096,0.8536087779204592,0.29096508170327917,0.1376372193487602,0.26030743890501196
Dataset_3772,single_output,wear rate,random_forest,123,4,0.9234596013639216,0.1824960486695764,0.07027187087777295,0.13624317902754918,0.7194887829303971,0.3865312994545797,0.17698319572096147,0.2920868815192735
Dataset_3772,single_output,wear rate,random_forest,7,0,0.9037999920807906,0.19315634659384232,0.07437672183051301,0.14787125446213936,0.7693097992635063,0.40456514040126995,0.1541200534861981,0.301751424272489
Dataset_3772,single_output,wear rate,random_forest,7,1,0.9150105269879641,0.19572923459624492,0.07007849430585211,0.14852115560780368,0.8366840186463791,0.2949588610106299,0.14052351644146255,0.2632948182848894
Dataset_3772,single_output,wear rate,random_forest,7,2,0.9221085620140651,0.19163261882896068,0.06628592833931535,0.14247525793650823,0.8660853299471624,0.20451915121537348,0.13341105754427499,0.17980975736961188
Dataset_3772,single_output,wear rate,random_forest,7,3,0.9188674375233244,0.1927934863461812,0.06668747365831242,0.13405507172329648,0.742224341385366,0.3593887036489428,0.17113747792806805,0.3012695373568231
Dataset_3772,single_output,wear rate,random_forest,7,4,0.9291700920208363,0.1983078740182482,0.06859490626712147,0.14744158255792902,0.14628257487562424,0.2879287515115915,0.3317151515110503,0.19730227758881508
Dataset_3772,single_output,wear rate,random_forest,2024,0,0.9340096137654739,0.17702771662662936,0.06123407700678982,0.1441249133545042,0.6662616353247623,0.3120230774032138,0.19988666073235978,0.2794320528811459
Dataset_3772,single_output,wear rate,random_forest,2024,1,0.9274884282448672,0.19341898342180902,0.06690383376748842,0.14788423982849963,0.6161253904118293,0.31043865650229485,0.1971039088903459,0.24314126247165482
Dataset_3772,single_output,wear rate,random_forest,2024,2,0.9185387436849908,0.19684537925674464,0.06808902776089402,0.1403509679031064,0.7449238995722062,0.2678806622008211,0.16638550447255965,0.19563308299901142
Dataset_3772,single_output,wear rate,random_forest,2024,3,0.8970422321125077,0.18658303067819465,0.07466307750227878,0.1375096638055439,0.7980512074343347,0.4326432556904727,0.1496517660638093,0.3399975311791405
Dataset_3772,single_output,wear rate,random_forest,2024,4,0.9190938136089628,0.20311844264310672,0.07025888711280066,0.15401471127531363,0.7753375413636933,0.2492670122272302,0.1626007907548795,0.17220659908609726
Dataset_3772,single_output,wear rate,random_forest,99,0,0.9225693481724675,0.1959279093566081,0.0701496274101712,0.15001069477513249,0.6763167453830068,0.3135255896954088,0.17495847639252715,0.2797713928571417
Dataset_3772,single_output,wear rate,random_forest,99,1,0.9186413778088413,0.18871172307825462,0.0652755873670891,0.13250479711731503,0.739781950464663,0.3786112048015346,0.1590803381519053,0.2690278675359039
Dataset_3772,single_output,wear rate,random_forest,99,2,0.9025348560584435,0.1966850448538516,0.07573548126832945,0.13506857312323822,0.7082394555153969,0.41776943475296674,0.14957731283672282,0.31533695943078144
Dataset_3772,single_output,wear rate,random_forest,99,3,0.9314834280605337,0.19184641075432157,0.06635987919554534,0.148534236220995,0.8634252506728176,0.15420143301483874,0.11430795627489898,0.12480563215488198
Dataset_3772,single_output,wear rate,random_forest,99,4,0.9066315277965123,0.20617522225297114,0.07131623045761713,0.1589967112919026,0.8675146849037524,0.26117284342242975,0.14132729622425846,0.21169561355047214
Dataset_3772,single_output,wear rate,extra_trees,42,0,0.9346595530927952,0.1755802186661772,0.060733385910127016,0.14889280555555592,0.7885605439453685,0.2948277765554286,0.1705192461280674,0.2286995972222189
Dataset_3772,single_output,wear rate,extra_trees,42,1,0.9334124664801008,0.18355771473117086,0.0634928103532241,0.13937281499726362,0.7743451090600855,0.24990121523328715,0.18497499277075288,0.2054778185941077
Dataset_3772,single_output,wear rate,extra_trees,42,2,0.9110524246905819,0.18602690172649608,0.07163146004100733,0.1516247011494276,0.6915674227132018,0.4087107509204754,0.18713862221633493,0.3618709047619041
Dataset_3772,single_output,wear rate,extra_trees,42,3,0.9234368385499997,0.19313042892882623,0.06914802324698399,0.15743206896551706,0.5222224504838697,0.2629814743428878,0.2019826991880858,0.23086065079364346
Dataset_3772,single_output,wear rate,extra_trees,42,4,0.9323821563133957,0.17530529294857394,0.06063828880960704,0.13759635632183803,0.7609468023305456,0.35157043795782267,0.15082386870777462,0.30071511111111143
Dataset_3772,single_output,wear rate,extra_trees,123,0,0.9168717462583554,0.2051680953286527,0.07096786417455991,0.1639402301587324,0.580102340654707,0.3718144034922276,0.22264335538456745,0.29344102777778047
Dataset_3772,single_output,wear rate,extra_trees,123,1,0.9164961027702063,0.2035429863405323,0.07040573723297555,0.16212083524904405,0.5198579721983017,0.37716334407692337,0.25780132882906587,0.342949492063486
Dataset_3772,single_output,wear rate,extra_trees,123,2,0.9311198859213891,0.17697687034549012,0.06121648922362163,0.13193495238095104,0.8588126084011363,0.2696653725774674,0.11330477839389388,0.183939442176878
Dataset_3772,single_output,wear rate,extra_trees,123,3,0.9479463379426937,0.151004697326956,0.054065412576783406,0.12235520580186504,0.6368632810617493,0.4582668447781613,0.2167771261959135,0.3665764807256259
Dataset_3772,single_output,wear rate,extra_trees,123,4,0.931211291029535,0.17300819899379746,0.066618482477396,0.13888905747126626,0.7756733023107791,0.3456607214836944,0.15826956111890775,0.2723452857142879
Dataset_3772,single_output,wear rate,extra_trees,7,0,0.9116721933252103,0.18508454332807686,0.0712685958136607,0.14446726587301942,0.8069503310293034,0.3700909080166489,0.14098701257777102,0.2998409999999968
Dataset_3772,single_output,wear rate,extra_trees,7,1,0.934824589325504,0.17140165767491264,0.06136829848725839,0.1373575747126405,0.639295291048052,0.4383520189214961,0.20883850353572944,0.38000584126983866
Dataset_3772,single_output,wear rate,extra_trees,7,2,0.936699679068462,0.17275376843115794,0.05975571374305014,0.1504217925561025,0.83131869499515,0.2295373587669949,0.14973082763665688,0.1935325782312908
Dataset_3772,single_output,wear rate,extra_trees,7,3,0.9247449248073567,0.18567894397588347,0.06422654582355014,0.14147230268199315,0.753346434551874,0.3515500535791924,0.16740478741866308,0.30957563492062984
Dataset_3772,single_output,wear rate,extra_trees,7,4,0.926209252693561,0.20241028397947322,0.07001393427169603,0.15318288122605572,-0.13322370376426695,0.33173079250392784,0.3821783323777973,0.2787626666666659
Dataset_3772,single_output,wear rate,extra_trees,2024,0,0.9484735440908125,0.15642856758819768,0.0541088092660663,0.12989970861678093,0.31867634925804156,0.4458208561087068,0.2855995234520862,0.3701242380952313
Dataset_3772,single_output,wear rate,extra_trees,2024,1,0.9357916983412875,0.18200823085441903,0.06295684221875442,0.14312221072797252,0.6283738181056182,0.3054458670210174,0.19393388382286816,0.24384255555555004
Dataset_3772,single_output,wear rate,extra_trees,2024,2,0.9423428385732838,0.16560608925666137,0.05728332385218311,0.12921573371647896,0.8272588815518718,0.22044707612208206,0.13692364976526833,0.1936600634920699
Dataset_3772,single_output,wear rate,extra_trees,2024,3,0.8945689671628531,0.18881079214873459,0.07555453867496383,0.15081309195402548,0.8127920981159593,0.4165540828832835,0.14408650393748998,0.35159158730158435
Dataset_3772,single_output,wear rate,extra_trees,2024,4,0.917563097708217,0.20503090314435907,0.07092040925090248,0.16471607662835244,0.6573327541854758,0.3078476562165621,0.20081386576422847,0.278656920634922
Dataset_3772,single_output,wear rate,extra_trees,99,0,0.9151851501118373,0.2050575648529184,0.07341839056674489,0.15106444047618947,0.7022929731065317,0.300681992880769,0.16779129067007192,0.2681043472222159
Dataset_3772,single_output,wear rate,extra_trees,99,1,0.9394780969747194,0.1627621339361033,0.05629959665724777,0.12427153639846508,0.8086925215171056,0.32463155172209335,0.13639981164793838,0.2507568571428603
Dataset_3772,single_output,wear rate,extra_trees,99,2,0.888200091314158,0.21065287914241757,0.08111393112915577,0.16600899452654688,0.6490610913068395,0.4581831806916243,0.16404696766617416,0.372961199546487
Dataset_3772,single_output,wear rate,extra_trees,99,3,0.9376579574797396,0.18299801501119872,0.06329920961992345,0.14135407936508176,0.6379872074897435,0.2510528537548653,0.18610293087832858,0.18138475510203378
Dataset_3772,single_output,wear rate,extra_trees,99,4,0.8957280986545693,0.217881316902468,0.07536538114924525,0.16852942528735734,0.8070771278061672,0.31516356565701414,0.17054305500920672,0.2652232539682548
Dataset_3772,single_output,wear rate,gradient_boosting,42,0,0.9659060616247948,0.1268303296306519,0.043870747018558254,0.08628858934863623,0.9540845818129682,0.13738985109877008,0.07946203071068252,0.12573561996812477
Dataset_3772,single_output,wear rate,gradient_boosting,42,1,0.9780625397127832,0.10535844489384194,0.03644359906393702,0.07313523359521815,0.9284783525079107,0.14069049169186293,0.10413803974231158,0.10932301286177218
Dataset_3772,single_output,wear rate,gradient_boosting,42,2,0.9643178817789898,0.11782406713515581,0.045369298088238655,0.08772229949486347,0.9531825341069488,0.1592354984539021,0.07291002676460721,0.13044653225970976
Dataset_3772,single_output,wear rate,gradient_boosting,42,3,0.9734202556958412,0.11379316460217595,0.04074227160836949,0.06358578966956863,0.6626012219083321,0.2209958097483415,0.16973564496800414,0.18151518809603143
Dataset_3772,single_output,wear rate,gradient_boosting,42,4,0.9666336677097862,0.12314551676775796,0.042596166298083,0.09035267452008414,0.8159256936397465,0.3085046096527238,0.13234860988962838,0.2276428427400075
Dataset_3772,single_output,wear rate,gradient_boosting,123,0,0.9642873768035638,0.1344764927242088,0.046515563031549224,0.08329888705692864,0.9182598973616165,0.1640484276284875,0.0982325913943039,0.12685227607585559
Dataset_3772,single_output,wear rate,gradient_boosting,123,1,0.9770763508880147,0.10664601836637465,0.03688897210874253,0.06397197627758106,0.8907832113000557,0.17988266701287084,0.1229546596123519,0.14126869947739795
Dataset_3772,single_output,wear rate,gradient_boosting,123,2,0.9825806986433793,0.08899896338147673,0.030784836866647087,0.06343912442205643,0.89383468022291,0.2338398703025403,0.09825204634560518,0.1893117536172759
Dataset_3772,single_output,wear rate,gradient_boosting,123,3,0.9764298346253786,0.10161226399990807,0.03638104690293881,0.07951658758309134,0.9438765825963288,0.1801587702723805,0.08522174563499547,0.15767861661756186
Dataset_3772,single_output,wear rate,gradient_boosting,123,4,0.9472278588519607,0.15153413125914425,0.05834968473590459,0.09075613418005951,0.9069703674370663,0.222597459453011,0.10192191366896111,0.17169532127341114
Dataset_3772,single_output,wear rate,gradient_boosting,7,0,0.973622913524097,0.10114276921795885,0.03894600277934495,0.07959592130834116,0.955823590887507,0.17703905834933673,0.06744345079974733,0.11984605139573568
Dataset_3772,single_output,wear rate,gradient_boosting,7,1,0.9728970148181708,0.11053038771661608,0.03957407365435593,0.06575690545079547,0.9277631013882998,0.19616731647338156,0.09345751142133471,0.15774650094834847
Dataset_3772,single_output,wear rate,gradient_boosting,7,2,0.9811266288381338,0.09432988701287259,0.03262880906706074,0.08008363213435413,0.9188369744860254,0.15922051261063508,0.10386204345116447,0.14366467749621073
Dataset_3772,single_output,wear rate,gradient_boosting,7,3,0.9834709178922012,0.08702001002012431,0.03010031477693681,0.06137061393908724,0.9307196517580894,0.18631529163306967,0.0887215674443189,0.14071480879176843
Dataset_3772,single_output,wear rate,gradient_boosting,7,4,0.9494009086040885,0.16761117824814356,0.05797688628438034,0.12938763832783706,0.5851504177152929,0.20071197746941608,0.23123499708458087,0.1536045344689463
Dataset_3772,single_output,wear rate,gradient_boosting,2024,0,0.9709188091990564,0.11751871268016141,0.040649848730598896,0.07637532392669606,0.8319982705704354,0.22138109197820544,0.14182004611031732,0.16900710208782022
Dataset_3772,single_output,wear rate,gradient_boosting,2024,1,0.9719209832576241,0.12036116557909418,0.04163305623628301,0.09420445441988054,0.8714967679904846,0.1796131488973606,0.11404009453800672,0.12982543421235718
Dataset_3772,single_output,wear rate,gradient_boosting,2024,2,0.9837942151165369,0.08779801712920696,0.030369428270220322,0.06642106103574102,0.9161596732101174,0.15357939788638353,0.09539093036421335,0.11630857675484726
Dataset_3772,single_output,wear rate,gradient_boosting,2024,3,0.9556474616199868,0.12246213425096598,0.04900445548257943,0.07469635887917506,0.9281952448942451,0.25797992388168783,0.08923553230082595,0.1924951064600519
Dataset_3772,single_output,wear rate,gradient_boosting,2024,4,0.9595714947110019,0.14358277255398905,0.049665434989273276,0.11529131744262137,0.9138960788136214,0.15431602197782562,0.100662767108823,0.12844600507610707
Dataset_3772,single_output,wear rate,gradient_boosting,99,0,0.9257336325560965,0.19188275165248536,0.06870130743017738,0.13778666716299523,0.7516327497874579,0.2746376294329141,0.15325760571033145,0.23726929718922551
Dataset_3772,single_output,wear rate,gradient_boosting,99,1,0.9842163368593771,0.08311913007311576,0.028750996220379025,0.05508814765579657,0.8539571256017021,0.28363834323129533,0.11917577446693081,0.21769111094581284
Dataset_3772,single_output,wear rate,gradient_boosting,99,2,0.9432524421912827,0.15007911597222057,0.057789417008941295,0.08355908376924681,0.915205557580933,0.22522006346473145,0.08063733027738328,0.12482931637388361
Dataset_3772,single_output,wear rate,gradient_boosting,99,3,0.9765473272977194,0.11224113166638637,0.038824327798819225,0.07621008217346424,0.8951539419799109,0.13510743746595885,0.10015377128684866,0.11458191234266035
Dataset_3772,single_output,wear rate,gradient_boosting,99,4,0.9797369716705422,0.09604804311650429,0.03322312110567426,0.07529353093536546,0.9922511813613832,0.06316287562580122,0.03417904525205692,0.05517512140478166
Dataset_3772,single_output,wear rate,xgboost,42,0,0.9850218001763436,0.08406483122009155,0.029078115261186976,0.0685527884619577,0.9544027158448637,0.13691305743146626,0.07918626803439344,0.1260316581726073
Dataset_3772,single_output,wear rate,xgboost,42,1,0.9866435973054037,0.08220929620219254,0.028436283708817896,0.06771160546664533,0.9628447291042691,0.10140426196776464,0.07505866911011447,0.09228420639038097
Dataset_3772,single_output,wear rate,xgboost,42,2,0.9779505233185732,0.09262065315444762,0.03566447945877844,0.06950869237965555,0.9674495790155532,0.13277436871374615,0.060794124868931404,0.08847239303588861
Dataset_3772,single_output,wear rate,xgboost,42,3,0.986657427672125,0.08062329787203634,0.028866200455437294,0.0663471528415022,0.864041961727654,0.1402861288795105,0.10774664276460096,0.11480302156720855
Dataset_3772,single_output,wear rate,xgboost,42,4,0.9891459420191926,0.07023610814597987,0.024294745121404313,0.05148172496927203,0.9079544121520255,0.21815569717383346,0.09358888767646222,0.17952513613019683
Dataset_3772,single_output,wear rate,xgboost,123,0,0.9861253613889805,0.08381974552234628,0.02899333985553313,0.0716142710277013,0.9627389296884338,0.11075979560037431,0.06632323089842773,0.07151942110061638
Dataset_3772,single_output,wear rate,xgboost,123,1,0.9903023062323042,0.06936445886556389,0.023993240700644722,0.05794564661486398,0.8738069771649567,0.19335806369134065,0.13216545706858554,0.15091193335396902
Dataset_3772,single_output,wear rate,xgboost,123,2,0.9860414438735253,0.07966908521817148,0.027557622005593734,0.05568124047641097,0.9320401213224303,0.18709126989828878,0.07860977726818856,0.14757482147216816
Dataset_3772,single_output,wear rate,xgboost,123,3,0.9868929567144673,0.07577347068715347,0.027129778262496775,0.06288804429152918,0.9776860799148922,0.11359815859325967,0.0537361204320055,0.08458352988106858
Dataset_3772,single_output,wear rate,xgboost,123,4,0.9801199318392855,0.0930073007241735,0.035813361849893526,0.07142126228069437,0.9592870153622034,0.1472570246329611,0.06742537757919466,0.10863879939488008
Dataset_3772,single_output,wear rate,xgboost,7,0,0.977490790987656,0.09343326932200147,0.03597738518367403,0.07418594523838595,0.9719345799141886,0.14111060663941516,0.05375642157692006,0.09360328817367536
Dataset_3772,single_output,wear rate,xgboost,7,1,0.9881747567378575,0.07300929779230932,0.026140099460189522,0.05583919433067587,0.9473502904927387,0.1674731136551608,0.07978709559559827,0.16455340685163236
Dataset_3772,single_output,wear rate,xgboost,7,2,0.9865714152895309,0.07956822966326892,0.027522735961006198,0.0685382353683998,0.8999510481716508,0.1767771693252956,0.11531452663098217,0.14740237372262147
Dataset_3772,single_output,wear rate,xgboost,7,3,0.9870322400634464,0.07707743284094488,0.02666116666929951,0.05727173351419389,0.9553030908454399,0.149651893326668,0.0712628063460324,0.11484925787789482
Dataset_3772,single_output,wear rate,xgboost,7,4,0.9900455610974932,0.07434298804133392,0.025715319280987175,0.06276276174084897,0.5326718252982167,0.2130291054340642,0.24542523667518934,0.1659165207999094
Dataset_3772,single_output,wear rate,xgboost,2024,0,0.9891577179775191,0.07175650578861811,0.024820652296305125,0.05834708677019391,0.9269883411701109,0.14594181968096817,0.09349251741253561,0.11543655014038079
Dataset_3772,single_output,wear rate,xgboost,2024,1,0.9903047887523978,0.07072518221658568,0.024463916366857724,0.056792698827283127,0.864368846153119,0.1845273859899729,0.11716024507299864,0.16780609239850733
Dataset_3772,single_output,wear rate,xgboost,2024,2,0.9843587604971795,0.08625519391820596,0.02983576406717605,0.06532399841834763,0.8895695989839124,0.17625879795645352,0.10947751425866677,0.11348815863473075
Dataset_3772,single_output,wear rate,xgboost,2024,3,0.9769104185039733,0.08835896385233244,0.03535772863238593,0.07206845724171604,0.9628977801076741,0.185442492146381,0.06414475688217952,0.15369024985177177
Dataset_3772,single_output,wear rate,xgboost,2024,4,0.9845480141590265,0.0887668162302894,0.03070453691812155,0.07685458755493167,0.9744931249352368,0.08399011617235685,0.05478807317179184,0.06738487461635044
Dataset_3772,single_output,wear rate,xgboost,99,0,0.9849482962082744,0.08638387432334659,0.030928705450535842,0.0697895541872297,0.9640005555095472,0.10455884491111087,0.05834756970486095,0.07881180191040038
Dataset_3772,single_output,wear rate,xgboost,99,1,0.9900610573910831,0.06595795452074607,0.02281492719500037,0.0504924524241481,0.902992837161988,0.23116743565279274,0.09712917464403056,0.1835599812098913
Dataset_3772,single_output,wear rate,xgboost,99,2,0.9781471280856356,0.09313243007581523,0.03586154411852723,0.07180073402667868,0.9551536445458595,0.16378984033885827,0.05864297899708497,0.13044529451642703
Dataset_3772,single_output,wear rate,xgboost,99,3,0.9873146635741665,0.08254805791896196,0.028553461749900366,0.06871698997760645,0.8940746197775347,0.13580107863378424,0.10066796044016621,0.10749899183000851
Dataset_3772,single_output,wear rate,xgboost,99,4,0.9864615520272901,0.07850924218588858,0.027156431057035135,0.06497244131154035,0.9870218083311469,0.08174312521290694,0.04423329286412712,0.07583237402779718
Dataset_3772,single_output,wear rate,ann,42,0,0.9294250738913079,0.18247768024781036,0.06311922526731593,0.1376526568709342,0.8962195513609802,0.20655378265196098,0.11946430459916771,0.14584821730844455
Dataset_3772,single_output,wear rate,ann,42,1,0.9651000452638892,0.13288887039989875,0.04596640276717356,0.10729430880860044,0.8722527932965166,0.18802764163511904,0.1391766407365796,0.16243002609184046
Dataset_3772,single_output,wear rate,ann,42,2,0.9396688124270883,0.153207361432001,0.05899397821794416,0.10601269377390393,0.9009263544108568,0.23164077659140736,0.10606262664441732,0.18220587652281153
Dataset_3772,single_output,wear rate,ann,42,3,0.9638991668300575,0.13261705779644406,0.04748193977674332,0.10730673842956914,0.6475946008614694,0.22585700417764473,0.1734692812424306,0.18278498511365537
Dataset_3772,single_output,wear rate,ann,42,4,0.963317840119676,0.1291194953490033,0.04466257189519312,0.1011441692705046,0.8747947323941945,0.25443471831934755,0.1091526033116034,0.21100216495017485
Dataset_3772,single_output,wear rate,ann,123,0,0.9587815993329045,0.14447112885274785,0.049972718385592474,0.11205683794911162,0.809884235092829,0.25018631381369255,0.14981216396029495,0.18346747195106594
Dataset_3772,single_output,wear rate,ann,123,1,0.9818343527816328,0.09493540501093707,0.032838258391884145,0.08129599344769013,0.7785762035712525,0.25612782579856574,0.17507028420954596,0.21930763924465527
Dataset_3772,single_output,wear rate,ann,123,2,0.9535005667721257,0.14540971111062814,0.05029737499502876,0.11741756110214716,0.9486924906196071,0.1625614977521664,0.06830315031603632,0.13486562913327305
Dataset_3772,single_output,wear rate,ann,123,3,0.9582679091178321,0.13520722061246218,0.04840931636679635,0.11376997291706457,0.9476835801435203,0.17394116044961766,0.08228058677843784,0.1416879167944972
Dataset_3772,single_output,wear rate,ann,123,4,0.9563052187709804,0.13788686274318168,0.05309467183025863,0.10459029753292488,0.9189926525470155,0.207716863579016,0.095108454019696,0.17564888353445227
Dataset_3772,single_output,wear rate,ann,7,0,0.9538956199756865,0.13371881575742733,0.05148972497398048,0.10190939269613926,0.8969909488797998,0.27034079004810374,0.10298696763737285,0.21560595343904487
Dataset_3772,single_output,wear rate,ann,7,1,0.9395377509512938,0.16508791345940696,0.059107738438742216,0.14331004424475147,0.9505965608381595,0.16222795609592533,0.07728821157500015,0.11571045995099093
Dataset_3772,single_output,wear rate,ann,7,2,0.8168292965586686,0.29386819164425276,0.1016493226026471,0.2301403325719945,0.4831610587226932,0.40178851457446735,0.2620929644973695,0.3003191896686059
Dataset_3772,single_output,wear rate,ann,7,3,0.9028096903995969,0.21101155758122123,0.07298912403362892,0.15478126526183714,0.8340439029716511,0.28836335906852495,0.1373158852707262,0.23091286466325237
Dataset_3772,single_output,wear rate,ann,7,4,0.9436711890870798,0.17684668021868732,0.06117145631915853,0.14103216257911336,0.9126514726752925,0.0920991781596218,0.106105043962698,0.08116879178106588
Dataset_3772,single_output,wear rate,ann,2024,0,0.9199541350340528,0.19497116357145336,0.06744073454564281,0.13299117663156962,0.7111093952864135,0.29030222073054374,0.18597195434371785,0.2771107061463187
Dataset_3772,single_output,wear rate,ann,2024,1,0.9120566307016084,0.21300852598560252,0.0736798775460403,0.16678263107903157,0.7885841053757545,0.23038272930838832,0.14627474876723068,0.14154851543755864
Dataset_3772,single_output,wear rate,ann,2024,2,0.9472133726583217,0.15845707329619332,0.054810471565615124,0.12514775330361808,0.8330816950563003,0.216699775941742,0.13459613412530558,0.15928904054763685
Dataset_3772,single_output,wear rate,ann,2024,3,0.9319986515750143,0.15163566006926898,0.060678535441884354,0.12498640996785813,0.9496845781643084,0.21595331080177935,0.07469848177162897,0.1848818171596504
Dataset_3772,single_output,wear rate,ann,2024,4,0.9308345693436716,0.18780322050661621,0.06496133535337814,0.13420299306535405,0.8054622850007812,0.23195378287074428,0.1513070990676741,0.18598903588094298
Dataset_3772,single_output,wear rate,ann,99,0,0.8745350872211244,0.24940260839203163,0.08929559913785595,0.17878686894248355,0.9047693452768963,0.17005964271782886,0.09489935419521696,0.15989218106099468
Dataset_3772,single_output,wear rate,ann,99,1,0.9346472014436642,0.16913332329150232,0.0585033978870641,0.12504356974412964,0.8725873263351973,0.2649299566827755,0.11131510784990568,0.20836276342592722
Dataset_3772,single_output,wear rate,ann,99,2,0.9437264817835292,0.1494509599480742,0.05754753944862309,0.1249051380130441,0.9413558550622867,0.18729910898187127,0.06706018939558586,0.14144663969366558
Dataset_3772,single_output,wear rate,ann,99,3,0.9649988986536511,0.1371187105316033,0.047429509004359494,0.11418964872356968,0.6539361883059222,0.24546032061201742,0.18195724285546136,0.18776106271529283
Dataset_3772,single_output,wear rate,ann,99,4,0.9365577103172463,0.16995180031963134,0.05878650996874138,0.11122851925482034,0.8824195617733037,0.24604337919431568,0.13314035670688074,0.20557060674259833
Dataset_3772,single_output,wear rate,lightgbm,42,0,0.985071430658538,0.08392544063780395,0.029029899909306107,0.06666347909555527,0.9368444705161802,0.16113173041031606,0.09319359769249048,0.12285093607560682
Dataset_3772,single_output,wear rate,lightgbm,42,1,0.9799675008771154,0.10068012455078018,0.03482536304074029,0.07365785071107717,0.9466423247048158,0.12151907147733836,0.08994749924303358,0.09155495330377963
Dataset_3772,single_output,wear rate,lightgbm,42,2,0.9719470562125413,0.10447152079636825,0.040227770811077486,0.07547065625951802,0.9187325740390163,0.20979454538582587,0.09605977352830858,0.13449498029674573
Dataset_3772,single_output,wear rate,lightgbm,42,3,0.9811232116888788,0.09589695753493843,0.03433475028103776,0.0723673879554363,0.9018713950923564,0.1191818434896492,0.09153751420095942,0.08809373887610457
Dataset_3772,single_output,wear rate,lightgbm,42,4,0.9801530877140017,0.09497533748131973,0.03285207107620883,0.06935229640829153,0.8904083590792502,0.23804210723966387,0.1021201661259819,0.18245444470811353
Dataset_3772,single_output,wear rate,lightgbm,123,0,0.9839834650312719,0.09005747809199052,0.031150978240052064,0.06299013653027119,0.9556798007130411,0.12079677368493869,0.07233339741613096,0.10007408890643688
Dataset_3772,single_output,wear rate,lightgbm,123,1,0.9800665795864127,0.09944745716581249,0.03439898207049896,0.0751293581284897,0.9066728020176075,0.1662833364692671,0.11365915001316958,0.11294576274992998
Dataset_3772,single_output,wear rate,lightgbm,123,2,0.9754548949938298,0.1056457496388852,0.03654297808332245,0.07296118462390473,0.9269747671220164,0.19393835191937334,0.08148670248713166,0.11775549432673886
Dataset_3772,single_output,wear rate,lightgbm,123,3,0.9830987333375375,0.08604476246996036,0.030807290537042745,0.06433677667088951,0.937948785936149,0.18943424720725172,0.08960938846133001,0.14498204678121965
Dataset_3772,single_output,wear rate,lightgbm,123,4,0.9766430968170359,0.1008128136944036,0.038818950209627875,0.07547212802266082,0.9469489995542635,0.16809559768003762,0.076966848754596,0.08512722206681124
Dataset_3772,single_output,wear rate,lightgbm,7,0,0.9675469454377092,0.11218872658596094,0.04319935563571849,0.07969759046047734,0.9266248329574367,0.22816469077619767,0.08691988220045625,0.15752584378946777
Dataset_3772,single_output,wear rate,lightgbm,7,1,0.9861654509410364,0.07896881725788887,0.02827383360468632,0.060707419491393286,0.9340495186218742,0.18743733035987267,0.08929839464500841,0.1374655314855135
Dataset_3772,single_output,wear rate,lightgbm,7,2,0.9848720247005052,0.08445297972214892,0.029212376244257668,0.05954412112439891,0.8950962066718792,0.18101538993249727,0.11807918456131594,0.12193706916509546
Dataset_3772,single_output,wear rate,lightgbm,7,3,0.9792896443711819,0.09740663459096889,0.033693059353500136,0.0704517464415935,0.9066079126268841,0.21632091474783635,0.10300995940373162,0.17388444391743324
Dataset_3772,single_output,wear rate,lightgbm,7,4,0.9805398977376227,0.10394513770905904,0.035954734593240764,0.0763387857215292,0.7328288061362525,0.16107301083190265,0.18556798482938106,0.10244742085018872
Dataset_3772,single_output,wear rate,lightgbm,2024,0,0.9883137912965836,0.07449682290418944,0.025768530925004994,0.05966496899063199,0.7821559392942331,0.25209051820391504,0.16149296489680648,0.21991397852142625
Dataset_3772,single_output,wear rate,lightgbm,2024,1,0.982321353110609,0.09550364508003839,0.033034813241106326,0.06840318566190738,0.8855913793848645,0.16947688620616985,0.10760437219439355,0.13124115474744638
Dataset_3772,single_output,wear rate,lightgbm,2024,2,0.978010711756034,0.10227164911459023,0.035375873093943355,0.07903757319924323,0.8903835255677369,0.17560803944888093,0.10907331642787634,0.10024738472888586
Dataset_3772,single_output,wear rate,lightgbm,2024,3,0.9703502282170676,0.10012747428959633,0.04006701652244751,0.07262864606295523,0.9545218878996442,0.20531019785610388,0.07101701759118087,0.14952659422885844
Dataset_3772,single_output,wear rate,lightgbm,2024,4,0.9807843631204012,0.09898876006681594,0.034240318252098216,0.0702584468670555,0.9785051488490095,0.07710220094218555,0.050294977783552235,0.04742434554126022
Dataset_3772,single_output,wear rate,lightgbm,99,0,0.9820293475425784,0.0943890835389062,0.03379487416358977,0.06830514442760968,0.943108238810431,0.13144303139269597,0.07334990591110263,0.08987594014523015
Dataset_3772,single_output,wear rate,lightgbm,99,1,0.9831201375946834,0.08595705717612187,0.029732638248399126,0.05586838685197639,0.8394704234090573,0.29737351341937635,0.12494685437788923,0.24441010011116848
Dataset_3772,single_output,wear rate,lightgbm,99,2,0.9795940413949467,0.08999640792519158,0.03465398841940376,0.06484628400179758,0.9376961863988261,0.1930548414631858,0.06912096006558749,0.14853800248457955
Dataset_3772,single_output,wear rate,lightgbm,99,3,0.9836181209362593,0.09380753480978285,0.03244812687989722,0.07022073678479429,0.8829241971086879,0.14276993968862087,0.1058339063666574,0.08754760621591132
Dataset_3772,single_output,wear rate,lightgbm,99,4,0.9777780009218706,0.10058376961037813,0.03479203376353446,0.07710232466799327,0.9914921247849142,0.06618425758240211,0.03581399219826952,0.05475738258619004
Dataset_3772,single_output,Ultimate Compression Strength (MPa),linear_regression,42,0,0.7214673343556011,9.086016121652943,0.12743360619429092,7.245343609596259,0.6489268629705414,9.40216788976594,0.20090102328559695,7.555270834678101
Dataset_3772,single_output,Ultimate Compression Strength (MPa),linear_regression,42,1,0.6555656571343418,9.009246617351012,0.1586134967843488,7.140822594312301,0.7929925544896944,10.221783286395615,0.14336301944453878,8.409362444815867
Dataset_3772,single_output,Ultimate Compression Strength (MPa),linear_regression,42,2,0.8118199992715627,7.981085457370865,0.11193668243156894,6.700177181836523,-1.3490331418388317,14.005630667344734,0.5386781025901821,9.28970950270572
Dataset_3772,single_output,Ultimate Compression Strength (MPa),linear_regression,42,3,0.683876310481362,9.87963119216657,0.1385642523445522,7.978601376623415,0.8925887474442283,4.519575977506319,0.10249633694310736,3.6697872929156454
Dataset_3772,single_output,Ultimate Compression Strength (MPa),linear_regression,42,4,0.719331835620217,8.655069782320487,0.12138947801291006,6.5649103137234315,0.6823742826282161,11.038124298929445,0.21643380978293034,10.26318938736422
Dataset_3772,single_output,Ultimate Compression Strength (MPa),linear_regression,123,0,0.6899886473912844,9.521453601006826,0.13354072371678577,7.315987601021021,0.7475317729422677,8.314344547267552,0.14637930540964,7.206954743229085
Dataset_3772,single_output,Ultimate Compression Strength (MPa),linear_regression,123,1,0.6914796141848157,9.125159835682108,0.1416950285043806,7.129820859434179,0.7431306457438771,9.455227880832537,0.15811417860923974,8.098346396669404
Dataset_3772,single_output,Ultimate Compression Strength (MPa),linear_regression,123,2,0.7460543192375984,8.80327340901553,0.12346807025267223,7.184446813576774,0.42265795246545224,10.503241943686296,0.24889198918687913,8.407515240485873
Dataset_3772,single_output,Ultimate Compression Strength (MPa),linear_regression,123,3,0.6471036411141992,9.83802314463795,0.15182134482465973,7.878807702239799,0.9245025564456281,4.809806909906287,0.07745260724486774,4.092690393541921
Dataset_3772,single_output,Ultimate Compression Strength (MPa),linear_regression,123,4,0.826902408898483,7.218268235583811,0.10123798366877716,6.105779568745673,-0.002734642929339559,15.301670518414221,0.33856998602531746,11.623787957491414
Dataset_3772,single_output,Ultimate Compression Strength (MPa),linear_regression,7,0,0.7389671261821034,8.254549177419925,0.12738501817006057,6.689115447392193,0.5944182876544952,12.127837631978418,0.1915930115636401,8.481002593055907
Dataset_3772,single_output,Ultimate Compression Strength (MPa),linear_regression,7,1,0.6821695645380028,9.353301466324421,0.13118234875630325,7.256016119145989,0.7680981622545341,7.952370657612515,0.18889241467013101,6.98211133133954
Dataset_3772,single_output,Ultimate Compression Strength (MPa),linear_regression,7,2,0.7057835839312925,9.004453174817389,0.12628966584596618,7.201318028397396,0.603525357575595,9.78882185650967,0.20340409052487635,7.503802585001599
Dataset_3772,single_output,Ultimate Compression Strength (MPa),linear_regression,7,3,0.6735199550884571,9.763700168235669,0.1516102510595601,7.8793427597951595,0.8715693748436918,5.526941089673886,0.1060935039768478,4.015634420346885
Dataset_3772,single_output,Ultimate Compression Strength (MPa),linear_regression,7,4,0.783527734263546,8.468522705931258,0.11877310948010181,6.6654119131416465,-0.20223683104288304,11.83319065317283,0.31387773615843056,10.887271313832544
Dataset_3772,single_output,Ultimate Compression Strength (MPa),linear_regression,2024,0,0.6656953007843008,9.553134944238915,0.14834060472420676,7.292985686592535,0.8325482498538963,7.203928618158605,0.12046703374847166,6.592030337678553
Dataset_3772,single_output,Ultimate Compression Strength (MPa),linear_regression,2024,1,0.7067112680389209,9.072520532322656,0.127244327241552,7.275412585775768,0.7254307756247446,9.466338838962614,0.18561448703848266,7.43843851175867
Dataset_3772,single_output,Ultimate Compression Strength (MPa),linear_regression,2024,2,0.7405669991675837,8.791316650687605,0.12330037378243486,6.793693480205242,0.5153778377106446,10.360831311858922,0.2461005062199269,8.77760479624746
Dataset_3772,single_output,Ultimate Compression Strength (MPa),linear_regression,2024,3,0.742325137818773,8.377441388551254,0.12928150290974158,7.114901659209343,0.27532573386154624,12.613565328617353,0.26115042088234686,7.150057624977809
Dataset_3772,single_output,Ultimate Compression Strength (MPa),linear_regression,2024,4,0.732107132418141,9.161565999645264,0.1284932117762309,7.438672021325035,0.5636707571389121,9.148452440476188,0.19887940087991712,7.041078270239922
Dataset_3772,single_output,Ultimate Compression Strength (MPa),linear_regression,99,0,0.7516322827272274,9.449160336692513,0.13252679294098896,7.746520451208334,-0.6414390996933803,8.362135232519146,0.39819691583424505,5.997304837793802
Dataset_3772,single_output,Ultimate Compression Strength (MPa),linear_regression,99,1,0.6750779039723334,9.787011286295298,0.13726523543191163,7.815187618441052,0.8925403391458222,5.366282475919195,0.11179755158164989,4.653692043404042
Dataset_3772,single_output,Ultimate Compression Strength (MPa),linear_regression,99,2,0.8075395333244704,7.637490493717942,0.10711767873377198,6.061697191896202,-0.1817013124689162,15.501482101605312,0.3460152254822613,11.736125551435354
Dataset_3772,single_output,Ultimate Compression Strength (MPa),linear_regression,99,3,0.6780371939335423,8.430379731630646,0.13318135437015238,6.469098167906975,0.6951344790736129,12.42117875927986,0.19168485739629415,11.168374664386546
Dataset_3772,single_output,Ultimate Compression Strength (MPa),linear_regression,99,4,0.7107948673897707,8.79910267204732,0.13578862148221174,6.889755553394335,0.6670392651625405,11.2192676482993,0.19511769823129224,10.812921784923981
Dataset_3772,single_output,Ultimate Compression Strength (MPa),ridge,42,0,0.7205501856298826,9.10096298519813,0.1276432396240972,7.245319574097628,0.6561213286429595,9.305330912973307,0.19883185711481421,7.481655323367232
Dataset_3772,single_output,Ultimate Compression Strength (MPa),ridge,42,1,0.654728156306946,9.020193072898623,0.15880621607215886,7.078068289809311,0.7804558657600952,10.526757179036611,0.14764035314216847,8.762072895970036
Dataset_3772,single_output,Ultimate Compression Strength (MPa),ridge,42,2,0.8111507329524705,7.99526531396303,0.1121355584006035,6.707738753043707,-1.2588098988663514,13.734028325312163,0.5282318586658524,9.060763151403952
Dataset_3772,single_output,Ultimate Compression Strength (MPa),ridge,42,3,0.6831526408927173,9.890932941844163,0.13872276215770216,8.017661391592638,0.8948223783551832,4.472336515657877,0.10142502586819088,3.4208960090433
Dataset_3772,single_output,Ultimate Compression Strength (MPa),ridge,42,4,0.7182899157658222,8.671119937715163,0.12161458538169935,6.5755874193314465,0.6846182560279392,10.999063922431896,0.2156679200476843,10.280717488150312
Dataset_3772,single_output,Ultimate Compression Strength (MPa),ridge,123,0,0.6893466191153974,9.531307886437279,0.13367893248860138,7.305337561997559,0.7409646409440223,8.421785538893593,0.1482708721636196,7.372334924066164
Dataset_3772,single_output,Ultimate Compression Strength (MPa),ridge,123,1,0.6906716524265573,9.137100634124957,0.14188044462926955,7.199114468217951,0.7382616455264035,9.544419890747557,0.15960568379176518,8.08181740382429
Dataset_3772,single_output,Ultimate Compression Strength (MPa),ridge,123,2,0.7452493845073742,8.81721429230568,0.12366359456249201,7.1747429375056235,0.4287308443049479,10.44785564829553,0.24757951773212164,8.266040807506178
Dataset_3772,single_output,Ultimate Compression Strength (MPa),ridge,123,3,0.6461672722955896,9.851066514483907,0.1520226313963566,7.910837145977114,0.9261125222584012,4.758246531093259,0.0766223273928061,3.9327525142194935
Dataset_3772,single_output,Ultimate Compression Strength (MPa),ridge,123,4,0.8259386355348486,7.2383352913665595,0.1015194290514244,6.109370664162922,0.030366684397639565,15.046988918193165,0.33293481398812186,11.44649318730963
Dataset_3772,single_output,Ultimate Compression Strength (MPa),ridge,7,0,0.7380643584385431,8.26881080798084,0.12760510506143272,6.739966920577582,0.592727906860938,12.153084514347496,0.1919918564667851,8.664992664935856
Dataset_3772,single_output,Ultimate Compression Strength (MPa),ridge,7,1,0.6814349235754289,9.364104950785963,0.13133387027750298,7.294377246683203,0.7599064470000999,8.09160675560078,0.19219968540619434,6.919865056313422
Dataset_3772,single_output,Ultimate Compression Strength (MPa),ridge,7,2,0.7049981464107814,9.016464267930303,0.12645812437489906,7.1954685065542385,0.5998600212857867,9.833965702800697,0.20434214447378077,7.527008523162176
Dataset_3772,single_output,Ultimate Compression Strength (MPa),ridge,7,3,0.6727504597220659,9.77519964632279,0.15178881438389427,7.911315663012519,0.8648004656655562,5.6707191026861885,0.10885342360468737,3.998463976033946
Dataset_3772,single_output,Ultimate Compression Strength (MPa),ridge,7,4,0.7826243949352033,8.486173894135433,0.11902067172700467,6.655170968560378,-0.14280224981589296,11.536986669992407,0.306020866578048,10.572021393480398
Dataset_3772,single_output,Ultimate Compression Strength (MPa),ridge,2024,0,0.6646774326911877,9.567667256982583,0.14856626175438795,7.365193099058098,0.8288296662548649,7.283477854515784,0.12179728853705325,6.525814255642755
Dataset_3772,single_output,Ultimate Compression Strength (MPa),ridge,2024,1,0.7058600048553795,9.085677373960573,0.1274288551747626,7.199184964671397,0.7189226584706991,9.57787215434609,0.18780141479109988,7.651200518744405
Dataset_3772,single_output,Ultimate Compression Strength (MPa),ridge,2024,2,0.7397944478646585,8.804396510296057,0.12348382202378762,6.828022839852566,0.5246981689042025,10.260717036304857,0.24372249492410591,8.690556712160442
Dataset_3772,single_output,Ultimate Compression Strength (MPa),ridge,2024,3,0.7413392597676676,8.393452361877815,0.12952858583144777,7.099773213997028,0.30293107409572784,12.370985637919768,0.2561280670376764,7.14857136344699
Dataset_3772,single_output,Ultimate Compression Strength (MPa),ridge,2024,4,0.7314935990543847,9.172050996591079,0.12864026643185245,7.415391044315802,0.5651416088670635,9.133019855558604,0.19854390990344792,7.019645025805955
Dataset_3772,single_output,Ultimate Compression Strength (MPa),ridge,99,0,0.7509143959531319,9.462806499408309,0.13271818372241667,7.772757540734759,-0.5365615737997051,8.09058236741135,0.3852658270195881,5.7686933425637505
Dataset_3772,single_output,Ultimate Compression Strength (MPa),ridge,99,1,0.6741579920155212,9.800855874603304,0.13745940918097202,7.845598079887426,0.8966804447283591,5.261893588099463,0.10962278308540548,4.381534865148434
Dataset_3772,single_output,Ultimate Compression Strength (MPa),ridge,99,2,0.8068118167779261,7.651916012916853,0.10732000018116204,6.0923160543474975,-0.1397134445340138,15.223594237686955,0.33981237137694087,11.550413251911952
Dataset_3772,single_output,Ultimate Compression Strength (MPa),ridge,99,3,0.677109830206222,8.442512199517038,0.13337302052949507,6.508056243584914,0.6782319101849502,12.760865847668061,0.19692694209364292,11.402829890527139
Dataset_3772,single_output,Ultimate Compression Strength (MPa),ridge,99,4,0.7099823309161831,8.811454764571353,0.13597924019400237,6.8398614098835475,0.6646684604222166,11.259139485743331,0.19581112149118843,10.923340823795629
Dataset_3772,single_output,Ultimate Compression Strength (MPa),elasticnet,42,0,0.7193089892132529,9.121151882725984,0.1279263938671246,7.261585178223418,0.6584273478993996,9.274078076581503,0.19816406146541668,7.45536768516353
Dataset_3772,single_output,Ultimate Compression Strength (MPa),elasticnet,42,1,0.6533867462578005,9.037698190192827,0.159114404756916,7.056523656638554,0.7722446382612222,10.721807138848307,0.1503759767019398,8.97225006423588
Dataset_3772,single_output,Ultimate Compression Strength (MPa),elasticnet,42,2,0.8101554987926646,8.016305123305663,0.11243064689068252,6.717782671362782,-1.216607308507287,13.605123174298559,0.5232739682422523,8.944829482242325
Dataset_3772,single_output,Ultimate Compression Strength (MPa),elasticnet,42,3,0.6820362343580184,9.908342890371092,0.13896694095892134,8.05383359432554,0.894629799060885,4.476429047454865,0.10151783756559396,3.3853172232953495
Dataset_3772,single_output,Ultimate Compression Strength (MPa),elasticnet,42,4,0.7166942864506983,8.695642234427721,0.1219585166118895,6.579857119697487,0.6852753352551657,10.987599998350126,0.21544313722255154,10.28596055554848
Dataset_3772,single_output,Ultimate Compression Strength (MPa),elasticnet,123,0,0.688444489045148,9.545137200045575,0.1338728920062493,7.30505019310308,0.7348650341794222,8.520364134902476,0.1500064108257478,7.487611449818688
Dataset_3772,single_output,Ultimate Compression Strength (MPa),elasticnet,123,1,0.6894115478973011,9.155692528504824,0.14216913864137928,7.247182887509037,0.7344616288692805,9.613454977445869,0.1607601166796968,8.070739294595116
Dataset_3772,single_output,Ultimate Compression Strength (MPa),elasticnet,123,2,0.7440175869277026,8.838505557397983,0.12396220978117789,7.170696377354997,0.43165614337537495,10.4210711381013,0.24694481369908303,8.255174345265337
Dataset_3772,single_output,Ultimate Compression Strength (MPa),elasticnet,123,3,0.6447300159081798,9.871053585276025,0.15233107384685224,7.962384730338671,0.9252339102102047,4.786453596379612,0.07707654744572644,3.8544829228237694
Dataset_3772,single_output,Ultimate Compression Strength (MPa),elasticnet,123,4,0.824502590718581,7.268132893228364,0.1019373477311131,6.110665356789487,0.0478368310143783,14.91081994031533,0.3299218926942213,11.347115579822688
Dataset_3772,single_output,Ultimate Compression Strength (MPa),elasticnet,7,0,0.7368117300797046,8.288558775782874,0.1279098576509703,6.768626723556323,0.5908480839644057,12.181099379274395,0.1924344293724233,8.765899785597046
Dataset_3772,single_output,Ultimate Compression Strength (MPa),elasticnet,7,1,0.6802686275700307,9.381230714522811,0.1315740633172905,7.322608434167299,0.7540890684829995,8.189048373012502,0.19451421313568892,6.876825668120274
Dataset_3772,single_output,Ultimate Compression Strength (MPa),elasticnet,7,2,0.7037856245204781,9.034975082843756,0.1267177430973879,7.20402885905599,0.5958831485917189,9.8827133159876,0.2053550818906515,7.663234404146509
Dataset_3772,single_output,Ultimate Compression Strength (MPa),elasticnet,7,3,0.6715544039879116,9.793046913809773,0.1520659458666114,7.929701901169846,0.8595837669598465,5.779086518019194,0.11093361201687675,4.08169013031837
Dataset_3772,single_output,Ultimate Compression Strength (MPa),elasticnet,7,4,0.7812834929548241,8.512307537300302,0.11938720248668025,6.648190495761338,-0.10979622311048542,11.3691623640955,0.3015692934773343,10.392556528633017
Dataset_3772,single_output,Ultimate Compression Strength (MPa),elasticnet,2024,0,0.663290426625954,9.58743436990873,0.14887320450168837,7.414616350312427,0.825528168065705,7.3533834943734115,0.12296627917012394,6.489761012034149
Dataset_3772,single_output,Ultimate Compression Strength (MPa),elasticnet,2024,1,0.7045441494483617,9.105977395809328,0.1277135679636652,7.199671571554297,0.7139489586506254,9.662241401517635,0.1894557137552478,7.7779030528658035
Dataset_3772,single_output,Ultimate Compression Strength (MPa),elasticnet,2024,2,0.7385948405653512,8.824668316780414,0.12376813908527931,6.848384611715375,0.5297587731967657,10.2059472244684,0.24242154927478388,8.634210167089792
Dataset_3772,single_output,Ultimate Compression Strength (MPa),elasticnet,2024,3,0.739863429450506,8.417363397296795,0.1298975832916172,7.09119359450184,0.31449205746720676,12.267969474291837,0.25399522721101114,7.174688519007901
Dataset_3772,single_output,Ultimate Compression Strength (MPa),elasticnet,2024,4,0.7305351290512102,9.188406853286462,0.12886966133641603,7.402745175344569,0.5654988868679689,9.129267257424477,0.1984623316831408,7.0058342378872
Dataset_3772,single_output,Ultimate Compression Strength (MPa),elasticnet,99,0,0.7499378104505627,9.481338681142788,0.1329781021198147,7.791804443527725,-0.477959522854966,7.934801552252051,0.3778476929643834,5.639161020645684
Dataset_3772,single_output,Ultimate Compression Strength (MPa),elasticnet,99,1,0.672759574905065,9.821864539087438,0.1377540608567663,7.861818055675737,0.8979124923281179,5.230426427776151,0.10896721724533648,4.343626262008327
Dataset_3772,single_output,Ultimate Compression Strength (MPa),elasticnet,99,2,0.805706172162298,7.673781297910474,0.10762666616985238,6.131551405410293,-0.11870430115978792,15.082627947520955,0.3366658024000212,11.448541204715942
Dataset_3772,single_output,Ultimate Compression Strength (MPa),elasticnet,99,3,0.6756271590991871,8.461873476686263,0.1336788858876187,6.547669601130031,0.6670778244606075,12.980159193915966,0.2003110986715427,11.553439063188103
Dataset_3772,single_output,Ultimate Compression Strength (MPa),elasticnet,99,4,0.7087203391487918,8.830605171330784,0.1362747711625121,6.817969541345215,0.6620137854466206,11.303618501343758,0.19658466958858714,10.99917838601175
Dataset_3772,single_output,Ultimate Compression Strength (MPa),svr_rbf,42,0,0.21348636529735954,15.2682254184447,0.21414060895434364,11.680509741357858,0.03341107787609099,15.60091636560642,0.33335291379500886,13.888666205733724
Dataset_3772,single_output,Ultimate Compression Strength (MPa),svr_rbf,42,1,0.20698410316489357,13.670241855646072,0.24067327210644493,11.064618996435634,0.13161031360308717,20.935870076670035,0.2936307163628336,17.162835167655352
Dataset_3772,single_output,Ultimate Compression Strength (MPa),svr_rbf,42,2,0.23592309176150228,16.08213729671434,0.2255559228150679,12.759876478383077,0.03901838460406515,8.958094451895287,0.3445420943036649,8.218198670708757
Dataset_3772,single_output,Ultimate Compression Strength (MPa),svr_rbf,42,3,0.19968844588363655,15.719609564376299,0.22047138238956943,12.593224594286362,0.05611819102984694,13.397741964380819,0.3038381214282984,11.876380479812793
Dataset_3772,single_output,Ultimate Compression Strength (MPa),svr_rbf,42,4,0.20478655854432093,14.568534030922304,0.20432726551083177,11.497458480224028,0.20043285703959624,17.51317633121198,0.3433956143374899,15.276568847783137
Dataset_3772,single_output,Ultimate Compression Strength (MPa),svr_rbf,123,0,0.1997123332471139,15.29810080807641,0.21455961862659761,11.817468254591676,0.10706009638103386,15.63636386791728,0.2752880962661493,13.445483348527064
Dataset_3772,single_output,Ultimate Compression Strength (MPa),svr_rbf,123,1,0.21057754174530885,14.596653075860635,0.22665610366243225,11.737201353650025,0.09732742704981989,17.72478503335104,0.29640108751423144,15.069212583238512
Dataset_3772,single_output,Ultimate Compression Strength (MPa),svr_rbf,123,2,0.22098570769263037,15.41865488550358,0.21625041915152288,12.030307840051886,-0.10890414357229927,14.556393213671976,0.34493822781213224,12.668714189700328
Dataset_3772,single_output,Ultimate Compression Strength (MPa),svr_rbf,123,3,0.21866552870374556,14.63870786003458,0.22590598549436083,11.971934819502021,-0.00047007797150744324,17.5090898373431,0.2819499168654283,14.252376165400658
Dataset_3772,single_output,Ultimate Compression Strength (MPa),svr_rbf,123,4,0.24230927918437684,15.101966027021763,0.21180878018263344,11.979559035877092,0.061517491475266306,14.803313205298572,0.32754316197142547,11.812988683949998
Dataset_3772,single_output,Ultimate Compression Strength (MPa),svr_rbf,7,0,0.19935845519559525,14.456555161809781,0.22309498706496578,11.40038038833362,0.14220184915166711,17.637488540641264,0.278633310278693,14.854323882747998
Dataset_3772,single_output,Ultimate Compression Strength (MPa),svr_rbf,7,1,0.2120339926095539,14.72722534557654,0.20655295014833858,11.5113619547672,-0.20452331763639586,18.12391951462122,0.43049690058482715,15.435920496885883
Dataset_3772,single_output,Ultimate Compression Strength (MPa),svr_rbf,7,2,0.22552746715139027,14.609215771217734,0.20489783690347455,11.644043704583009,-0.1969891033457718,17.008570535072778,0.35342484228722665,15.043294502605937
Dataset_3772,single_output,Ultimate Compression Strength (MPa),svr_rbf,7,3,0.20951614743653113,15.192617888290677,0.23591021565668757,12.17356747392719,-0.10502205495543349,16.211978172682134,0.31120027205455675,12.113416274680374
Dataset_3772,single_output,Ultimate Compression Strength (MPa),svr_rbf,7,4,0.2651815290918904,15.602584998228357,0.21883008412662494,12.869756465756856,0.14671259985658947,9.969066978637473,0.2644314848444954,7.839766549696601
Dataset_3772,single_output,Ultimate Compression Strength (MPa),svr_rbf,2024,0,0.21681841281699776,14.621970590345775,0.22704923276934436,11.744909593476056,-0.04113527462881961,17.962969640035688,0.30038410769290447,13.859733423813333
Dataset_3772,single_output,Ultimate Compression Strength (MPa),svr_rbf,2024,1,0.20509615414000892,14.936112286491356,0.20948264076425466,11.671768447144151,0.16605903226750096,16.49771404786457,0.3234845891738152,14.388244913075638
Dataset_3772,single_output,Ultimate Compression Strength (MPa),svr_rbf,2024,2,0.23400033066558534,15.106213017320766,0.21186834526396586,12.068724127957909,-0.003881174193952175,14.9119391338647,0.35420282978300954,12.024775718851503
Dataset_3772,single_output,Ultimate Compression Strength (MPa),svr_rbf,2024,3,0.23593080079889972,14.425860171821938,0.22262129894786942,11.696729625189162,-0.502634032790864,18.163228710092405,0.37605028385284484,15.279530411872383
Dataset_3772,single_output,Ultimate Compression Strength (MPa),svr_rbf,2024,4,0.21881008519809264,15.644707687670765,0.21942086518472323,12.54365916320664,0.13259259922035083,12.898880998126684,0.28041045648101487,9.867385956677115
Dataset_3772,single_output,Ultimate Compression Strength (MPa),svr_rbf,99,0,0.2516403338455798,16.40215198112885,0.23004420730896002,14.1351497052247,0.29584734107300226,5.476942876303359,0.2608068036334933,4.661850438663922
Dataset_3772,single_output,Ultimate Compression Strength (MPa),svr_rbf,99,1,0.1906254434285405,15.446683214345624,0.2166435233428559,12.276280778867902,0.2110592737155209,14.540287198844863,0.30292264997593465,12.613969358496197
Dataset_3772,single_output,Ultimate Compression Strength (MPa),svr_rbf,99,2,0.2721663482504536,14.852377572484068,0.2083082408483039,11.825867905264294,-0.09900766409403894,14.94926101526571,0.3336888619478952,13.249677267013416
Dataset_3772,single_output,Ultimate Compression Strength (MPa),svr_rbf,99,3,0.21153442382279875,13.19275975153011,0.20841642577456732,10.391810207696459,-0.007514112863911793,22.58053492673423,0.34846504516565174,20.069226954710025
Dataset_3772,single_output,Ultimate Compression Strength (MPa),svr_rbf,99,4,0.1875171507416009,14.748317832330503,0.2275974974125078,11.22662708897558,0.15862861188903132,17.83453817030655,0.3101658812227227,16.36089584447203
Dataset_3772,single_output,Ultimate Compression Strength (MPa),gpr,42,0,0.9879277061572167,1.891604481155872,0.02653021712701083,1.5795149646337971,0.8646601747237456,5.837703157180904,0.12473724694830989,4.315053433260957
Dataset_3772,single_output,Ultimate Compression Strength (MPa),gpr,42,1,0.9999999999942333,3.686390111413279e-05,6.49012343558676e-07,2.8177907950066583e-05,0.933030206767743,5.813975068869832,0.08154242733337773,4.9151150105983055
Dataset_3772,single_output,Ultimate Compression Strength (MPa),gpr,42,2,0.9805189307204845,2.567920790780622,0.036015719365787124,1.9481113517207689,0.16782258843540654,8.336160337057956,0.320621551425306,5.969909970481203
Dataset_3772,single_output,Ultimate Compression Strength (MPa),gpr,42,3,0.9942468547583381,1.332799682854014,0.01869284267677439,1.083912121233173,0.8840259207205207,4.696272272407446,0.10650350997635664,3.676973273443031
Dataset_3772,single_output,Ultimate Compression Strength (MPa),gpr,42,4,0.9741529295301157,2.626513637268076,0.0368374984189071,2.0120028771333396,0.8187600188871565,8.338049229338163,0.16349116135957187,6.166745079300617
Dataset_3772,single_output,Ultimate Compression Strength (MPa),gpr,123,0,0.999999999993447,4.377565607173886e-05,6.139643207817512e-07,3.0413467615833918e-05,0.7823966187669946,7.718936572832374,0.1358967706484573,5.808237855312358
Dataset_3772,single_output,Ultimate Compression Strength (MPa),gpr,123,1,0.9756589546207357,2.5631154021935267,0.03979992860548955,1.937747985096321,0.8585990279396642,7.0152322049445806,0.11731157533352142,4.609625160575135
Dataset_3772,single_output,Ultimate Compression Strength (MPa),gpr,123,2,0.999999999992752,4.703067756213656e-05,6.596167961028971e-07,3.494122746480084e-05,0.9344956080795976,3.537870934371221,0.08383580413201948,3.2515658794993363
Dataset_3772,single_output,Ultimate Compression Strength (MPa),gpr,123,3,0.9982867213110623,0.6854854763253435,0.010578479572921969,0.5374080002712414,0.7814710777470478,8.183064622157396,0.13177237716839604,7.28335027239571
Dataset_3772,single_output,Ultimate Compression Strength (MPa),gpr,123,4,0.9936624817221856,1.3811699379516498,0.01937124737660098,1.0020920646040834,0.4762368618240148,11.05893490291661,0.24469376928679304,8.224018822893884
Dataset_3772,single_output,Ultimate Compression Strength (MPa),gpr,7,0,0.9666374131722496,2.9510435279841727,0.04554079518494094,2.169218312234804,0.7757964035885843,9.017070788670491,0.14244977549242482,6.639076305529088
Dataset_3772,single_output,Ultimate Compression Strength (MPa),gpr,7,1,0.9999999999814647,7.142780379879291e-05,1.0017924796464645e-06,5.493510356449531e-05,0.7527380906677059,8.211511932298851,0.19504778936576847,7.396446101303837
Dataset_3772,single_output,Ultimate Compression Strength (MPa),gpr,7,2,0.9918179384468805,1.5016034751589347,0.021060357295356727,1.2055849426479215,0.6777283563487776,8.825387108949585,0.18338466719895247,6.824254328985333
Dataset_3772,single_output,Ultimate Compression Strength (MPa),gpr,7,3,0.9999999999927094,4.61390438729661e-05,7.164447806361197e-07,3.7498919319769527e-05,0.878137560470179,5.383757270146637,0.10334499030898621,4.794898249595109
Dataset_3772,single_output,Ultimate Compression Strength (MPa),gpr,7,4,0.9733958198261159,2.9688035804334643,0.041638198884059806,2.3006768543134006,0.48791084672798013,7.722886210970409,0.20485109312918864,5.167097394822093
Dataset_3772,single_output,Ultimate Compression Strength (MPa),gpr,2024,0,0.9999429150827231,0.12483471089388588,0.0019384271877932594,0.09833776061399949,0.814090125212498,7.590594379572806,0.12693301638081617,5.927891624113707
Dataset_3772,single_output,Ultimate Compression Strength (MPa),gpr,2024,1,0.9616401752087366,3.2810932866076685,0.04601813866209914,2.6457882456984416,0.9000142342379744,5.7124867492653655,0.11200954410324249,5.262681639814986
Dataset_3772,single_output,Ultimate Compression Strength (MPa),gpr,2024,2,0.9869387898048451,1.972572720376502,0.027665816555070156,1.5496739975808969,0.5977543282913765,9.43927539896676,0.2242108170775953,7.252271113942746
Dataset_3772,single_output,Ultimate Compression Strength (MPa),gpr,2024,3,0.9999999295435081,0.004380623004970357,6.760220686682649e-05,0.0033984348061638597,0.5064029294510084,10.41004790201794,0.2155289420707648,8.032794301057475
Dataset_3772,single_output,Ultimate Compression Strength (MPa),gpr,2024,4,0.9961834693549355,1.0935119062493155,0.015336772878672028,0.8802112521020364,0.6617427197580362,8.054972290285626,0.17510809326707882,6.060473890608579
Dataset_3772,single_output,Ultimate Compression Strength (MPa),gpr,99,0,0.996269514464864,1.1580527057240375,0.01624197343231469,0.9133567310610771,-1.7277911285433674,10.779791374416643,0.5133233987817449,7.747126964721801
Dataset_3772,single_output,Ultimate Compression Strength (MPa),gpr,99,1,0.999999999992619,4.6646449746187775e-05,6.542279066786505e-07,3.716673215788448e-05,0.8857414828427655,5.533438516348701,0.11527996909059794,4.6566489979289845
Dataset_3772,single_output,Ultimate Compression Strength (MPa),gpr,99,2,0.9999999999733875,8.980967214497537e-05,1.2596026948804401e-06,7.695857391060348e-05,0.44625075674783365,10.611479443965747,0.23686338044566393,9.458179151983874
Dataset_3772,single_output,Ultimate Compression Strength (MPa),gpr,99,3,0.9201241755114105,4.199058858327585,0.06633584294356375,3.4858796828284686,0.9239480841072125,6.203884967222617,0.09573896554355892,5.473846509456152
Dataset_3772,single_output,Ultimate Compression Strength (MPa),gpr,99,4,0.9533731247691726,3.5330805824414018,0.05452284849446608,2.6802037433565626,0.8018304903190382,8.655385498007162,0.15052844344360286,7.725169494418572
Dataset_3772,single_output,Ultimate Compression Strength (MPa),random_forest,42,0,0.8724449286047087,6.148714107082291,0.08623722450325794,5.1120391130695,0.8937580950414502,5.1722216342709775,0.11051755628784138,4.700444882605851
Dataset_3772,single_output,Ultimate Compression Strength (MPa),random_forest,42,1,0.8459987719919829,6.024171727464687,0.10605936139902618,5.102539091551775,0.8285829298244362,9.301665551623698,0.13045814237901399,8.041156268896353
Dataset_3772,single_output,Ultimate Compression Strength (MPa),random_forest,42,2,0.9101189605886115,5.515809660604019,0.07736058430019661,4.540446965571125,-0.943408127964585,12.73913984044235,0.48996691694009037,9.178392816515517
Dataset_3772,single_output,Ultimate Compression Strength (MPa),random_forest,42,3,0.8709644997336898,6.311997476524289,0.08852731383624529,5.432726352399168,0.3772547306723465,10.882483557263566,0.2467963160735586,10.33178360131932
Dataset_3772,single_output,Ultimate Compression Strength (MPa),random_forest,42,4,0.8816363089010355,5.620607344833349,0.07883039754324474,4.206129445874991,0.7496826846678926,9.79902570660645,0.1921377589530677,8.820936986016582
Dataset_3772,single_output,Ultimate Compression Strength (MPa),random_forest,123,0,0.8453921397206376,6.724039271587787,0.09430630114428874,5.366176383456167,0.716108751777083,8.816590195530067,0.15522165837200821,7.160805447255308
Dataset_3772,single_output,Ultimate Compression Strength (MPa),random_forest,123,1,0.8648982372340367,6.038499784978553,0.09376552461146823,4.678829192126511,0.7228684398130856,9.821070908107034,0.16423195498506746,8.836173634473989
Dataset_3772,single_output,Ultimate Compression Strength (MPa),random_forest,123,2,0.8674991678926348,6.358915849489274,0.0891853555328089,5.392821766349851,0.7625254775070749,6.736204871829957,0.15962570786326918,5.761430625300627
Dataset_3772,single_output,Ultimate Compression Strength (MPa),random_forest,123,3,0.8668218529005067,6.043669897729174,0.09326651076742554,5.119319579622161,0.8032434611358449,7.7647254815521976,0.12503583706203214,6.750134364220439
Dataset_3772,single_output,Ultimate Compression Strength (MPa),random_forest,123,4,0.9230899619272988,4.811483688424821,0.06748223966935234,3.845751941935788,0.252573200202204,13.21083199482359,0.29230737902032505,11.276360152116414
Dataset_3772,single_output,Ultimate Compression Strength (MPa),random_forest,7,0,0.8777721683827898,5.648469791892568,0.0871677437020458,4.811870266246614,0.5790720131575176,12.355152004970176,0.19518407590790168,9.062291003938178
Dataset_3772,single_output,Ultimate Compression Strength (MPa),random_forest,7,1,0.8621735771616384,6.159329434427922,0.08638610707472541,5.021178474316237,0.6682226773638498,9.511912972623874,0.22593617512170724,9.21511004638224
Dataset_3772,single_output,Ultimate Compression Strength (MPa),random_forest,7,2,0.8556169963833001,6.3078583130499455,0.08846926105259391,4.985239461652633,0.7579666684433418,7.648218846603465,0.15892402798137073,6.307212107125644
Dataset_3772,single_output,Ultimate Compression Strength (MPa),random_forest,7,3,0.8665283763325884,6.2428167268840316,0.09693814793298187,5.257651048767629,0.7480023172573851,7.741922346187718,0.14861162004391434,6.091609909898295
Dataset_3772,single_output,Ultimate Compression Strength (MPa),random_forest,7,4,0.9149165773265209,5.309198963644749,0.07446281856444249,4.222477825566818,0.5099607119154217,7.554788274942045,0.20039226193480233,6.443396917474018
Dataset_3772,single_output,Ultimate Compression Strength (MPa),random_forest,2024,0,0.8604619876573893,6.171929235085615,0.09583741048269591,5.222638758739579,0.719127577324286,9.32994547097925,0.15601915503309785,8.573713810350457
Dataset_3772,single_output,Ultimate Compression Strength (MPa),random_forest,2024,1,0.87482107437445,5.927149488479278,0.08312972634613294,4.698726173268,0.7576676500650196,8.893276886682095,0.1743779781702372,8.09247820054284
Dataset_3772,single_output,Ultimate Compression Strength (MPa),random_forest,2024,2,0.8910419146565899,5.69732566599223,0.0799063908273805,4.417201085837842,0.2671424008021902,12.740977980004631,0.30263605653217657,11.601942115457335
Dataset_3772,single_output,Ultimate Compression Strength (MPa),random_forest,2024,3,0.8913801244305177,5.439137305810864,0.08393730410201951,4.543125293057847,0.13177757436618154,13.80644733963732,0.28584777100698383,11.28369674981103
Dataset_3772,single_output,Ultimate Compression Strength (MPa),random_forest,2024,4,0.8753967076663004,6.248185258632149,0.0876323318181227,5.2328532972997674,0.8364941064527285,5.600246974986544,0.12174449945622923,4.964488135865447
Dataset_3772,single_output,Ultimate Compression Strength (MPa),random_forest,99,0,0.9120498275013416,5.622947041542987,0.07886321236385677,4.650582874407356,-1.9355466683792093,11.182767460380921,0.5325127362086153,10.238050604332031
Dataset_3772,single_output,Ultimate Compression Strength (MPa),random_forest,99,1,0.869218349666311,6.209174607771047,0.08708519786495157,4.952783743842354,0.779332209100869,7.68989253491097,0.16020609447731188,6.104068065003771
Dataset_3772,single_output,Ultimate Compression Strength (MPa),random_forest,99,2,0.8980303437313665,5.559239610369051,0.07796970000517603,4.585641835286358,0.0982774143943127,13.541159015025201,0.302258013728241,10.446788661840774
Dataset_3772,single_output,Ultimate Compression Strength (MPa),random_forest,99,3,0.8476302754232977,5.799541045474304,0.09161992172945188,4.800043976920273,0.7619323161042229,10.976373592757433,0.1693884813697135,10.311006247165574
Dataset_3772,single_output,Ultimate Compression Strength (MPa),random_forest,99,4,0.8743064249716719,5.800853887532048,0.08951935011623531,4.794859108075834,0.7307489898516845,10.088966238300934,0.17546028240523368,9.132924843159524
Dataset_3772,single_output,Ultimate Compression Strength (MPa),extra_trees,42,0,0.8778263018014578,6.017613569437399,0.08439850728523703,4.990119260204102,0.7340537112055372,8.1832565927258,0.17485591010097856,7.095197817460161
Dataset_3772,single_output,Ultimate Compression Strength (MPa),extra_trees,42,1,0.8575924186784086,5.792977033994833,0.10198903228864144,5.021709291187758,0.8259416879857843,9.373052937108925,0.13145936798189237,8.13243333333344
Dataset_3772,single_output,Ultimate Compression Strength (MPa),extra_trees,42,2,0.9169952516309596,5.300620315801167,0.07434250092287752,4.467244827586202,-1.5114713851980377,14.481788975437203,0.5569918836706617,11.200742063492303
Dataset_3772,single_output,Ultimate Compression Strength (MPa),extra_trees,42,3,0.8783239830108164,6.129353990806094,0.08596569412070258,5.3517854406130265,0.21692253583275334,12.203240320020008,0.2767488449942172,11.140431349206457
Dataset_3772,single_output,Ultimate Compression Strength (MPa),extra_trees,42,4,0.8866062606451951,5.501340616381254,0.07715765240366416,4.142036704980879,0.75191339577677,9.75526582422659,0.1912797220436587,8.956211666666544
Dataset_3772,single_output,Ultimate Compression Strength (MPa),extra_trees,123,0,0.8317088464184657,7.015281460941307,0.09839104433297767,5.591667828798142,0.49280549946746177,11.78452061777713,0.20747395453832976,9.653989335317384
Dataset_3772,single_output,Ultimate Compression Strength (MPa),extra_trees,123,1,0.8891941577108163,5.468646828698895,0.08491687622203255,4.434747044334984,0.797226751631432,8.400810388596582,0.14048177907352144,7.25147517006793
Dataset_3772,single_output,Ultimate Compression Strength (MPa),extra_trees,123,2,0.8642125734732131,6.437297102974324,0.09028467185097229,5.5994233716475055,0.7937078974589387,6.278386921773023,0.1487769412742423,5.637339285714388
Dataset_3772,single_output,Ultimate Compression Strength (MPa),extra_trees,123,3,0.867136911672896,6.036516927326587,0.09315612542170659,5.201686446360154,0.8320712085442715,7.173384336357135,0.11551343536806978,6.3822194444444245
Dataset_3772,single_output,Ultimate Compression Strength (MPa),extra_trees,123,4,0.9325829101357804,4.504768790743659,0.06318048794871893,3.52948323754794,0.4142924967967003,11.694623119021871,0.258759223786301,10.661595238095376
Dataset_3772,single_output,Ultimate Compression Strength (MPa),extra_trees,7,0,0.8893820370859756,5.373516479338265,0.08292463702682508,4.4483140873016085,0.6680426079695062,10.971989005013766,0.17333315963686835,8.147066666666664
Dataset_3772,single_output,Ultimate Compression Strength (MPa),extra_trees,7,1,0.8815926864348952,5.708952831757002,0.08006946468102387,4.856291570881317,0.6195322865383378,10.18599416938086,0.24194760497341714,9.54689246031759
Dataset_3772,single_output,Ultimate Compression Strength (MPa),extra_trees,7,2,0.8759056935455368,5.84789843949785,0.08201821093264867,4.896812681992389,0.757198824442118,7.660341120427047,0.15917591938549713,7.1848719047619864
Dataset_3772,single_output,Ultimate Compression Strength (MPa),extra_trees,7,3,0.872264388857265,6.107199522056849,0.09483229071516848,5.151827298850598,0.6224402501263295,9.476399958127066,0.18190613222242186,8.595821428571563
Dataset_3772,single_output,Ultimate Compression Strength (MPa),extra_trees,7,4,0.9108697848540797,5.433992095460057,0.07621307286760248,4.556414789272079,0.3683537705671457,8.577165725829694,0.22751102721033678,7.337447222222339
Dataset_3772,single_output,Ultimate Compression Strength (MPa),extra_trees,2024,0,0.8996977324830848,5.2327507349773255,0.08125389340026903,4.349410019841366,0.696594215230768,9.696979640567683,0.1621568501767171,8.837379166666596
Dataset_3772,single_output,Ultimate Compression Strength (MPa),extra_trees,2024,1,0.8741162819937099,5.943811823119854,0.08336341967910034,4.945269827586167,0.6564799772358055,10.588444024607082,0.2076165495020997,9.5001281746031
Dataset_3772,single_output,Ultimate Compression Strength (MPa),extra_trees,2024,2,0.891210908196097,5.692905687218552,0.07984439954023215,4.7249959770115275,0.3414837839192403,12.077476590304602,0.2868759285107982,11.36795238095244
Dataset_3772,single_output,Ultimate Compression Strength (MPa),extra_trees,2024,3,0.9089546566998885,4.97971216661594,0.07684740997864105,4.332409482758593,0.3505085769374289,11.941342401616684,0.24723276193823363,9.438006349206617
Dataset_3772,single_output,Ultimate Compression Strength (MPa),extra_trees,2024,4,0.890655497525994,5.853122526114252,0.0820914800296529,5.087458908046034,0.7700276753656311,6.641684815150093,0.1443844525032629,5.899730555555526
Dataset_3772,single_output,Ultimate Compression Strength (MPa),extra_trees,99,0,0.9230525534460085,5.259479319182587,0.07376548834758187,4.583684047619053,-2.411470999172026,12.055233907507906,0.5740587575003765,10.801512638889024
Dataset_3772,single_output,Ultimate Compression Strength (MPa),extra_trees,99,1,0.8911359438474364,5.665036623843077,0.07945352908615817,4.68985420087576,0.7040569736733344,8.905429138973682,0.18552977372861837,7.131846712018098
Dataset_3772,single_output,Ultimate Compression Strength (MPa),extra_trees,99,2,0.8924373924542924,5.70966432292267,0.08007944351925203,4.68341273946366,-0.4326438651935878,17.06822999854931,0.3809872767533327,14.409876190475956
Dataset_3772,single_output,Ultimate Compression Strength (MPa),extra_trees,99,3,0.8468605042271908,5.814172217863533,0.09185106189357872,4.844986340996212,0.7259618606996472,11.776443746809537,0.18173524300632002,10.804824444444492
Dataset_3772,single_output,Ultimate Compression Strength (MPa),extra_trees,99,4,0.8758919224733,5.7641518238227825,0.08895296024417874,4.768269157088226,0.5734699876786395,12.69821849732896,0.2208385825622428,12.1387063492064
Dataset_3772,single_output,Ultimate Compression Strength (MPa),gradient_boosting,42,0,0.9164786876468454,4.975469750059585,0.06978218443281325,3.7519614644978625,0.9172526754329019,4.564636328406745,0.09753496428219538,3.941650299185106
Dataset_3772,single_output,Ultimate Compression Strength (MPa),gradient_boosting,42,1,0.8765756466856862,5.393065336782138,0.09494833339405173,4.204291754676617,0.9297792708837389,5.953417686725799,0.08349814427385413,5.530137693433294
Dataset_3772,single_output,Ultimate Compression Strength (MPa),gradient_boosting,42,2,0.9534257503431629,3.9705270722545123,0.05568761672166216,3.2011608387929997,0.0007367884739341024,9.134779047022482,0.35133765565471087,6.239176110363027
Dataset_3772,single_output,Ultimate Compression Strength (MPa),gradient_boosting,42,3,0.9106132368791549,5.2535009733156794,0.07368164057946255,4.04845105118769,0.39657594972159327,10.712334093298919,0.24293761409000839,9.480507503359382
Dataset_3772,single_output,Ultimate Compression Strength (MPa),gradient_boosting,42,4,0.9519928785465003,3.579536784008696,0.05020388196365633,2.849025587186661,0.8438745788202812,7.738811392406876,0.15174139985111526,5.5220682608994265
Dataset_3772,single_output,Ultimate Compression Strength (MPa),gradient_boosting,123,0,0.887882278519163,5.726003221223767,0.08030860057817345,4.458048980496504,0.8448992976086256,6.516757116985581,0.11473163938354897,5.666694362447039
Dataset_3772,single_output,Ultimate Compression Strength (MPa),gradient_boosting,123,1,0.8807896245621856,5.67225276173625,0.0880784590331716,4.727695152478348,0.8318821901499567,7.649317985139603,0.1279150164739064,6.478335911463097
Dataset_3772,single_output,Ultimate Compression Strength (MPa),gradient_boosting,123,2,0.9248912059728814,4.787614453289459,0.06714746778807096,3.4311254446064576,0.9207492248783462,3.8914238372150662,0.09221383500509638,3.311082378488661
Dataset_3772,single_output,Ultimate Compression Strength (MPa),gradient_boosting,123,3,0.9724845421018481,2.747088326904986,0.042393338378163364,2.308788532296872,0.732453238397908,9.054435267779066,0.14580411059225548,7.658275506489681
Dataset_3772,single_output,Ultimate Compression Strength (MPa),gradient_boosting,123,4,0.9485960574968583,3.933559458477763,0.055169136865045765,2.4952920597915265,0.3433670906940218,12.382466427076253,0.2739786796565163,9.034142018275743
Dataset_3772,single_output,Ultimate Compression Strength (MPa),gradient_boosting,7,0,0.9210863960849562,4.538597773160547,0.07004008909198375,3.643626009286031,0.7210869257994403,10.057235692995485,0.15888208045806454,8.521948901830248
Dataset_3772,single_output,Ultimate Compression Strength (MPa),gradient_boosting,7,1,0.9231330575580194,4.599779295198793,0.06451303359325096,3.6445219736433767,0.7102656293536074,8.888828518361239,0.2111360693197444,8.181465308639615
Dataset_3772,single_output,Ultimate Compression Strength (MPa),gradient_boosting,7,2,0.8896982226146569,5.513344737917792,0.07732601315452724,4.341512464971848,0.8808441527053604,5.3663673245722405,0.11150893141968295,5.012876377506449
Dataset_3772,single_output,Ultimate Compression Strength (MPa),gradient_boosting,7,3,0.8868813019459797,5.7471603242850335,0.0892416199423142,3.9025524743847093,0.9550148993421784,3.271032698954374,0.06278976291303145,2.7846483504684523
Dataset_3772,single_output,Ultimate Compression Strength (MPa),gradient_boosting,7,4,0.9741106953975849,2.9286449077300163,0.041074963642777226,2.2328119427318236,0.40743077572738784,8.307615607668888,0.22036115670209258,4.5590827425339295
Dataset_3772,single_output,Ultimate Compression Strength (MPa),gradient_boosting,2024,0,0.8774357036953944,5.784377922234118,0.08981953295394594,4.872849477142602,0.7599550840405761,8.625232516480578,0.1442346574662304,7.557433614802127
Dataset_3772,single_output,Ultimate Compression Strength (MPa),gradient_boosting,2024,1,0.9398046747141957,4.110187684547297,0.057646391087619875,3.1386458007730336,0.9240249542985658,4.979567251857676,0.09763857356583681,4.4033468924491235
Dataset_3772,single_output,Ultimate Compression Strength (MPa),gradient_boosting,2024,2,0.9581029021199938,3.5329157765766976,0.04955001089167879,2.650105179305801,0.3883270636876519,11.639989808635384,0.2764843184949023,8.751245841358099
Dataset_3772,single_output,Ultimate Compression Strength (MPa),gradient_boosting,2024,3,0.9635887705034257,3.1491477986909673,0.04859795985634209,2.419803957927716,0.5704291666249709,9.711444539715838,0.20106510434194283,8.13743307307092
Dataset_3772,single_output,Ultimate Compression Strength (MPa),gradient_boosting,2024,4,0.9153711210346857,5.149302826405914,0.07222023599447285,4.124230232376316,0.7692416760368055,6.653025107695439,0.14463098060207474,5.973863902036539
Dataset_3772,single_output,Ultimate Compression Strength (MPa),gradient_boosting,99,0,0.9491155632727089,4.2769889786596424,0.0599858201775546,3.34292495804806,-0.5037574633535493,8.003753365694198,0.3811311126521047,5.0523105128442225
Dataset_3772,single_output,Ultimate Compression Strength (MPa),gradient_boosting,99,1,0.9110445024049221,5.12090669341313,0.0718219732596512,3.5519425009999863,0.8970931319777276,5.25137433480662,0.10940363197513792,4.405573364199024
Dataset_3772,single_output,Ultimate Compression Strength (MPa),gradient_boosting,99,2,0.9594918669571625,3.503894563742126,0.04914298125865535,2.717757740053175,0.3334726761460507,11.642020055853493,0.25986651910387254,8.887675994360364
Dataset_3772,single_output,Ultimate Compression Strength (MPa),gradient_boosting,99,3,0.8971304649771845,4.765271764398369,0.07528075457185417,3.806949467707861,0.9139158591141775,6.600399636193013,0.10185801907705268,5.462542941700131
Dataset_3772,single_output,Ultimate Compression Strength (MPa),gradient_boosting,99,4,0.9049832023961745,5.043541302611095,0.07783242750943048,3.7285233729373637,0.7109812819828369,10.45276010360993,0.18178713223669446,8.795196237150828
Dataset_3772,single_output,Ultimate Compression Strength (MPa),xgboost,42,0,0.9750033484628953,2.721926246262845,0.03817568367830077,2.2179495239257814,0.7383158982775855,8.11741727026547,0.17344908697148437,6.322423934936523
Dataset_3772,single_output,Ultimate Compression Strength (MPa),xgboost,42,1,0.9470080598404524,3.5337853158174286,0.06221453020805332,2.643598580195987,0.9679225254791896,4.023775763730767,0.05643444268907107,2.5103496006556947
Dataset_3772,single_output,Ultimate Compression Strength (MPa),xgboost,42,2,0.98118057990144,2.523936048594789,0.03539882256093673,2.0037600708007814,0.06398758288436468,8.84094935352189,0.3400365135969957,6.41616603306362
Dataset_3772,single_output,Ultimate Compression Strength (MPa),xgboost,42,3,0.9612217599734661,3.4602402919402486,0.048530719382051175,2.4687805175781254,0.7007104280360945,7.544293812462037,0.17109182021685082,5.628976266043525
Dataset_3772,single_output,Ultimate Compression Strength (MPa),xgboost,42,4,0.974164948274331,2.625902909136612,0.03682893280696511,2.000390088311558,0.8085811907818317,8.568992366380055,0.16801945816431485,5.83404606410435
Dataset_3772,single_output,Ultimate Compression Strength (MPa),xgboost,123,0,0.953692815537739,3.6799222630185735,0.051611812945562045,2.561452146257674,0.9308257198634992,4.352081070496652,0.07662114560733543,3.574857711791994
Dataset_3772,single_output,Ultimate Compression Strength (MPa),xgboost,123,1,0.9554132432423089,3.468977546590906,0.053866110971908486,2.6513839826912715,0.8718488105445669,6.678472992466815,0.11168015037569924,4.657265799386159
Dataset_3772,single_output,Ultimate Compression Strength (MPa),xgboost,123,2,0.9561911844882646,3.6564069897164093,0.051282005465868294,2.4948058661099144,0.9288106240300368,3.6881991940147145,0.08739808516622549,3.098417009626112
Dataset_3772,single_output,Ultimate Compression Strength (MPa),xgboost,123,3,0.9770818883699047,2.507111600894335,0.03868999384096196,2.0678644745925387,0.7465747878643259,8.812242265788532,0.14190406225102303,7.28517063685826
Dataset_3772,single_output,Ultimate Compression Strength (MPa),xgboost,123,4,0.9886797105592572,1.8459344298884477,0.025889683448645832,1.4167260005556297,0.5453736892855472,10.303223475331523,0.2279726402330241,6.631357421875005
Dataset_3772,single_output,Ultimate Compression Strength (MPa),xgboost,7,0,0.9784733162978524,2.370469226637952,0.03658131522589432,1.8711623164585665,0.7709991139111746,9.113029437037897,0.14396570990581195,7.8593126296997085
Dataset_3772,single_output,Ultimate Compression Strength (MPa),xgboost,7,1,0.9691633230808807,2.9134057710636108,0.04086123101070983,2.198747263941273,0.8434787788545604,6.533277915689618,0.15518474859120235,4.8504542759486595
Dataset_3772,single_output,Ultimate Compression Strength (MPa),xgboost,7,2,0.9554144268338546,3.5052667280756866,0.04916222620022001,2.687835388183594,0.7815174802743636,7.266596826662355,0.15099421977480224,6.435768563406804
Dataset_3772,single_output,Ultimate Compression Strength (MPa),xgboost,7,3,0.9544137903954184,3.6484034274455017,0.056652227134246926,2.7522852404364224,0.9657368295665328,2.8547252117460187,0.05479844921289987,2.2362987409319226
Dataset_3772,single_output,Ultimate Compression Strength (MPa),xgboost,7,4,0.9796260423286454,2.598030377059031,0.03643801370349273,1.9554284878434804,0.42156125949274104,8.207965709146153,0.21771792331952666,4.493710763113837
Dataset_3772,single_output,Ultimate Compression Strength (MPa),xgboost,2024,0,0.9629699445784096,3.179448924932702,0.04937032492131525,2.3995773969377803,0.8118811475718308,7.635556863058786,0.127684897375565,5.9023254394531275
Dataset_3772,single_output,Ultimate Compression Strength (MPa),xgboost,2024,1,0.9553841509603712,3.538546050050877,0.049628976859058586,2.5237303740402743,0.9490896476197828,4.076234577598148,0.079926168188199,3.89237191336495
Dataset_3772,single_output,Ultimate Compression Strength (MPa),xgboost,2024,2,0.9800857671477947,2.4356961177507586,0.03416123587308217,1.775987233129041,0.6140922792842218,9.24559150174907,0.2196102494477214,6.524982997349326
Dataset_3772,single_output,Ultimate Compression Strength (MPa),xgboost,2024,3,0.9773984136929471,2.481103221086008,0.03828862995503099,1.8382731470568445,0.6383231759849785,8.911006928705449,0.184492897074647,7.299464896065849
Dataset_3772,single_output,Ultimate Compression Strength (MPa),xgboost,2024,4,0.961598069029608,3.4686914544073653,0.04864924900992097,2.505017626532193,0.8295340397703506,5.71819957679426,0.12430868645204912,4.564480154854912
Dataset_3772,single_output,Ultimate Compression Strength (MPa),xgboost,99,0,0.9875954546153315,2.1117187285128596,0.029617373471428607,1.54082139151437,-2.1130882903350625,11.515969831858438,0.5483795158027828,7.7813991546630845
Dataset_3772,single_output,Ultimate Compression Strength (MPa),xgboost,99,1,0.9587200460565359,3.488430445014746,0.04892609319796278,2.4471282432819232,0.9422898527783428,3.9325738598186395,0.081928622079555,3.504284711565288
Dataset_3772,single_output,Ultimate Compression Strength (MPa),xgboost,99,2,0.9730592540325295,2.8574900303276562,0.04007699902282828,2.193592581913389,0.41510241456400665,10.905843933998515,0.24343401638389536,7.848734392438615
Dataset_3772,single_output,Ultimate Compression Strength (MPa),xgboost,99,3,0.9422093600616268,3.571684071520662,0.05642470887078455,2.4363258203966875,0.9491363964077032,5.073553213972669,0.07829557428970169,4.278426470075331
Dataset_3772,single_output,Ultimate Compression Strength (MPa),xgboost,99,4,0.9725112553571382,2.712769166729691,0.04186372170879153,2.1819058753704215,0.7921201219060504,8.864907835457162,0.15417231018186373,7.876889256068637
Dataset_3772,single_output,Ultimate Compression Strength (MPa),ann,42,0,0.7757532895917307,8.15264394858935,0.11434283237853227,6.886312677038482,0.7196169929593648,8.402432774688839,0.17953916185232557,6.540007013121112
Dataset_3772,single_output,Ultimate Compression Strength (MPa),ann,42,1,0.7026058422413695,8.371465039718256,0.14738494788236367,6.881437774595607,0.6973299311738732,12.359998665068522,0.17335201493784744,11.225273106274821
Dataset_3772,single_output,Ultimate Compression Strength (MPa),ann,42,2,0.7339083059051079,9.490539200141464,0.13310714165696305,7.734358481073892,-0.0907534180774674,9.543801301690186,0.3670692808342379,8.170977023810147
Dataset_3772,single_output,Ultimate Compression Strength (MPa),ann,42,3,0.8914374007799711,5.789650236422803,0.0812012655879776,4.463185060307032,0.6381611068239272,8.29526805033682,0.18812264543228982,6.18007150034179
Dataset_3772,single_output,Ultimate Compression Strength (MPa),ann,42,4,0.7350623909020164,8.409028085601534,0.11793868282751101,7.09313708247392,0.5666715244532008,12.892764958286792,0.25279931290758423,10.774418378505917
Dataset_3772,single_output,Ultimate Compression Strength (MPa),ann,123,0,0.6608285510974704,9.959191877614943,0.13968011048548307,8.291677602001345,0.5971931701068096,10.50202542812835,0.18489481387549914,9.379605088740915
Dataset_3772,single_output,Ultimate Compression Strength (MPa),ann,123,1,0.715384130415446,8.7645193312754,0.1360950206719783,7.311207897059216,0.7424066658172856,9.468543168282748,0.15833684227897574,7.602007169230736
Dataset_3772,single_output,Ultimate Compression Strength (MPa),ann,123,2,0.6751596709513241,9.956546946420849,0.13964301467630924,8.225977745597497,0.4630622283301773,10.129050902542536,0.24002490290385164,8.591701403941856
Dataset_3772,single_output,Ultimate Compression Strength (MPa),ann,123,3,0.8985010180286849,5.276125221647678,0.0814216855192543,4.411937178663314,0.7097600295906985,9.430617477243054,0.15186179512468684,7.724741144999007
Dataset_3772,single_output,Ultimate Compression Strength (MPa),ann,123,4,0.5820927921573036,11.215727150360253,0.15730332609200917,9.249085641362266,0.34862515957006535,12.332789716778183,0.272879515804363,10.941502562516487
Dataset_3772,single_output,Ultimate Compression Strength (MPa),ann,7,0,0.6943361835827906,8.932391970706925,0.13784555510350194,7.1541580060671475,0.5978614727574074,12.076248280512019,0.19077801391014249,10.501472943842334
Dataset_3772,single_output,Ultimate Compression Strength (MPa),ann,7,1,0.8114442956380875,7.204221028124674,0.10104096813639094,5.933729756626952,0.717540210303404,8.776529860287733,0.20846864276217894,8.331186827325402
Dataset_3772,single_output,Ultimate Compression Strength (MPa),ann,7,2,0.7473178457482803,8.344708664825777,0.1170365871644569,6.85389511794929,0.6232382824823974,9.54236667972309,0.1982829439942461,7.851452242826137
Dataset_3772,single_output,Ultimate Compression Strength (MPa),ann,7,3,0.7611314549234001,8.35152134985206,0.1296820085380755,6.957491946325832,0.7477639822095181,7.745582569044278,0.14868188058439924,6.1378877447812386
Dataset_3772,single_output,Ultimate Compression Strength (MPa),ann,7,4,0.618539599335109,11.241680944575238,0.15766733442602018,9.49377104136958,0.16625868958044054,9.854225761008427,0.2613852987004889,8.430660249751854
Dataset_3772,single_output,Ultimate Compression Strength (MPa),ann,2024,0,0.7666227207036538,7.981857279506092,0.1239418832221443,6.304956551569118,0.5981686824197461,11.159543927762,0.1866144469525418,9.672940388915686
Dataset_3772,single_output,Ultimate Compression Strength (MPa),ann,2024,1,0.6504933592054537,9.903939683945778,0.13890518490807544,8.084400332906093,0.6512719159343248,10.668407082028008,0.20918445258878451,8.633418499788533
Dataset_3772,single_output,Ultimate Compression Strength (MPa),ann,2024,2,0.7663564199506016,8.342923080708815,0.11701154390895954,7.126636939264261,0.557792354485394,9.897057441404613,0.23508449979583407,7.6462874019308185
Dataset_3772,single_output,Ultimate Compression Strength (MPa),ann,2024,3,0.7211784473222922,8.714421106468377,0.13448180719858607,7.135214007787853,0.4554803277382862,10.933852940976799,0.2263737668939296,8.504434039522817
Dataset_3772,single_output,Ultimate Compression Strength (MPa),ann,2024,4,0.7226802091941995,9.32136622126801,0.1307344491061432,7.729027377896266,0.5959969166476158,8.803042818230901,0.19137049604849785,7.5646844896761865
Dataset_3772,single_output,Ultimate Compression Strength (MPa),ann,99,0,0.8265903808879047,7.8955472632068835,0.11073698826377117,6.591320008125509,-1.5232181542352383,10.367694698939642,0.4936997475685544,7.574655401426593
Dataset_3772,single_output,Ultimate Compression Strength (MPa),ann,99,1,0.7115041338539998,9.22210926151279,0.12934234588376986,7.773511386848109,0.9053582244119869,5.0360755511251085,0.10491824064843976,3.9370570172038493
Dataset_3772,single_output,Ultimate Compression Strength (MPa),ann,99,2,0.8046672842285952,7.69426977779737,0.10791402212899537,6.437989742099574,0.38717458270641913,11.163175411884541,0.24917802258670846,7.881921719678425
Dataset_3772,single_output,Ultimate Compression Strength (MPa),ann,99,3,0.5922151617427632,9.487675498663588,0.14988428907841372,7.950911278082448,0.4371115807480842,16.877954575899924,0.26046226197376426,15.411917890889415
Dataset_3772,single_output,Ultimate Compression Strength (MPa),ann,99,4,0.7239394360104678,8.596814834055735,0.13266689558727987,6.693569892333645,0.5006465309486527,13.739534967517532,0.23894843421769627,13.448387375583719
Dataset_3772,single_output,Ultimate Compression Strength (MPa),lightgbm,42,0,0.9513876316204418,3.795848105983927,0.05323770134619814,2.906909497294987,0.779491507085357,7.451468372544035,0.1592194096697443,4.549299290916636
Dataset_3772,single_output,Ultimate Compression Strength (MPa),lightgbm,42,1,0.9190951957859863,4.3663888288178425,0.07687304276087752,2.41046444741438,0.9315728450497216,5.876894950579987,0.08242489411753139,5.445763575963034
Dataset_3772,single_output,Ultimate Compression Strength (MPa),lightgbm,42,2,0.9722114966473662,3.0669578441577916,0.043014836523952195,2.474322284942682,-0.5461560507644803,11.362784228184001,0.4370301626224616,7.923846652959968
Dataset_3772,single_output,Ultimate Compression Strength (MPa),lightgbm,42,3,0.9310139569039411,4.615224477671995,0.06472965606833092,3.0596085776090733,0.8750395855911132,4.874824997580465,0.11055278370746037,3.9558352415324043
Dataset_3772,single_output,Ultimate Compression Strength (MPa),lightgbm,42,4,0.9622339817135079,3.174860123941469,0.04452819248164753,2.4190778671352406,0.7214595238025647,10.336692756845093,0.20268025013421756,7.326245540926637
Dataset_3772,single_output,Ultimate Compression Strength (MPa),lightgbm,123,0,0.924607252127692,4.695471865420237,0.06585514537756294,2.9618052420937695,0.9135425397402703,4.86548221594906,0.08565989816811725,4.519611617241651
Dataset_3772,single_output,Ultimate Compression Strength (MPa),lightgbm,123,1,0.9202162231995633,4.640404538818399,0.07205597109966459,3.0466087592961,0.9442670463450635,4.404249190359898,0.07364965201270732,3.6839799430172633
Dataset_3772,single_output,Ultimate Compression Strength (MPa),lightgbm,123,2,0.930615108889872,4.601572092766284,0.06453817801916248,3.0231530439529783,0.914085558324726,4.051724072065872,0.09601241876933347,3.199004819827859
Dataset_3772,single_output,Ultimate Compression Strength (MPa),lightgbm,123,3,0.97169555852599,2.786195240139827,0.04299684012561462,2.3754006905061584,0.638516586666638,10.524602597826426,0.16947830270251893,8.468199671577812
Dataset_3772,single_output,Ultimate Compression Strength (MPa),lightgbm,123,4,0.9868275614842822,1.9912261850467923,0.027927435975410832,1.5311766532976658,0.37006128147977035,12.128161960712616,0.268351852211807,8.697415852148216
Dataset_3772,single_output,Ultimate Compression Strength (MPa),lightgbm,7,0,0.9740952295208632,2.6003728992291513,0.040129211407857274,2.1196403505723103,0.674307885081386,10.867954559642719,0.1716896454919861,8.869125894721005
Dataset_3772,single_output,Ultimate Compression Strength (MPa),lightgbm,7,1,0.9515541334735204,3.6517038973071663,0.05121604344049322,2.598600187645823,0.7333271447114684,8.527739484386402,0.20255913264575778,6.435088845686518
Dataset_3772,single_output,Ultimate Compression Strength (MPa),lightgbm,7,2,0.9212494225210921,4.658550064329789,0.06533730805511626,3.117210626278265,0.9636040455372966,2.9658506211158766,0.061628064854355895,2.3388043526293103
Dataset_3772,single_output,Ultimate Compression Strength (MPa),lightgbm,7,3,0.9320048617236222,4.455793382582735,0.06918933823886235,2.6168155683112047,0.906521751846104,4.715261899118485,0.09051275360626712,3.8363487309963853
Dataset_3772,single_output,Ultimate Compression Strength (MPa),lightgbm,7,4,0.9655554453639256,3.378055742883758,0.04737806091001063,2.639009247792353,0.14009261379239746,10.007663339958421,0.26545526100685474,6.657531617734948
Dataset_3772,single_output,Ultimate Compression Strength (MPa),lightgbm,2024,0,0.9473285667161425,3.7919468379227395,0.05888116207954565,2.8236675364070707,0.7752738446087417,8.34548087731137,0.13955653640988913,6.113924560354514
Dataset_3772,single_output,Ultimate Compression Strength (MPa),lightgbm,2024,1,0.9212431114193196,4.7013712366619105,0.06593788550717967,3.035268973430363,0.9516542990150982,3.972236044805948,0.07788698127070488,3.0040572002234853
Dataset_3772,single_output,Ultimate Compression Strength (MPa),lightgbm,2024,2,0.9617901664707151,3.3738742078156614,0.047319413854357104,2.7011139821968295,0.5498631939903209,9.985394554202637,0.23718276850837622,6.442261150026853
Dataset_3772,single_output,Ultimate Compression Strength (MPa),lightgbm,2024,3,0.9718677792206715,2.7680719875336957,0.04271716030144592,2.0691150481112093,0.5396457936438772,10.053389273521695,0.20814470545593572,7.420431641378989
Dataset_3772,single_output,Ultimate Compression Strength (MPa),lightgbm,2024,4,0.9313020017292515,4.639393187494847,0.06506862815560796,3.080906491341036,0.9287890983937627,3.6958447243723174,0.08034445052983298,3.237360383952457
Dataset_3772,single_output,Ultimate Compression Strength (MPa),lightgbm,99,0,0.9780846333724086,2.806855244147634,0.03936683371876065,2.3112825893170132,-2.573619412207232,12.338402933930634,0.5875429968538397,8.298335640021236
Dataset_3772,single_output,Ultimate Compression Strength (MPa),lightgbm,99,1,0.9271771986541479,4.633339854134951,0.0649837286694944,3.126115024442609,0.9635711618246219,3.1244491231348968,0.06509269006531035,2.3639248460896414
Dataset_3772,single_output,Ultimate Compression Strength (MPa),lightgbm,99,2,0.9790457598937837,2.520088969482584,0.03534486633215405,1.953951989950972,0.3910715708683389,11.127625203747364,0.24838449115507502,9.004360132052492
Dataset_3772,single_output,Ultimate Compression Strength (MPa),lightgbm,99,3,0.9045202332860683,4.590922482567446,0.07252642152555208,2.872143912918898,0.9142785969807133,6.58647870751203,0.1016431899307412,5.748428508360332
Dataset_3772,single_output,Ultimate Compression Strength (MPa),lightgbm,99,4,0.9490827457141942,3.692052562444169,0.05697611979080508,2.69086757125975,0.8130244910297346,8.407373860137039,0.1462151975676007,6.213074065968103
Dataset_3772,single_output,Elongation (%),linear_regression,42,0,0.33507021830130646,2.8860789816600785,0.2055611810299201,2.2900104530652095,-1.1887969374913911,2.9477998306942115,0.4211142615277445,2.40052980322645
Dataset_3772,single_output,Elongation (%),linear_regression,42,1,0.11452711556841333,2.6499458719056546,0.22082882265880457,2.1412036224590847,0.19670504639772735,3.9489115753379727,0.3164191967418247,3.1553326420936787
Dataset_3772,single_output,Elongation (%),linear_regression,42,2,0.29400960689502276,2.849001166468645,0.20292031100204022,2.225221608923505,-0.1355645686435889,2.815720169050608,0.33520478202983434,2.3419367208269812
Dataset_3772,single_output,Elongation (%),linear_regression,42,3,0.1929095440173988,3.0251263243575015,0.21546483791720095,2.4170447601284413,0.4951518194954825,1.9672580749873871,0.23759155495016754,1.851599728324062
Dataset_3772,single_output,Elongation (%),linear_regression,42,4,0.37024227429657197,2.495385809839374,0.19995078604482164,1.9060550777820022,-0.3822254911166718,4.167129970072427,0.4134057509992487,3.188638320832091
Dataset_3772,single_output,Elongation (%),linear_regression,123,0,0.17935313506266137,2.878543225808773,0.22418560948666455,2.2910716837344687,0.30818472483244974,2.9362076701467514,0.24468397251222931,2.331500110072016
Dataset_3772,single_output,Elongation (%),linear_regression,123,1,0.22433408059468551,2.875831177283927,0.2048312804333281,2.3688538259602665,0.12067955435193556,2.862103146575954,0.30975142278960544,2.197744029703991
Dataset_3772,single_output,Elongation (%),linear_regression,123,2,0.34539985228716885,2.6969777414339466,0.19209243172606455,2.179019964739717,-0.3867368554829922,3.4529294796895553,0.38884340987494986,2.2470264741003665
Dataset_3772,single_output,Elongation (%),linear_regression,123,3,0.25282825623286254,2.939868679797005,0.2093923561108978,2.3677679780454524,-0.5879200136410947,2.4883482411906255,0.4231884763929636,1.8495018908674787
Dataset_3772,single_output,Elongation (%),linear_regression,123,4,0.28245008013763373,2.629017361064048,0.1921796316567287,1.9267463724927079,0.0858833787943265,3.6599438338063957,0.31770345779569403,3.3355290632678
Dataset_3772,single_output,Elongation (%),linear_regression,7,0,0.24751661898026822,2.9684138142309346,0.21142548534408365,2.2808872496632686,0.10319155138484981,2.503144340212819,0.27090306712259954,1.8575837251931955
Dataset_3772,single_output,Elongation (%),linear_regression,7,1,0.2650872520184836,2.5192133585318386,0.18415302328449115,2.067548748025533,-0.05211105857146725,4.222980685324355,0.38671984297842077,3.543435257359782
Dataset_3772,single_output,Elongation (%),linear_regression,7,2,0.18753294245119467,2.9569484967363873,0.23029193899816097,2.46094520512417,0.33661930949937013,2.403108817038788,0.2503238351082071,1.9409428252153262
Dataset_3772,single_output,Elongation (%),linear_regression,7,3,0.31895863680914205,2.5456970035145554,0.18131745039277458,2.014098369831905,0.02638241196744051,3.8756324730088076,0.3105474737987827,3.002638131989527
Dataset_3772,single_output,Elongation (%),linear_regression,7,4,0.28601678236284866,2.9959074526919736,0.2133837217017075,2.3195731641149204,-0.6482998671464943,2.137712288691474,0.3915223971962406,1.9398893628934748
Dataset_3772,single_output,Elongation (%),linear_regression,2024,0,0.25937477329907976,2.843254256800944,0.20251098695163416,2.2652607485999288,0.05748175226183949,2.99371105405621,0.29699514425160817,2.5993010878372784
Dataset_3772,single_output,Elongation (%),linear_regression,2024,1,0.17618040832856519,3.001076162625296,0.23372867310165854,2.40526555003953,0.5055837399831022,2.128916058747182,0.22176208945283146,1.7795987970467855
Dataset_3772,single_output,Elongation (%),linear_regression,2024,2,0.4222663613118709,2.2848982531533095,0.16702472610769808,1.7668276112692187,-0.3061135337183669,4.512944804731083,0.35147545208186,3.915495064609818
Dataset_3772,single_output,Elongation (%),linear_regression,2024,3,0.2016912832523129,2.8567416319248538,0.2034716262054739,2.2808887792165753,0.3126864846351155,2.770536492056084,0.26537705862606176,2.375499212100604
Dataset_3772,single_output,Elongation (%),linear_regression,2024,4,0.2253022665384231,3.0489476404428886,0.21716151285205756,2.4196024460473713,0.20507973629317422,1.7973927904480531,0.2899020629754925,1.422268482485213
Dataset_3772,single_output,Elongation (%),linear_regression,99,0,0.2700336939408341,3.03630594337216,0.21626110707778914,2.38885947575935,-0.2448306419830808,2.01588791655051,0.3968283300296278,1.8121217020836844
Dataset_3772,single_output,Elongation (%),linear_regression,99,1,0.3105045546763753,2.6777527440629547,0.19072312991901386,2.142569816113377,-0.4470767314841009,3.5445739533076943,0.3692264534695515,2.507861972153699
Dataset_3772,single_output,Elongation (%),linear_regression,99,2,0.39273171285455066,2.7205244018802626,0.193769544293466,2.0501292027409987,-2.2508564515506495,3.669673962428478,0.611612327071413,2.739723054593381
Dataset_3772,single_output,Elongation (%),linear_regression,99,3,0.11541837336999994,2.5112149883938844,0.2325199063327671,1.9920700502358866,0.03491854128866234,4.436167119046135,0.31596631902037997,3.6450066914601416
Dataset_3772,single_output,Elongation (%),linear_regression,99,4,0.20401383408281903,2.9052583358161415,0.20692723189573656,2.3489230281398448,0.20345829448692854,2.8558737463169015,0.27355112512614005,2.2770922287273616
Dataset_3772,single_output,Elongation (%),ridge,42,0,0.33464559103139235,2.8870003663544863,0.20562680672040498,2.299625703298023,-1.1072806369917552,2.8923872715902457,0.4131981816557494,2.37448036589896
Dataset_3772,single_output,Elongation (%),ridge,42,1,0.11438860829952524,2.6501531184627516,0.22084609320522933,2.1438160962651605,0.18587007645534703,3.9754541458421953,0.3185460052758169,3.1795074122167617
Dataset_3772,single_output,Elongation (%),ridge,42,2,0.2937619719107938,2.8495007841049733,0.202955896303773,2.235555256227973,-0.12586574591859345,2.8036698931015476,0.3337702253692319,2.334911441789642
Dataset_3772,single_output,Elongation (%),ridge,42,3,0.1927053976268701,3.0255088896376643,0.2154920861565288,2.423890645545533,0.4874348671360672,1.982236500889189,0.23940054358565085,1.8643678035678428
Dataset_3772,single_output,Elongation (%),ridge,42,4,0.36971559821297395,2.4964290565536507,0.20003437953154252,1.9223459055582313,-0.3583188016117749,4.130935872015879,0.40981506666824197,3.179268493388857
Dataset_3772,single_output,Elongation (%),ridge,123,0,0.17917872912619404,2.8788490871833816,0.22420943046599542,2.295509170715448,0.3022903227831354,2.9486896723403966,0.24572413936169976,2.3394321090896177
Dataset_3772,single_output,Elongation (%),ridge,123,1,0.22407680544801079,2.876308069801845,0.20486524713688353,2.3735991228699174,0.12269751049162303,2.8588171340280635,0.30939579372598097,2.1732675153348846
Dataset_3772,single_output,Elongation (%),ridge,123,2,0.3450112444414972,2.697778162279977,0.1921494417578331,2.188640726899527,-0.3612567091477159,3.42106004121019,0.38525450914529163,2.259067657597863
Dataset_3772,single_output,Elongation (%),ridge,123,3,0.25246260292045164,2.940587953005311,0.20944358639638966,2.3732729048118664,-0.5442211095703628,2.453870222356702,0.4173248677477385,1.8694182745741978
Dataset_3772,single_output,Elongation (%),ridge,123,4,0.28210521603354277,2.6296490556545282,0.19222580816188076,1.936239331475328,0.08876421308824212,3.654172134834915,0.31720244225997524,3.3330524782649293
Dataset_3772,single_output,Elongation (%),ridge,7,0,0.24721004762608478,2.969018437532328,0.2114685496817897,2.291993213685584,0.11862670601047276,2.48150978098347,0.2685616646086007,1.8464127913449695
Dataset_3772,single_output,Elongation (%),ridge,7,1,0.2647940241982988,2.519715887419352,0.18418975785229183,2.07132724653194,-0.05047314364617894,4.219692260035641,0.3864187051314689,3.536634637326261
Dataset_3772,single_output,Elongation (%),ridge,7,2,0.18732696904528845,2.957323289874792,0.23032112849492145,2.462853048642277,0.32996754749498414,2.415126831251605,0.2515757115887089,1.9627298473893173
Dataset_3772,single_output,Elongation (%),ridge,7,3,0.31857861581319347,2.5464071537680892,0.18136803089516304,2.0230319674378556,0.03307613991599789,3.862286795544829,0.3094781086173741,3.01512748640821
Dataset_3772,single_output,Elongation (%),ridge,7,4,0.2856944252605088,2.996583689218933,0.21343188669650517,2.334907697176277,-0.5987405864074267,2.1053298213044345,0.3855915423634495,1.910787550345819
Dataset_3772,single_output,Elongation (%),ridge,2024,0,0.2589776027587597,2.8440165218672755,0.20256527933527602,2.278031797980503,0.07325619784699655,2.96855324158822,0.2944993295226409,2.5886895183795904
Dataset_3772,single_output,Elongation (%),ridge,2024,1,0.17597218009817195,3.001455413921343,0.23375820980695813,2.413715787698385,0.4920273149903649,2.157905119117811,0.22478178324143866,1.7967858542160893
Dataset_3772,single_output,Elongation (%),ridge,2024,2,0.42183140118341034,2.2857582105651386,0.1670875884916037,1.78055409613246,-0.2925351678979369,4.489425214021668,0.3496437082571392,3.903686892148745
Dataset_3772,single_output,Elongation (%),ridge,2024,3,0.2014308170925435,2.8572076319966535,0.20350481709377874,2.2899579348534824,0.3068761859007766,2.782222401360367,0.2664963985977364,2.401323052290331
Dataset_3772,single_output,Elongation (%),ridge,2024,4,0.22512086327006597,3.0493045904306615,0.21718693664036048,2.4244005243677935,0.19492020333248483,1.8088421751099542,0.2917487379209604,1.4344029377430814
Dataset_3772,single_output,Elongation (%),ridge,99,0,0.2697723682291303,3.0368493888731574,0.21629981402230464,2.400772611764368,-0.23024164566205596,2.0040403377516585,0.3944961294786728,1.8114535307653195
Dataset_3772,single_output,Elongation (%),ridge,99,1,0.31007534869350883,2.678586055365376,0.19078248257588146,2.1560152594778046,-0.4275151623940818,3.5205346782115896,0.36672236231370725,2.5280067761863143
Dataset_3772,single_output,Elongation (%),ridge,99,2,0.39236412256717057,2.7213476682012745,0.19382818149581726,2.06730590217862,-2.137590375838156,3.605177949944765,0.6008629916574608,2.7006740708211265
Dataset_3772,single_output,Elongation (%),ridge,99,3,0.11528577867532908,2.5114031910977066,0.23253733250904693,1.9978522081815124,0.023711893339025236,4.461849444443909,0.3177955444760619,3.6618110677580975
Dataset_3772,single_output,Elongation (%),ridge,99,4,0.20378723230193507,2.9056718416619485,0.20695668387905614,2.3503960096461802,0.20148963670150832,2.859400723299441,0.2738889581704446,2.288230611228627
Dataset_3772,single_output,Elongation (%),elasticnet,42,0,0.33242758517261595,2.891808372421737,0.20596925729499552,2.3219984328722,-0.998239516252126,2.816560114664862,0.40236573066640885,2.33818338556714
Dataset_3772,single_output,Elongation (%),elasticnet,42,1,0.11234392558329642,2.653210666204387,0.2211008888503656,2.1495220508817505,0.15307394926044138,4.0547364906270715,0.3248987572617846,3.2493646092508106
Dataset_3772,single_output,Elongation (%),elasticnet,42,2,0.29208768629087234,2.8528764547369843,0.20319632868497037,2.2505995800454164,-0.11738131557846043,2.7930858039748134,0.3325102147589064,2.3443635379777206
Dataset_3772,single_output,Elongation (%),elasticnet,42,3,0.19101491335292098,3.0286749584360435,0.2157175896321968,2.436650255036866,0.4593684687200621,2.035783662134232,0.2458675920451971,1.9104650001830392
Dataset_3772,single_output,Elongation (%),elasticnet,42,4,0.3666200123132227,2.5025520425095396,0.2005250034062131,1.9447697199068614,-0.325384632057075,4.0805486713265084,0.40481633644112186,3.1759622176232685
Dataset_3772,single_output,Elongation (%),elasticnet,123,0,0.17751554170405692,2.88176424226281,0.2244364674659509,2.309329663738283,0.285981311488376,2.9829535101801024,0.24857945918167523,2.3623923980443964
Dataset_3772,single_output,Elongation (%),elasticnet,123,1,0.22210152406263184,2.8799668768454474,0.20512584592916291,2.3884741091179893,0.1158208337914649,2.8699995867199912,0.310606015878787,2.133958165428542
Dataset_3772,single_output,Elongation (%),elasticnet,123,2,0.3426620795871811,2.7026117210686786,0.19249371232682896,2.204399787536043,-0.32134636928894755,3.370536368237019,0.3795649063329976,2.277570635739507
Dataset_3772,single_output,Elongation (%),elasticnet,123,3,0.25007718364682996,2.945275978117541,0.20977749131891316,2.39490876732176,-0.4787123332871379,2.401257285751564,0.40837708941353135,1.9048415512911725
Dataset_3772,single_output,Elongation (%),elasticnet,123,4,0.27974507809600657,2.633968102154481,0.19254152793526913,1.9518206948092087,0.08388726599723584,3.6639376769588323,0.318050145569343,3.3501551318369427
Dataset_3772,single_output,Elongation (%),elasticnet,7,0,0.24531378392374725,2.9727555363359586,0.21173472481025343,2.306436978445355,0.12256025036583629,2.4759661344148087,0.2679617028587456,1.8566770493465814
Dataset_3772,single_output,Elongation (%),elasticnet,7,1,0.2623497468755318,2.5239009553572695,0.18449568387114545,2.0825824055262756,-0.05610073153460804,4.230980016511167,0.38745238246439256,3.5411954777279084
Dataset_3772,single_output,Elongation (%),elasticnet,7,2,0.1855819774221461,2.9604966061722346,0.23056827150874099,2.470937394920571,0.30525251249383334,2.4592660605439742,0.25617354797333064,2.0123960118418567
Dataset_3772,single_output,Elongation (%),elasticnet,7,3,0.3160824843813316,2.5510667937949996,0.18169991408796293,2.0381596040223324,0.03810003263067352,3.8522399939352945,0.308673076437123,3.0369619959586442
Dataset_3772,single_output,Elongation (%),elasticnet,7,4,0.2836286927555236,3.000913538811736,0.21374028054214642,2.363283481024791,-0.5116211021816335,2.047163902209312,0.37493844362807904,1.8607061987190838
Dataset_3772,single_output,Elongation (%),elasticnet,2024,0,0.2565516087770181,2.848668155329945,0.20289659225996756,2.3023265460774285,0.09403040146001573,2.9350926140833895,0.2911798228257331,2.577720383353503
Dataset_3772,single_output,Elongation (%),elasticnet,2024,1,0.1741056373427068,3.00485285741792,0.23402280821011834,2.428662751860625,0.45574831755221956,2.2336342250841397,0.2326702317795979,1.843125665457341
Dataset_3772,single_output,Elongation (%),elasticnet,2024,2,0.41904709177545907,2.291255408393513,0.1674894304381223,1.8035251622401067,-0.27088806840438995,4.451672516749569,0.34670346703657073,3.888062459742297
Dataset_3772,single_output,Elongation (%),elasticnet,2024,3,0.19930522889256563,2.8610076852463284,0.2037754761571459,2.3087966703018896,0.2930532267193119,2.809828357043572,0.26914064722639586,2.45322340776841
Dataset_3772,single_output,Elongation (%),elasticnet,2024,4,0.2236333342595891,3.052230049393127,0.21739530266332813,2.4330765129940644,0.17094220880100497,1.8355812544313457,0.2960614926502171,1.4548620555749516
Dataset_3772,single_output,Elongation (%),elasticnet,99,0,0.2680887526382333,3.0403482590032382,0.21654902129652692,2.424610942684636,-0.20702919818010246,1.9850439856553221,0.3907566900896302,1.8167545158800331
Dataset_3772,single_output,Elongation (%),elasticnet,99,1,0.30740744302934164,2.6837600404541098,0.19115100003234398,2.1788670295059918,-0.3996649833840029,3.4860235003568856,0.3631274479538423,2.5569591475278286
Dataset_3772,single_output,Elongation (%),elasticnet,99,2,0.39037781598586785,2.725791958543252,0.1941447263919695,2.093479036666723,-1.9999292923718408,3.525202694318923,0.5875337823864871,2.660632811573779
Dataset_3772,single_output,Elongation (%),elasticnet,99,3,0.11312596252303375,2.5144668147126756,0.2328210013622848,2.0109803749329607,-0.01805417819757671,4.556289994290614,0.3245220793654283,3.7233131174434244
Dataset_3772,single_output,Elongation (%),elasticnet,99,4,0.2018525056007624,2.90919996267474,0.2072079745494829,2.361137706980291,0.19226406226730997,2.875871302972393,0.2754665999015703,2.321263696854579
Dataset_3772,single_output,Elongation (%),svr_rbf,42,0,0.5085499584500446,2.4811899163915005,0.17672292851791313,1.7871523075433267,0.4646924084591576,1.4577966725223186,0.20825666750318836,1.2192333737317325
Dataset_3772,single_output,Elongation (%),svr_rbf,42,1,0.3984116309727851,2.184233609286414,0.18201946744053454,1.4528696818170141,-0.005369109240812353,4.417765489193677,0.3539876193264164,3.2829326916101462
Dataset_3772,single_output,Elongation (%),svr_rbf,42,2,0.4740069675048286,2.459139847266589,0.17515241077397356,1.5774458108277802,0.2604499755773714,2.2723088130670925,0.27051295393655866,1.9630624531241645
Dataset_3772,single_output,Elongation (%),svr_rbf,42,3,0.38195387151292726,2.6472371818507123,0.1885496568269738,1.7914202451699002,0.4836106863366719,1.989617362006711,0.24029195193317768,1.4841903970490196
Dataset_3772,single_output,Elongation (%),svr_rbf,42,4,0.46640251875743666,2.296983283323618,0.18405314770221295,1.4913596698435758,0.14342581117502962,3.2804248177764155,0.32543897001750155,2.713256051421784
Dataset_3772,single_output,Elongation (%),svr_rbf,123,0,0.4090616416234124,2.442675006759805,0.19023948650777295,1.5291662239692325,0.20215183712468,3.153202193759842,0.26276684947998685,2.4311207487668147
Dataset_3772,single_output,Elongation (%),svr_rbf,123,1,0.4626840446836432,2.3935411648621865,0.17048013994744918,1.6732976045517969,-0.1181491326658819,3.22746514713126,0.34929276484104554,2.065024110583909
Dataset_3772,single_output,Elongation (%),svr_rbf,123,2,0.3836639316596713,2.616966146076082,0.18639360014786907,1.8006478531606753,0.42548471536859733,2.222498483768629,0.2502813607847555,1.6514322893740019
Dataset_3772,single_output,Elongation (%),svr_rbf,123,3,0.461277163803846,2.496320851807093,0.17780063047059066,1.7580399475353827,0.4463574747433098,1.4693036871583949,0.24988157944870665,1.3236658658209222
Dataset_3772,single_output,Elongation (%),svr_rbf,123,4,0.45617015833326446,2.2887529201364876,0.16730650000997718,1.4141832140775703,0.23405048811345386,3.3502227984373842,0.2908179512532451,2.890537674718771
Dataset_3772,single_output,Elongation (%),svr_rbf,7,0,0.4128086575471427,2.622199978528308,0.18676638023705897,1.7242420682923694,0.3994160582908526,2.0484383870498277,0.22169246613093377,1.6082517794543856
Dataset_3772,single_output,Elongation (%),svr_rbf,7,1,0.433908879916607,2.2110075793897503,0.16162336106650224,1.50543916192962,0.08108700457532492,3.9466216966358982,0.3614122432816756,2.8377834682952576
Dataset_3772,single_output,Elongation (%),svr_rbf,7,2,0.43423387390403256,2.4675124376931192,0.19217386586395008,1.6633667497810352,0.3506643464334719,2.37753352037718,0.24765974170595628,1.790492929086526
Dataset_3772,single_output,Elongation (%),svr_rbf,7,3,0.46487774498127854,2.2565578568516136,0.16072349407775025,1.5013802752616747,0.2234265047064038,3.4613033499482793,0.27734802483559934,2.605346557308061
Dataset_3772,single_output,Elongation (%),svr_rbf,7,4,0.4291027685979567,2.6789423012892235,0.19080785621718116,1.744816176363563,-0.25994565344498466,1.8689903038710707,0.342305916459903,1.6851744637535357
Dataset_3772,single_output,Elongation (%),svr_rbf,2024,0,0.4986803729128487,2.339234721939111,0.16661215968227286,1.7017527316301047,0.29300653990919945,2.5928219556977465,0.25722440036683997,1.8923665650891899
Dataset_3772,single_output,Elongation (%),svr_rbf,2024,1,0.3657734100780138,2.6331959729987324,0.20507756799055546,1.732863032082337,0.29758624040281256,2.5375153062205085,0.26432451106463634,1.8834247118816887
Dataset_3772,single_output,Elongation (%),svr_rbf,2024,2,0.4984032752087081,2.1290231515142874,0.15563034733291578,1.3424744380923226,0.1381390591321774,3.665963669805244,0.2855111892371685,3.2048787111169816
Dataset_3772,single_output,Elongation (%),svr_rbf,2024,3,0.3806805920496791,2.5161867623114147,0.17921558136121185,1.6721899534963662,0.4416816371878771,2.4970508633743163,0.23918111718144797,2.1031013372984453
Dataset_3772,single_output,Elongation (%),svr_rbf,2024,4,0.34173542269951585,2.810503084714818,0.20017828238709529,1.78543238712523,-0.253728294476222,2.257266961154188,0.36407531631519163,1.8178527166236262
Dataset_3772,single_output,Elongation (%),svr_rbf,99,0,0.4942005601942948,2.527454200233479,0.18001810542973498,1.734447185331989,0.3103391801857385,1.5004758974887016,0.2953692711591931,1.3444684261124966
Dataset_3772,single_output,Elongation (%),svr_rbf,99,1,0.46507308186429597,2.358587532485974,0.16799056499187848,1.6502605204859164,0.20918598867957672,2.6203266832385204,0.27295069617067924,1.8739201896074378
Dataset_3772,single_output,Elongation (%),svr_rbf,99,2,0.5219079586323379,2.4138933695981692,0.17192972717935678,1.6207450027256127,0.005944697582528469,2.0292420686446233,0.33820701144077053,1.7774768352526722
Dataset_3772,single_output,Elongation (%),svr_rbf,99,3,0.4664779178235694,1.9502538199484907,0.18057905740263805,1.3215680354361374,-0.16921476533794388,4.882846346414784,0.34778107880447173,3.84905868263964
Dataset_3772,single_output,Elongation (%),svr_rbf,99,4,0.3484885375832444,2.6284094894667134,0.18720865309591975,1.6914539304504281,0.09364947634222798,3.0463713282583442,0.2917980199481173,2.293372958886064
Dataset_3772,single_output,Elongation (%),gpr,42,0,0.923711507648564,0.9775744349273732,0.0696278087555109,0.7623603984574595,0.3292927098204843,1.6317806047421561,0.23311151496316515,1.339344120314702
Dataset_3772,single_output,Elongation (%),gpr,42,1,0.9392900822487918,0.6938717275185038,0.057822643959875325,0.542578600034226,0.503468135929301,3.104655748718375,0.24877049268576723,2.544940819293583
Dataset_3772,single_output,Elongation (%),gpr,42,2,0.8934259767846098,1.1069268241375894,0.07884094189014168,0.7932107470689516,0.5169772355015403,1.836400382719917,0.21861909318094253,1.4824166713031848
Dataset_3772,single_output,Elongation (%),gpr,42,3,0.9999999999980326,4.723183120249899e-06,3.3640905414885317e-07,3.786904597473432e-06,0.4630921204285262,2.0287607204825635,0.24501941068629995,1.5316584032855354
Dataset_3772,single_output,Elongation (%),gpr,42,4,0.9620988449354907,0.6121772299680317,0.04905266265769485,0.47713629045161354,0.35238960912691886,2.8523610752390467,0.2829723288927626,2.1999252588695697
Dataset_3772,single_output,Elongation (%),gpr,123,0,0.9994905827775442,0.0717185350419577,0.0055855556886259886,0.05511681479102094,0.4594934591359926,2.5953275224775876,0.216277293539799,1.979795895168315
Dataset_3772,single_output,Elongation (%),gpr,123,1,0.8909475303897414,1.0783103782179086,0.07680273349130402,0.789511694629187,0.41679625617719596,2.330890367199416,0.25226086225101907,1.9694840840953627
Dataset_3772,single_output,Elongation (%),gpr,123,2,0.9103605785942083,0.9980190589728549,0.07108397855932015,0.8253603373420676,0.47692183313874925,2.1206743143785207,0.23881467504262618,1.190267832906122
Dataset_3772,single_output,Elongation (%),gpr,123,3,0.951965293327019,0.7454101175254568,0.053091888712639375,0.5938283574615152,0.34173067257746315,1.6021333384051428,0.2724716561913509,1.1556980765182057
Dataset_3772,single_output,Elongation (%),gpr,123,4,0.9425511132164643,0.7438891128836489,0.054377859128921714,0.5297123402929906,0.44525310606226765,2.851156507026374,0.2474962245682616,2.5705712703777763
Dataset_3772,single_output,Elongation (%),gpr,7,0,0.9315689022698381,0.8951642736535006,0.06375813914910973,0.703688801987732,0.7876151083431623,1.2181418318647579,0.13183353158709504,0.8566182084967204
Dataset_3772,single_output,Elongation (%),gpr,7,1,0.929074614842618,0.7826145387302356,0.05720866511185933,0.604895673249458,0.23087802510441302,3.610654326645299,0.3306460006085438,2.858585824421287
Dataset_3772,single_output,Elongation (%),gpr,7,2,0.9923261230266905,0.28737454446378435,0.022381195051696598,0.22250364483468915,0.5190889980344817,2.046088338699847,0.21313420194790073,1.5103790587971335
Dataset_3772,single_output,Elongation (%),gpr,7,3,0.8956201802935418,0.9966168777835873,0.0709841081042441,0.7928726582216907,0.40505328032593424,3.0296148295597254,0.2427575985224139,2.434081016400092
Dataset_3772,single_output,Elongation (%),gpr,7,4,0.9999999999975945,5.499108870099325e-06,3.9167442094724537e-07,4.209413815583561e-06,-0.7746298181474149,2.218119956562769,0.4062490762935474,1.8960908289815814
Dataset_3772,single_output,Elongation (%),gpr,2024,0,0.8560542780960211,1.253475439243349,0.08927887743898497,0.9667613954811749,0.49089466716706964,2.200233741552638,0.2182771569000633,1.722856006913895
Dataset_3772,single_output,Elongation (%),gpr,2024,1,0.9999999999980511,4.615876709414502e-06,3.59491955561877e-07,3.4370867729267794e-06,0.5138039070492515,2.1111441961580404,0.21991085376646255,1.635305504264742
Dataset_3772,single_output,Elongation (%),gpr,2024,2,0.8161226627205919,1.2890422172583502,0.09422823225572736,0.98247214957673,0.416609338594945,3.016124702620565,0.23490067777418727,2.6721229617107047
Dataset_3772,single_output,Elongation (%),gpr,2024,3,0.9999999999978345,4.70504891298209e-06,3.351174439445933e-07,3.4500586647480163e-06,0.5568021662670871,2.224770654156776,0.21310063737133877,1.978609976993935
Dataset_3772,single_output,Elongation (%),gpr,2024,4,0.9289484132948931,0.923359270984683,0.06576632984221388,0.7108252846069079,0.4312067161275418,1.520402031622714,0.24522613413269584,1.0633531255819475
Dataset_3772,single_output,Elongation (%),gpr,99,0,0.9104952979823127,1.0632050923252918,0.07572685842772733,0.8420700977375465,0.32952828835500714,1.4794540330143633,0.29123110886109504,1.2260974033367995
Dataset_3772,single_output,Elongation (%),gpr,99,1,0.9592074013082428,0.6513215664008443,0.04639042495732509,0.5159325129303826,0.28530715890477953,2.4910243775818306,0.2594817059981074,1.7495022379003171
Dataset_3772,single_output,Elongation (%),gpr,99,2,0.9369856869875646,0.8763587508966274,0.06241871445132673,0.6417349715634192,-0.03378563392499179,2.0693970726685786,0.3448995121114298,1.9579241659802094
Dataset_3772,single_output,Elongation (%),gpr,99,3,0.9568225439783139,0.5548089556822932,0.05137119960021234,0.41535233831955704,0.32361420906673055,3.7138396652177703,0.26451849467363037,3.1784611515358785
Dataset_3772,single_output,Elongation (%),gpr,99,4,0.9156770483148728,0.945594410142619,0.06735002921243725,0.7093493957007106,0.6806349912381278,1.8083330081396847,0.17321197395973995,1.3106420733467494
Dataset_3772,single_output,Elongation (%),random_forest,42,0,0.7984866472827634,1.5888109848501364,0.11316317555912651,1.1870006324561646,0.1832197645135738,1.8007269462306361,0.2572467066043766,1.2747664934139897
Dataset_3772,single_output,Elongation (%),random_forest,42,1,0.7026783017888161,1.535545438393673,0.12796211986613945,1.0923470138992553,0.5922758236809443,2.813345834670509,0.22542835213706003,2.016376115577541
Dataset_3772,single_output,Elongation (%),random_forest,42,2,0.772993985275184,1.615518417728398,0.11506541436811951,1.0897681855500818,0.6930061646891915,1.4640246945789335,0.17428865411653974,1.2739041043083894
Dataset_3772,single_output,Elongation (%),random_forest,42,3,0.8047665294966431,1.4878513595523153,0.1059723190564327,1.1618883345773015,0.6842149273344518,1.5558822897295848,0.18790848909777594,1.1257741874527643
Dataset_3772,single_output,Elongation (%),random_forest,42,4,0.8317725525825524,1.2897317069703134,0.10334388677646741,0.9401879830322942,0.07306265067451889,3.4125010042499326,0.33854176629463617,2.7041520975056708
Dataset_3772,single_output,Elongation (%),random_forest,123,0,0.7822812275731467,1.4826632960753512,0.1154722193205102,1.0924535185185167,0.6408658938741827,2.115534055215531,0.17629450460129428,1.6014954265872934
Dataset_3772,single_output,Elongation (%),random_forest,123,1,0.8419558465278059,1.2981212218190439,0.09245877648283787,0.925769262825298,0.6043731394640002,1.9197937803422995,0.20776988964743504,1.3661755328798137
Dataset_3772,single_output,Elongation (%),random_forest,123,2,0.7928647763929912,1.5171072767448415,0.10805607384222517,1.19840282703886,0.17855569430649165,2.657539580007892,0.29927247522611394,1.4117076908541157
Dataset_3772,single_output,Elongation (%),random_forest,123,3,0.7469900240267473,1.7107499436872384,0.12184828658741013,1.244845265379576,0.48205166489263507,1.4211504885986297,0.2416922599657534,1.1596155861334483
Dataset_3772,single_output,Elongation (%),random_forest,123,4,0.7325601056768702,1.6050201530478758,0.1173260345795231,1.0995930140485317,0.6071929896315555,2.3991822119607997,0.20826234478826383,2.150916916099775
Dataset_3772,single_output,Elongation (%),random_forest,7,0,0.7696212103020386,1.6424691981621553,0.11698498562408513,1.133913835034013,0.6289557824114553,1.6100852881216834,0.17425165455862376,1.3392374272486822
Dataset_3772,single_output,Elongation (%),random_forest,7,1,0.7094670055424126,1.5839621161196038,0.1157867043947079,1.1788715614270795,0.05269594300367986,4.0071260222509775,0.36695293244056565,3.109620011337864
Dataset_3772,single_output,Elongation (%),random_forest,7,2,0.8539836077797002,1.2535500729712061,0.09762851035601293,0.960203987411057,0.3073086646928457,2.4556241817950744,0.2557941856036536,1.753359334845048
Dataset_3772,single_output,Elongation (%),random_forest,7,3,0.7890703023968326,1.4167356798077242,0.10090709970140485,1.0959574109734458,0.5277764714372817,2.6991199908586054,0.21627564029315752,1.8444970040541462
Dataset_3772,single_output,Elongation (%),random_forest,7,4,0.8527325552940508,1.3606228719253763,0.09691046096334589,0.9300878233898934,0.16966723856612764,1.517250288822641,0.27788466828253494,1.170764111866969
Dataset_3772,single_output,Elongation (%),random_forest,2024,0,0.7727082291077325,1.5751006252266688,0.11218665421842369,1.0880411549165123,0.7598259055005914,1.5112213425231051,0.14992275223443505,1.1492607584776346
Dataset_3772,single_output,Elongation (%),random_forest,2024,1,0.8282402061330127,1.3703191104412844,0.106722672152748,1.0129709668109663,0.5260929198842346,2.0842929709381144,0.21711385113938692,1.521928866213148
Dataset_3772,single_output,Elongation (%),random_forest,2024,2,0.8078771022118916,1.317627354181309,0.09631778904834132,0.9788099826673938,0.33377160600610944,3.2231545183889065,0.25102449520162823,2.8476842894935714
Dataset_3772,single_output,Elongation (%),random_forest,2024,3,0.7226142727091545,1.6839437629862524,0.11993901445771027,1.220160431490602,0.7562405987348453,1.649936081897702,0.15803985458790254,1.5642284845049104
Dataset_3772,single_output,Elongation (%),random_forest,2024,4,0.8375677591839521,1.3961109758857468,0.09943810369556601,1.0327465863893446,0.3813252943390142,1.5856684735037938,0.25575297959738613,1.2537302154194994
Dataset_3772,single_output,Elongation (%),random_forest,99,0,0.820097192358333,1.507346486970032,0.10736086089530142,1.1502387150415736,0.6653575142571972,1.04520573827172,0.20574916107711014,0.8505452347883591
Dataset_3772,single_output,Elongation (%),random_forest,99,1,0.821813781816332,1.3612623329044258,0.09695600661712434,1.0498369458957384,0.1357183624848668,2.7393397829913217,0.28534789406159605,1.8198077210884402
Dataset_3772,single_output,Elongation (%),random_forest,99,2,0.732436413130392,1.8058256995873072,0.12862006407317003,1.1492384018535717,-1.338524212895825,3.1124294754196624,0.5187382459032771,2.5674024522567374
Dataset_3772,single_output,Elongation (%),random_forest,99,3,0.7534365306969384,1.3258039349672652,0.12275962360808013,0.9927749310842413,0.3508815973132372,3.638210922555838,0.25913183209087165,3.1458842496392543
Dataset_3772,single_output,Elongation (%),random_forest,99,4,0.7718791238366023,1.555301215806425,0.11077643987225248,1.1111551569056728,0.7769936432045204,1.5111005569123552,0.1447414326544402,1.2032082708032654
Dataset_3772,single_output,Elongation (%),extra_trees,42,0,0.9071590128111509,1.078425613854332,0.07681094115771595,0.8448007369614338,0.4113625779219813,1.528689165805048,0.2183841665435783,1.1096372222222188
Dataset_3772,single_output,Elongation (%),extra_trees,42,1,0.8301834853046371,1.16048446597945,0.09670703883162085,0.8792704542966661,0.543544724158666,2.9767269903769917,0.23851979089559228,2.540927755102056
Dataset_3772,single_output,Elongation (%),extra_trees,42,2,0.8857417216839607,1.14613841562895,0.08163379028696224,0.8644610618500137,0.8489766512579969,1.026846726549335,0.12224365792253991,0.7254381405895758
Dataset_3772,single_output,Elongation (%),extra_trees,42,3,0.8910694693693243,1.1113662872630115,0.07915714296745095,0.8725981499726277,0.8159493525792871,1.187817210817058,0.1434561848812872,0.9066883446712064
Dataset_3772,single_output,Elongation (%),extra_trees,42,4,0.924934932634343,0.8615289753936403,0.06903277046423399,0.6851604597701113,0.40981674634474796,2.722958598935548,0.27013478164043137,2.2481768253968153
Dataset_3772,single_output,Elongation (%),extra_trees,123,0,0.8755447850724601,1.1209884751748904,0.08730439837810672,0.8749828117913753,0.6829292737215622,1.9877866477670854,0.1656488873139238,1.145338650793647
Dataset_3772,single_output,Elongation (%),extra_trees,123,1,0.9109909410448788,0.9741888112542441,0.06938666746825099,0.7261129939792024,0.7030392630052733,1.6632640918189654,0.1800069363440439,1.235109160997706
Dataset_3772,single_output,Elongation (%),extra_trees,123,2,0.9008428754843457,1.0496663495488994,0.07476256050918086,0.8425206568144487,0.7684323978939221,1.4110083342577882,0.1588973349389401,0.830503038548738
Dataset_3772,single_output,Elongation (%),extra_trees,123,3,0.8916880314706805,1.1193243103425203,0.07972395372809973,0.8823473015872961,0.5359440779916307,1.3451849743909563,0.22877295482839397,1.0007728344671332
Dataset_3772,single_output,Elongation (%),extra_trees,123,4,0.8627631653301496,1.1497482049670895,0.08404592141572292,0.8839982375478933,0.7202360703195215,2.0247410020573087,0.1757587675396969,1.8604501587301672
Dataset_3772,single_output,Elongation (%),extra_trees,7,0,0.8902171104256122,1.1338179191914846,0.08075626205067553,0.9156959410430796,0.8400313305099211,1.0571911384070216,0.1144146253687253,0.8005788492063721
Dataset_3772,single_output,Elongation (%),extra_trees,7,1,0.7768051288835917,1.3883186743413056,0.10148528321208376,1.1171441379310298,-0.25534132869230897,4.612848761331446,0.42242204774097486,3.579006031746036
Dataset_3772,single_output,Elongation (%),extra_trees,7,2,0.9218040541595771,0.9173456338151854,0.07144436400429792,0.7519849698960014,0.3178896808959878,2.436796901073576,0.2538330105284975,1.629240680272106
Dataset_3772,single_output,Elongation (%),extra_trees,7,3,0.87652515528564,1.0839499030140514,0.07720440904658485,0.8269081554460815,0.6700264159016485,2.2562538887284713,0.18078957441734547,1.8502401360544183
Dataset_3772,single_output,Elongation (%),extra_trees,7,4,0.908808480496148,1.0706847516911107,0.07625959769879705,0.7842334865900337,0.23753201250185285,1.453924815691035,0.2662865962804093,1.14169904761904
Dataset_3772,single_output,Elongation (%),extra_trees,2024,0,0.8900490063160075,1.0955091948536146,0.07802772043116912,0.8319716666666624,0.8004507171617644,1.3774951645641011,0.13665626632580372,1.2281394444444327
Dataset_3772,single_output,Elongation (%),extra_trees,2024,1,0.9029773882939451,1.0299056480151696,0.0802107202504026,0.7498481116584514,0.5730015779423205,1.9784510082997286,0.2060886466978884,1.3838956009070287
Dataset_3772,single_output,Elongation (%),extra_trees,2024,2,0.9098572718061523,0.9025440075101906,0.06597543914548178,0.733436551724136,0.5889275324133003,2.5317962493779684,0.19718039325373585,2.220183174603166
Dataset_3772,single_output,Elongation (%),extra_trees,2024,3,0.8611238784926113,1.1915144615421196,0.08486570238903986,0.8884959934318459,0.9036004437507007,1.0375856343988914,0.09938559716464479,0.8156167346938782
Dataset_3772,single_output,Elongation (%),extra_trees,2024,4,0.9070690410817275,1.0560002788100176,0.07521369507193856,0.8687892063492082,0.3258734971840269,1.6552054670581047,0.26696862371904917,1.356190748299344
Dataset_3772,single_output,Elongation (%),extra_trees,99,0,0.8573145845385284,1.3424060926611356,0.09561296956275894,1.0347700793650696,0.3264669037817398,1.482827791645905,0.29189523457596545,1.1369063888888744
Dataset_3772,single_output,Elongation (%),extra_trees,99,1,0.9161270757179917,0.9339328787017539,0.06651943580496822,0.7029395292829751,0.6591592062952265,1.7202598199899095,0.1791937312489489,1.2860150113378739
Dataset_3772,single_output,Elongation (%),extra_trees,99,2,0.7108331270931658,1.8773125954379952,0.1337117233217945,1.1311014668856014,-1.429470813869869,3.1723743306651864,0.5287290551108644,2.6499484807256186
Dataset_3772,single_output,Elongation (%),extra_trees,99,3,0.807961850206153,1.1700615125212157,0.10833902893714961,0.8367906513409863,0.3309885900205004,3.6935388791362223,0.26307256973904714,3.0918625396825195
Dataset_3772,single_output,Elongation (%),extra_trees,99,4,0.8567055045180691,1.2326697825107278,0.08779699305631963,0.9108950519978074,0.8228449345767143,1.346826123714602,0.12900633368913814,1.1655128798185932
Dataset_3772,single_output,Elongation (%),gradient_boosting,42,0,0.5061735797704072,2.4871815083735265,0.1771496800835845,1.836293932038579,0.05614097618251068,1.9357480013047754,0.27653542875782505,1.4125228934062466
Dataset_3772,single_output,Elongation (%),gradient_boosting,42,1,0.6405672527497632,1.688333317945227,0.14069444316210225,1.2733759755695595,0.6815725895241938,2.48625180972138,0.19921889500972595,1.7267616846985572
Dataset_3772,single_output,Elongation (%),gradient_boosting,42,2,0.713073746925466,1.8162614905416705,0.1293633540271845,1.1177178653574849,0.37091049629589745,2.095751542823968,0.24949423128856765,1.7197548484589398
Dataset_3772,single_output,Elongation (%),gradient_boosting,42,3,0.40440383408476677,2.5987132192840505,0.18509353413704063,1.8805842590441502,0.6743485781385236,1.5800012418684262,0.1908214060227568,1.410434332616049
Dataset_3772,single_output,Elongation (%),gradient_boosting,42,4,0.9057387852261555,0.9654226090924242,0.07735758085676475,0.7992934049666988,0.3623662453382712,2.8303050530716822,0.280784231455524,2.2494608436144925
Dataset_3772,single_output,Elongation (%),gradient_boosting,123,0,0.8417446333559251,1.264077849691358,0.09844843066132071,0.8497834752173355,0.7560749779184559,1.743491650267486,0.14529097085562384,1.3927728235797654
Dataset_3772,single_output,Elongation (%),gradient_boosting,123,1,0.9090272016094314,0.9848765786783409,0.07014790446426929,0.7960967232428728,0.3951326737010571,2.3737870605261957,0.2569033615288091,1.8929301621966652
Dataset_3772,single_output,Elongation (%),gradient_boosting,123,2,0.8871411994485201,1.1198427117910736,0.07976087690819612,0.9347308063131554,0.416478379723925,2.239851137219517,0.25223548842562127,1.3885001348798032
Dataset_3772,single_output,Elongation (%),gradient_boosting,123,3,0.63436200764486,2.056569399631903,0.14647930196808426,1.5916766334885926,0.3511888987754139,1.590581709387469,0.2705070934332431,1.3443131279430083
Dataset_3772,single_output,Elongation (%),gradient_boosting,123,4,0.7094716378793586,1.6728679540421707,0.12228566915512945,1.0542475207246644,0.5122771323522637,2.6733768141241976,0.23206395955939213,2.0425476591341556
Dataset_3772,single_output,Elongation (%),gradient_boosting,7,0,0.6516645140564362,2.0196441103893994,0.1438492956117806,1.3682289911423504,0.5123813090209225,1.845764207114094,0.19975803107295392,1.6360785362705295
Dataset_3772,single_output,Elongation (%),gradient_boosting,7,1,0.6924482174681768,1.629694441891089,0.11912971066455331,1.1059918827601125,0.5681214448704263,2.705634463899497,0.2477687238003202,2.1487944093689713
Dataset_3772,single_output,Elongation (%),gradient_boosting,7,2,0.9039318129412768,1.0167886206559034,0.07918914491089589,0.814566435547647,0.31629535276906684,2.4396430582128734,0.25412948523050766,1.8324267941080046
Dataset_3772,single_output,Elongation (%),gradient_boosting,7,3,0.7900210957597709,1.4135390121541582,0.10067941682009673,1.1155232062012532,0.5755071547261567,2.559078264339082,0.20505434810409315,1.7708306148842001
Dataset_3772,single_output,Elongation (%),gradient_boosting,7,4,0.8767513168122547,1.2447310850055615,0.0886560601855813,0.9073016777623274,0.23882572550179726,1.4526908229064268,0.2660605902759023,1.3043144423723716
Dataset_3772,single_output,Elongation (%),gradient_boosting,2024,0,0.6560877080912604,1.9374936905972422,0.13799812611091467,1.3658042312342384,0.44215129530958985,2.303155240420462,0.22848762305758555,1.93662079503769
Dataset_3772,single_output,Elongation (%),gradient_boosting,2024,1,0.8685569976302374,1.1987529655992597,0.09336082286598595,1.007996642520091,0.7279986297538865,1.5790566512639768,0.16448506783999758,1.2482461431126008
Dataset_3772,single_output,Elongation (%),gradient_boosting,2024,2,0.9086656758649889,0.9084897834290337,0.06641007188808727,0.7290965315507932,0.5801050388877952,2.5588208961848604,0.19928511652530062,2.208370807091005
Dataset_3772,single_output,Elongation (%),gradient_boosting,2024,3,0.44957098871309153,2.3721174386252013,0.16895423352031347,1.640266034979704,0.3937118396353979,2.602111946212736,0.24924443929240772,2.0843644849897918
Dataset_3772,single_output,Elongation (%),gradient_boosting,2024,4,0.7034530974076224,1.8863858050879736,0.13435796332535424,1.479189219072717,0.6909804600447534,1.1206608034829346,0.18075174249724754,0.8242364975865623
Dataset_3772,single_output,Elongation (%),gradient_boosting,99,0,0.7246620637913548,1.8647780517512567,0.1328189495549328,1.360794444531805,0.4189928803179004,1.377215727932157,0.27110545825436155,0.9987914798775126
Dataset_3772,single_output,Elongation (%),gradient_boosting,99,1,0.7118531496123356,1.7310583637107912,0.12329475525005634,1.2840001070563498,-0.36551044354448825,3.443227947557122,0.35866957787053355,2.1296154206618847
Dataset_3772,single_output,Elongation (%),gradient_boosting,99,2,0.541321402185807,2.364376111614323,0.1684028569525871,1.583164033895513,-1.9500219258893599,3.49575675879686,0.5826261264661433,2.703375130841514
Dataset_3772,single_output,Elongation (%),gradient_boosting,99,3,0.7197305605908693,1.4135227738617264,0.13088173832053024,1.0526133765581582,0.5684543918494753,2.9664652351959413,0.21128669766352856,2.51858443651733
Dataset_3772,single_output,Elongation (%),gradient_boosting,99,4,0.7197018655426297,1.7240192060148105,0.12279339074179561,1.1897016961535267,0.6361095211694008,1.930279020294082,0.18489262646495042,1.5639270768685503
Dataset_3772,single_output,Elongation (%),xgboost,42,0,0.9491025151255127,0.7984881593565775,0.05687237602254825,0.6558657482692176,-0.09754196555759709,2.0874006810537504,0.2982000972933929,1.4672580480575563
Dataset_3772,single_output,Elongation (%),xgboost,42,1,0.9262242310240572,0.7649027852107472,0.06374189876756227,0.6288024783956593,0.7208139205961628,2.32802033604287,0.18654009102907612,2.088129108973912
Dataset_3772,single_output,Elongation (%),xgboost,42,2,0.9327578214183851,0.8792535272713051,0.06262489510479381,0.7101240066002155,0.4817418122096452,1.902202118644377,0.22645263317194966,1.6791901343209403
Dataset_3772,single_output,Elongation (%),xgboost,42,3,0.9174283989113047,0.9676042379467175,0.06891768076543571,0.7944811827560952,0.9446372657265206,0.6514629243711213,0.0786790971462707,0.5787685339791432
Dataset_3772,single_output,Elongation (%),xgboost,42,4,0.9637752558397832,0.5984854720333477,0.047955566669338756,0.4833829471982759,0.5170599550014701,2.46316897729463,0.2443620017157371,1.8641180746895927
Dataset_3772,single_output,Elongation (%),xgboost,123,0,0.9057547753099964,0.9754932647414896,0.07597299569637768,0.7791033690316337,0.7999237294693631,1.57902674892447,0.13158556241037253,1.2037929773330687
Dataset_3772,single_output,Elongation (%),xgboost,123,1,0.95194565405961,0.7158011104929416,0.050982985077844836,0.575914948562096,0.4060766339828068,2.35221438311903,0.2545686561817132,1.7466065761021206
Dataset_3772,single_output,Elongation (%),xgboost,123,2,0.9552394081876305,0.7052404643152962,0.05023080230165927,0.5848272718232252,0.3914967002585725,2.287294830929247,0.2575782467262665,1.7097815486363004
Dataset_3772,single_output,Elongation (%),xgboost,123,3,0.9359208919215717,0.8609460557730754,0.061320944143381434,0.7046222173756566,0.25095223897557073,1.7090375429751266,0.2906526433631168,1.4428710855756486
Dataset_3772,single_output,Elongation (%),xgboost,123,4,0.9249385330803689,0.8503073197793619,0.062156967820128806,0.7001149526135675,0.8439689814984457,1.5120950424446131,0.131258250212206,1.2255898720877512
Dataset_3772,single_output,Elongation (%),xgboost,7,0,0.9393306711455551,0.8428699739066245,0.060033473924973255,0.6891578606196812,0.39568430750017325,2.0547925561449114,0.22238014676892984,1.7743301248550416
Dataset_3772,single_output,Elongation (%),xgboost,7,1,0.9073106953616656,0.8946679344028539,0.06539970280722616,0.7783318841868434,0.6574087187832693,2.409774783360418,0.2206753464615767,1.7329553113664902
Dataset_3772,single_output,Elongation (%),xgboost,7,2,0.9521958544017795,0.7172551246895933,0.05586099101943872,0.6015513755535259,0.30850128593675474,2.4535093211969596,0.2555738876246833,1.8901204790387836
Dataset_3772,single_output,Elongation (%),xgboost,7,3,0.9378637226834803,0.7689402273207976,0.054767822458746264,0.6614609396046606,0.646316078712272,2.335909641563381,0.18717224692014273,1.5013857378278457
Dataset_3772,single_output,Elongation (%),xgboost,7,4,0.9376664310842628,0.8852081180335717,0.0630490112559524,0.6747696685791015,0.41117122040891796,1.2776904720494922,0.23400924396510842,1.0324300711495538
Dataset_3772,single_output,Elongation (%),xgboost,2024,0,0.9197213502152021,0.9360875678494074,0.06667290369297774,0.7316001960209438,0.8038238157174447,1.3658032408159084,0.1354963532555465,1.1779940605163572
Dataset_3772,single_output,Elongation (%),xgboost,2024,1,0.9330610774024548,0.8554612033349234,0.06662470430957346,0.6463754140919653,0.815760656999168,1.2995810006801618,0.13537302090418352,1.0980879374912806
Dataset_3772,single_output,Elongation (%),xgboost,2024,2,0.9489099379367654,0.679471512409509,0.04966897020537347,0.5519517109311859,0.6518956364686439,2.329830309223785,0.18145095866228853,2.053364067077637
Dataset_3772,single_output,Elongation (%),xgboost,2024,3,0.9188977242473422,0.9105463307501928,0.06485372726140974,0.7233999107623922,0.7061025591421782,1.8116918684472512,0.17353370387425782,1.548294653211321
Dataset_3772,single_output,Elongation (%),xgboost,2024,4,0.931571185023905,0.9061567568879939,0.06454107955042691,0.7367740394329205,0.6415107110177722,1.2070334439672858,0.19468281354311065,0.9637236186436241
Dataset_3772,single_output,Elongation (%),xgboost,99,0,0.9352632493771734,0.904210552048892,0.0644024609721433,0.7365371172768731,0.4680953995777154,1.3177351171251441,0.2593966765994377,1.0954081773757935
Dataset_3772,single_output,Elongation (%),xgboost,99,1,0.9585718581604976,0.6563757075519122,0.04675040652079147,0.5692138671875,0.36937451946240485,2.3399362146252543,0.24374335569013067,1.5418998827253068
Dataset_3772,single_output,Elongation (%),xgboost,99,2,0.9032623252267966,1.0858257757001595,0.07733801821226206,0.8662401028337151,-0.3319472923206688,2.3489409745551004,0.39149016242585005,1.785178647722517
Dataset_3772,single_output,Elongation (%),xgboost,99,3,0.8859367480295154,0.9017534492459323,0.08349568974499373,0.7353115305407296,0.723734367976439,2.373500585140142,0.16905274822935484,1.9837243107386995
Dataset_3772,single_output,Elongation (%),xgboost,99,4,0.9345383604547276,0.8331542906363938,0.05934147369205084,0.6389208260897933,0.6615490441143461,1.8615839105863177,0.178312635113632,1.7123380770002092
Dataset_3772,single_output,Elongation (%),ann,42,0,0.22198556602658703,3.1218651998428864,0.2223550712138808,2.4827602704017786,-0.04368490674076919,2.0355414709017485,0.29079163870024977,1.88439928444928
Dataset_3772,single_output,Elongation (%),ann,42,1,0.022035853405489636,2.784907895826892,0.23207565798557436,2.1794589414114593,-0.1349862030566984,4.693914567160157,0.37611494929167927,3.8808961436291765
Dataset_3772,single_output,Elongation (%),ann,42,2,0.17845095311403103,3.0733355491271017,0.21889854338512119,2.4864871888671267,0.008628405882476264,2.630884670485397,0.3132005560101664,1.865453973594922
Dataset_3772,single_output,Elongation (%),ann,42,3,0.03751990439301034,3.3035302459200384,0.23529417705983177,2.5966871256034,0.15814143204230324,2.540390658391165,0.30681046598927114,2.258930248629941
Dataset_3772,single_output,Elongation (%),ann,42,4,0.2690384999546872,2.6884267046471058,0.21541880646210781,2.1718964865071313,-0.22634163493546722,3.9251235688680004,0.3893971794511905,3.292976844369673
Dataset_3772,single_output,Elongation (%),ann,123,0,0.24812337313001476,2.755293643441801,0.21458673235528045,2.215424300138314,-0.1484422376721961,3.7830865190464777,0.31525720992053985,2.8138250880552653
Dataset_3772,single_output,Elongation (%),ann,123,1,0.1885115532376359,2.9414888271452977,0.20950775122117504,2.3684329798623445,0.018327081574940007,3.0240927051835276,0.32728276030124764,1.8520841692518455
Dataset_3772,single_output,Elongation (%),ann,123,2,0.27104193984281,2.846037275343985,0.20270920764558295,2.2882262700914957,-0.06276456033861444,3.0227985940611246,0.3404052470789554,2.2989034614800232
Dataset_3772,single_output,Elongation (%),ann,123,3,-0.032519799856078446,3.4559456661908246,0.2461499762244177,2.829649658451805,-1.146720476362494,2.893240910537587,0.4920477739009503,2.4004698764858574
Dataset_3772,single_output,Elongation (%),ann,123,4,-0.021782824959585723,3.1372324110498684,0.22932985460890853,2.3842477383527516,0.060493817093285496,3.710423134239621,0.3220853415138559,3.22516076467826
Dataset_3772,single_output,Elongation (%),ann,7,0,-0.026176824296175738,3.4664671478338165,0.24689936950383307,2.803715861338476,0.010536091097562261,2.629275088751396,0.2845535810337009,1.980181294751987
Dataset_3772,single_output,Elongation (%),ann,7,1,0.060758063215297975,2.8479725419948485,0.20818512733880476,2.2198726988583957,-0.022097831110500676,4.162311086159131,0.3811640188790413,3.398948831631524
Dataset_3772,single_output,Elongation (%),ann,7,2,0.21260962686572082,2.9109579371787375,0.22671011971797017,2.3130231834230774,0.005877851984058546,2.9417915666452825,0.3064366215255503,2.393765299683012
Dataset_3772,single_output,Elongation (%),ann,7,3,0.29628400399816646,2.5877283156111726,0.18431113359053936,2.0209121302209345,0.04348398670433795,3.8414439718239093,0.30780801056281326,3.3180433615262843
Dataset_3772,single_output,Elongation (%),ann,7,4,0.048298609851389895,3.4588740121807353,0.24635854787612074,2.795337965417641,-0.11960518415459798,1.7618283431483868,0.3226791837268107,1.4043963125722863
Dataset_3772,single_output,Elongation (%),ann,2024,0,0.825028017755442,1.381976645102786,0.0984313849788309,0.9802633539817504,0.2302404735494069,2.7054688226015475,0.26839968478189963,2.1885822346285098
Dataset_3772,single_output,Elongation (%),ann,2024,1,0.08294249054499858,3.166352377677166,0.24660065246706897,2.5944348883576565,-0.09712355004749473,3.171319033534121,0.33034573265980427,2.2462051240000678
Dataset_3772,single_output,Elongation (%),ann,2024,2,0.2686800379395188,2.5707316950135213,0.18791898355362,1.9885194580293666,-0.02630110145389275,4.000432571691444,0.31156016913484763,3.4177866312989664
Dataset_3772,single_output,Elongation (%),ann,2024,3,0.4068846177020352,2.462380265933625,0.17538320982433225,1.9611353603408315,0.3915888532110594,2.6066637593610023,0.24968043672040258,2.150752960815189
Dataset_3772,single_output,Elongation (%),ann,2024,4,0.9638221680910216,0.6588781293492386,0.046928641691541206,0.3235596558383866,-0.03908096569610198,2.054971987041413,0.33144709468409894,1.4785035703881735
Dataset_3772,single_output,Elongation (%),ann,99,0,0.3072172539700796,2.9579624326205463,0.21068108494448334,2.341211699775484,0.0025687667125326996,1.8044827232986729,0.35521313450761266,1.5815614480204052
Dataset_3772,single_output,Elongation (%),ann,99,1,0.18271479368232335,2.915355974549681,0.20764643693373794,2.317723072219974,-0.3279086313457755,3.3954892401880588,0.3536967958529228,3.0209740047431928
Dataset_3772,single_output,Elongation (%),ann,99,2,0.3796938889923327,2.74957363348397,0.19583857788347364,2.1033514360952252,-0.11412903367256377,2.1483069330685853,0.3580511555114309,1.6473533187744718
Dataset_3772,single_output,Elongation (%),ann,99,3,0.05527338434029905,2.5951831513605965,0.2402947362370923,2.1074371451237295,-0.26964862789515975,5.088241155254213,0.36241033869332,4.073928961871444
Dataset_3772,single_output,Elongation (%),ann,99,4,0.17759839109166942,2.9530715639047163,0.21033273247184586,2.2917795684645164,0.08446066567289978,3.0617748267870524,0.2932734508416717,2.4801854928809157
Dataset_3772,single_output,Elongation (%),lightgbm,42,0,0.9470210173986546,0.8146519969245405,0.0580236465045969,0.5546491066680306,-0.3586487651346455,2.322463260760984,0.3317804658229977,1.6998677380541174
Dataset_3772,single_output,Elongation (%),lightgbm,42,1,0.8688122738739064,1.0199901365794852,0.08499917804829045,0.7303451920031447,0.8523589644640329,1.6929472685046147,0.13565282600197234,1.2127057554252585
Dataset_3772,single_output,Elongation (%),lightgbm,42,2,0.913224218445879,0.9988321166939866,0.07114188865341785,0.740224135256562,0.585430053608158,1.7013061921936132,0.20253645145162066,1.3668424540287358
Dataset_3772,single_output,Elongation (%),lightgbm,42,3,0.8855634641537766,1.1391076283890467,0.0811330219650318,0.8471498665229608,0.9518436682127334,0.6075858316217534,0.07337993135528423,0.5697680748117746
Dataset_3772,single_output,Elongation (%),lightgbm,42,4,0.9585996895517578,0.6398125403122119,0.051267030473734924,0.407149994585539,0.5304942931606926,2.4286673521851294,0.24093922144693744,2.01201126930034
Dataset_3772,single_output,Elongation (%),lightgbm,123,0,0.9088706754009932,0.9592320341087898,0.07470654471252255,0.6646425838071289,0.7422027583297803,1.7923830508680527,0.1493652542390044,1.1179951707791373
Dataset_3772,single_output,Elongation (%),lightgbm,123,1,0.9547946907651663,0.6942577792680822,0.04944855977692893,0.4729516160783746,0.2723417368376445,2.6036069861907407,0.28177564785614084,2.157592018695929
Dataset_3772,single_output,Elongation (%),lightgbm,123,2,0.9188976809296203,0.9493053951039815,0.06761434438062545,0.6856518131402306,0.4928563904516201,2.088123391213144,0.23514903054202071,1.3240462647825482
Dataset_3772,single_output,Elongation (%),lightgbm,123,3,0.9342239911666447,0.8722710735847231,0.06212756934364124,0.6336959400491693,0.232275705191491,1.7302126785627676,0.2942538568984299,1.2375027818695263
Dataset_3772,single_output,Elongation (%),lightgbm,123,4,0.8774913353863124,1.0863025446486296,0.07940808074916884,0.7557489334523183,0.9167845576930309,1.1042707806992813,0.09585683860236816,0.9416914708222082
Dataset_3772,single_output,Elongation (%),lightgbm,7,0,0.9220794301809994,0.9552170099921684,0.06803539957209176,0.7065999953660332,0.42644636197950947,2.0018109807765967,0.21664621004075726,1.5133740053133162
Dataset_3772,single_output,Elongation (%),lightgbm,7,1,0.8601374366138288,1.099000277230848,0.0803362775753544,0.7853342931773833,0.8794013488108708,1.429748098601866,0.13092931305877892,1.0326486127485508
Dataset_3772,single_output,Elongation (%),lightgbm,7,2,0.9369715322351789,0.8235865668113717,0.06414225598219404,0.643093336120216,0.4867355362996886,2.1137938116774335,0.220186855383066,1.36845726062327
Dataset_3772,single_output,Elongation (%),lightgbm,7,3,0.8308161966423373,1.2688180800179605,0.09037165812093735,0.9508941849671184,0.6067009876551073,2.463257471037648,0.1973763999228885,1.663257849295674
Dataset_3772,single_output,Elongation (%),lightgbm,7,4,0.9442127527018348,0.8374364458816942,0.05964647050439417,0.5687615129769282,-0.6833314021825168,2.1603093960854265,0.39566106155410735,1.535891586102249
Dataset_3772,single_output,Elongation (%),lightgbm,2024,0,0.9097057270191046,0.9927652121639639,0.07070977294615127,0.6908708128015075,0.7078138747007987,1.666843370174382,0.16536144545380776,1.2690270077410668
Dataset_3772,single_output,Elongation (%),lightgbm,2024,1,0.9198014337371004,0.9363630368390894,0.07292547015880757,0.6109586765934422,0.6949890496234225,1.6721293933073085,0.17418014513617797,1.262634392617106
Dataset_3772,single_output,Elongation (%),lightgbm,2024,2,0.9255299739494632,0.8203398159221524,0.05996636081302285,0.6035178944796207,0.6552562979992833,2.318556735562171,0.1805729544830351,2.018388021655563
Dataset_3772,single_output,Elongation (%),lightgbm,2024,3,0.8935126591758935,1.043360808161038,0.0743134478747178,0.7834747421785524,0.7108911323634826,1.7968719913186677,0.17211417541366553,1.2126043096868357
Dataset_3772,single_output,Elongation (%),lightgbm,2024,4,0.9263123093315453,0.9403321755504791,0.06697522617880905,0.6868253825338824,0.36081387154558253,1.6117396205647543,0.2599580033168959,1.0740436612734698
Dataset_3772,single_output,Elongation (%),lightgbm,99,0,0.921664269931868,0.994658664564568,0.07084463422824558,0.6981399746131561,0.19937767510846238,1.6166838302015456,0.31824484846487106,1.2003187115084748
Dataset_3772,single_output,Elongation (%),lightgbm,99,1,0.9451245474489237,0.7554293074906347,0.05380550623152669,0.5565131452356803,0.3674173844172105,2.343564377186652,0.24412128929027624,1.5560112626005134
Dataset_3772,single_output,Elongation (%),lightgbm,99,2,0.9429644279735174,0.8337488070204672,0.05938381816385093,0.594831728016255,0.09836017645029338,1.932614024326339,0.32210233738772315,1.456847348532051
Dataset_3772,single_output,Elongation (%),lightgbm,99,3,0.8624981046023603,0.9900777025852943,0.09167386135049022,0.6841939826929275,0.7076275458896306,2.4417103217578333,0.17391099157819326,2.1028639348360674
Dataset_3772,single_output,Elongation (%),lightgbm,99,4,0.9019848534984218,1.0194797240252784,0.0726125159562164,0.7519398354793047,0.7869443544148963,1.4770026264609661,0.14147534736216155,1.0422946764216878
